pid,season,rk,player,pos,pos_rk,team,age,g,gs,pro_bowl,all_pro,ppr,pass_cmp,pass_att,pass_yds,pass_td,pass_int,rush_att,rush_yds,rush_ypc,rush_td,tgt,rec,rec_yds,rec_ypr,rec_td,fmb,fl,total_td,two_pt_made,two_pt_pass,vbd_10,vbd_rk_10,pfr_id
P0001,2000,1,Marshall Faulk,RB,1,STL,27,14,14,1,1,459.9,0,0,0,0,0,253,1359,5.37,18,113,81,830,10.25,8,0,,26,2,,272.3,1,FaulMa00
P0002,2000,2,Edgerrin James,RB,2,IND,22,16,16,1,0,395.3,0,0,0,0,0,387,1709,4.42,13,87,63,594,9.43,5,5,4,18,1,,207.7,2,JameEd00
P0003,2000,3,Jeff Garcia,QB,1,SFO,30,16,16,1,0,340.5,355,561,4278,31,10,72,414,5.75,4,0,0,0,,0,7,1,4,,1,135.2,6,GarcJe00
P0004,2000,4,Daunte Culpepper,QB,2,MIN,23,16,16,1,0,338.5,297,474,3937,33,16,89,470,5.28,7,0,0,0,,0,11,6,7,,2,133.2,8,CulpDa00
P0005,2000,5,Eddie George,RB,3,TEN,27,16,16,1,1,334.2,0,0,0,0,0,403,1509,3.74,14,65,50,453,9.06,2,5,4,16,,,146.6,4,GeorEd00
P0006,2000,6,Marvin Harrison,WR,1,IND,28,16,16,1,0,327.3,0,0,0,0,0,0,0,,0,170,102,1413,13.85,14,2,,14,,,139.3,5,HarrMa00
P0007,2000,7,Rod Smith,WR,2,DEN,30,16,16,1,0,322.1,0,0,0,0,0,6,99,16.5,1,173,100,1602,16.02,8,1,1,9,,,134.1,7,SmitRo01
P0008,2000,8,Terrell Owens,WR,3,SFO,27,14,13,1,1,321.2,0,0,0,0,0,3,11,3.67,0,147,97,1451,14.96,13,3,1,13,1,,133.2,9,OwenTe00
P0009,2000,9,Ahman Green,RB,4,GNB,23,16,11,0,0,316.4,0,1,0,0,0,263,1175,4.47,10,99,73,559,7.66,3,6,4,13,,,128.8,10,GreeAh00
P0010,2000,10,Randy Moss,WR,4,MIN,23,16,16,1,1,313.2,0,0,0,0,0,3,5,1.67,0,128,77,1437,18.66,15,2,,15,1,,125.2,11,MossRa00
P0011,2000,11,Curtis Martin,RB,5,NYJ,27,16,16,0,0,307.9,1,1,18,1,0,316,1204,3.81,9,97,70,508,7.26,2,2,2,11,,,120.3,12,MartCu00
P0012,2000,12,Charlie Garner,RB,6,SFO,28,16,15,1,0,300.9,0,0,0,0,0,258,1142,4.43,7,94,68,647,9.51,3,4,3,10,,,113.3,13,GarnCh00
P0013,2000,13,Ricky Watters,RB,7,SEA,31,16,16,0,0,298.5,0,0,0,0,0,278,1242,4.47,7,92,63,613,9.73,2,5,2,9,,,110.9,14,WattRi00
P0014,2000,14,Rich Gannon,QB,3,OAK,35,16,16,1,1,296.1,284,473,3430,28,11,89,529,5.94,4,0,0,0,,0,9,5,4,1,,90.8,21,GannRi00
P0015,2000,15,Peyton Manning,QB,4,IND,24,16,16,1,0,294.1,357,571,4413,33,15,37,116,3.14,1,0,0,0,,0,5,3,1,,2,88.8,24,MannPe00
P0016,2000,16,Tiki Barber,RB,8,NYG,25,16,12,0,0,290.5,0,0,0,0,0,213,1006,4.72,8,95,70,719,10.27,1,9,3,9,,,102.9,15,BarbTi00
P0017,2000,17,Ed McCaffrey,WR,5,DEN,32,16,16,0,0,288.7,0,0,0,0,0,0,0,,0,149,101,1317,13.04,9,0,,9,1,,100.7,16,McCaEd00
P0018,2000,18,Donovan McNabb,QB,5,PHI,24,16,16,1,0,288.0,330,569,3365,21,13,86,629,7.31,6,4,2,5,2.5,0,7,4,6,,1,82.7,27,McNaDo00
P0019,2000,19,Isaac Bruce,WR,6,STL,28,16,16,1,0,287.2,0,0,0,0,0,1,11,11,0,135,87,1471,16.91,9,1,1,9,,,99.2,17,BrucIs00
P0020,2000,20,Derrick Alexander,WR,7,KAN,29,16,16,0,0,281.6,0,0,0,0,0,3,45,15,0,144,78,1391,17.83,10,0,,10,,,93.6,18,AlexDe00
P0021,2000,21,Robert Smith,RB,9,MIN,28,16,16,1,0,280.9,0,0,0,0,0,295,1521,5.16,7,44,36,348,9.67,3,4,1,10,,,93.3,19,SmitRo00
P0022,2000,22,Fred Taylor,RB,10,JAX,24,13,13,0,0,279.9,0,0,0,0,0,292,1399,4.79,12,53,36,240,6.67,2,4,2,14,,,92.3,20,TaylFr00
P0023,2000,23,Torry Holt,WR,8,STL,24,16,15,1,0,278.2,0,0,0,0,0,2,7,3.5,0,139,82,1635,19.94,6,2,2,6,,,90.2,22,HoltTo00
P0024,2000,24,Joe Horn,WR,9,NOR,28,16,16,1,0,277.0,0,0,0,0,0,6,10,1.67,0,151,94,1340,14.26,8,1,,8,,,89.0,23,HornJo00
P0025,2000,25,Cris Carter,WR,10,MIN,35,16,16,1,0,275.4,0,0,0,0,0,0,0,,0,160,96,1274,13.27,9,3,1,9,,,87.4,25,CartCr00
P0026,2000,26,Mike Anderson,RB,11,DEN,27,16,12,0,0,272.6,0,0,0,0,0,297,1487,5.01,15,32,23,169,7.35,0,4,4,15,1,,85.0,26,AndeMi00
P0027,2000,27,Tony Gonzalez,TE,1,KAN,24,16,16,1,1,267.3,0,0,0,0,0,0,0,,0,150,93,1203,12.94,9,0,,9,,,165.7,3,GonzTo00
P0028,2000,28,Elvis Grbac,QB,6,KAN,30,15,15,1,0,261.8,326,547,4169,28,14,30,110,3.67,1,0,0,0,,0,7,3,1,,,56.5,39,GrbaEl00
P0029,2000,29,Jimmy Smith,WR,11,JAX,31,15,14,1,0,260.3,0,0,0,0,0,0,0,,0,145,91,1213,13.33,8,1,,8,,,72.3,29,SmitJi00
P0030,2000,30,Eric Moulds,WR,12,BUF,27,16,16,1,0,259.0,0,0,0,0,0,2,24,12,0,164,94,1326,14.11,5,1,,5,,,71.0,31,MoulEr00
P0031,2000,31,Muhsin Muhammad,WR,13,CAR,27,16,16,0,0,257.5,0,0,0,0,0,2,12,6,0,156,102,1183,11.6,6,1,,6,,,69.5,32,MuhaMu00
P0032,2000,32,Tim Brown,WR,14,OAK,34,16,16,0,0,256.0,0,0,0,0,0,3,12,4,0,133,76,1128,14.84,11,0,,11,,,68.0,33,BrowTi00
P0033,2000,33,Lamar Smith,RB,12,MIA,30,15,15,0,0,255.0,0,1,0,0,0,309,1139,3.69,14,38,31,201,6.48,2,3,3,16,,,67.4,34,SmitLa00
P0034,2000,34,Stephen Davis,FB,1,WAS,26,15,15,1,0,254.1,0,0,0,0,0,332,1318,3.97,11,49,33,313,9.48,0,4,4,11,,,66.5,35,DaviSt00
P0035,2000,35,Warrick Dunn,RB,13,TAM,25,16,14,1,0,251.5,0,0,0,0,0,248,1133,4.57,8,67,44,422,9.59,1,1,1,9,,,63.9,36,DunnWa00
P0036,2000,36,James Stewart,RB,14,DET,29,16,16,0,0,245.1,0,0,0,0,0,339,1184,3.49,10,48,32,287,8.97,1,4,2,11,2,,57.5,38,StewJa00
P0037,2000,37,Amani Toomer,WR,15,NYG,26,16,14,0,0,242.5,0,0,0,0,0,5,91,18.2,1,124,78,1094,14.03,7,1,1,8,,,54.5,42,ToomAm00
P0038,2000,38,Keenan McCardell,WR,16,JAX,30,16,16,0,0,238.7,0,0,0,0,0,0,0,,0,140,94,1207,12.84,5,3,3,5,,,50.7,43,McCaKe00
P0039,2000,39,Ricky Williams,RB,15,NOR,23,10,10,0,0,234.3,1,1,34,0,0,248,1000,4.03,8,55,44,409,9.3,1,6,3,9,,,46.7,44,WillRi00
P0040,2000,40,Michael Pittman,RB,16,ARI,25,16,12,0,0,232.8,0,0,0,0,0,184,719,3.91,4,91,73,579,7.93,2,5,3,6,,,45.2,45,PittMi00
P0041,2000,41,David Boston,WR,17,ARI,22,16,16,0,0,227.5,0,0,0,0,0,3,9,3,0,133,71,1156,16.28,7,2,1,7,,,39.5,46,BostDa00
P0042,2000,42,Mark Brunell,QB,7,JAX,30,16,16,0,0,227.2,311,512,3640,20,14,48,236,4.92,2,0,0,0,,0,7,4,2,,1,21.9,52,BrunMa00
P0043,2000,43,Jamal Lewis,RB,17,BAL,21,16,13,0,0,227.0,0,0,0,0,0,309,1364,4.41,6,36,27,296,10.96,0,6,2,6,1,,39.4,47,LewiJa00
P0044,2000,44,Shaun King,QB,8,TAM,23,16,16,0,0,222.1,233,428,2769,18,13,73,353,4.84,5,0,0,0,,0,4,1,5,1,,16.8,56,KingSh00
P0045,2000,45,Terry Glenn,WR,18,NWE,26,16,16,0,0,215.2,0,0,0,0,0,4,39,9.75,0,164,79,963,12.19,6,0,,6,,,27.2,48,GlenTe00
P0046,2000,46,Kerry Collins,QB,9,NYG,28,16,16,0,0,214.9,311,529,3610,22,13,41,65,1.59,1,0,0,0,,0,7,2,1,,,9.6,61,CollKe00
P0047,2000,47,Corey Dillon,RB,18,CIN,26,16,16,1,0,213.3,0,0,0,0,0,315,1435,4.56,7,26,18,158,8.78,0,4,3,7,,,25.7,49,DillCo00
P0048,2000,48,Jamal Anderson,RB,19,ATL,28,16,16,0,0,212.6,0,0,0,0,0,282,1024,3.63,6,58,42,382,9.1,0,6,4,6,1,,25.0,50,AndeJa00
P0049,2000,49,Wayne Chrebet,WR,19,NYJ,27,16,16,0,0,210.4,0,0,0,0,0,3,-3,-1,0,145,69,937,13.58,8,0,,8,,,22.4,51,ChreWa00
P0050,2000,50,Troy Brown,WR,20,NWE,29,16,15,0,0,208.0,0,0,0,0,0,6,46,7.67,0,118,83,944,11.37,4,2,2,5,,,20.0,53,BrowTr00
P0051,2000,51,Tony Richardson,FB,2,KAN,29,16,16,0,0,206.5,0,0,0,0,0,147,697,4.74,3,74,58,468,8.07,3,3,2,6,,,18.9,54,RichTo00
P0052,2000,52,Antonio Freeman,WR,21,GNB,28,15,15,0,0,205.7,0,0,0,0,0,2,5,2.5,0,120,62,912,14.71,9,1,1,9,,,17.7,55,FreeAn00
P0053,2000,53,Brett Favre,QB,10,GNB,31,16,16,0,0,205.3,338,580,3812,20,16,27,108,4,0,0,0,0,,0,9,5,0,,2,0.0,68,FavrBr00
P0054,2000,54,Keyshawn Johnson,WR,22,TAM,28,16,16,0,0,202.9,0,0,0,0,0,2,5,2.5,0,123,71,874,12.31,8,2,2,8,,,14.9,60,JohnKe00
P0055,2000,55,Jerome Bettis,RB,20,PIT,28,16,16,0,0,202.8,0,2,0,0,1,355,1341,3.78,8,19,13,97,7.46,0,1,,8,,,15.2,57,BettJe00
P0056,2000,56,Tyrone Wheatley,RB,21,OAK,28,14,13,0,0,194.2,0,0,0,0,0,232,1046,4.51,9,34,20,156,7.8,1,4,3,10,,,6.6,62,WheaTy00
P0057,2000,57,Drew Bledsoe,QB,11,NWE,28,16,16,0,0,193.4,312,531,3291,17,13,47,158,3.36,2,0,0,0,,0,9,4,2,,,-11.9,76,BledDr00
P0058,2000,58,Jerry Rice,WR,23,SFO,38,16,16,0,0,193.3,0,1,0,0,0,1,-2,-2,0,122,75,805,10.73,7,3,2,7,,,5.3,64,RiceJe00
P0059,2000,59,Steve Beuerlein,QB,12,CAR,35,16,16,0,0,191.8,324,533,3730,19,18,44,106,2.41,1,0,0,0,,0,9,8,1,1,,-13.5,78,BeueSt00
P0060,2000,60,James Allen,RB,22,CHI,25,16,15,0,0,190.1,0,0,0,0,0,290,1120,3.86,2,60,39,291,7.46,1,5,4,3,,,2.5,65,AlleJa00
P0061,2000,61,Kurt Warner,QB,13,STL,29,11,11,1,0,188.9,235,347,3429,21,18,18,17,0.94,0,0,0,0,,0,4,1,0,,2,-16.4,80,WarnKu00
P0062,2000,62,Derrick Mason,WR,24,TEN,26,16,10,1,1,188.6,0,0,0,0,0,1,1,1,0,88,63,895,14.21,5,1,,6,,,0.6,66,MasoDe00
P0063,2000,63,Bill Schroeder,WR,25,GNB,29,16,16,0,0,188.0,0,0,0,0,0,2,11,5.5,0,119,65,999,15.37,4,1,1,4,,,0.0,67,SchrBi00
P0064,2000,64,Brian Griese,QB,14,DEN,25,10,10,1,0,187.7,216,336,2688,19,4,29,102,3.52,1,0,0,0,,0,5,3,1,,1,-17.6,84,GrieBr00
P0065,2000,65,Richie Anderson,FB,3,NYJ,29,16,10,1,0,187.6,0,0,0,0,0,27,63,2.33,0,124,88,853,9.69,2,2,2,2,,,0.0,70,AndeRi00
P0066,2000,66,Ike Hilliard,WR,26,NYG,24,14,14,0,0,183.6,0,0,0,0,0,3,19,6.33,0,106,55,787,14.31,8,0,,8,,,-4.4,72,HillIk00
P0067,2000,67,Emmitt Smith,RB,23,DAL,31,16,16,0,0,183.2,0,0,0,0,0,294,1203,4.09,9,14,11,79,7.18,0,6,5,9,,,-4.4,71,SmitEm00
P0068,2000,68,Vinny Testaverde,QB,15,NYJ,37,16,16,0,0,182.5,328,590,3732,21,25,25,32,1.28,0,0,0,0,,0,7,4,0,,2,-22.8,90,TestVi00
P0069,2000,69,Kordell Stewart,QB,16,PIT,28,16,11,0,0,182.0,151,289,1860,11,8,78,436,5.59,7,0,0,0,,0,8,3,7,,,-23.3,93,StewKo00
P0070,2000,70,Steve McNair,QB,17,TEN,27,16,15,1,0,180.2,248,396,2847,15,13,72,403,5.6,0,0,0,0,,0,12,4,0,,,-25.1,95,McNaSt00
P0071,2000,71,Kevin Faulk,RB,24,NWE,24,16,9,0,0,178.5,0,0,0,0,0,164,570,3.48,4,68,51,465,9.12,1,6,4,5,1,,-9.1,75,FaulKe00
P0072,2000,72,Shannon Sharpe,TE,2,BAL,32,16,15,0,0,178.0,0,0,0,0,0,0,0,,0,105,67,810,12.09,5,0,,5,,,76.4,28,SharSh00
P0073,2000,73,Donald Hayes,WR,27,CAR,25,15,15,0,0,174.6,0,0,0,0,0,0,0,,0,112,66,926,14.03,3,1,1,3,,,-13.4,77,HayeDo00
P0074,2000,74,Freddie Jones,TE,3,SDG,26,16,16,0,0,173.6,0,0,0,0,0,0,0,,0,130,71,766,10.79,5,3,2,5,,,72.0,30,JoneFr00
P0075,2000,75,Oronde Gadsden,WR,28,MIA,29,16,16,0,0,170.6,0,0,0,0,0,0,0,,0,93,56,786,14.04,6,0,,6,,,-17.4,83,GadsOr00
P0076,2000,76,Larry Centers,FB,4,WAS,32,15,6,0,0,169.3,0,0,0,0,0,19,103,5.42,0,94,81,600,7.41,3,1,,3,,,-18.3,85,CentLa00
P0077,2000,77,Jeff Graham,WR,29,SDG,31,14,13,0,0,167.7,0,0,0,0,0,0,0,,0,113,55,907,16.49,4,1,1,4,,,-20.3,87,GrahJe00
P0078,2000,78,Sean Dawkins,WR,30,SEA,29,16,16,0,0,166.1,0,0,0,0,0,0,0,,0,102,63,731,11.6,5,0,,5,,,-21.9,88,DawkSe00
P0079,2000,79,Peter Warrick,WR,31,CIN,23,16,16,0,0,165.0,0,0,0,0,0,16,148,9.25,2,126,51,592,11.61,4,2,1,7,,,-23.0,91,WarrPe00
P0080,2000,80,Frank Sanders,WR,32,ARI,27,16,16,0,0,164.9,0,0,0,0,0,0,0,,0,116,54,749,13.87,6,0,,6,,,-23.1,92,SandFr00
P0081,2000,81,Charles Johnson,WR,33,PHI,28,16,16,0,0,164.0,0,0,0,0,0,5,18,3.6,0,100,56,642,11.46,7,0,,7,,,-24.0,94,JohnCh00
P0082,2000,82,Chad Lewis,TE,4,PHI,29,16,16,1,0,160.5,0,0,0,0,0,0,0,,0,110,69,735,10.65,3,0,,3,,,58.9,37,LewiCh00
P0083,2000,83,Johnnie Morton,WR,34,DET,29,16,16,0,0,160.3,0,0,0,0,0,4,25,6.25,0,116,61,788,12.92,3,1,1,3,1,,-27.7,100,MortJo00
P0084,2000,84,Frank Wycheck,TE,5,TEN,29,16,16,1,0,157.7,2,2,53,1,0,0,0,,0,109,70,636,9.09,4,2,3,4,,,56.1,40,WychFr00
P0085,2000,85,Marcus Robinson,WR,35,CHI,25,11,11,0,0,157.7,0,0,0,0,0,1,9,9,0,102,55,738,13.42,5,1,1,5,,,-30.3,102,RobiMa00
P0086,2000,86,Curtis Conway,WR,36,SDG,29,14,14,0,0,157.3,0,0,0,0,0,3,31,10.33,0,106,53,712,13.43,5,0,,5,,,-30.7,103,ConwCu00
P0087,2000,87,Kyle Brady,TE,6,JAX,28,16,15,0,0,156.9,0,0,0,0,0,0,0,,0,94,64,729,11.39,3,0,,3,1,,55.3,41,BradKy00
P0088,2000,88,Darrell Jackson,WR,37,SEA,22,16,9,0,0,156.2,0,0,0,0,0,1,-1,-1,0,93,53,713,13.45,6,2,2,6,,,-31.8,105,JackDa00
P0089,2000,89,James McKnight,WR,38,DAL,28,16,15,0,0,154.6,0,0,0,0,0,0,0,,0,106,52,926,17.81,2,1,1,2,,,-33.4,106,McKnJa00
P0090,2000,90,Shawn Jefferson,WR,39,ATL,31,16,14,0,0,154.3,0,0,0,0,0,1,1,1,0,104,60,822,13.7,2,1,,2,,,-33.7,107,JeffSh00
P0091,2000,91,Travis Prentice,RB,25,CLE,24,16,11,0,0,153.3,0,0,0,0,0,173,512,2.96,7,43,37,191,5.16,1,2,1,8,,,-34.3,108,PrenTr00
P0092,2000,92,Jay Fiedler,QB,18,MIA,29,15,15,0,0,152.8,204,357,2402,14,14,54,267,4.94,1,0,0,0,,0,2,2,1,,,-52.5,125,FiedJa00
P0093,2000,93,Dedric Ward,WR,40,NYJ,26,16,16,0,0,152.4,0,0,0,0,0,4,23,5.75,0,119,54,801,14.83,3,1,1,3,,,-35.6,109,WardDe00
P0094,2000,94,Terance Mathis,WR,41,ATL,33,16,16,0,0,152.4,0,0,0,0,0,1,-5,-5,0,126,57,679,11.91,5,1,1,5,,,-35.6,110,MathTe00
P0095,2000,95,Rob Johnson,QB,19,BUF,27,12,11,0,0,152.1,175,306,2125,12,7,42,307,7.31,1,1,1,-6,-6,0,4,2,1,,,-53.2,127,JohnRo00
P0096,2000,96,Tim Biakabutuka,RB,26,CAR,26,12,11,0,0,148.8,0,0,0,0,0,173,627,3.62,2,58,34,341,10.03,2,4,3,4,,,-38.8,113,BiakTi00
P0097,2000,97,Az-Zahir Hakim,WR,42,STL,23,16,4,0,0,148.3,0,0,0,0,0,5,19,3.8,0,80,53,734,13.85,4,7,5,5,,,-39.7,114,HakiAz00
P0098,2000,98,Charlie Batch,QB,20,DET,26,15,15,0,0,147.5,221,412,2489,13,15,44,199,4.52,2,0,0,0,,0,6,3,2,,,-57.8,138,BatcCh00
P0099,2000,99,Jon Kitna,QB,21,SEA,28,15,12,0,0,147.0,259,418,2658,18,19,48,127,2.65,1,0,0,0,,0,17,6,1,,,-58.3,140,KitnJo00
P0100,2000,100,Trent Green,QB,22,STL,30,8,5,0,0,145.4,145,240,2063,16,5,20,69,3.45,1,0,0,0,,0,3,2,1,,,-59.9,147,GreeTr00
P0101,2000,101,Qadry Ismail,WR,43,BAL,30,15,13,0,0,144.5,0,0,0,0,0,0,0,,0,95,49,655,13.37,5,0,,5,,,-43.5,115,IsmaQa00
P0102,2000,102,Peerless Price,WR,44,BUF,24,16,16,0,0,143.4,0,0,0,0,0,2,32,16,0,106,52,762,14.65,3,4,3,3,,,-44.6,117,PricPe00
P0103,2000,103,Hines Ward,WR,45,PIT,24,16,15,0,0,142.5,0,0,0,0,0,4,53,13.25,0,84,48,672,14,4,2,1,4,,,-45.5,119,WardHi00
P0104,2000,104,Terrell Fletcher,RB,27,SDG,27,16,6,0,0,141.9,0,0,0,0,0,116,384,3.31,3,72,48,355,7.4,1,2,2,4,,,-45.7,120,FletTe00
P0105,2000,105,Jake Plummer,QB,23,ARI,26,14,14,0,0,140.1,270,475,2946,13,21,37,183,4.95,0,0,0,0,,0,8,3,0,,,-65.2,153,PlumJa00
P0106,2000,106,Jeff Blake,QB,24,NOR,30,11,11,0,0,139.3,184,302,2025,13,9,57,243,4.26,1,0,0,0,,0,7,3,1,,,-66.0,155,BlakJe00
P0107,2000,107,Andre Rison,WR,46,OAK,33,16,0,0,0,137.6,0,0,0,0,0,0,0,,0,70,41,606,14.78,6,0,,6,,,-50.4,123,RisoAn00
P0108,2000,108,Jacquez Green,WR,47,TAM,24,16,16,0,0,135.6,0,0,0,0,0,5,13,2.6,0,103,51,773,15.16,1,0,,1,,,-52.4,124,GreeJa00
P0109,2000,109,James Thrash,WR,48,WAS,25,16,9,0,0,133.5,0,0,0,0,0,10,82,8.2,0,74,50,653,13.06,2,1,1,2,,,-54.5,129,ThraJa00
P0110,2000,110,Albert Connell,WR,49,WAS,26,16,12,0,0,133.2,0,0,0,0,0,0,0,,0,102,39,762,19.54,3,0,,3,,,-54.8,131,ConnAl00
P0111,2000,111,Jerome Pathon,WR,50,IND,25,16,10,0,0,132.9,0,0,0,0,0,1,3,3,0,89,50,646,12.92,3,0,,3,,,-55.1,133,PathJe00
P0112,2000,112,Shawn Bryson,RB,28,BUF,24,16,7,0,0,132.2,0,0,0,0,0,161,591,3.67,0,46,32,271,8.47,2,1,,2,1,,-55.4,135,BrysSh00
P0113,2000,113,Sammy Morris,RB,29,BUF,23,12,8,0,0,131.9,0,0,0,0,0,93,341,3.67,5,48,37,268,7.24,1,2,1,6,,,-55.7,136,MorrSa00
P0114,2000,114,Eddie Kennison,WR,51,CHI,27,16,10,0,0,129.1,0,0,0,0,0,3,72,24,0,95,55,549,9.98,2,1,,2,,,-58.9,142,KennEd00
P0115,2000,115,Sylvester Morris,WR,52,KAN,23,15,14,0,0,129.0,1,1,31,0,0,0,0,,0,105,48,678,14.13,3,3,3,3,,,-59.0,144,MorrSy00
P0116,2000,116,Irving Fryar,WR,53,WAS,38,14,6,0,0,127.4,0,0,0,0,0,2,16,8,0,76,41,548,13.37,5,0,,5,,,-60.6,148,FryaIr00
P0117,2000,117,Bobby Shaw,WR,54,PIT,25,16,0,0,0,127.2,0,0,0,0,0,0,0,,0,69,40,672,16.8,4,2,2,4,,,-60.8,149,ShawBo00
P0118,2000,118,Jeremy McDaniel,WR,55,BUF,24,16,6,0,0,124.7,0,0,0,0,0,0,0,,0,69,43,697,16.21,2,0,,2,,,-63.3,150,McDaJe00
P0119,2000,119,Cade McNown,QB,25,CHI,23,10,9,0,0,124.4,154,280,1646,8,9,50,326,6.52,3,0,0,0,,0,8,3,3,,,-80.9,160,McNoCa00
P0120,2000,120,Willie Jackson,WR,56,NOR,29,15,7,0,0,123.3,0,0,0,0,0,0,0,,0,80,37,523,14.14,6,2,1,6,,,-64.7,152,JackWi00
P0121,2000,121,Priest Holmes,RB,30,BAL,27,16,2,0,0,122.9,0,0,0,0,0,137,588,4.29,2,46,32,221,6.91,0,2,1,2,,,-64.7,151,HolmPr00
P0122,2000,122,Kevin Johnson,WR,57,CLE,24,16,16,0,0,122.8,1,3,23,0,1,0,0,,0,98,57,669,11.74,0,0,,0,,,-65.2,154,JohnKe01
P0123,2000,123,Brad Johnson,QB,26,WAS,32,12,11,0,0,120.0,228,365,2505,11,15,22,58,2.64,1,0,0,0,,0,5,3,1,,,-85.3,166,JohnBr00
P0124,2000,124,Ken Dilger,TE,7,IND,29,16,16,0,0,116.8,0,0,0,0,0,0,0,,0,72,47,538,11.45,3,1,1,3,,,15.2,58,DilgKe00
P0125,2000,125,Dwayne Carswell,TE,8,DEN,28,16,16,0,0,116.5,0,0,0,0,0,0,0,,0,64,49,495,10.1,3,0,,3,,,14.9,59,CarsDw00
P0126,2000,126,Torrance Small,WR,58,PHI,30,14,14,0,0,115.0,0,1,0,0,1,1,1,1,0,94,40,569,14.23,3,0,,3,1,,-73.0,156,SmalTo00
P0127,2000,127,Terrence Wilkins,WR,59,IND,25,14,7,0,0,112.7,0,0,0,0,0,3,8,2.67,0,67,43,569,13.23,3,4,3,3,,,-75.3,157,WilkTe00
P0128,2000,128,Doug Flutie,QB,27,BUF,38,11,5,0,0,112.1,132,231,1700,8,3,36,161,4.47,1,0,0,0,,0,5,2,1,,,-93.2,174,FlutDo00
P0129,2000,129,Aaron Brooks,QB,28,NOR,24,8,5,0,0,111.6,113,194,1514,9,6,41,170,4.15,2,0,0,0,,0,4,1,2,,,-93.7,175,BrooAa00
P0130,2000,130,Chris Chandler,QB,29,ATL,35,14,13,0,0,110.0,192,331,2236,10,12,21,60,2.86,0,1,1,-4,-4,0,7,1,0,,,-95.3,176,ChanCh00
P0131,2000,131,Ron Dayne,RB,31,NYG,22,16,4,0,0,109.1,0,0,0,0,0,228,770,3.38,5,3,3,11,3.67,0,1,1,5,,,-78.5,158,DaynRo00
P0132,2000,132,Stephen Alexander,TE,9,WAS,25,16,16,1,0,108.0,0,0,0,0,0,0,0,,0,74,47,510,10.85,2,2,1,2,,,6.4,63,AlexSt00
P0133,2000,133,Darnell Autry,RB,32,PHI,24,11,7,0,0,106.9,0,0,0,0,0,112,334,2.98,3,37,24,275,11.46,1,2,1,4,,,-80.7,159,AutrDa00
P0134,2000,134,Chris Warren,RB,33,2TM,32,14,1,0,0,105.9,0,0,0,0,0,74,296,4,2,43,32,303,9.47,1,3,2,3,,,-81.7,161,WarrCh00
P0135,2000,135,Marty Booker,WR,60,CHI,24,15,7,0,0,105.9,0,0,0,0,0,2,-1,-0.5,0,74,47,490,10.43,2,2,1,2,,,-82.1,162,BookMa00
P0136,2000,136,Fred Beasley,FB,5,SFO,26,15,15,0,0,105.0,0,0,0,0,0,50,147,2.94,3,51,31,233,7.52,3,0,,6,,,-82.6,163,BeasFr00
P0137,2000,137,Leslie Shepherd,WR,61,MIA,31,13,11,0,0,103.9,0,0,0,0,0,4,3,0.75,0,59,35,446,12.74,4,0,,4,,,-84.1,164,ShepLe00
P0138,2000,138,J.J. Stokes,WR,62,SFO,28,16,3,0,0,103.0,0,0,0,0,0,1,6,6,0,53,30,524,17.47,3,0,,3,1,,-85.0,165,StokJ.00
P0139,2000,139,Randy Jordan,RB,34,OAK,30,16,0,0,0,102.2,0,0,0,0,0,46,213,4.63,3,32,27,299,11.07,1,1,,4,,,-85.4,167,JordRa00
P0140,2000,140,Jackie Harris,TE,10,DAL,32,16,7,0,0,101.6,0,0,0,0,0,0,0,,0,56,39,306,7.85,5,0,,5,1,,0.0,69,HarrJa00
P0141,2000,141,Herman Moore,WR,63,DET,31,15,11,0,0,101.4,0,0,0,0,0,0,0,,0,80,40,434,10.85,3,0,,3,,,-86.6,168,MoorHe00
P0142,2000,142,Ricky Proehl,WR,64,STL,32,12,4,0,0,99.1,0,0,0,0,0,0,0,,0,39,31,441,14.23,4,0,,4,,,-88.9,169,ProeRi00
P0143,2000,143,Gus Frerotte,QB,30,DEN,29,10,6,0,0,97.4,138,232,1776,9,8,22,64,2.91,1,0,0,0,,0,5,3,1,,,-107.9,184,FrerGu00
P0144,2000,144,David Patten,WR,65,CLE,26,14,11,0,0,96.6,0,0,0,0,0,0,0,,0,73,38,546,14.37,1,2,1,1,,,-91.4,170,PattDa00
P0145,2000,145,Germane Crowell,WR,66,DET,24,9,7,0,0,96.2,0,0,0,0,0,1,12,12,0,73,34,430,12.65,3,0,,3,,,-91.8,172,CrowGe00
P0146,2000,146,Jay Riemersma,TE,11,BUF,27,12,12,0,0,96.2,0,0,0,0,0,0,0,,0,60,31,372,12,5,1,1,5,,,-5.4,73,RiemJa00
P0147,2000,147,Thomas Jones,RB,35,ARI,22,14,4,0,0,96.1,0,0,0,0,0,112,373,3.33,2,46,32,208,6.5,0,4,3,2,,,-91.5,171,JoneTh00
P0148,2000,148,Mike Alstott,FB,6,TAM,27,13,13,1,0,94.8,0,1,0,0,0,131,465,3.55,5,19,13,93,7.15,0,3,2,5,,,-92.8,173,AlstMi00
P0149,2000,149,Marcus Pollard,TE,12,IND,28,16,14,0,0,93.9,0,0,0,0,0,0,0,,0,42,30,439,14.63,3,0,,3,1,,-7.7,74,PollMa00
P0150,2000,150,J.R. Redmond,RB,36,NWE,23,12,5,0,0,91.2,0,0,0,0,0,125,406,3.25,1,29,20,126,6.3,2,2,,3,,,-96.4,177,RedmJ.00
P0151,2000,151,Trent Dilfer,QB,31,BAL,28,11,8,0,0,90.5,134,226,1502,12,11,20,75,3.75,0,1,1,-1,-1,0,8,2,0,,,-114.8,189,DilfTr00
P0152,2000,152,Tim Dwight,WR,67,ATL,25,14,1,0,0,87.4,0,0,0,0,0,5,8,1.6,0,53,26,406,15.62,3,3,2,4,,,-100.6,178,DwigTi00
P0153,2000,153,Rickey Dudley,TE,13,OAK,28,16,16,0,0,87.3,0,0,0,0,0,1,-7,-7,0,49,29,350,12.07,4,1,,4,,,-14.3,79,DudlRi00
P0154,2000,154,Kevin Lockett,WR,68,KAN,26,16,2,0,0,87.2,0,0,0,0,0,0,0,,0,57,33,422,12.79,2,3,,2,,,-100.8,179,LockKe00
P0155,2000,155,Tony Banks,QB,32,BAL,27,11,8,0,0,86.8,150,274,1578,8,8,19,57,3,0,0,0,0,,0,5,,0,,1,-118.5,196,BankTo00
P0156,2000,156,Chris Sanders,WR,69,TEN,28,16,14,0,0,86.6,0,0,0,0,0,0,0,,0,61,33,536,16.24,0,1,,0,,,-101.4,180,SandCh00
P0157,2000,157,Wesley Walls,TE,14,CAR,34,8,8,0,0,85.2,0,0,0,0,0,0,0,,0,49,31,422,13.61,2,0,,2,,,-16.4,81,WallWe00
P0158,2000,158,Dennis Northcutt,WR,70,CLE,23,15,8,0,0,84.5,0,0,0,0,0,9,33,3.67,0,81,39,422,10.82,0,1,,0,,,-103.5,182,NortDe00
P0159,2000,159,Brandon Bennett,RB,37,CIN,27,16,0,0,0,84.2,0,0,0,0,0,90,324,3.6,3,29,19,168,8.84,0,2,1,3,,,-103.4,181,BennBr00
P0160,2000,160,Greg Clark,TE,15,SFO,28,15,15,0,0,84.2,0,0,0,0,0,0,0,,0,51,38,342,9,2,1,,2,,,-17.4,82,ClarGr00
P0161,2000,161,David Sloan,TE,16,DET,28,15,10,0,0,81.9,0,0,0,0,0,0,0,,0,60,32,379,11.84,2,0,,2,,,-19.7,86,SloaDa00
P0162,2000,162,Duce Staley,RB,38,PHI,25,5,5,0,0,81.5,0,0,0,0,0,79,344,4.35,1,33,25,201,8.04,0,3,2,1,,,-106.1,183,StalDu00
P0163,2000,163,Napoleon Kaufman,RB,39,OAK,27,14,2,0,0,79.6,0,0,0,0,0,93,499,5.37,0,24,13,127,9.77,1,1,1,1,,,-108.0,185,KaufNa00
P0164,2000,164,Desmond Clark,TE,17,DEN,23,16,2,0,0,78.9,0,0,0,0,0,0,0,,0,38,27,339,12.56,3,0,,3,,,-22.7,89,ClarDe00
P0165,2000,165,Bob Christian,FB,7,ATL,32,16,14,0,0,77.4,0,0,0,0,0,9,19,2.11,0,63,44,315,7.16,0,0,,0,,,-110.2,186,ChriBo00
P0166,2000,166,Ryan Leaf,QB,33,SDG,24,11,9,0,0,76.7,161,322,1883,11,18,28,54,1.93,0,0,0,0,,0,12,6,0,,,-128.6,210,LeafRy00
P0167,2000,167,Bubba Franks,TE,18,GNB,22,16,13,0,0,76.3,0,0,0,0,0,0,0,,0,55,34,363,10.68,1,1,,1,,,-25.3,96,FranBu00
P0168,2000,168,Dave Moore,TE,19,TAM,31,16,16,0,0,75.8,0,0,0,0,0,0,0,,0,54,29,288,9.93,3,0,,3,,,-25.8,97,MoorDa00
P0169,2000,169,Reggie Kelly,TE,20,ATL,23,16,16,0,0,75.0,0,0,0,0,0,0,0,,0,50,31,340,10.97,2,1,1,2,,,-26.6,98,KellRe00
P0170,2000,170,Itula Mili,TE,21,SEA,27,16,6,0,0,74.8,0,0,0,0,0,0,0,,0,47,28,288,10.29,3,1,,3,,,-26.8,99,MiliIt00
P0171,2000,171,Tim Couch,QB,34,CLE,23,7,7,0,0,73.8,137,215,1483,7,9,12,45,3.75,0,0,0,0,,0,2,,0,,,-131.5,215,CoucTi00
P0172,2000,172,Rocket Ismail,WR,71,DAL,31,9,9,0,0,73.3,0,0,0,0,0,8,73,9.13,0,43,25,350,14,1,1,1,1,1,,-114.7,188,IsmaRa00
P0173,2000,173,Jermaine Fazande,RB,40,SDG,25,13,7,0,0,73.2,0,0,0,0,0,119,368,3.09,2,18,16,104,6.5,0,1,1,2,,,-114.4,187,FazaJe00
P0174,2000,174,Andrew Glover,TE,22,NOR,33,16,14,0,0,73.1,0,0,0,0,0,0,0,,0,40,21,281,13.38,4,0,,4,,,-28.5,101,GlovAn00
P0175,2000,175,Wane McGarity,WR,72,DAL,24,14,0,0,0,72.9,0,0,0,0,0,6,49,8.17,1,49,25,250,10,0,2,,3,,,-115.1,190,McGaWa00
P0176,2000,176,Travis Taylor,WR,73,BAL,22,9,8,0,0,72.7,0,0,0,0,0,2,11,5.5,0,55,28,276,9.86,3,1,1,3,,,-115.3,191,TaylTr01
P0177,2000,177,Jeff George,QB,35,WAS,33,6,5,0,0,72.0,113,194,1389,7,6,7,24,3.43,0,0,0,0,,0,3,1,0,,,-133.3,220,GeorJe00
P0178,2000,178,Zack Crockett,FB,8,OAK,28,16,4,0,0,71.2,0,0,0,0,0,43,130,3.02,7,15,10,62,6.2,0,0,,7,,,-116.4,192,CrocZa00
P0179,2000,179,Dorsey Levens,RB,41,GNB,30,5,5,0,0,71.0,0,0,0,0,0,77,224,2.91,3,21,16,146,9.13,0,0,,3,,,-116.6,193,LeveDo00
P0180,2000,180,Stanley Pritchett,FB,9,PHI,27,16,2,0,0,70.8,0,0,0,0,0,58,225,3.88,1,30,25,193,7.72,0,1,1,1,,,-116.8,194,PritSt00
P0181,2000,181,Aaron Shea,TE,23,CLE,24,15,8,0,0,70.2,0,0,0,0,0,0,0,,0,50,30,302,10.07,2,1,1,2,,,-31.4,104,SheaAa00
P0182,2000,182,Brian Mitchell,RB,42,PHI,32,16,1,0,0,69.4,1,4,21,0,0,25,187,7.48,2,21,13,89,6.85,1,3,1,5,,,-118.2,195,MitcBr00
P0183,2000,183,Laveranues Coles,WR,74,NYJ,23,13,3,0,0,68.5,0,0,0,0,0,2,15,7.5,0,43,22,370,16.82,1,0,,1,1,,-119.5,197,ColeLa00
P0184,2000,184,Kimble Anders,FB,10,KAN,34,15,7,0,0,67.7,0,0,0,0,0,76,331,4.36,2,19,15,76,5.07,0,1,,2,,,-119.9,198,AndeKi00
P0185,2000,185,James Jett,WR,75,OAK,30,16,13,0,0,67.6,0,0,0,0,0,0,0,,0,39,20,356,17.8,2,0,,2,,,-120.4,199,JettJa00
P0186,2000,186,Greg Comella,FB,11,NYG,25,16,12,0,0,65.9,0,0,0,0,0,10,45,4.5,0,51,36,274,7.61,0,2,1,0,,,-121.7,200,ComeGr00
P0187,2000,187,Tony Martin,WR,76,MIA,35,10,5,0,0,65.3,0,0,0,0,0,0,0,,0,63,26,393,15.12,0,0,,0,,,-122.7,201,MartTo00
P0188,2000,188,Jim Harbaugh,QB,36,SDG,37,7,5,0,0,65.0,123,202,1416,8,10,16,24,1.5,0,0,0,0,,0,5,3,0,,,-140.3,229,HarbJi00
P0189,2000,189,Randall Cunningham,QB,37,DAL,37,6,3,0,0,64.9,74,125,849,6,4,23,89,3.87,1,0,0,0,,0,4,1,1,,1,-140.4,231,CunnRa00
P0190,2000,190,Troy Aikman,QB,38,DAL,34,11,11,0,0,64.6,156,262,1632,7,14,10,13,1.3,0,0,0,0,,0,2,2,0,,1,-140.7,234,AikmTr00
P0191,2000,191,Justin Watson,RB,43,STL,25,14,2,0,0,64.5,0,0,0,0,0,54,249,4.61,4,11,10,56,5.6,0,0,,4,,,-123.1,202,WatsJu00
P0192,2000,192,Antowain Smith,RB,44,BUF,28,11,3,0,0,64.4,0,0,0,0,0,101,354,3.5,4,5,3,20,6.67,0,1,,4,,,-123.2,203,SmitAn00
P0193,2000,193,William Henderson,FB,12,GNB,29,16,6,0,0,64.0,0,0,0,0,0,2,16,8,0,45,35,234,6.69,1,1,1,1,,,-123.6,204,HendWi00
P0194,2000,194,Christian Fauria,TE,24,SEA,29,15,10,0,0,63.7,0,0,0,0,0,0,0,,0,39,28,237,8.46,2,1,,2,,,-37.9,111,FaurCh00
P0195,2000,195,Chad Morton,RB,45,NOR,23,16,3,0,0,62.9,0,0,0,0,0,36,136,3.78,0,37,30,213,7.1,0,2,1,0,,,-124.7,205,MortCh00
P0196,2000,196,Tony McGee,TE,25,CIN,29,14,14,0,0,62.9,0,0,0,0,0,0,0,,0,49,26,309,11.88,1,0,,1,,,-38.7,112,McGeTo00
P0197,2000,197,Reidel Anthony,WR,77,TAM,24,16,1,0,0,62.2,0,0,0,0,0,0,0,,0,33,15,232,15.47,4,0,,4,,,-125.8,206,AnthRe00
P0198,2000,198,Donald Driver,WR,78,GNB,25,16,2,0,0,61.6,0,0,0,0,0,1,4,4,0,49,21,322,15.33,1,0,,1,1,,-126.4,207,DrivDo00
P0199,2000,199,Derrick Mayes,WR,79,SEA,26,13,8,0,0,61.4,0,0,0,0,0,0,0,,0,47,29,264,9.1,1,0,,1,,,-126.6,208,MayeDe00
P0200,2000,200,Brad Hoover,FB,13,CAR,24,16,4,0,0,59.2,0,0,0,0,0,89,290,3.26,1,19,15,112,7.47,0,1,1,1,,,-128.4,209,HoovBr00
P0201,2000,201,Cecil Martin,FB,14,PHI,25,16,9,0,0,58.6,0,0,0,0,0,13,77,5.92,0,39,31,219,7.06,0,1,1,0,,,-129.0,211,MartCe00
P0202,2000,202,Richard Huntley,RB,46,PIT,28,13,0,0,0,58.6,0,0,0,0,0,46,215,4.67,3,19,10,91,9.1,0,1,1,3,1,,-129.0,212,HuntRi00
P0203,2000,203,Isaac Byrd,WR,80,CAR,26,15,4,0,0,58.1,0,0,0,0,0,0,0,,0,44,22,241,10.95,2,0,,2,,,-129.9,213,ByrdIs00
P0204,2000,204,Johnny McWilliams,TE,26,MIN,28,15,7,0,0,58.0,0,0,0,0,0,0,0,,0,29,22,180,8.18,3,0,,3,,,-43.6,116,McWiJo00
P0205,2000,205,Akili Smith,QB,39,CIN,25,12,11,0,0,57.3,118,267,1253,3,6,41,232,5.66,0,0,0,0,,0,14,8,0,,,-148.0,249,SmitAk00
P0206,2000,206,Jermaine Lewis,WR,81,BAL,26,15,1,0,0,57.0,1,1,3,0,0,3,38,12.67,0,35,19,161,8.47,1,0,,3,,,-131.0,214,LewiJe00
P0207,2000,207,Byron Chamberlain,TE,27,DEN,29,15,0,0,0,56.3,0,0,0,0,0,0,0,,0,32,22,283,12.86,1,0,,1,,,-45.3,118,ChamBy00
P0208,2000,208,Keith Poole,WR,82,NOR,26,15,4,0,0,56.3,0,0,0,0,0,0,0,,0,37,21,293,13.95,1,1,,1,,,-131.7,216,PoolKe00
P0209,2000,209,Yancey Thigpen,WR,83,TEN,31,12,0,0,0,55.9,0,0,0,0,0,0,0,,0,27,15,289,19.27,2,0,,2,,,-132.1,218,ThigYa00
P0210,2000,210,Obafemi Ayanbadejo,FB,15,BAL,25,8,4,0,0,55.5,0,0,0,0,0,15,37,2.47,1,29,23,168,7.3,1,0,,2,,,-132.1,217,AyanOb00
P0211,2000,211,Pete Mitchell,TE,28,NYG,29,14,5,0,0,55.5,0,0,0,0,0,0,0,,0,37,25,245,9.8,1,1,,1,,,-46.1,121,MitcPe00
P0212,2000,212,Joe Jurevicius,WR,84,NYG,26,14,3,0,0,55.2,0,0,0,0,0,0,0,,0,48,24,272,11.33,1,1,1,1,,,-132.8,219,JureJo00
P0213,2000,213,Mark Bruener,TE,29,PIT,28,16,16,0,0,54.2,0,0,0,0,0,0,0,,0,34,17,192,11.29,3,0,,3,,,-47.4,122,BrueMa00
P0214,2000,214,Craig Yeast,WR,85,CIN,24,15,7,0,0,53.6,0,0,0,0,0,1,15,15,0,51,24,301,12.54,0,3,1,0,,,-134.4,221,YeasCr00
P0215,2000,215,Mario Bates,RB,47,DET,27,13,0,0,0,50.6,0,0,0,0,0,31,127,4.1,2,20,15,109,7.27,0,0,,2,,,-137.0,222,BateMa00
P0216,2000,216,Chris Hetherington,FB,16,CAR,28,16,5,0,0,50.1,0,0,0,0,0,23,65,2.83,2,21,14,116,8.29,1,0,,3,,,-137.5,223,HethCh00
P0217,2000,217,Robert Thomas,FB,17,DAL,26,16,15,0,0,49.8,0,0,0,0,0,15,51,3.4,0,31,23,117,5.09,2,2,1,2,,,-137.8,224,ThomRo02
P0218,2000,218,Courtney Hawkins,WR,86,PIT,31,13,5,0,0,48.8,0,0,0,0,0,0,0,,0,43,19,238,12.53,1,0,,1,,,-139.2,225,HawkCo00
P0219,2000,219,Jermaine Wiggins,TE,30,2TM,25,15,2,0,0,48.7,0,0,0,0,0,0,0,,0,28,18,207,11.5,2,1,1,2,,,-52.9,126,WiggJe00
P0220,2000,220,Shaun Alexander,RB,48,SEA,23,16,1,0,0,48.4,0,0,0,0,0,64,313,4.89,2,11,5,41,8.2,0,2,2,2,,,-139.2,226,AlexSh00
P0221,2000,221,Robert Holcombe,FB,18,STL,25,14,9,0,0,48.0,0,0,0,0,0,21,70,3.33,3,11,8,90,11.25,1,0,,4,,,-139.6,227,HolcRo00
P0222,2000,222,Errict Rhett,RB,49,CLE,30,5,4,0,0,47.6,0,0,0,0,0,71,258,3.63,0,19,14,78,5.57,0,0,,0,,,-140.0,228,RhetEr00
P0223,2000,223,Macey Brooks,WR,87,CHI,25,16,3,0,0,47.6,0,0,0,0,0,0,0,,0,50,26,216,8.31,0,0,,0,,,-140.4,230,BrooMa00
P0224,2000,224,Plaxico Burress,WR,88,PIT,23,12,9,0,0,47.3,0,0,0,0,0,0,0,,0,65,22,273,12.41,0,1,1,0,,,-140.7,232,BurrPl00
P0225,2000,225,Reggie Jones,WR,89,SDG,29,11,2,0,0,47.3,0,0,0,0,0,0,0,,0,38,22,253,11.5,0,1,,0,,,-140.7,233,JoneRe00
P0226,2000,226,Eric Bjornson,TE,31,NWE,29,8,6,0,0,47.2,0,0,0,0,0,0,0,,0,33,20,152,7.6,2,0,,2,,,-54.4,128,BjorEr00
P0227,2000,227,Matthew Hatchette,WR,90,MIN,26,14,4,0,0,47.0,0,0,0,0,0,0,0,,0,33,16,190,11.88,2,0,,2,,,-141.0,235,HatcMa00
P0228,2000,228,Terry Hardy,TE,32,ARI,24,16,15,0,0,47.0,0,0,0,0,0,0,0,,0,45,27,160,5.93,1,2,1,1,,,-54.6,130,HardTe00
P0229,2000,229,Tyrone Davis,TE,33,GNB,28,14,9,0,0,46.7,0,0,0,0,0,0,0,,0,40,19,177,9.32,2,2,2,2,1,,-54.9,132,DaviTy00
P0230,2000,230,Kris Mangum,TE,34,CAR,27,15,7,0,0,46.5,0,0,0,0,0,0,0,,0,31,19,215,11.32,1,0,,1,,,-55.1,134,MangKr00
P0231,2000,231,Tai Streets,WR,91,SFO,23,15,1,0,0,45.7,0,0,0,0,0,1,0,0,0,41,19,287,15.11,0,1,1,0,,,-142.3,236,StreTa00
P0232,2000,232,Thurman Thomas,RB,50,MIA,34,9,0,0,0,45.3,0,0,0,0,0,28,136,4.86,0,24,16,117,7.31,1,1,1,1,,,-142.3,237,ThomTh00
P0233,2000,233,Jeff Thomason,TE,35,PHI,31,16,5,0,0,44.6,0,0,0,0,0,0,0,,0,14,10,46,4.6,5,0,,5,,,-57.0,137,ThomJe00
P0234,2000,234,Anthony Johnson,RB,51,JAX,33,12,3,0,0,44.5,0,0,0,0,0,28,112,4,1,16,12,153,12.75,0,0,,1,,,-143.1,238,JohnAn00
P0235,2000,235,E.G. Green,WR,92,IND,25,7,0,0,0,44.1,0,0,0,0,0,0,0,,0,26,18,201,11.17,1,0,,1,,,-143.9,240,GreeE.00
P0236,2000,236,Mack Strong,FB,19,SEA,29,16,13,0,0,44.0,0,0,0,0,0,3,9,3,0,30,23,141,6.13,1,0,,1,,,-143.6,239,StroMa00
P0237,2000,237,Danny Farmer,WR,93,CIN,23,13,2,0,0,43.8,0,0,0,0,0,0,0,,0,33,19,268,14.11,0,1,1,0,,,-144.2,242,FarmDa00
P0238,2000,238,William Floyd,FB,20,CAR,28,10,8,0,0,43.7,0,0,0,0,0,16,33,2.06,1,27,17,114,6.71,1,0,,2,,,-143.9,241,FloyWi00
P0239,2000,239,Kaseem Sinceno,TE,36,CHI,24,11,11,0,0,43.6,0,0,0,0,0,0,0,,0,41,23,206,8.96,0,0,,0,,,-58.0,139,SincKa00
P0240,2000,240,Jon Ritchie,FB,21,OAK,26,13,12,0,0,43.3,0,0,0,0,0,0,0,,0,33,26,173,6.65,0,0,,0,,,-144.3,243,RitcJo00
P0241,2000,241,John Davis,TE,37,MIN,27,15,9,0,0,43.2,0,0,0,0,0,0,0,,0,29,17,202,11.88,1,0,,1,,,-58.4,141,DaviJo00
P0242,2000,242,Tony Simmons,WR,94,NWE,26,12,2,0,0,43.1,0,0,0,0,0,0,0,,0,30,14,231,16.5,1,0,,1,,,-144.9,245,SimmTo00
P0243,2000,243,Fred McCrary,FB,22,SDG,28,15,12,0,0,42.9,0,0,0,0,0,7,8,1.14,0,26,18,141,7.83,2,1,1,2,,,-144.7,244,McCrFr00
P0244,2000,244,Alvis Whitted,WR,95,JAX,26,16,3,0,0,42.7,0,0,0,0,0,0,0,,0,26,13,137,10.54,3,1,1,3,,,-145.3,248,WhitAl00
P0245,2000,245,Erron Kinney,TE,38,TEN,23,16,9,0,0,42.7,0,0,0,0,0,0,0,,0,35,19,197,10.37,1,1,1,1,,,-58.9,143,KinnEr00
P0246,2000,246,Scott Mitchell,QB,40,CIN,32,8,5,0,0,42.7,89,187,966,3,8,10,61,6.1,1,0,0,0,,0,4,2,1,,,-162.6,250,MitcSc00
P0247,2000,247,Chris Fuamatu-Ma'afala,RB,52,PIT,23,7,1,0,0,42.6,0,0,0,0,0,21,149,7.1,1,16,11,107,9.73,0,0,,1,,,-145.0,246,FuamCh00
P0248,2000,248,Terrell Davis,RB,53,DEN,28,5,4,0,0,42.6,0,0,0,0,0,78,282,3.62,2,2,2,4,2,0,1,,2,,,-145.0,247,DaviTe00
P0249,2000,249,Anthony Becht,TE,39,NYJ,23,14,10,0,0,42.4,0,0,0,0,0,0,0,,0,30,16,144,9,2,1,,2,,,-59.2,145,BechAn00
P0250,2000,250,Brian Kozlowski,TE,40,ATL,30,16,3,0,0,42.1,0,0,0,0,0,0,0,,0,25,15,151,10.07,2,0,,2,,,-59.5,146,KozlBr00
P0001,2001,1,Marshall Faulk,RB,1,STL,28,14,14,1,1,419.7,0,1,0,0,0,260,1382,5.32,12,104,83,765,9.22,9,3,3,21,1,,234.5,1,FaulMa00
P0006,2001,2,Marvin Harrison,WR,1,IND,29,16,16,1,0,351.7,0,0,0,0,0,1,3,3,0,164,109,1524,13.98,15,0,,15,,,159.2,2,HarrMa00
P0121,2001,3,Priest Holmes,RB,2,KAN,28,16,16,1,1,332.9,0,0,0,0,0,327,1555,4.76,8,75,62,614,9.9,2,4,3,10,,,147.7,3,HolmPr00
P0008,2001,4,Terrell Owens,WR,2,SFO,28,16,16,1,1,332.3,0,0,0,0,0,4,21,5.25,0,155,93,1412,15.18,16,0,,16,,,139.8,4,OwenTe00
P0009,2001,5,Ahman Green,RB,3,GNB,24,16,16,1,0,318.1,0,0,0,0,0,304,1387,4.56,9,82,62,594,9.58,2,5,4,11,,,132.9,5,GreeAh00
P0007,2001,6,Rod Smith,WR,3,DEN,31,15,14,1,0,318.0,0,0,0,0,0,3,27,9,0,172,113,1343,11.88,11,1,,11,1,,125.5,6,SmitRo01
P0041,2001,7,David Boston,WR,4,ARI,23,16,15,1,1,307.3,0,0,0,0,0,5,35,7,0,175,98,1598,16.31,8,1,1,8,,,114.8,7,BostDa00
P0003,2001,8,Jeff Garcia,QB,1,SFO,31,16,16,1,0,298.9,316,504,3538,32,12,72,254,3.53,5,0,0,0,,0,9,3,5,,2,77.2,16,GarcJe00
P0220,2001,9,Shaun Alexander,RB,4,SEA,24,16,12,0,0,298.1,0,0,0,0,0,309,1318,4.27,14,59,44,343,7.8,2,4,4,16,,,112.9,8,AlexSh00
P0011,2001,10,Curtis Martin,RB,5,NYJ,28,16,16,1,0,297.0,1,1,18,1,0,333,1513,4.54,10,63,53,320,6.04,0,2,2,10,,,111.8,9,MartCu00
P0029,2001,11,Jimmy Smith,WR,5,JAX,32,16,16,1,0,297.0,0,0,0,0,0,1,-3,-3,0,176,112,1373,12.26,8,1,,8,,,104.5,10,SmitJi00
P0061,2001,12,Kurt Warner,QB,2,STL,30,16,16,1,1,293.2,375,546,4830,36,22,28,60,2.14,0,0,0,0,,0,10,4,0,,1,71.5,19,WarnKu00
P0010,2001,13,Randy Moss,WR,6,MIN,24,16,16,0,0,270.3,1,1,29,0,0,3,38,12.67,0,154,82,1233,15.04,10,0,,10,,,77.8,14,MossRa00
P0050,2001,14,Troy Brown,WR,7,NWE,30,16,13,1,0,270.0,0,0,0,0,0,11,91,8.27,0,142,101,1199,11.87,5,2,1,7,,,77.5,15,BrowTr00
P0032,2001,15,Tim Brown,WR,8,OAK,35,16,16,1,0,269.4,0,0,0,0,0,4,39,9.75,0,140,91,1165,12.8,9,1,1,10,,,76.9,17,BrowTi00
P0251,2001,16,LaDainian Tomlinson,RB,6,SDG,22,16,16,0,0,269.3,0,0,0,0,0,339,1236,3.65,10,74,59,367,6.22,0,8,5,10,,,84.1,12,TomlLa00
P0014,2001,17,Rich Gannon,QB,3,OAK,36,16,16,1,0,266.2,361,549,3828,27,9,63,231,3.67,2,0,0,0,,0,13,7,2,1,,44.5,30,GannRi00
P0039,2001,18,Ricky Williams,RB,7,NOR,24,16,16,0,0,265.6,0,0,0,0,0,313,1245,3.98,6,88,60,511,8.52,1,8,6,7,,,80.4,13,WillRi00
P0070,2001,19,Steve McNair,QB,4,TEN,28,15,15,0,0,265.4,264,431,3350,21,12,75,414,5.52,5,0,0,0,,0,5,3,5,,3,43.7,32,McNaSt00
P0024,2001,20,Joe Horn,WR,9,NOR,29,16,16,1,0,263.9,0,1,0,0,0,1,4,4,0,156,83,1265,15.24,9,1,,9,,,71.4,20,HornJo00
P0015,2001,21,Peyton Manning,QB,5,IND,25,16,16,0,0,260.9,343,547,4131,26,23,35,157,4.49,4,0,0,0,,0,7,3,4,,2,39.2,35,MannPe00
P0018,2001,22,Donovan McNabb,QB,6,PHI,25,16,16,1,0,259.5,285,493,3233,25,12,82,482,5.88,2,0,0,0,,0,8,3,2,,,37.8,38,McNaDo00
P0135,2001,23,Marty Booker,WR,10,CHI,25,16,16,0,0,259.3,1,2,34,1,0,4,8,2,0,157,100,1071,10.71,8,2,1,8,,,66.8,21,BookMa00
P0023,2001,24,Torry Holt,WR,11,STL,25,16,14,1,0,259.3,0,0,0,0,0,2,0,0,0,133,81,1363,16.83,7,2,,7,,,66.8,22,HoltTo00
P0047,2001,25,Corey Dillon,RB,8,CIN,27,16,16,1,0,258.3,0,1,0,0,1,340,1315,3.87,10,61,34,228,6.71,3,5,3,13,,,73.1,18,DillCo00
P0053,2001,26,Brett Favre,QB,7,GNB,32,16,16,1,0,256.4,314,510,3921,32,15,38,56,1.47,1,0,0,0,,0,16,6,1,,1,34.7,39,FavrBr00
P0129,2001,27,Aaron Brooks,QB,8,NOR,25,16,16,0,0,253.1,312,558,3832,26,22,80,358,4.48,1,1,0,0,,0,13,2,1,,1,31.4,44,BrooAa00
P0058,2001,28,Jerry Rice,WR,12,OAK,39,16,15,0,0,250.9,0,0,0,0,0,0,0,,0,126,83,1139,13.72,9,1,,9,,,58.4,23,RiceJe00
P0122,2001,29,Kevin Johnson,WR,13,CLE,25,16,16,0,0,247.7,0,0,0,0,0,0,0,,0,129,84,1097,13.06,9,2,,9,,,55.2,24,JohnKe01
P0062,2001,30,Derrick Mason,WR,14,TEN,27,15,15,0,0,245.8,0,0,0,0,0,0,0,,0,113,73,1128,15.45,9,2,1,10,1,,53.3,25,MasoDe00
P0038,2001,31,Keenan McCardell,WR,15,JAX,31,16,16,0,0,240.0,0,0,0,0,0,0,0,,0,145,93,1110,11.94,6,1,1,6,1,,47.5,28,McCaKe00
P0016,2001,32,Tiki Barber,RB,9,NYG,26,14,9,0,0,238.2,0,0,0,0,0,166,865,5.21,4,98,72,577,8.01,0,8,2,4,1,,53.0,26,BarbTi00
P0054,2001,33,Keyshawn Johnson,WR,16,TAM,29,15,15,1,0,236.6,0,0,0,0,0,0,0,,0,180,106,1266,11.94,1,2,1,1,,,44.1,31,JohnKe00
P0069,2001,34,Kordell Stewart,QB,9,PIT,29,16,16,1,0,236.1,266,442,3109,14,11,96,537,5.59,5,0,0,0,,0,11,3,5,,,14.4,56,StewKo00
P0086,2001,35,Curtis Conway,WR,17,SDG,30,16,16,0,0,235.1,0,0,0,0,0,7,116,16.57,1,126,71,1125,15.85,6,1,1,7,,,42.6,33,ConwCu00
P0012,2001,36,Charlie Garner,RB,10,OAK,29,16,16,0,0,227.7,0,0,0,0,0,211,839,3.98,1,91,72,578,8.03,2,2,2,3,,,42.5,34,GarnCh00
P0088,2001,37,Darrell Jackson,WR,18,SEA,23,16,16,0,0,227.0,0,0,0,0,0,1,9,9,0,131,70,1081,15.44,8,0,,8,,,34.5,40,JackDa00
P0103,2001,38,Hines Ward,WR,19,PIT,25,16,16,1,0,224.6,0,1,0,0,0,10,83,8.3,0,144,94,1003,10.67,4,1,1,4,,,32.1,43,WardHi00
P0252,2001,39,Garrison Hearst,RB,11,SFO,30,16,16,1,0,224.3,0,0,0,0,0,252,1206,4.79,4,55,41,347,8.46,1,1,1,5,,,39.1,36,HearGa00
P0192,2001,40,Antowain Smith,RB,12,NWE,29,16,15,0,0,223.9,0,0,0,0,0,287,1157,4.03,12,28,19,192,10.11,1,4,4,13,,,38.7,37,SmitAn00
P0101,2001,41,Qadry Ismail,WR,20,BAL,31,16,15,0,0,221.9,0,0,0,0,0,0,0,,0,134,74,1059,14.31,7,1,1,7,1,,29.4,46,IsmaQa00
P0092,2001,42,Jay Fiedler,QB,10,MIA,30,16,16,0,0,221.7,273,450,3290,20,19,73,321,4.4,4,0,0,0,,0,6,4,4,,,0.0,69,FiedJa00
P0034,2001,43,Stephen Davis,FB,1,WAS,27,16,16,0,0,217.7,0,0,0,0,0,356,1432,4.02,5,37,28,205,7.32,0,6,3,5,1,,32.5,42,DaviSt00
P0120,2001,44,Willie Jackson,WR,21,NOR,30,16,16,0,0,217.6,0,0,0,0,0,0,0,,0,135,81,1046,12.91,5,0,,5,1,,25.1,47,JackWi00
P0083,2001,45,Johnnie Morton,WR,22,DET,30,16,16,0,0,215.0,0,0,0,0,0,1,6,6,0,144,77,1154,14.99,4,1,1,4,,,22.5,50,MortJo00
P0253,2001,46,Dominic Rhodes,RB,13,IND,22,15,10,0,0,214.8,0,0,0,0,0,233,1104,4.74,9,55,34,224,6.59,0,6,6,10,,,29.6,45,RhodDo00
P0019,2001,47,Isaac Bruce,WR,23,STL,29,16,16,1,0,208.9,0,0,0,0,0,4,23,5.75,0,103,64,1106,17.28,6,4,2,6,,,16.4,53,BrucIs00
P0037,2001,48,Amani Toomer,WR,24,NYG,27,16,14,0,0,208.2,0,0,0,0,0,3,8,2.67,0,142,72,1054,14.64,5,2,,5,,,15.7,54,ToomAm00
P0162,2001,49,Duce Staley,RB,14,PHI,26,13,10,0,0,208.0,0,0,0,0,0,166,604,3.64,2,91,63,626,9.94,2,3,1,4,,,22.8,49,StalDu00
P0042,2001,50,Mark Brunell,QB,11,JAX,31,15,15,0,0,206.8,289,473,3309,19,13,39,224,5.74,1,0,0,0,,0,8,3,1,,1,-14.9,78,BrunMa00
P0027,2001,51,Tony Gonzalez,TE,1,KAN,25,16,16,1,1,205.2,1,1,40,0,0,1,9,9,0,118,73,917,12.56,6,0,,6,1,,86.0,11,GonzTo00
P0224,2001,52,Plaxico Burress,WR,25,PIT,24,16,16,0,0,202.8,0,0,0,0,0,0,0,,0,122,66,1008,15.27,6,1,,6,,,10.3,58,BurrPl00
P0105,2001,53,Jake Plummer,QB,12,ARI,27,16,16,0,0,202.4,304,525,3653,18,14,35,163,4.66,0,0,0,0,,0,8,3,0,1,,-19.3,81,PlumJa00
P0254,2001,54,Anthony Thomas,RB,15,CHI,24,14,10,0,0,202.1,0,0,0,0,0,278,1183,4.26,7,30,22,178,8.09,0,0,,7,1,,16.9,52,ThomAn01
P0004,2001,55,Daunte Culpepper,QB,13,MIN,24,11,11,0,0,201.1,235,366,2612,14,13,71,416,5.86,5,1,1,0,0,0,16,6,5,2,1,-20.6,82,CulpDa00
P0035,2001,56,Warrick Dunn,RB,16,TAM,26,13,12,0,0,200.4,0,0,0,0,0,158,447,2.83,3,97,68,557,8.19,3,2,2,6,,,15.2,55,DunnWa00
P0063,2001,57,Bill Schroeder,WR,26,GNB,30,14,14,0,0,199.4,0,0,0,0,0,1,6,6,0,93,53,918,17.32,9,1,,9,,,6.9,59,SchrBi00
P0183,2001,58,Laveranues Coles,WR,27,NYJ,24,16,16,0,0,198.6,0,0,0,0,0,10,108,10.8,0,103,59,868,14.71,7,1,,7,,,6.1,61,ColeLa00
P0109,2001,59,James Thrash,WR,28,PHI,26,15,15,0,0,198.0,0,0,0,0,0,6,57,9.5,0,108,63,833,13.22,8,1,1,8,,,5.5,62,ThraJa00
P0123,2001,60,Brad Johnson,QB,14,TAM,33,16,16,0,0,196.2,340,559,3406,13,11,39,120,3.08,3,0,0,0,,0,4,2,3,,2,-25.5,87,JohnBr00
P0102,2001,61,Peerless Price,WR,29,BUF,25,16,16,0,0,194.2,0,0,0,0,0,6,97,16.17,0,111,55,895,16.27,7,2,1,7,,,1.7,65,PricPe00
P0064,2001,62,Brian Griese,QB,15,DEN,26,15,15,0,0,192.8,275,451,2827,23,19,50,173,3.46,1,1,1,-6,-6,0,7,1,1,,2,-28.9,89,GrieBr00
P0025,2001,63,Cris Carter,WR,30,MIN,36,16,16,0,0,192.5,0,0,0,0,0,1,4,4,0,130,73,871,11.93,6,2,2,6,,,0.0,68,CartCr00
P0148,2001,64,Mike Alstott,FB,2,TAM,28,16,16,1,0,192.1,0,0,0,0,0,165,680,4.12,10,50,35,231,6.6,1,2,2,11,2,,6.9,60,AlstMi00
P0046,2001,65,Kerry Collins,QB,16,NYG,29,16,16,0,0,190.7,327,568,3764,19,16,39,73,1.87,0,1,1,-2,-2,0,23,6,0,,,-31.0,91,CollKe00
P0033,2001,66,Lamar Smith,RB,17,MIA,31,16,16,0,0,188.2,0,0,0,0,0,313,968,3.09,6,35,30,234,7.8,2,6,5,8,,,3.0,64,SmitLa00
P0030,2001,67,Eric Moulds,WR,31,BUF,28,16,16,0,0,187.7,0,0,0,0,0,3,3,1,0,136,67,904,13.49,5,1,1,5,1,,-4.8,72,MoulEr00
P0100,2001,68,Trent Green,QB,17,KAN,31,16,16,0,0,186.2,296,523,3783,17,24,35,158,4.51,0,1,1,1,1,0,11,4,0,1,2,-35.5,96,GreeTr00
P0255,2001,69,Stacey Mack,RB,18,JAX,26,16,11,0,0,185.2,0,0,0,0,0,213,877,4.12,9,34,23,165,7.17,1,3,1,10,,,0.0,70,MackSt00
P0128,2001,70,Doug Flutie,QB,18,SDG,39,16,16,0,0,183.8,294,521,3464,15,18,53,192,3.62,1,0,0,0,,0,7,2,1,,,-37.9,99,FlutDo00
P0256,2001,71,Kevin Dyson,WR,32,TEN,26,16,16,0,0,180.5,0,0,0,0,0,0,0,,0,112,54,825,15.28,7,0,,7,1,,-12.0,77,DysoKe00
P0076,2001,72,Larry Centers,FB,3,BUF,33,16,13,1,0,180.0,0,0,0,0,0,34,160,4.71,2,105,80,620,7.75,2,2,1,4,,,-5.2,73,CentLa00
P0040,2001,73,Michael Pittman,RB,19,ARI,26,15,14,0,0,179.0,0,0,0,0,0,241,846,3.51,5,65,42,264,6.29,0,5,2,5,,,-6.2,74,PittMi00
P0257,2001,74,Chris Chambers,WR,33,MIA,23,16,7,0,0,177.2,0,0,0,0,0,1,-11,-11,0,90,48,883,18.4,7,2,,7,,,-15.3,79,ChamCh00
P0005,2001,75,Eddie George,RB,20,TEN,28,16,16,0,0,176.8,0,0,0,0,0,315,939,2.98,5,50,37,279,7.54,0,8,6,5,,,-8.4,75,GeorEd00
P0052,2001,76,Antonio Freeman,WR,34,GNB,29,16,16,0,0,171.3,0,0,0,0,0,1,-5,-5,0,108,52,818,15.73,6,1,,6,1,,-21.2,84,FreeAn00
P0149,2001,77,Marcus Pollard,TE,2,IND,29,16,16,0,0,168.9,0,0,0,0,0,0,0,,0,73,47,739,15.72,8,0,,8,,,49.7,27,PollMa00
P0258,2001,78,Chris Weinke,QB,19,CAR,29,15,15,0,0,168.0,293,540,2931,11,19,37,128,3.46,6,0,0,0,,0,11,2,6,,,-53.7,118,WeinCh00
P0144,2001,79,David Patten,WR,35,NWE,27,16,14,0,0,167.0,1,2,60,1,1,5,67,13.4,1,93,51,749,14.69,4,1,,5,,,-25.5,88,PattDa00
P0259,2001,80,Jamel White,RB,21,CLE,24,16,7,0,0,166.1,0,0,0,0,0,126,443,3.52,5,60,44,418,9.5,1,1,1,6,1,,-19.1,80,WhitJa00
P0072,2001,81,Shannon Sharpe,TE,3,BAL,33,16,15,1,0,164.1,0,0,0,0,0,0,0,,0,114,73,811,11.11,2,1,1,2,,,44.9,29,SharSh00
P0260,2001,82,Tom Brady,QB,20,NWE,24,15,14,1,0,163.3,264,413,2843,18,12,36,43,1.19,0,1,1,23,23,0,12,3,0,,,-58.4,122,BradTo00
P0077,2001,83,Jeff Graham,WR,36,SDG,32,14,11,0,0,161.1,0,0,0,0,0,0,0,,0,110,52,811,15.6,5,1,1,5,,,-31.4,92,GrahJe00
P0130,2001,84,Chris Chandler,QB,21,ATL,36,14,14,0,0,158.3,223,365,2847,16,14,25,84,3.36,0,0,0,0,,0,8,1,0,,1,-63.4,127,ChanCh00
P0066,2001,85,Ike Hilliard,WR,37,NYG,25,14,10,0,0,156.0,0,0,0,0,0,1,21,21,0,87,52,659,12.67,6,0,,6,,,-36.5,98,HillIk00
P0138,2001,86,J.J. Stokes,WR,38,SFO,29,16,16,0,0,154.5,0,0,0,0,0,0,0,,0,90,54,585,10.83,7,0,,7,,,-38.0,100,StokJ.00
P0171,2001,87,Tim Couch,QB,22,CLE,24,16,16,0,0,154.4,272,454,3040,17,21,38,128,3.37,0,1,1,-10,-10,0,9,3,0,,,-67.3,129,CoucTi00
P0084,2001,88,Frank Wycheck,TE,4,TEN,30,16,16,0,0,152.1,1,1,21,0,0,1,1,1,0,84,60,672,11.2,4,0,,4,,,32.9,41,WychFr00
P0261,2001,89,Maurice Smith,RB,22,ATL,25,16,12,0,0,152.0,0,0,0,0,0,237,760,3.21,5,27,19,230,12.11,1,1,1,6,,,-33.2,95,SmitMa00
P0172,2001,90,Rocket Ismail,WR,39,DAL,32,14,13,0,0,151.5,0,0,0,0,0,8,31,3.88,0,93,53,834,15.74,2,0,,2,,,-41.0,103,IsmaRa00
P0262,2001,91,Darnay Scott,WR,40,CIN,29,16,15,0,0,150.9,0,0,0,0,0,0,0,,0,104,57,819,14.37,2,0,,2,,,-41.6,104,ScotDa00
P0055,2001,92,Jerome Bettis,RB,23,PIT,29,11,11,1,0,149.3,1,2,32,1,0,225,1072,4.76,4,10,8,48,6,0,3,,4,,,-35.9,97,BettJe00
P0263,2001,93,Michael Westbrook,WR,41,WAS,29,16,16,0,0,148.2,0,0,0,0,0,2,8,4,0,91,57,664,11.65,4,0,,4,,,-44.3,106,WestMi00
P0067,2001,94,Emmitt Smith,RB,24,DAL,32,14,14,0,0,146.7,0,0,0,0,0,261,1021,3.91,3,21,17,116,6.82,0,1,1,3,,,-38.5,102,SmitEm00
P0264,2001,95,Rod Gardner,WR,42,WAS,24,16,16,0,0,143.7,0,0,0,0,0,1,16,16,0,101,46,741,16.11,4,1,1,4,,,-48.8,111,GardRo00
P0164,2001,96,Desmond Clark,TE,5,DEN,24,16,4,0,0,143.6,0,0,0,0,0,0,0,,0,77,51,566,11.1,6,3,,6,,,24.4,48,ClarDe00
P0028,2001,97,Elvis Grbac,QB,23,BAL,31,14,14,0,0,143.1,265,467,3033,15,18,21,18,0.86,1,0,0,0,,0,9,5,1,,,-78.6,150,GrbaEl00
P0265,2001,98,Joey Galloway,WR,43,DAL,30,16,16,0,0,143.1,1,1,-1,0,0,3,32,10.67,0,112,52,699,13.44,3,1,,3,,,-49.4,112,GallJo00
P0089,2001,99,James McKnight,WR,44,MIA,29,16,15,0,0,141.3,0,0,0,0,0,6,39,6.5,0,90,55,684,12.44,3,3,3,3,1,,-51.2,113,McKnJa00
P0068,2001,100,Vinny Testaverde,QB,24,NYJ,38,16,16,0,0,140.6,260,441,2752,15,14,31,25,0.81,0,0,0,0,,0,12,2,0,,,-81.1,156,TestVi00
P0075,2001,101,Oronde Gadsden,WR,45,MIA,30,14,14,0,0,140.4,0,0,0,0,0,0,0,,0,93,55,674,12.25,3,1,,3,,,-52.1,114,GadsOr00
P0079,2001,102,Peter Warrick,WR,46,CIN,24,16,14,0,0,140.1,0,0,0,0,0,8,14,1.75,0,137,70,667,9.53,1,3,2,1,,,-52.4,115,WarrPe00
P0099,2001,103,Jon Kitna,QB,25,CIN,29,16,15,0,0,139.9,313,581,3216,12,22,27,73,2.7,1,0,0,0,,0,13,4,1,,1,-81.8,157,KitnJo00
P0207,2001,104,Byron Chamberlain,TE,6,MIN,30,16,15,1,0,139.6,0,0,0,0,0,0,0,,0,80,57,666,11.68,3,1,1,3,,,20.4,51,ChamBy00
P0212,2001,105,Joe Jurevicius,WR,47,NYG,27,14,9,0,0,139.6,0,0,0,0,0,0,0,,0,92,51,706,13.84,3,0,,3,,,-52.9,117,JureJo00
P0266,2001,106,Cory Schlesinger,FB,4,DET,29,16,13,0,0,138.0,0,0,0,0,0,47,154,3.28,3,85,60,466,7.77,0,1,1,3,,,-47.2,108,SchlCo00
P0267,2001,107,Michael Bennett,RB,25,MIN,23,13,13,0,0,137.8,0,0,0,0,0,172,682,3.97,2,38,29,226,7.79,1,0,,3,,,-47.4,109,BennMi00
P0049,2001,108,Wayne Chrebet,WR,48,NYJ,28,15,15,0,0,137.0,0,0,0,0,0,0,0,,0,92,56,750,13.39,1,0,,1,,,-55.5,119,ChreWa00
P0165,2001,109,Bob Christian,FB,5,ATL,33,16,8,0,0,136.6,0,0,0,0,0,44,284,6.45,2,60,45,392,8.71,2,0,,4,,,-48.6,110,ChriBo00
P0155,2001,110,Tony Banks,QB,26,WAS,28,15,14,0,0,136.6,198,370,2386,10,10,47,152,3.23,2,0,0,0,,0,10,4,2,,1,-85.1,160,BankTo00
P0268,2001,111,Travis Henry,RB,26,BUF,23,13,12,0,0,132.8,0,0,0,0,0,213,729,3.42,4,27,22,179,8.14,0,5,2,4,,,-52.4,116,HenrTr00
P0146,2001,112,Jay Riemersma,TE,7,BUF,28,16,15,0,0,130.0,0,0,0,0,0,0,0,,0,78,53,590,11.13,3,0,,3,,,10.8,57,RiemJa00
P0142,2001,113,Ricky Proehl,WR,49,STL,33,16,2,0,0,128.8,0,0,0,0,0,1,5,5,0,55,40,563,14.08,5,0,,5,1,,-63.7,128,ProeRi00
P0269,2001,114,Kevan Barlow,RB,27,SFO,22,15,0,0,0,127.9,0,0,0,0,0,125,512,4.1,4,28,22,247,11.23,1,1,,5,,,-57.3,120,BarlKe00
P0036,2001,115,James Stewart,RB,28,DET,30,11,10,0,0,127.7,0,0,0,0,0,143,685,4.79,1,26,23,242,10.52,1,0,,2,,,-57.5,121,StewJa00
P0131,2001,116,Ron Dayne,RB,29,NYG,23,16,7,0,0,125.7,0,0,0,0,0,180,690,3.83,7,11,8,67,8.38,0,2,1,7,1,,-59.5,123,DaynRo00
P0002,2001,117,Edgerrin James,RB,30,IND,23,6,6,0,0,125.5,0,0,0,0,0,151,662,4.38,3,29,24,193,8.04,0,3,2,3,1,,-59.7,124,JameEd00
P0270,2001,118,Todd Pinkston,WR,50,PHI,24,15,15,0,0,125.1,0,0,0,0,0,1,5,5,0,84,42,586,13.95,4,0,,4,,,-67.4,130,PinkTo00
P0073,2001,119,Donald Hayes,WR,51,CAR,26,16,15,0,0,123.7,0,0,0,0,0,0,0,,0,105,52,597,11.48,2,1,,2,,,-68.8,135,HayeDo00
P0167,2001,120,Bubba Franks,TE,8,GNB,23,16,14,1,0,122.2,0,0,0,0,0,0,0,,0,48,36,322,8.94,9,0,,9,,,3.0,63,FranBu00
P0176,2001,121,Travis Taylor,WR,52,BAL,23,16,13,0,0,120.6,0,0,0,0,0,5,46,9.2,0,90,42,560,13.33,3,0,,3,,,-71.9,142,TaylTr01
P0161,2001,122,David Sloan,TE,9,DET,29,15,15,0,0,119.9,0,0,0,0,0,0,0,,0,69,37,409,11.05,7,0,,7,,,0.7,66,SloaDa00
P0094,2001,123,Terance Mathis,WR,53,ATL,34,16,16,0,0,119.4,0,0,0,0,0,0,0,,0,105,51,564,11.06,2,0,,2,,,-73.1,143,MathTe00
P0082,2001,124,Chad Lewis,TE,10,PHI,30,15,15,1,0,119.2,0,0,0,0,0,0,0,,0,68,41,422,10.29,6,2,,6,,,0.0,67,LewiCh00
P0098,2001,125,Charlie Batch,QB,27,DET,27,10,9,0,0,118.2,198,341,2392,12,12,12,45,3.75,0,0,0,0,,0,6,4,0,,1,-103.5,178,BatcCh00
P0157,2001,126,Wesley Walls,TE,11,CAR,35,14,14,1,0,118.2,0,0,0,0,0,0,0,,0,73,43,452,10.51,5,0,,5,,,-1.0,71,WallWe00
P0051,2001,127,Tony Richardson,FB,6,KAN,30,14,8,0,0,117.6,0,0,0,0,0,66,191,2.89,7,41,30,265,8.83,0,0,,7,,,-67.6,132,RichTo00
P0271,2001,128,Lamont Warren,RB,31,DET,28,16,3,0,0,116.7,0,2,0,0,1,61,191,3.13,3,59,40,336,8.4,1,1,,4,1,,-68.5,134,WarrLa00
P0272,2001,129,Jim Miller,QB,28,CHI,30,14,13,0,0,116.1,228,395,2299,13,10,29,-19,-0.66,0,0,0,0,,0,7,3,0,,,-105.6,183,MillJi00
P0080,2001,130,Frank Sanders,WR,54,ARI,28,15,13,0,0,112.8,0,1,0,0,0,0,0,,0,77,41,618,15.07,2,1,1,2,,,-79.7,153,SandFr00
P0031,2001,131,Muhsin Muhammad,WR,55,CAR,28,11,11,0,0,112.5,0,0,0,0,0,0,0,,0,93,50,585,11.7,1,2,1,1,,,-80.0,154,MuhaMu00
P0202,2001,132,Richard Huntley,RB,32,CAR,29,14,9,0,0,111.6,0,1,0,0,0,165,665,4.03,2,32,21,101,4.81,1,3,2,3,,,-73.6,145,HuntRi00
P0273,2001,133,Alex Van Pelt,QB,29,BUF,31,12,8,0,0,111.5,178,307,2056,12,11,12,33,2.75,0,0,0,0,,0,5,1,0,,1,-110.2,187,VanPAl00
P0274,2001,134,Ernie Conwell,TE,12,STL,29,16,14,0,0,109.9,0,0,0,0,0,7,28,4,1,52,38,431,11.34,4,2,2,5,,,-9.3,76,ConwEr00
P0187,2001,135,Tony Martin,WR,56,ATL,36,11,9,0,0,109.8,0,0,0,0,0,0,0,,0,77,37,548,14.81,3,0,,3,,,-82.7,158,MartTo00
P0060,2001,136,James Allen,RB,33,CHI,26,16,7,0,0,109.2,0,0,0,0,0,135,469,3.47,1,42,30,203,6.77,1,1,,2,,,-76.0,147,AlleJa00
P0275,2001,137,Travis Minor,RB,34,MIA,22,16,0,0,0,107.4,0,0,0,0,0,59,281,4.76,2,37,29,263,9.07,1,0,,4,,,-77.8,149,MinoTr00
P0276,2001,138,Trung Canidate,RB,35,STL,24,16,2,0,0,106.5,0,0,0,0,0,78,441,5.65,6,23,17,154,9.06,0,3,3,6,,,-78.7,151,CaniTr00
P0277,2001,139,Terry Allen,RB,36,BAL,33,11,8,0,0,105.6,0,0,0,0,0,168,658,3.92,3,20,17,68,4,0,1,1,3,,,-79.6,152,AlleTe00
P0090,2001,140,Shawn Jefferson,WR,57,ATL,32,16,6,0,0,104.9,0,0,0,0,0,0,0,,0,65,37,539,14.57,2,0,,2,1,,-87.6,162,JeffSh00
P0026,2001,141,Mike Anderson,RB,37,DEN,28,16,7,0,0,104.4,0,0,0,0,0,175,678,3.87,4,12,8,46,5.75,0,1,1,4,1,,-80.8,155,AndeMi00
P0278,2001,142,Matt Hasselbeck,QB,30,SEA,26,13,12,0,0,103.0,176,321,2023,7,8,40,141,3.53,0,0,0,0,,0,6,2,0,,,-118.7,195,HassMa00
P0147,2001,143,Thomas Jones,RB,38,ARI,23,16,2,0,0,102.1,0,0,0,0,0,112,380,3.39,5,24,21,151,7.19,0,2,1,5,,,-83.1,159,JoneTh00
P0097,2001,144,Az-Zahir Hakim,WR,58,STL,24,16,1,0,0,101.4,1,1,51,1,0,11,50,4.55,0,53,39,374,9.59,3,8,2,3,,,-91.1,163,HakiAz00
P0279,2001,145,Koren Robinson,WR,59,SEA,21,16,13,0,0,99.9,0,0,0,0,0,4,13,3.25,0,79,39,536,13.74,1,2,,1,,,-92.6,166,RobiKo00
P0280,2001,146,David Terrell,WR,60,CHI,22,16,6,0,0,99.5,0,0,0,0,0,0,0,,0,63,34,415,12.21,4,0,,4,,,-93.0,167,TerrDa00
P0249,2001,147,Anthony Becht,TE,13,NYJ,24,16,15,0,0,98.1,0,0,0,0,0,0,0,,0,53,36,321,8.92,5,0,,5,,,-21.1,83,BechAn00
P0247,2001,148,Chris Fuamatu-Ma'afala,RB,39,PIT,24,16,5,0,0,98.0,0,0,0,0,0,120,453,3.78,3,20,16,127,7.94,1,0,,4,,,-87.2,161,FuamCh00
P0074,2001,149,Freddie Jones,TE,14,SDG,27,14,9,0,0,97.8,0,0,0,0,0,0,0,,0,60,35,388,11.09,4,0,,4,,,-21.4,85,JoneFr00
P0281,2001,150,MarTay Jenkins,WR,61,ARI,26,13,3,0,0,96.2,0,0,0,0,0,3,4,1.33,0,54,32,518,16.19,3,5,3,3,,,-96.3,169,JenkMa00
P0282,2001,151,Corey Bradford,WR,62,GNB,26,16,6,0,0,95.6,0,0,0,0,0,0,0,,0,58,31,526,16.97,2,1,,2,,,-96.9,170,BradCo00
P0283,2001,152,Eric Johnson,TE,15,SFO,22,16,14,0,0,94.2,0,0,0,0,0,0,0,,0,65,40,362,9.05,3,1,1,3,1,,-25.0,86,JohnEr00
P0020,2001,153,Derrick Alexander,WR,63,KAN,30,13,11,0,0,93.6,0,0,0,0,0,2,16,8,0,68,27,470,17.41,3,0,,3,,,-98.9,171,AlexDe00
P0284,2001,154,Jason Brookins,RB,40,BAL,25,12,3,0,0,93.6,0,0,0,0,0,151,551,3.65,5,9,6,45,7.5,0,3,1,5,,,-91.6,164,BrooJa01
P0285,2001,155,Correll Buckhalter,RB,41,PHI,23,15,6,0,0,92.6,0,0,0,0,0,129,586,4.54,2,21,13,130,10,0,2,2,2,,,-92.6,165,BuckCo00
P0203,2001,156,Isaac Byrd,WR,64,CAR,27,15,5,0,0,92.0,0,0,0,0,0,1,-2,-2,0,71,37,492,13.3,1,0,,1,,,-100.5,173,ByrdIs00
P0114,2001,157,Eddie Kennison,WR,65,2TM,28,13,7,0,0,90.3,0,0,0,0,0,5,22,4.4,0,50,31,491,15.84,1,1,,1,1,,-102.2,174,KennEd00
P0286,2001,158,Brian Finneran,WR,66,ATL,25,16,1,0,0,90.1,0,0,0,0,0,0,0,,0,41,23,491,21.35,3,0,,3,,,-102.4,175,FinnBr00
P0287,2001,159,Snoop Minnis,WR,67,KAN,24,13,11,0,0,90.1,0,0,0,0,0,0,0,,0,67,33,511,15.48,1,0,,1,,,-102.4,176,MinnMa00
P0125,2001,160,Dwayne Carswell,TE,16,DEN,29,16,16,1,0,89.9,0,0,0,0,0,0,0,,0,56,34,299,8.79,4,0,,4,1,,-29.3,90,CarsDw00
P0248,2001,161,Terrell Davis,RB,42,DEN,29,8,8,0,0,89.0,0,0,0,0,0,167,701,4.2,0,21,12,69,5.75,0,2,,0,,,-96.2,168,DaviTe00
P0288,2001,162,Dez White,WR,68,CHI,22,14,6,0,0,87.8,0,0,0,0,0,0,0,,0,82,45,428,9.51,0,0,,0,,,-104.7,181,WhitDe00
P0168,2001,163,Dave Moore,TE,17,TAM,32,16,16,0,0,87.5,0,0,0,0,0,0,0,,0,52,35,285,8.14,4,0,,4,,,-31.7,93,MoorDa00
P0095,2001,164,Rob Johnson,QB,31,BUF,28,8,8,0,0,86.7,134,216,1465,5,7,36,241,6.69,1,0,0,0,,0,6,4,1,,,-135.0,223,JohnRo00
P0087,2001,165,Kyle Brady,TE,18,JAX,29,16,16,0,0,86.6,0,0,0,0,0,0,0,,0,63,36,386,10.72,2,0,,2,,,-32.6,94,BradKy00
P0289,2001,166,Quincy Morgan,WR,69,CLE,24,16,9,0,0,85.9,0,0,0,0,0,2,27,13.5,0,72,30,432,14.4,2,3,1,2,,,-106.6,184,MorgQu00
P0065,2001,167,Richie Anderson,FB,7,NYJ,30,16,15,0,0,85.4,0,0,0,0,0,26,102,3.92,0,58,40,252,6.3,2,1,1,2,,,-99.8,172,AndeRi00
P0071,2001,168,Kevin Faulk,RB,43,NWE,25,15,1,0,0,82.7,1,1,23,0,0,41,169,4.12,1,36,30,189,6.3,2,2,1,3,,,-102.5,177,FaulKe00
P0108,2001,169,Jacquez Green,WR,70,TAM,25,12,10,0,0,82.2,0,0,0,0,0,0,0,,0,59,36,402,11.17,1,0,,1,,,-110.3,188,GreeJa00
P0290,2001,170,Elvis Joseph,RB,44,JAX,23,14,3,0,0,81.7,0,0,0,0,0,68,294,4.32,0,24,18,183,10.17,2,2,1,3,,,-103.5,179,JoseEl00
P0291,2001,171,Roland Williams,TE,19,OAK,26,16,15,0,0,80.8,0,0,0,0,0,0,0,,0,53,33,298,9.03,3,0,,3,,,-38.4,101,WillRo01
P0292,2001,172,Amos Zereoue,RB,45,PIT,25,14,0,0,0,80.5,0,0,0,0,0,85,441,5.19,1,14,13,154,11.85,1,3,2,2,,,-104.7,180,ZereAm00
P0152,2001,173,Tim Dwight,WR,71,SDG,26,10,2,0,0,80.0,0,0,0,0,0,2,24,12,1,50,25,406,16.24,0,1,,2,,,-112.5,189,DwigTi00
P0056,2001,174,Tyrone Wheatley,RB,46,OAK,29,11,2,0,0,79.7,0,0,0,0,0,88,276,3.14,5,16,12,61,5.08,1,3,1,6,,,-105.5,182,WheaTy00
P0293,2001,175,Troy Hambrick,RB,47,DAL,25,16,11,0,0,78.1,0,0,0,0,0,113,579,5.12,2,12,4,62,15.5,0,1,1,2,,,-107.1,185,HambTr00
P0294,2001,176,James Jackson,RB,48,CLE,25,11,10,0,0,78.0,0,0,0,0,0,195,554,2.84,2,10,7,56,8,0,1,1,2,,,-107.2,186,JackJa00
P0124,2001,177,Ken Dilger,TE,20,IND,30,16,16,1,0,75.9,1,1,39,1,0,0,0,,0,55,32,343,10.72,1,2,2,1,1,,-43.3,105,DilgKe00
P0117,2001,178,Bobby Shaw,WR,72,PIT,26,16,0,0,0,74.9,0,0,0,0,0,0,0,,0,44,24,409,17.04,2,1,1,2,,,-117.6,194,ShawBo00
P0295,2001,179,Alge Crumpler,TE,21,ATL,24,16,12,0,0,74.0,0,0,0,0,0,0,0,,0,41,25,330,13.2,3,1,1,3,,,-45.2,107,CrumAl00
P0186,2001,180,Greg Comella,FB,8,NYG,26,16,13,0,0,71.8,0,0,0,0,0,4,15,3.75,0,55,39,253,6.49,1,2,,1,,,-113.4,190,ComeGr00
P0127,2001,181,Terrence Wilkins,WR,73,IND,26,11,4,0,0,71.2,0,0,0,0,0,0,0,,0,57,34,332,9.76,0,1,1,1,,,-121.3,196,WilkTe00
P0296,2001,182,Moe Williams,RB,49,BAL,27,15,2,0,0,71.1,0,0,0,0,0,65,291,4.48,0,35,23,210,9.13,0,1,1,0,,,-114.1,191,WillMo00
P0297,2001,183,Brandon Stokley,WR,74,BAL,25,16,5,0,0,70.5,0,0,0,0,0,1,1,1,0,46,24,344,14.33,2,1,,2,,,-122.0,198,StokBr00
P0298,2001,184,Bobby Engram,WR,75,SEA,28,16,4,0,0,69.0,0,0,0,0,0,0,0,,0,51,29,400,13.79,0,0,,0,,,-123.5,200,EngrBo00
P0231,2001,185,Tai Streets,WR,76,SFO,24,16,3,0,0,68.5,0,0,0,0,0,0,0,,0,53,28,345,12.32,1,0,,1,,,-124.0,201,StreTa00
P0111,2001,186,Jerome Pathon,WR,77,IND,26,4,3,0,0,68.2,0,0,0,0,0,1,-8,-8,0,32,24,330,13.75,2,0,,2,,,-124.3,203,PathJe00
P0299,2001,187,Ki-Jana Carter,RB,50,WAS,28,14,0,0,0,68.1,0,0,0,0,0,63,308,4.89,3,21,13,83,6.38,0,1,1,3,,,-117.1,192,CartKi00
P0300,2001,188,Quincy Carter,QB,32,DAL,24,8,8,0,0,67.9,90,176,1072,5,7,45,150,3.33,1,0,0,0,,0,5,1,1,,,-153.8,245,CartQu00
P0301,2001,189,Marc Edwards,FB,9,NWE,27,16,13,0,0,67.7,0,0,0,0,0,51,141,2.76,1,39,25,166,6.64,2,3,3,3,,,-117.5,193,EdwaMa00
P0302,2001,190,Ron Dugans,WR,78,CIN,24,16,3,0,0,67.1,0,0,0,0,0,0,0,,0,45,28,251,8.96,2,0,,2,1,,-125.4,204,DugaRo00
P0303,2001,191,Chad Johnson,WR,79,CIN,23,12,3,0,0,66.9,0,0,0,0,0,0,0,,0,60,28,329,11.75,1,0,,1,,,-125.6,205,JohnCh01
P0304,2001,192,Jake Reed,WR,80,MIN,34,16,0,0,0,65.9,0,0,0,0,0,0,0,,0,53,27,309,11.44,1,0,,1,1,,-126.6,207,ReedJa00
P0305,2001,193,Drew Bennett,WR,81,TEN,23,14,1,0,0,64.9,0,0,0,0,0,0,0,,0,46,24,329,13.71,1,0,,1,1,,-127.6,209,BennDr00
P0151,2001,194,Trent Dilfer,QB,33,SEA,29,6,4,0,0,64.8,73,122,1014,7,4,11,17,1.55,0,1,1,-5,-5,0,3,,0,,1,-156.9,246,DilfTr00
P0145,2001,195,Germane Crowell,WR,82,DET,25,5,4,0,0,63.5,0,0,0,0,0,1,6,6,0,39,22,289,13.14,2,1,,2,,,-129.0,211,CrowGe00
P0306,2001,196,Karl Williams,WR,83,TAM,30,15,3,0,0,63.4,0,0,0,0,0,0,0,,0,41,24,314,13.08,1,3,2,2,,,-129.1,212,WillKa00
P0210,2001,197,Obafemi Ayanbadejo,FB,10,BAL,26,16,5,0,0,63.4,0,0,0,0,0,46,173,3.76,1,33,24,121,5.04,1,1,1,2,,,-121.8,197,AyanOb00
P0179,2001,198,Dorsey Levens,RB,51,GNB,31,15,1,0,0,62.4,0,0,0,0,0,44,165,3.75,0,35,24,159,6.63,1,0,,1,,,-122.8,199,LeveDo00
P0085,2001,199,Marcus Robinson,WR,84,CHI,26,5,4,0,0,61.9,0,0,0,0,0,0,0,,0,42,23,269,11.7,2,0,,2,,,-130.6,214,RobiMa00
P0307,2001,200,Todd Bouman,QB,34,MIN,29,5,3,0,0,61.9,51,89,795,8,4,9,61,6.78,0,0,0,0,,0,1,,0,,,-159.8,247,BoumTo00
P0308,2001,201,Reggie Wayne,WR,85,IND,23,13,9,0,0,61.5,0,0,0,0,0,0,0,,0,49,27,345,12.78,0,0,,0,,,-131.0,216,WaynRe00
P0112,2001,202,Shawn Bryson,RB,52,BUF,25,15,3,0,0,61.0,0,0,0,0,0,80,341,4.26,2,11,9,59,6.56,0,0,,2,,,-124.2,202,BrysSh00
P0309,2001,203,Troy Edwards,WR,86,PIT,24,16,0,0,0,60.1,0,0,0,0,0,5,28,5.6,1,35,19,283,14.89,0,1,1,2,,,-132.4,217,EdwaTr00
P0013,2001,204,Ricky Watters,RB,53,SEA,32,5,4,0,0,59.5,0,0,0,0,0,72,318,4.42,1,22,11,107,9.73,0,1,,1,,,-125.7,206,WattRi00
P0310,2001,205,Michael Vick,QB,35,ATL,21,8,2,0,0,58.3,50,113,785,2,3,31,289,9.32,1,0,0,0,,0,6,5,1,,,-163.4,248,VickMi00
P0311,2001,206,Boo Williams,TE,22,NOR,22,11,4,0,0,58.2,0,0,0,0,0,0,0,,0,42,20,202,10.1,3,0,,3,,,-61.0,125,WillBo00
P0159,2001,207,Brandon Bennett,RB,54,CIN,28,16,1,0,0,58.2,0,0,0,0,0,50,232,4.64,0,26,20,150,7.5,0,1,,0,,,-127.0,208,BennBr00
P0245,2001,208,Erron Kinney,TE,23,TEN,24,13,12,0,0,57.3,0,0,0,0,0,0,0,,0,42,25,263,10.52,1,0,,1,,,-61.9,126,KinnEr00
P0312,2001,209,Deuce McAllister,RB,55,NOR,23,16,4,0,0,57.2,1,2,12,1,0,16,91,5.69,1,20,15,166,11.07,1,1,,2,,,-128.0,210,McAlDe00
P0313,2001,210,Tywan Mitchell,WR,87,ARI,26,16,4,0,0,56.6,0,0,0,0,0,0,0,,0,39,25,196,7.84,2,0,,2,,,-135.9,226,MitcTy00
P0314,2001,211,JaJuan Dawson,WR,88,CLE,24,14,0,0,0,56.1,0,0,0,0,0,0,0,,0,34,22,281,12.77,1,0,,1,,,-136.4,227,DawsJa00
P0315,2001,212,Doug Chapman,RB,56,MIN,24,16,3,0,0,55.0,0,0,0,0,0,63,195,3.1,0,18,16,135,8.44,1,1,,1,,,-130.2,213,ChapDo00
P0316,2001,213,Freddie Mitchell,WR,89,PHI,23,15,1,0,0,54.9,0,1,0,0,0,2,-4,-2,0,43,21,283,13.48,1,0,,1,,,-137.6,228,MitcFr00
P0317,2001,214,Michael Wiley,RB,57,DAL,23,16,0,0,0,54.6,0,0,0,0,0,34,247,7.26,0,27,16,99,6.19,1,1,1,1,,,-130.6,215,WileMi00
P0154,2001,215,Kevin Lockett,WR,90,WAS,27,16,0,0,0,54.5,1,1,31,1,0,0,0,,0,41,22,293,13.32,0,1,1,0,,,-138.0,230,LockKe00
P0318,2001,216,LaMont Jordan,RB,58,NYJ,23,16,0,0,0,52.6,0,1,0,0,0,39,292,7.49,1,10,7,44,6.29,1,0,,2,,,-132.6,218,JordLa00
P0319,2001,217,Jim Kleinsasser,TE,24,MIN,24,11,11,0,0,51.6,0,0,0,0,0,23,72,3.13,1,28,24,184,7.67,0,2,2,1,,,-67.6,131,KleiJi00
P0178,2001,218,Zack Crockett,FB,11,OAK,29,16,0,0,0,51.5,0,0,0,0,0,57,145,2.54,6,3,2,10,5,0,1,1,6,,,-133.7,219,CrocZa00
P0219,2001,219,Jermaine Wiggins,TE,25,NWE,26,16,6,0,0,51.3,0,0,0,0,0,0,0,,0,21,14,133,9.5,4,0,,4,,,-67.9,133,WiggJe00
P0320,2001,220,Mike McMahon,QB,36,DET,22,8,3,0,0,51.3,53,115,671,3,1,27,145,5.37,1,0,0,0,,0,5,4,1,1,,-170.4,249,McMaMi00
P0201,2001,221,Cecil Martin,FB,12,PHI,26,16,15,0,0,51.1,0,0,0,0,0,9,27,3,0,34,24,124,5.17,2,0,,2,,,-134.1,220,MartCe00
P0096,2001,222,Tim Biakabutuka,RB,59,CAR,27,5,4,0,0,51.1,0,0,0,0,0,53,230,4.34,1,17,12,121,10.08,0,3,1,1,,,-134.1,221,BiakTi00
P0321,2001,223,Larry Foster,WR,91,DET,25,13,5,0,0,50.9,0,0,0,0,0,2,6,3,0,47,22,283,12.86,0,1,,0,,,-141.6,232,FostLa00
P0322,2001,224,Terry Jackson,FB,13,SFO,25,16,1,0,0,50.9,0,0,0,0,0,22,138,6.27,1,14,12,91,7.58,2,1,1,3,,,-134.3,222,JackTe00
P0104,2001,225,Terrell Fletcher,RB,60,SDG,28,13,0,0,0,50.1,0,0,0,0,0,29,107,3.69,0,29,23,184,8,0,1,1,0,,,-135.1,224,FletTe00
P0323,2001,226,Chris Thomas,WR,92,KAN,30,10,5,0,0,49.7,0,0,0,0,0,0,0,,0,38,19,247,13,1,0,,1,,,-142.8,234,ThomCh00
P0200,2001,227,Brad Hoover,FB,14,CAR,25,16,7,0,0,49.6,0,0,0,0,0,17,71,4.18,0,47,26,185,7.12,0,1,1,0,,,-135.6,225,HoovBr00
P0324,2001,228,Zeron Flemister,TE,26,WAS,25,16,1,0,0,49.6,0,0,0,0,0,0,0,,0,29,18,196,10.89,2,0,,2,,,-69.6,136,FlemZe00
P0325,2001,229,Jed Weaver,TE,27,MIA,25,16,7,0,0,49.5,0,0,0,0,0,0,0,,0,25,18,215,11.94,2,1,1,2,,,-69.7,137,WeavJe00
P0326,2001,230,Mikhael Ricks,TE,28,KAN,27,16,0,0,0,49.2,0,0,0,0,0,0,0,,0,30,18,252,14,1,0,,1,,,-70.0,138,RickMi00
P0327,2001,231,Cam Cleeland,TE,29,NOR,26,9,7,0,0,48.8,0,0,0,0,0,0,0,,0,22,13,138,10.62,4,1,1,4,,,-70.4,139,CleeCa00
P0328,2001,232,Fred Baxter,TE,30,CHI,30,14,14,0,0,48.8,0,0,0,0,0,0,0,,0,44,22,148,6.73,2,0,,2,,,-70.4,140,BaxtFr00
P0329,2001,233,Robert Wilson,WR,93,NOR,27,15,1,0,0,48.7,0,0,0,0,0,0,0,,0,38,21,277,13.19,0,0,,0,,,-143.8,235,WilsRo01
P0250,2001,234,Brian Kozlowski,TE,31,ATL,31,16,0,0,0,48.0,0,0,0,0,0,0,0,,0,22,15,270,18,1,0,,1,,,-71.2,141,KozlBr00
P0330,2001,235,Larry Parker,WR,94,KAN,25,12,4,0,0,47.5,0,0,0,0,0,3,6,2,0,39,15,199,13.27,2,0,,2,,,-145.0,237,ParkLa00
P0331,2001,236,Skip Hicks,RB,61,TEN,27,9,0,0,0,47.3,0,0,0,0,0,56,341,6.09,1,6,5,22,4.4,0,0,,1,,,-137.9,229,HickSk00
P0240,2001,237,Jon Ritchie,FB,15,OAK,27,15,10,0,0,46.4,0,0,0,0,0,0,0,,0,27,19,154,8.11,2,0,,2,,,-138.8,231,RitcJo00
P0194,2001,238,Christian Fauria,TE,32,SEA,30,16,11,0,0,45.8,0,0,0,0,0,0,0,,0,40,21,188,8.95,1,2,1,1,1,,-73.4,144,FaurCh00
P0332,2001,239,Bert Emanuel,WR,95,2TM,31,8,5,0,0,45.6,0,0,0,0,0,0,0,,0,45,21,246,11.71,0,0,,0,,,-146.9,238,EmanBe00
P0198,2001,240,Donald Driver,WR,96,GNB,26,13,2,0,0,45.5,0,0,0,0,0,3,38,12.67,1,19,13,167,12.85,1,0,,2,,,-147.0,239,DrivDo00
P0333,2001,241,O.J. Santiago,TE,33,CLE,27,14,12,0,0,44.3,0,0,0,0,0,0,0,,0,27,17,153,9,2,0,,2,,,-74.9,146,SantO.00
P0093,2001,242,Dedric Ward,WR,97,MIA,27,13,1,0,0,44.0,0,0,0,0,0,2,21,10.5,0,40,21,209,9.95,0,1,,0,,,-148.5,240,WardDe00
P0237,2001,243,Danny Farmer,WR,98,CIN,24,12,1,0,0,43.8,0,0,0,0,0,0,0,,0,23,15,228,15.2,1,1,,1,,,-148.7,241,FarmDa00
P0110,2001,244,Albert Connell,WR,99,NOR,27,11,1,0,0,43.7,0,0,0,0,0,1,6,6,0,28,12,191,15.92,2,0,,2,,,-148.8,242,ConnAl00
P0078,2001,245,Sean Dawkins,WR,100,JAX,30,16,3,0,0,43.4,0,0,0,0,0,0,0,,0,49,20,234,11.7,0,1,,0,,,-149.1,243,DawkSe00
P0048,2001,246,Jamal Anderson,RB,62,ATL,29,3,3,0,0,43.1,0,0,0,0,0,55,190,3.45,1,4,3,111,37,1,1,1,2,,,-142.1,233,AndeJa00
P0189,2001,247,Randall Cunningham,QB,37,BAL,38,6,2,0,0,42.9,54,89,573,3,2,14,40,2.86,1,0,0,0,,0,4,,1,,1,-178.8,250,CunnRa00
P0334,2001,248,Patrick Hape,TE,34,DEN,27,15,8,0,0,42.6,0,0,0,0,0,2,0,0,0,19,15,96,6.4,3,0,,3,,,-76.6,148,HapePa00
P0335,2001,249,Jerry Porter,WR,101,OAK,23,15,1,0,0,42.3,0,0,0,0,0,2,13,6.5,0,37,19,220,11.58,0,0,,0,,,-150.2,244,PortJe00
P0193,2001,250,William Henderson,FB,16,GNB,30,16,8,0,0,41.4,0,0,0,0,0,6,11,1.83,0,28,21,193,9.19,0,0,,0,,,-143.8,236,HendWi00
P0121,2002,1,Priest Holmes,RB,1,KAN,29,14,14,1,1,440.7,0,1,0,0,0,313,1615,5.16,21,81,70,672,9.6,3,1,1,24,,,239.2,1,HolmPr00
P0251,2002,2,LaDainian Tomlinson,RB,2,SDG,23,16,16,1,0,384.2,0,0,0,0,0,372,1683,4.52,14,101,79,489,6.19,1,3,1,15,,,182.7,3,TomlLa00
P0006,2002,3,Marvin Harrison,WR,1,IND,30,16,16,1,1,384.2,0,0,0,0,0,2,10,5,0,205,143,1722,12.04,11,0,,11,1,,195.3,2,HarrMa00
P0039,2002,4,Ricky Williams,RB,3,MIA,25,16,16,1,1,362.6,0,0,0,0,0,383,1853,4.84,16,59,47,363,7.72,1,7,4,17,,,161.1,4,WillRi00
P0012,2002,5,Charlie Garner,RB,4,OAK,30,16,15,0,0,347.3,0,0,0,0,0,182,962,5.29,7,111,91,941,10.34,4,0,,11,,,145.8,6,GarnCh00
P0103,2002,6,Hines Ward,WR,2,PIT,26,16,16,1,0,337.1,0,0,0,0,0,12,142,11.83,0,162,112,1329,11.87,12,1,1,12,3,1,148.2,5,WardHi00
P0220,2002,7,Shaun Alexander,RB,5,SEA,25,16,16,0,0,328.5,0,0,0,0,0,295,1175,3.98,16,78,59,460,7.8,2,3,1,18,,,127.0,8,AlexSh00
P0008,2002,8,Terrell Owens,WR,3,SFO,29,14,14,1,1,321.9,0,0,0,0,0,7,79,11.29,1,159,100,1300,13,13,0,,14,,,133.0,7,OwenTe00
P0016,2002,9,Tiki Barber,RB,6,NYG,27,16,15,0,0,321.4,0,0,0,0,0,304,1387,4.56,11,95,69,597,8.65,0,9,6,11,,,119.9,9,BarbTi00
P0336,2002,10,Clinton Portis,RB,7,DEN,21,16,12,0,0,316.2,0,0,0,0,0,273,1508,5.52,15,48,33,364,11.03,2,5,3,17,,,114.7,10,PortCl00
P0312,2002,11,Deuce McAllister,RB,8,NOR,24,15,15,1,0,311.0,0,0,0,0,0,325,1388,4.27,13,74,47,352,7.49,3,4,3,16,,,109.5,11,McAlDe00
P0014,2002,12,Rich Gannon,QB,1,OAK,37,16,16,1,1,303.2,418,618,4689,26,10,50,156,3.12,3,0,0,0,,0,9,3,3,,2,57.6,29,GannRi00
P0010,2002,13,Randy Moss,WR,4,MIN,25,16,16,1,0,290.3,1,3,13,1,0,6,51,8.5,0,185,106,1347,12.71,7,1,1,7,,,101.4,12,MossRa00
P0030,2002,14,Eric Moulds,WR,5,BUF,29,16,15,1,0,289.9,0,0,0,0,0,1,7,7,0,180,100,1292,12.92,10,1,,10,,,101.0,13,MoulEr00
P0004,2002,15,Daunte Culpepper,QB,2,MIN,25,16,16,0,0,285.0,333,549,3853,18,23,106,609,5.75,10,0,0,0,,0,23,9,10,1,,39.4,36,CulpDa00
P0268,2002,16,Travis Henry,RB,9,BUF,24,16,16,1,0,283.7,0,0,0,0,0,325,1438,4.42,13,59,43,309,7.19,1,11,9,14,,,82.2,15,HenrTr00
P0001,2002,17,Marshall Faulk,RB,10,STL,29,14,10,1,0,283.0,0,0,0,0,0,212,953,4.5,8,102,80,537,6.71,2,4,3,10,,,81.5,16,FaulMa00
P0310,2002,18,Michael Vick,QB,3,ATL,22,15,15,1,0,282.7,231,421,2936,16,8,113,777,6.88,8,1,0,16,,0,9,5,8,,,37.1,41,VickMi00
P0102,2002,19,Peerless Price,WR,6,BUF,26,16,16,0,0,269.9,0,0,0,0,0,3,-13,-4.33,0,148,94,1252,13.32,9,2,1,9,,,81.0,17,PricPe00
P0009,2002,20,Ahman Green,RB,11,GNB,25,14,14,1,0,268.3,0,0,0,0,0,286,1240,4.34,7,74,57,393,6.89,2,4,3,9,,,66.8,22,GreeAh00
P0022,2002,21,Fred Taylor,RB,12,JAX,26,16,16,0,0,267.2,0,0,0,0,0,287,1314,4.58,8,57,49,408,8.33,0,3,2,8,1,,65.7,24,TaylFr00
P0015,2002,22,Peyton Manning,QB,4,IND,26,16,16,1,0,264.8,392,591,4200,27,19,38,148,3.89,2,0,0,0,,0,6,2,2,,2,19.2,52,MannPe00
P0037,2002,23,Amani Toomer,WR,7,NYG,28,16,16,0,0,264.5,0,0,0,0,0,1,2,2,0,134,82,1343,16.38,8,0,,8,,,75.6,18,ToomAm00
P0024,2002,24,Joe Horn,WR,8,NOR,30,16,16,1,0,263.4,0,0,0,0,0,1,2,2,0,150,88,1312,14.91,7,1,,7,1,,74.5,19,HornJo00
P0005,2002,25,Eddie George,RB,13,TEN,29,16,16,0,0,260.0,0,0,0,0,0,343,1165,3.4,12,46,36,255,7.08,2,1,1,14,,,58.5,28,GeorEd00
P0162,2002,26,Duce Staley,RB,14,PHI,27,16,16,0,0,258.0,0,0,0,0,0,269,1029,3.83,5,69,51,541,10.61,3,3,,8,1,,56.5,30,StalDu00
P0135,2002,27,Marty Booker,WR,9,CHI,26,16,16,1,0,257.7,1,5,44,1,0,0,0,,0,167,97,1189,12.26,6,0,,6,,,68.8,21,BookMa00
P0129,2002,28,Aaron Brooks,QB,5,NOR,26,16,16,0,0,256.2,283,528,3572,27,15,62,253,4.08,2,0,0,0,,0,11,5,2,2,2,10.6,56,BrooAa00
P0100,2002,29,Trent Green,QB,6,KAN,32,16,16,0,0,256.1,287,470,3690,26,13,31,225,7.26,1,0,0,0,,0,1,,1,1,,10.5,57,GreeTr00
P0070,2002,30,Steve McNair,QB,7,TEN,29,16,16,0,0,255.5,301,492,3387,22,15,82,440,5.37,3,0,0,0,,0,9,2,3,2,,9.9,58,McNaSt00
P0003,2002,31,Jeff Garcia,QB,8,SFO,32,16,16,1,0,255.1,328,528,3344,21,10,73,353,4.84,3,0,0,0,,0,2,2,3,1,3,9.5,60,GarcJe00
P0058,2002,32,Jerry Rice,WR,10,OAK,40,16,16,1,0,255.1,0,0,0,0,0,3,20,6.67,0,150,92,1211,13.16,7,1,1,7,,,66.2,23,RiceJe00
P0224,2002,33,Plaxico Burress,WR,11,PIT,25,16,15,0,0,252.5,0,0,0,0,0,0,0,,0,144,78,1325,16.99,7,2,1,7,1,,63.6,25,BurrPl00
P0043,2002,34,Jamal Lewis,RB,15,BAL,23,16,15,0,0,251.9,0,0,0,0,0,308,1327,4.31,6,60,47,442,9.4,1,8,7,7,,,50.4,32,LewiJa00
P0183,2002,35,Laveranues Coles,WR,12,NYJ,25,16,16,0,0,251.3,0,0,0,0,0,6,39,6.5,0,134,89,1264,14.2,5,1,,5,1,,62.4,26,ColeLa00
P0057,2002,36,Drew Bledsoe,QB,9,BUF,30,16,16,1,0,251.1,375,610,4359,24,15,27,67,2.48,2,0,0,0,,0,11,4,2,,,5.5,62,BledDr00
P0260,2002,37,Tom Brady,QB,10,NWE,25,16,16,0,0,245.6,373,601,3764,28,14,42,110,2.62,1,0,0,0,,0,11,5,1,,2,0.0,70,BradTo00
P0023,2002,38,Torry Holt,WR,13,STL,26,16,11,0,0,245.0,0,0,0,0,0,2,18,9,0,160,91,1302,14.31,4,1,1,4,,,56.1,31,HoltTo00
P0047,2002,39,Corey Dillon,RB,16,CIN,28,16,16,0,0,241.9,0,0,0,0,0,314,1311,4.18,7,61,43,298,6.93,0,5,2,7,,,40.4,35,DillCo00
P0011,2002,40,Curtis Martin,RB,17,NYJ,29,16,16,0,0,238.6,0,0,0,0,0,261,1094,4.19,7,56,49,362,7.39,0,0,,7,1,,37.1,40,MartCu00
P0279,2002,41,Koren Robinson,WR,14,SEA,22,16,16,0,0,237.6,0,0,0,0,0,8,56,7,0,141,78,1240,15.9,5,2,,5,,,48.7,33,RobiKo00
P0198,2002,42,Donald Driver,WR,15,GNB,27,16,16,1,0,235.4,0,0,0,0,0,8,70,8.75,0,113,70,1064,15.2,9,1,1,9,,,46.5,34,DrivDo00
P0267,2002,43,Michael Bennett,RB,18,MIN,24,16,16,1,0,231.7,0,0,0,0,0,255,1296,5.08,5,41,37,351,9.49,1,4,3,6,,,30.2,45,BennMi00
P0035,2002,44,Warrick Dunn,RB,19,ATL,27,15,14,0,0,228.4,0,0,0,0,0,230,927,4.03,7,65,50,377,7.54,2,4,3,9,,,26.9,47,DunnWa00
P0252,2002,45,Garrison Hearst,RB,20,SFO,31,16,16,0,0,226.9,0,0,0,0,0,215,972,4.52,8,69,48,317,6.6,1,4,3,9,1,,25.4,49,HearGa00
P0029,2002,46,Jimmy Smith,WR,16,JAX,33,16,16,0,0,226.9,0,0,0,0,0,1,2,2,0,138,80,1027,12.84,7,0,,7,1,,38.0,37,SmitJi00
P0019,2002,47,Isaac Bruce,WR,17,STL,30,16,16,0,0,226.3,0,0,0,0,0,3,18,6,0,131,79,1075,13.61,7,2,2,7,,,37.4,38,BrucIs00
P0018,2002,48,Donovan McNabb,QB,11,PHI,26,10,10,1,0,223.6,211,361,2289,17,6,63,460,7.3,6,1,0,0,,0,6,5,6,,2,-22.0,90,McNaDo00
P0053,2002,49,Brett Favre,QB,12,GNB,33,16,16,1,0,221.6,341,551,3658,27,16,25,73,2.92,0,0,0,0,,0,10,4,0,,,-24.0,92,FavrBr00
P0007,2002,50,Rod Smith,WR,18,DEN,32,16,16,0,0,220.6,0,1,0,0,0,6,9,1.5,0,147,89,1027,11.54,5,1,1,5,,,31.7,43,SmitRo01
P0264,2002,51,Rod Gardner,WR,19,WAS,25,16,15,0,0,219.7,0,1,0,0,0,1,1,1,0,141,71,1006,14.17,8,1,,8,,,30.8,44,GardRo00
P0054,2002,52,Keyshawn Johnson,WR,20,TAM,30,16,16,0,0,218.8,0,0,0,0,0,0,0,,0,142,76,1088,14.32,5,0,,5,2,,29.9,46,JohnKe00
P0337,2002,53,Chad Pennington,QB,13,NYJ,26,15,12,0,0,217.7,275,399,3120,22,6,29,49,1.69,2,0,0,0,,0,2,1,2,,1,-27.9,100,PennCh01
P0036,2002,54,James Stewart,RB,21,DET,31,14,9,0,0,217.4,0,1,0,0,0,231,1021,4.42,4,70,46,333,7.24,2,0,,6,,,15.9,55,StewJa00
P0303,2002,55,Chad Johnson,WR,21,CIN,24,16,14,0,0,215.6,0,0,0,0,0,0,0,,0,137,69,1166,16.9,5,0,,5,,,26.7,48,JohnCh01
P0002,2002,56,Edgerrin James,RB,22,IND,24,14,14,0,0,211.3,0,0,0,0,0,277,989,3.57,2,80,61,354,5.8,1,4,2,3,1,,9.8,59,JameEd00
P0046,2002,57,Kerry Collins,QB,14,NYG,30,16,16,0,0,210.6,335,545,4073,19,14,44,-3,-0.07,0,0,0,0,,0,8,1,0,,1,-35.0,107,CollKe00
P0338,2002,58,Marcel Shipp,RB,23,ARI,24,15,6,0,0,208.7,0,0,0,0,0,188,834,4.44,6,50,38,413,10.87,3,4,4,9,,,7.2,61,ShipMa00
P0062,2002,59,Derrick Mason,WR,22,TEN,28,14,14,0,0,208.2,0,0,0,0,0,0,0,,0,125,79,1012,12.81,5,2,1,5,,,19.3,51,MasoDe00
P0050,2002,60,Troy Brown,WR,23,NWE,31,14,13,0,0,205.4,0,0,0,0,0,3,14,4.67,0,141,97,890,9.18,3,4,1,3,1,,16.5,54,BrowTr00
P0192,2002,61,Antowain Smith,RB,24,NWE,30,16,15,0,0,201.5,0,0,0,0,0,252,982,3.9,6,42,31,243,7.84,2,2,1,8,1,,0.0,67,SmitAn00
P0123,2002,62,Brad Johnson,QB,15,TAM,34,13,13,1,0,201.0,281,451,3049,22,6,13,30,2.31,0,0,0,0,,0,8,2,0,,2,-44.6,121,JohnBr00
P0176,2002,63,Travis Taylor,WR,24,BAL,24,16,15,0,0,194.4,0,0,0,0,0,11,105,9.55,0,118,61,869,14.25,6,0,,6,,,5.5,63,TaylTr01
P0339,2002,64,Todd Heap,TE,1,BAL,22,16,16,1,0,193.4,0,1,0,0,0,4,38,9.5,0,122,68,836,12.29,6,0,,6,1,,83.1,14,HeapTo00
P0289,2002,65,Quincy Morgan,WR,25,CLE,25,16,16,0,0,193.1,0,0,0,0,0,3,7,2.33,0,97,56,964,17.21,7,2,2,7,1,,4.2,64,MorgQu00
P0265,2002,66,Joey Galloway,WR,26,DAL,31,16,16,0,0,188.9,0,0,0,0,0,4,31,7.75,0,120,61,908,14.89,6,2,1,6,,,0.0,68,GallJo00
P0340,2002,67,Drew Brees,QB,16,SDG,23,16,16,0,0,188.4,320,526,3284,17,16,38,130,3.42,1,0,0,0,,0,2,,1,,1,-57.2,136,BreeDr00
P0042,2002,68,Mark Brunell,QB,17,JAX,32,15,15,0,0,188.2,245,416,2788,17,7,43,207,4.81,0,0,0,0,,0,5,1,0,,2,-57.4,137,BrunMa00
P0032,2002,69,Tim Brown,WR,27,OAK,36,16,16,0,0,187.9,0,0,0,0,0,6,19,3.17,0,127,81,930,11.48,2,3,,2,,,-1.0,71,BrowTi00
P0086,2002,70,Curtis Conway,WR,28,SDG,31,13,13,0,0,185.5,0,0,0,0,0,7,53,7.57,2,94,57,852,14.95,5,2,2,7,,,-3.4,72,ConwCu00
P0278,2002,71,Matt Hasselbeck,QB,18,SEA,27,16,10,0,0,183.2,267,419,3075,15,10,40,202,5.05,1,0,0,0,,0,5,4,1,1,,-62.4,143,HassMa00
P0040,2002,72,Michael Pittman,RB,25,TAM,27,16,15,0,0,182.5,0,0,0,0,0,204,718,3.52,1,86,59,477,8.08,0,3,1,1,,,-19.0,87,PittMi00
P0105,2002,73,Jake Plummer,QB,19,ARI,28,16,16,0,0,182.4,284,530,2972,18,20,46,283,6.15,2,1,1,2,2,0,13,6,2,,1,-63.2,144,PlumJa00
P0027,2002,74,Tony Gonzalez,TE,2,KAN,26,16,16,1,0,182.3,0,0,0,0,0,0,0,,0,99,63,773,12.27,7,0,,7,,,72.0,20,GonzTo00
P0270,2002,75,Todd Pinkston,WR,29,PHI,25,15,15,0,0,180.3,0,0,0,0,0,1,-15,-15,0,114,60,798,13.3,7,2,,7,,,-8.6,75,PinkTo00
P0335,2002,76,Jerry Porter,WR,30,OAK,24,16,14,0,0,178.4,0,0,0,0,0,4,6,1.5,0,71,51,688,13.49,9,0,,9,2,,-10.5,77,PortJe00
P0231,2002,77,Tai Streets,WR,31,SFO,25,16,14,0,0,177.6,0,0,0,0,0,0,0,,0,109,72,756,10.5,5,1,,5,,,-11.3,78,StreTa00
P0099,2002,78,Jon Kitna,QB,20,CIN,30,14,12,0,0,176.8,294,473,3178,16,16,24,57,2.38,4,0,0,0,,0,10,6,4,,,-68.8,147,KitnJo00
P0064,2002,79,Brian Griese,QB,21,DEN,27,13,13,0,0,175.3,291,436,3214,15,15,37,107,2.89,1,0,0,0,,0,2,,1,,,-70.3,150,GrieBr00
P0109,2002,80,James Thrash,WR,32,PHI,27,16,16,0,0,174.1,0,0,0,0,0,18,126,7,2,108,52,635,12.21,6,1,1,8,,,-14.8,81,ThraJa00
P0144,2002,81,David Patten,WR,33,NWE,28,16,14,0,0,174.0,0,1,0,0,0,2,6,3,0,120,61,824,13.51,5,0,,5,,,-14.9,82,PattDa00
P0286,2002,82,Brian Finneran,WR,34,ATL,26,16,16,0,0,173.8,0,0,0,0,0,0,0,,0,101,56,838,14.96,6,2,1,6,,,-15.1,83,FinnBr00
P0259,2002,83,Jamel White,RB,26,CLE,25,14,6,0,0,173.2,0,0,0,0,0,106,470,4.43,3,86,63,452,7.17,0,0,,3,,,-28.3,101,WhitJa00
P0292,2002,84,Amos Zereoue,RB,27,PIT,26,16,5,0,0,172.3,0,0,0,0,0,193,762,3.95,4,53,42,341,8.12,0,2,2,4,,,-29.2,102,ZereAm00
P0017,2002,85,Ed McCaffrey,WR,35,DEN,34,16,16,0,0,171.5,0,0,0,0,0,2,22,11,0,105,69,903,13.09,2,1,1,2,,,-17.4,84,McCaEd00
P0341,2002,86,Jeremy Shockey,TE,3,NYG,22,15,14,1,1,171.4,0,0,0,0,0,0,0,,0,127,74,894,12.08,2,3,2,2,,,61.1,27,ShocJe00
P0049,2002,87,Wayne Chrebet,WR,36,NYJ,29,15,15,0,0,170.1,0,1,0,0,0,0,0,,0,80,51,691,13.55,9,2,2,9,,,-18.8,85,ChreWa00
P0088,2002,88,Darrell Jackson,WR,37,SEA,24,13,13,0,0,170.0,0,0,0,0,0,3,3,1,0,112,62,877,14.15,4,3,2,4,,,-18.9,86,JackDa00
P0342,2002,89,Steve Smith Sr.,WR,38,CAR,23,15,13,0,0,168.8,0,0,0,0,0,1,-4,-4,0,97,54,872,16.15,3,5,1,5,,,-20.1,88,SmitSt01
P0031,2002,90,Muhsin Muhammad,WR,39,CAR,29,14,14,0,0,167.3,0,0,0,0,0,3,40,13.33,0,108,63,823,13.06,3,0,,3,,,-21.6,89,MuhaMu00
P0122,2002,91,Kevin Johnson,WR,40,CLE,26,16,15,0,0,166.6,1,2,33,1,0,0,0,,0,120,67,703,10.49,4,0,,4,,,-22.3,91,JohnKe01
P0343,2002,92,Tommy Maddox,QB,22,PIT,31,15,11,0,0,165.7,234,377,2836,20,16,19,43,2.26,0,2,0,0,,0,8,3,0,,3,-79.9,157,MaddTo00
P0038,2002,93,Keenan McCardell,WR,41,TAM,32,14,14,0,0,162.3,0,0,0,0,0,1,3,3,0,101,61,670,10.98,6,1,1,6,,,-26.6,98,McCaKe00
P0114,2002,94,Eddie Kennison,WR,42,KAN,29,16,14,0,0,161.4,0,0,0,0,0,7,58,8.29,0,92,53,906,17.09,2,0,,2,,,-27.5,99,KennEd00
P0296,2002,95,Moe Williams,RB,28,MIN,28,16,0,0,0,159.5,0,0,0,0,0,84,414,4.93,11,41,27,251,9.3,0,1,,11,,,-42.0,116,WillMo00
P0034,2002,96,Stephen Davis,FB,1,WAS,28,12,12,0,0,159.2,0,0,0,0,0,207,820,3.96,7,33,23,142,6.17,1,4,4,8,,,-42.3,118,DaviSt00
P0344,2002,97,Derrius Thompson,WR,43,WAS,25,16,14,0,0,158.0,0,0,0,0,0,10,77,7.7,0,93,53,773,14.58,4,2,2,4,,,-30.9,103,ThomDe00
P0158,2002,98,Dennis Northcutt,WR,44,CLE,25,13,0,0,0,156.5,0,0,0,0,0,8,104,13,1,49,38,601,15.82,5,2,1,8,1,,-32.4,106,NortDe00
P0171,2002,99,Tim Couch,QB,23,CLE,25,14,14,0,0,155.4,273,443,2842,18,18,23,77,3.35,0,0,0,0,,0,6,2,0,,1,-90.2,167,CoucTi00
P0345,2002,100,Antonio Bryant,WR,45,DAL,21,16,15,0,0,153.3,0,0,0,0,0,6,40,6.67,0,94,44,733,16.66,6,3,2,6,,,-35.6,108,BryaAn00
P0148,2002,101,Mike Alstott,FB,2,TAM,29,16,9,1,0,152.0,0,0,0,0,0,146,548,3.75,5,48,35,242,6.91,2,4,2,7,,,-49.5,128,AlstMi00
P0257,2002,102,Chris Chambers,WR,46,MIA,24,15,15,0,0,151.2,0,0,0,0,0,6,78,13,0,101,52,734,14.12,3,1,,3,,,-37.7,110,ChamCh00
P0067,2002,103,Emmitt Smith,RB,29,DAL,33,16,16,0,0,150.4,0,0,0,0,0,254,975,3.84,5,24,16,89,5.56,0,3,1,5,,,-51.1,130,SmitEm00
P0079,2002,104,Peter Warrick,WR,47,CIN,25,15,10,0,0,149.8,0,0,0,0,0,8,22,2.75,0,81,53,606,11.43,6,2,1,6,,,-39.1,111,WarrPe00
P0282,2002,105,Corey Bradford,WR,48,HOU,27,16,16,0,0,149.6,0,0,0,0,0,2,-11,-5.5,0,106,45,697,15.49,6,0,,6,,,-39.3,112,BradCo00
P0346,2002,106,Donte' Stallworth,WR,49,NOR,22,13,7,0,0,149.6,0,0,0,0,0,2,2,1,0,69,42,594,14.14,8,0,,8,,,-39.3,113,StalDo00
P0033,2002,107,Lamar Smith,RB,30,CAR,32,11,11,0,0,148.4,0,0,0,0,0,209,737,3.53,7,26,20,167,8.35,0,2,2,7,,,-53.1,133,SmitLa00
P0347,2002,108,William Green,RB,31,CLE,23,16,10,0,0,148.0,0,0,0,0,0,243,887,3.65,6,27,16,113,7.06,0,4,2,6,,,-53.5,134,GreeWi01
P0045,2002,109,Terry Glenn,WR,50,GNB,28,15,14,0,0,147.7,0,0,0,0,0,0,0,,0,106,56,817,14.59,2,1,1,2,,,-41.2,115,GlenTe00
P0072,2002,110,Shannon Sharpe,TE,4,DEN,34,13,13,0,0,147.6,0,0,0,0,0,0,0,,0,88,61,686,11.25,3,0,,3,,,37.3,39,SharSh00
P0348,2002,111,David Carr,QB,24,HOU,23,16,16,0,0,145.9,233,444,2592,9,15,59,282,4.78,3,0,0,0,,0,21,7,3,,2,-99.7,174,CarrDa00
P0167,2002,112,Bubba Franks,TE,5,GNB,24,16,15,1,0,145.4,1,1,31,1,0,0,0,,0,71,54,442,8.19,7,0,,7,,,35.1,42,FranBu00
P0092,2002,113,Jay Fiedler,QB,25,MIA,31,11,10,0,0,144.9,179,292,2024,14,9,28,99,3.54,3,0,0,0,,0,3,1,3,,,-100.7,177,FiedJa00
P0308,2002,114,Reggie Wayne,WR,51,IND,24,16,7,0,0,142.6,0,0,0,0,0,0,0,,0,72,49,716,14.61,4,2,1,4,,,-46.3,122,WaynRe00
P0254,2002,115,Anthony Thomas,RB,32,CHI,25,12,12,0,0,142.4,0,0,0,0,0,214,721,3.37,6,41,24,163,6.79,0,5,3,6,,,-59.1,139,ThomAn01
P0071,2002,116,Kevin Faulk,RB,33,NWE,26,15,0,0,0,142.0,0,1,0,0,0,52,271,5.21,2,53,37,379,10.24,3,1,1,7,,,-59.5,140,FaulKe00
P0152,2002,117,Tim Dwight,WR,52,SDG,27,16,14,0,0,141.1,0,0,0,0,0,12,108,9,1,93,50,623,12.46,2,1,,3,,,-47.8,123,DwigTi00
P0349,2002,118,D'Wayne Bates,WR,53,MIN,27,14,11,0,0,140.9,0,0,0,0,0,0,0,,0,80,50,689,13.78,4,2,1,4,,,-48.0,124,BateDW00
P0288,2002,119,Dez White,WR,54,CHI,23,16,14,0,0,139.7,0,0,0,0,0,3,11,3.67,0,94,51,656,12.86,4,1,1,4,,,-49.2,126,WhitDe00
P0060,2002,120,James Allen,RB,34,HOU,27,16,5,0,0,133.3,1,2,5,1,0,155,519,3.35,0,57,47,302,6.43,0,1,1,0,1,,-68.2,146,AlleJa00
P0055,2002,121,Jerome Bettis,RB,35,PIT,30,13,11,0,0,131.3,0,0,0,0,0,187,666,3.56,9,9,7,57,8.14,0,1,1,9,,,-70.2,149,BettJe00
P0350,2002,122,Billy Miller,TE,6,HOU,25,16,7,0,0,130.3,0,0,0,0,0,0,0,,0,80,51,613,12.02,3,0,,3,,,20.0,50,MillBi00
P0052,2002,123,Antonio Freeman,WR,55,PHI,30,16,1,0,0,130.0,0,0,0,0,0,0,0,,0,80,46,600,13.04,4,0,,4,,,-58.9,138,FreeAn00
P0351,2002,124,Antwaan Randle El,WR,56,PIT,23,16,0,0,0,129.1,7,8,45,0,0,19,134,7.05,0,65,47,489,10.4,2,4,2,3,,2,-59.8,141,RandAn00
P0063,2002,125,Bill Schroeder,WR,57,DET,31,14,13,0,0,127.5,0,0,0,0,0,0,0,,0,77,36,595,16.53,5,0,,5,1,,-61.4,142,SchrBi00
P0149,2002,126,Marcus Pollard,TE,7,IND,30,15,15,0,0,126.8,0,0,0,0,0,0,0,,0,69,43,478,11.12,6,1,1,6,1,,16.5,53,PollMa00
P0352,2002,127,Rodney Peete,QB,26,CAR,36,14,14,0,0,124.6,223,381,2630,15,14,22,14,0.64,0,0,0,0,,0,10,7,0,,,-121.0,197,PeetRo00
P0269,2002,128,Kevan Barlow,RB,36,SFO,23,14,0,0,0,123.1,0,0,0,0,0,145,675,4.66,4,21,14,136,9.71,1,2,1,5,,,-78.4,155,BarlKe00
P0106,2002,129,Jeff Blake,QB,27,BAL,32,11,10,0,0,122.0,165,295,2084,13,11,39,106,2.72,1,0,0,0,,0,8,5,1,,1,-123.6,201,BlakJe00
P0353,2002,130,Andre' Davis,WR,58,CLE,23,16,4,0,0,121.7,0,0,0,0,0,3,7,2.33,0,72,37,420,11.35,6,1,,7,,,-67.2,145,DaviAn01
P0354,2002,131,Marc Bulger,QB,28,STL,25,7,7,0,0,121.0,138,214,1826,14,6,12,-13,-1.08,1,1,1,3,3,0,2,1,1,,,-124.6,202,BulgMa00
P0355,2002,132,Kenny Watson,RB,37,WAS,24,16,4,0,0,120.7,0,0,0,0,0,116,534,4.6,1,43,32,253,7.91,1,0,1,2,,,-80.8,161,WatsKe00
P0111,2002,133,Jerome Pathon,WR,59,NOR,27,14,13,0,0,119.3,0,0,0,0,0,0,0,,0,80,43,523,12.16,4,0,,4,,,-69.6,148,PathJe00
P0255,2002,134,Stacey Mack,RB,38,JAX,27,16,0,0,0,116.5,0,0,0,0,0,98,436,4.45,9,13,11,79,7.18,0,0,,9,,,-85.0,163,MackSt00
P0298,2002,135,Bobby Engram,WR,60,SEA,29,15,6,0,0,115.9,0,0,0,0,0,0,0,,0,72,50,619,12.38,0,2,1,1,,,-73.0,151,EngrBo00
P0097,2002,136,Az-Zahir Hakim,WR,61,DET,25,10,10,0,0,115.4,0,0,0,0,0,4,3,0.75,0,82,37,541,14.62,3,0,,4,,,-73.5,152,HakiAz00
P0356,2002,137,Santana Moss,WR,62,NYJ,23,15,3,0,0,114.1,0,0,0,0,0,7,48,6.86,0,52,30,433,14.43,4,2,,6,,,-74.8,153,MossSa00
P0142,2002,138,Ricky Proehl,WR,63,STL,34,16,2,0,0,113.6,0,1,0,0,0,0,0,,0,71,43,466,10.84,4,0,,4,,,-75.3,154,ProeRi00
P0087,2002,139,Kyle Brady,TE,8,JAX,30,16,16,0,0,113.1,0,0,0,0,0,0,0,,0,67,43,461,10.72,4,0,,4,,,2.8,65,BradKy00
P0295,2002,140,Alge Crumpler,TE,9,ATL,25,16,9,0,0,111.5,0,0,0,0,0,0,0,,0,58,36,455,12.64,5,0,,5,,,1.2,66,CrumAl00
P0357,2002,141,Randy McMichael,TE,10,MIA,23,16,16,0,0,110.3,0,0,0,0,0,1,8,8,0,68,39,485,12.44,4,1,1,4,,,0.0,69,McMiRa01
P0358,2002,142,Marc Boerigter,WR,64,KAN,24,16,2,0,0,110.0,0,0,0,0,0,0,0,,0,38,20,420,21,8,0,,8,,,-78.9,156,BoerMa00
P0256,2002,143,Kevin Dyson,WR,65,TEN,27,11,11,0,0,108.6,0,0,0,0,0,2,-4,-2,0,69,41,460,11.22,4,1,1,4,,,-80.3,158,DysoKe00
P0117,2002,144,Bobby Shaw,WR,66,JAX,27,16,10,0,0,108.5,0,0,0,0,0,0,0,,0,74,44,525,11.93,1,1,,2,,,-80.4,159,ShawBo00
P0101,2002,145,Qadry Ismail,WR,67,IND,32,14,14,0,0,108.2,0,0,0,0,0,0,0,,0,84,44,462,10.5,3,0,,3,,,-80.7,160,IsmaQa00
P0272,2002,146,Jim Miller,QB,29,CHI,31,10,8,0,0,106.9,180,314,1944,13,9,13,11,0.85,0,0,0,0,,0,6,3,0,,,-138.7,225,MillJi00
P0359,2002,147,Joey Harrington,QB,30,DET,24,14,12,0,0,106.2,215,429,2294,12,16,7,4,0.57,0,0,0,0,,0,2,1,0,,,-139.4,226,HarrJo00
P0170,2002,148,Itula Mili,TE,11,SEA,29,16,12,0,0,105.8,0,0,0,0,0,0,0,,0,64,43,508,11.81,2,1,,2,,,-4.5,73,MiliIt00
P0360,2002,149,Deion Branch,WR,68,NWE,23,13,7,0,0,103.9,0,0,0,0,0,2,0,0,0,68,43,489,11.37,2,1,,2,,,-85.0,162,BranDe00
P0361,2002,150,Ashley Lelie,WR,69,DEN,22,16,1,0,0,103.5,0,0,0,0,0,4,40,10,0,53,35,525,15,2,0,,2,,,-85.4,164,LeliAs00
P0212,2002,151,Joe Jurevicius,WR,70,TAM,28,15,3,0,0,103.3,0,0,0,0,0,0,0,,0,52,37,423,11.43,4,1,,4,,,-85.6,165,JureJo00
P0132,2002,152,Stephen Alexander,TE,12,SDG,27,14,14,0,0,102.0,0,0,0,0,0,0,0,,0,76,45,510,11.33,1,1,,1,,,-8.3,74,AlexSt00
P0362,2002,153,Jabar Gaffney,WR,71,HOU,22,16,14,0,0,100.9,1,1,39,1,0,0,0,,0,81,41,483,11.78,1,1,1,1,1,,-88.0,166,GaffJa00
P0082,2002,154,Chad Lewis,TE,13,PHI,31,16,16,1,0,99.8,0,0,0,0,0,0,0,,0,67,42,398,9.48,3,2,2,3,2,,-10.5,76,LewiCh00
P0076,2002,155,Larry Centers,FB,3,BUF,34,16,7,0,0,99.4,0,0,0,0,0,11,56,5.09,2,63,43,388,9.02,0,0,,2,,,-102.1,179,CentLa00
P0363,2002,156,James Mungro,RB,39,IND,24,9,1,0,0,98.7,0,0,0,0,0,97,336,3.46,8,16,13,81,6.23,0,3,2,8,,,-102.8,180,MungJa00
P0364,2002,157,Josh Reed,WR,72,BUF,22,16,2,0,0,97.9,0,0,0,0,0,0,0,,0,59,37,509,13.76,2,1,1,2,,,-91.0,168,ReedJo01
P0274,2002,158,Ernie Conwell,TE,14,STL,30,16,11,0,0,96.9,0,0,0,0,0,6,30,5,1,48,34,419,12.32,2,0,,3,,,-13.4,79,ConwEr00
P0194,2002,159,Christian Fauria,TE,15,NWE,31,16,13,0,0,96.3,0,0,0,0,0,0,0,,0,40,27,253,9.37,7,0,,7,1,,-14.0,80,FaurCh00
P0089,2002,160,James McKnight,WR,73,MIA,30,15,9,0,0,95.6,0,0,0,0,0,7,58,8.29,0,46,29,528,18.21,2,2,2,2,,,-93.3,169,McKnJa00
P0026,2002,161,Mike Anderson,RB,40,DEN,29,15,12,0,0,95.3,0,0,0,0,0,84,386,4.6,2,24,18,167,9.28,2,2,1,4,,,-106.2,181,AndeMi00
P0365,2002,162,T.J. Houshmandzadeh,WR,74,CIN,25,16,5,0,0,94.2,0,0,0,0,0,0,0,,0,69,41,492,12,1,3,1,1,,,-94.7,170,HousTJ00
P0366,2002,163,Dante Hall,WR,75,KAN,24,16,0,1,0,93.6,0,0,0,0,0,11,54,4.91,0,35,20,322,16.1,3,3,,6,,,-95.3,171,HallDa00
P0305,2002,164,Drew Bennett,WR,76,TEN,24,16,7,0,0,92.8,0,0,0,0,0,0,0,,0,64,33,478,14.48,2,0,,2,,,-96.1,172,BennDr00
P0367,2002,165,Lamar Gordon,RB,41,STL,22,13,5,0,0,92.6,0,0,0,0,0,65,228,3.51,1,38,30,278,9.27,2,4,3,3,,,-108.9,183,GordLa00
P0041,2002,166,David Boston,WR,77,ARI,24,8,8,0,0,92.1,0,0,0,0,0,2,29,14.5,0,75,32,512,16,1,0,,1,,,-96.8,173,BostDa00
P0147,2002,167,Thomas Jones,RB,42,ARI,24,9,9,0,0,90.4,0,0,0,0,0,138,511,3.7,2,30,20,113,5.65,0,3,2,2,,,-111.1,185,JoneTh00
P0368,2002,168,T.J. Duckett,RB,43,ATL,21,12,3,0,0,89.8,0,0,0,0,0,130,507,3.9,4,11,9,61,6.78,0,0,,4,,,-111.7,186,DuckT.00
P0302,2002,169,Ron Dugans,WR,78,CIN,25,16,5,0,0,89.1,0,0,0,0,0,0,0,,0,73,47,421,8.96,0,0,,0,,,-99.8,175,DugaRo00
P0080,2002,170,Frank Sanders,WR,79,ARI,29,12,12,0,0,88.2,0,0,0,0,0,3,2,0.67,0,58,34,400,11.76,2,0,,2,1,,-100.7,176,SandFr00
P0069,2002,171,Kordell Stewart,QB,31,PIT,30,7,5,0,0,87.3,109,166,1155,6,6,43,191,4.44,2,1,0,0,,0,4,2,2,,1,-158.3,238,StewKo00
P0083,2002,172,Johnnie Morton,WR,80,KAN,31,14,14,0,0,87.1,0,0,0,0,0,10,124,12.4,0,64,29,397,13.69,1,0,,1,,,-101.8,178,MortJo00
P0074,2002,173,Freddie Jones,TE,16,ARI,28,16,16,0,0,85.8,0,0,0,0,0,0,0,,0,81,44,358,8.14,1,0,,1,,,-24.5,93,JoneFr00
P0084,2002,174,Frank Wycheck,TE,17,TEN,31,15,15,0,0,85.1,1,2,13,0,0,0,0,,0,66,40,346,8.65,2,1,1,2,,,-25.2,94,WychFr00
P0369,2002,175,Doug Jolley,TE,18,OAK,23,16,3,0,0,84.9,0,0,0,0,0,0,0,,0,37,32,409,12.78,2,0,,2,,,-25.4,95,JollDo00
P0370,2002,176,Shane Matthews,QB,32,WAS,32,8,7,0,0,84.8,124,237,1251,11,6,12,31,2.58,0,1,1,-13,-13,0,1,,0,,,-160.8,239,MattSh00
P0249,2002,177,Anthony Becht,TE,19,NYJ,25,16,15,0,0,84.3,0,0,0,0,0,0,0,,0,44,28,243,8.68,5,0,,5,1,,-26.0,96,BechAn00
P0319,2002,178,Jim Kleinsasser,TE,20,MIN,25,14,12,0,0,84.0,0,0,0,0,0,6,17,2.83,0,50,37,393,10.62,1,0,,1,,,-26.3,97,KleiJi00
P0266,2002,179,Cory Schlesinger,FB,4,DET,30,16,14,0,0,83.2,0,0,0,0,0,49,139,2.84,2,54,35,263,7.51,0,2,2,2,,,-118.3,191,SchlCo00
P0371,2002,180,Jonathan Wells,RB,44,HOU,23,16,11,0,0,82.7,0,0,0,0,0,197,529,2.69,3,12,9,48,5.33,0,3,1,3,,,-118.8,192,WellJo00
P0179,2002,181,Dorsey Levens,RB,45,PHI,32,16,0,0,0,82.5,0,2,0,0,0,75,411,5.48,1,28,19,124,6.53,1,1,1,2,,,-119.0,193,LeveDo00
P0372,2002,182,Dee Brown,RB,46,CAR,24,14,3,0,0,81.6,0,1,0,0,1,102,360,3.53,4,33,17,86,5.06,1,4,4,5,,,-119.9,196,BrowDe02
P0373,2002,183,Trevor Gaylor,WR,81,ATL,25,13,2,0,0,81.5,0,0,0,0,0,0,0,,0,54,25,385,15.4,3,0,,3,,,-107.4,182,GaylTr00
P0374,2002,184,Patrick Ramsey,QB,33,WAS,23,9,5,0,0,79.5,117,227,1539,9,8,13,-1,-0.08,1,0,0,0,,0,9,5,1,,1,-166.1,240,RamsPa00
P0065,2002,185,Richie Anderson,FB,5,NYJ,31,16,14,0,0,79.4,0,1,0,0,0,5,27,5.4,0,56,45,257,5.71,1,0,,1,,,-122.1,199,AndeRi00
P0124,2002,186,Ken Dilger,TE,21,TAM,31,16,15,0,0,78.9,0,0,0,0,0,0,0,,0,48,34,329,9.68,2,1,,2,,,-31.4,104,DilgKe00
P0326,2002,187,Mikhael Ricks,TE,22,DET,28,14,12,0,0,78.9,0,0,0,0,0,0,0,,0,68,27,339,12.56,3,0,,3,,,-31.4,105,RickMi00
P0318,2002,188,LaMont Jordan,RB,47,NYJ,24,14,0,0,0,78.6,0,0,0,0,0,84,316,3.76,3,23,17,160,9.41,0,4,2,3,,,-122.9,200,JordLa00
P0066,2002,189,Ike Hilliard,WR,82,NYG,26,7,7,0,0,78.3,0,0,0,0,0,1,7,7,0,47,27,386,14.3,2,0,,2,,,-110.6,184,HillIk00
P0131,2002,190,Ron Dayne,RB,48,NYG,24,16,1,0,0,74.7,0,0,0,0,0,125,428,3.42,3,12,11,49,4.45,0,1,1,3,,,-126.8,207,DaynRo00
P0320,2002,191,Mike McMahon,QB,34,DET,23,8,4,0,0,74.3,62,147,874,7,9,14,96,6.86,3,1,1,7,7,0,4,1,3,,1,-171.3,241,McMaMi00
P0300,2002,192,Quincy Carter,QB,35,DAL,25,7,7,0,0,73.7,125,221,1465,7,8,27,91,3.37,0,0,0,0,,0,5,3,0,,,-171.9,242,CartQu00
P0375,2002,193,Rob Konrad,FB,6,MIA,26,16,12,0,0,73.5,0,0,0,0,0,3,2,0.67,0,45,34,233,6.85,3,2,1,3,,,-128.0,208,KonrRo00
P0304,2002,194,Jake Reed,WR,83,NOR,35,14,2,0,0,73.0,0,0,0,0,0,0,0,,0,47,21,360,17.14,3,1,1,3,,,-115.9,187,ReedJa00
P0056,2002,195,Tyrone Wheatley,RB,49,OAK,30,14,0,0,0,73.0,0,0,0,0,0,108,419,3.88,2,20,12,71,5.92,0,1,,2,,,-128.5,209,WheaTy00
P0207,2002,196,Byron Chamberlain,TE,23,MIN,31,13,9,0,0,72.9,0,0,0,0,0,0,0,,0,50,34,389,11.44,0,0,,0,,,-37.4,109,ChamBy00
P0297,2002,197,Brandon Stokley,WR,84,BAL,26,8,5,0,0,72.8,0,0,0,0,0,6,31,5.17,0,52,24,357,14.88,2,1,1,2,,,-116.1,188,StokBr00
P0090,2002,198,Shawn Jefferson,WR,85,ATL,33,13,7,0,0,72.4,0,0,0,0,0,0,0,,0,50,27,394,14.59,1,0,,1,,,-116.5,189,JeffSh00
P0138,2002,199,J.J. Stokes,WR,86,SFO,30,13,8,0,0,71.2,0,0,0,0,0,0,0,,0,55,32,332,10.38,1,0,,1,,,-117.7,190,StokJ.00
P0376,2002,200,Aveion Cason,RB,50,DET,23,10,3,0,0,70.5,0,0,0,0,0,26,107,4.12,0,32,19,288,15.16,2,0,,2,,,-131.0,213,CasoAv00
P0377,2002,201,Ron Dixon,WR,87,NYG,26,10,3,0,0,69.7,0,0,0,0,0,0,0,,0,36,22,377,17.14,2,1,1,2,,,-119.2,194,DixoRo00
P0193,2002,202,William Henderson,FB,7,GNB,31,15,12,0,0,69.5,0,0,0,0,0,7,27,3.86,1,32,26,168,6.46,3,0,,4,,,-132.0,215,HendWi00
P0378,2002,203,Robert Ferguson,WR,88,GNB,23,16,1,0,0,69.3,0,0,0,0,0,0,0,,0,52,22,293,13.32,3,0,,3,,,-119.6,195,FergRo00
P0379,2002,204,Jerramy Stevens,TE,24,SEA,23,12,1,0,0,69.2,0,0,0,0,0,0,0,,0,42,26,252,9.69,3,1,,3,,,-41.1,114,StevJe00
P0283,2002,205,Eric Johnson,TE,25,SFO,23,12,10,0,0,68.1,0,0,0,0,0,0,0,,0,65,36,321,8.92,0,0,,0,,,-42.2,117,JohnEr00
P0380,2002,206,Jason McAddley,WR,89,ARI,23,9,8,0,0,67.2,0,0,0,0,0,0,0,,0,69,25,362,14.48,1,0,,1,,,-121.7,198,McAdJa00
P0157,2002,207,Wesley Walls,TE,26,CAR,36,15,14,0,0,67.1,0,0,0,0,0,0,0,,0,36,19,241,12.68,4,0,,4,,,-43.2,119,WallWe00
P0146,2002,208,Jay Riemersma,TE,27,BUF,29,16,15,0,0,67.0,0,0,0,0,0,0,0,,0,48,32,350,10.94,0,0,,0,,,-43.3,120,RiemJa00
P0293,2002,209,Troy Hambrick,RB,51,DAL,26,16,0,0,0,66.6,0,0,0,0,0,79,317,4.01,1,24,21,99,4.71,0,2,1,1,,,-134.9,218,HambTr00
P0381,2002,210,Chad Hutchinson,QB,36,DAL,25,9,9,0,0,65.6,127,250,1555,7,8,18,74,4.11,0,0,0,0,,0,12,8,0,,,-180.0,243,HutcCh00
P0382,2002,211,Leon Johnson,RB,52,CHI,28,16,4,0,0,64.5,1,1,27,0,0,103,329,3.19,1,26,16,125,7.81,0,3,2,1,,,-137.0,220,JohnLe00
P0383,2002,212,Ladell Betts,RB,53,WAS,23,11,0,0,0,64.1,0,0,0,0,0,65,307,4.72,1,17,12,154,12.83,0,2,,1,,,-137.4,221,BettLa00
P0085,2002,213,Marcus Robinson,WR,90,CHI,27,16,2,0,0,63.4,0,0,0,0,0,0,0,,0,53,21,244,11.62,3,0,,3,,,-125.5,203,RobiMa00
P0384,2002,214,Tony Fisher,RB,54,GNB,23,15,1,0,0,63.3,0,0,0,0,0,70,283,4.04,2,22,18,70,3.89,0,2,1,2,,,-138.2,224,FishTo00
P0385,2002,215,Scotty Anderson,WR,91,DET,23,16,4,0,0,63.2,0,0,0,0,0,0,0,,0,56,25,322,12.88,1,1,,1,,,-125.7,204,AndeSc00
P0154,2002,216,Kevin Lockett,WR,92,2TM,28,13,4,0,0,63.1,1,1,14,1,0,0,0,,0,42,16,205,12.81,4,1,1,4,,,-125.8,205,LockKe00
P0386,2002,217,Justin McCareins,WR,93,TEN,24,16,1,0,0,62.9,0,0,0,0,0,2,18,9,0,48,19,301,15.84,2,0,,2,,,-126.0,206,McCaJu00
P0387,2002,218,Ray Lucas,QB,37,MIA,30,7,6,0,0,62.4,92,160,1045,4,6,36,126,3.5,2,0,0,0,,0,8,4,2,,,-183.2,244,LucaRa00
P0211,2002,219,Pete Mitchell,TE,28,JAX,31,16,11,0,0,61.6,0,0,0,0,0,0,0,,0,36,25,246,9.84,2,0,,2,,,-48.7,125,MitcPe00
P0388,2002,220,Mark Campbell,TE,29,CLE,27,16,16,0,0,60.9,0,0,0,0,0,0,0,,0,46,25,179,7.16,3,0,,3,,,-49.4,127,CampMa00
P0389,2002,221,Chris Redman,QB,38,BAL,25,6,6,0,0,60.2,97,182,1034,7,3,10,8,0.8,0,0,0,0,,0,5,2,0,,,-185.4,245,RedmCh00
P0390,2002,222,Matt Schobel,TE,30,CIN,24,16,10,0,0,60.2,0,0,0,0,0,0,0,,0,36,27,212,7.85,2,0,,2,,,-50.1,129,SchoMa00
P0391,2002,223,Javon Walker,WR,94,GNB,24,15,2,0,0,60.0,0,0,0,0,0,1,11,11,0,50,23,319,13.87,1,1,1,1,,,-128.9,210,WalkJa00
P0178,2002,224,Zack Crockett,FB,8,OAK,30,16,0,0,0,59.8,0,0,0,0,0,40,118,2.95,8,0,0,0,,0,0,,8,,,-141.7,227,CrocZa00
P0200,2002,225,Brad Hoover,FB,9,CAR,26,16,10,0,0,58.6,0,0,0,0,0,31,129,4.16,0,30,17,187,11,2,1,1,2,,,-142.9,228,HoovBr00
P0281,2002,226,MarTay Jenkins,WR,95,ARI,27,8,1,0,0,58.6,0,0,0,0,0,3,6,2,0,43,21,250,11.9,1,0,,2,,,-130.3,211,JenkMa00
P0392,2002,227,Reche Caldwell,WR,96,SDG,23,16,2,0,0,58.5,1,1,20,0,0,2,9,4.5,0,43,22,208,9.45,3,3,3,3,1,,-130.4,212,CaldRe00
P0196,2002,228,Tony McGee,TE,31,DAL,31,16,16,0,0,58.4,0,0,0,0,0,0,0,,0,30,23,294,12.78,1,0,,1,,,-51.9,131,McGeTo00
P0165,2002,229,Bob Christian,FB,10,ATL,34,15,10,0,0,58.3,0,0,0,0,0,31,119,3.84,3,24,13,174,13.38,0,1,1,3,,,-143.2,229,ChriBo00
P0393,2002,230,Darnerien McCants,WR,97,WAS,26,9,1,0,0,57.5,0,0,0,0,0,1,9,9,0,41,21,256,12.19,2,1,1,2,,,-131.4,214,McCaDa00
P0241,2002,231,John Davis,TE,32,CHI,29,10,8,0,0,57.3,0,0,0,0,0,0,0,,0,33,20,193,9.65,3,0,,3,,,-53.0,132,DaviJo00
P0094,2002,232,Terance Mathis,WR,98,PIT,35,16,0,0,0,56.8,0,0,0,0,0,0,0,,0,40,23,218,9.48,2,0,,2,,,-132.1,216,MathTe00
P0051,2002,233,Tony Richardson,FB,11,KAN,31,14,12,0,0,56.6,0,0,0,0,0,22,81,3.68,2,23,18,125,6.94,1,1,,3,,,-144.9,230,RichTo00
P0394,2002,234,John Simon,RB,55,TEN,24,12,0,0,0,56.5,0,0,0,0,0,9,18,2,1,17,16,167,10.44,3,1,1,4,,,-145.0,231,SimoJo00
P0059,2002,235,Steve Beuerlein,QB,39,DEN,37,8,3,0,0,55.9,68,117,925,6,5,5,9,1.8,1,0,0,0,,0,4,1,1,,,-189.7,246,BeueSt00
P0236,2002,236,Mack Strong,FB,12,SEA,31,16,12,0,0,55.4,0,0,0,0,0,23,94,4.09,0,32,22,120,5.45,2,0,,2,,,-146.1,232,StroMa00
P0120,2002,237,Willie Jackson,WR,99,2TM,31,12,2,0,0,54.7,0,0,0,0,0,0,0,,0,53,25,257,10.28,1,2,1,1,,,-134.2,217,JackWi00
P0395,2002,238,Kelly Holcomb,QB,40,CLE,29,4,2,0,0,54.5,64,106,790,8,4,8,9,1.13,0,0,0,0,,0,1,1,0,,,-191.1,247,HolcKe00
P0396,2002,239,Olandis Gary,RB,56,DEN,27,13,2,0,0,53.5,0,0,0,0,0,37,147,3.97,1,20,18,148,8.22,0,0,,1,,,-148.0,233,GaryOl00
P0397,2002,240,Robert Edwards,RB,57,MIA,28,12,0,0,0,53.3,0,0,0,0,0,20,107,5.35,1,23,18,126,7,1,0,,2,,,-148.2,234,EdwaRo00
P0398,2002,241,Jamie Martin,QB,41,STL,32,5,2,0,0,53.2,124,195,1216,7,10,5,6,1.2,0,0,0,0,,0,2,2,0,,,-192.4,248,MartJa00
P0153,2002,242,Rickey Dudley,TE,33,TAM,30,14,3,0,0,53.2,0,0,0,0,0,0,0,,0,26,16,192,12,3,0,,3,,,-57.1,135,DudlRi00
P0399,2002,243,A.J. Feeley,QB,42,PHI,25,6,5,0,0,53.0,86,154,1011,6,5,12,6,0.5,0,0,0,0,,0,2,1,0,,,-192.6,249,FeelA.00
P0400,2002,244,Kevin Kasper,WR,100,3TM,25,13,4,0,0,52.9,0,0,0,0,0,3,19,6.33,0,24,15,180,12,3,1,,3,,,-136.0,219,KaspKe00
P0301,2002,245,Marc Edwards,FB,13,NWE,28,16,10,0,0,52.2,0,0,0,0,0,31,96,3.1,0,32,23,196,8.52,0,1,,0,,,-149.3,235,EdwaMa00
P0151,2002,246,Trent Dilfer,QB,43,SEA,30,6,6,0,0,52.0,94,168,1182,4,6,10,27,2.7,0,0,0,0,,0,2,1,0,,,-193.6,250,DilfTr00
P0401,2002,247,Chris Doering,WR,101,WAS,29,15,3,0,0,51.2,0,1,0,0,0,0,0,,0,42,18,192,10.67,2,1,,2,1,,-137.7,222,DoerCh00
P0262,2002,248,Darnay Scott,WR,102,DAL,30,15,1,0,0,51.2,0,0,0,0,0,1,14,14,0,35,22,218,9.91,1,0,,1,,,-137.7,223,ScotDa00
P0402,2002,249,Chester Taylor,RB,58,BAL,23,15,2,0,0,51.1,0,0,0,0,0,33,122,3.7,0,22,14,129,9.21,2,1,1,2,1,,-150.4,236,TaylCh01
P0136,2002,250,Fred Beasley,FB,14,SFO,28,16,14,0,0,50.7,0,0,0,0,0,26,75,2.88,0,32,22,152,6.91,1,0,,1,,,-150.8,237,BeasFr00
P0121,2003,1,Priest Holmes,RB,1,KAN,30,16,16,1,1,445.0,0,1,0,0,0,320,1420,4.44,27,90,74,690,9.32,0,1,1,27,,,273.6,1,HolmPr00
P0251,2003,2,LaDainian Tomlinson,RB,2,SDG,24,16,16,0,0,443.8,1,1,21,1,0,313,1645,5.26,13,137,100,725,7.25,4,2,,17,,,272.4,2,TomlLa00
P0009,2003,3,Ahman Green,RB,3,GNB,26,16,16,1,0,385.0,0,0,0,0,0,355,1883,5.3,15,60,50,367,7.34,5,7,5,20,,,213.6,3,GreeAh00
P0010,2003,4,Randy Moss,WR,1,MIN,26,16,16,1,1,376.0,0,1,0,0,0,6,18,3,0,172,111,1632,14.7,17,1,1,17,,,209.9,4,MossRa00
P0023,2003,5,Torry Holt,WR,2,STL,27,16,15,1,1,359.1,0,0,0,0,0,1,5,5,0,183,117,1696,14.5,12,1,,12,,,193.0,5,HoltTo00
P0312,2003,6,Deuce McAllister,RB,4,NOR,25,16,16,1,0,326.7,0,2,0,0,0,351,1641,4.68,8,86,69,516,7.48,0,6,3,8,,,155.3,6,McAlDe00
P0043,2003,7,Jamal Lewis,RB,5,BAL,24,16,16,1,1,325.1,0,0,0,0,0,387,2066,5.34,14,38,26,205,7.88,0,8,6,14,,,153.7,7,LewiJa00
P0336,2003,8,Clinton Portis,RB,6,DEN,22,13,13,1,0,312.5,0,0,0,0,0,290,1591,5.49,14,51,38,314,8.26,0,3,1,14,1,,141.1,8,PortCl00
P0220,2003,9,Shaun Alexander,RB,7,SEA,26,16,15,1,0,305.0,0,0,0,0,0,326,1435,4.4,14,59,42,295,7.02,2,4,3,16,,,133.6,9,AlexSh00
P0303,2003,10,Chad Johnson,WR,3,CIN,25,16,14,1,0,285.5,0,0,0,0,0,0,0,,0,154,90,1355,15.06,10,0,,10,,,119.4,10,JohnCh01
P0403,2003,11,Anquan Boldin,WR,4,ARI,23,16,16,1,0,282.7,0,1,0,0,1,5,40,8,0,165,101,1377,13.63,8,3,3,8,,,116.6,11,BoldAn00
P0006,2003,12,Marvin Harrison,WR,5,IND,31,15,15,1,0,279.5,0,0,0,0,0,1,3,3,0,142,94,1272,13.53,10,2,1,10,,,113.4,12,HarrMa00
P0103,2003,13,Hines Ward,WR,6,PIT,27,16,16,1,0,277.4,0,0,0,0,0,11,61,5.55,0,156,95,1163,12.24,10,0,,10,,,111.3,13,WardHi00
P0022,2003,14,Fred Taylor,RB,8,JAX,27,16,16,0,0,276.2,0,0,0,0,0,345,1572,4.56,6,74,48,370,7.71,1,6,4,7,,,104.8,16,TaylFr00
P0062,2003,15,Derrick Mason,WR,7,TEN,29,16,16,1,0,274.4,0,0,0,0,0,3,11,3.67,0,133,95,1303,13.72,8,0,,8,,,108.3,15,MasoDe00
P0004,2003,16,Daunte Culpepper,QB,1,MIN,26,14,14,1,0,273.4,295,454,3479,25,11,73,422,5.78,4,0,0,0,,0,16,6,4,,1,54.1,33,CulpDa00
P0039,2003,17,Ricky Williams,RB,9,MIA,26,16,16,0,0,272.3,0,0,0,0,0,392,1372,3.5,9,62,50,351,7.02,1,7,5,10,,,100.9,17,WillRi00
P0015,2003,18,Peyton Manning,QB,2,IND,27,16,16,1,1,268.1,379,566,4267,29,10,28,26,0.93,0,1,1,-2,-2,0,6,2,0,,1,48.8,35,MannPe00
P0002,2003,19,Edgerrin James,RB,10,IND,25,13,13,0,0,266.1,0,0,0,0,0,310,1259,4.06,11,71,51,292,5.73,0,5,3,11,,,94.7,18,JameEd00
P0038,2003,20,Keenan McCardell,WR,8,TAM,33,16,16,1,0,253.4,0,0,0,0,0,0,0,,0,138,84,1174,13.98,8,1,1,9,,,87.3,19,McCaKe00
P0100,2003,21,Trent Green,QB,3,KAN,33,16,16,1,0,251.9,330,523,4039,24,12,26,83,3.19,2,0,0,0,,0,5,1,2,,,32.6,44,GreeTr00
P0342,2003,22,Steve Smith Sr.,WR,9,CAR,24,16,11,0,0,251.2,0,0,0,0,0,11,42,3.82,0,141,88,1110,12.61,7,5,,8,,,85.1,20,SmitSt01
P0278,2003,23,Matt Hasselbeck,QB,4,SEA,28,16,16,1,0,250.1,313,513,3841,26,15,36,125,3.47,2,0,0,0,,0,4,1,2,,,30.8,45,HassMa00
P0296,2003,24,Moe Williams,RB,11,MIN,29,16,7,0,0,249.9,0,0,0,0,0,174,745,4.28,5,85,65,644,9.91,3,2,1,8,,,78.5,22,WillMo00
P0356,2003,25,Santana Moss,WR,10,NYJ,24,16,12,0,0,247.2,0,0,0,0,0,10,67,6.7,0,117,74,1105,14.93,10,4,2,10,,,81.1,21,MossSa00
P0016,2003,26,Tiki Barber,RB,12,NYG,28,16,16,0,0,244.7,0,0,0,0,0,278,1216,4.37,2,98,69,461,6.68,1,9,6,3,1,,73.3,26,BarbTi00
P0008,2003,27,Terrell Owens,WR,11,SFO,30,15,15,1,0,244.0,0,0,0,0,0,3,-2,-0.67,0,146,80,1102,13.78,9,0,,9,,,77.9,23,OwenTe00
P0183,2003,28,Laveranues Coles,WR,12,WAS,26,16,16,1,0,242.3,0,0,0,0,0,10,39,3.9,0,158,82,1204,14.68,6,0,,6,,,76.2,24,ColeLa00
P0070,2003,29,Steve McNair,QB,5,TEN,30,14,14,1,0,241.8,250,400,3215,24,7,38,138,3.63,4,1,1,4,4,0,12,6,4,1,1,22.5,49,McNaSt00
P0024,2003,30,Joe Horn,WR,13,NOR,31,15,14,0,0,237.4,1,1,14,0,0,2,15,7.5,0,130,78,973,12.47,10,2,,10,,,71.3,27,HornJo00
P0268,2003,31,Travis Henry,RB,13,BUF,25,15,15,0,0,237.4,0,1,0,0,1,331,1356,4.1,10,40,28,158,5.64,1,7,3,11,,,66.0,29,HenrTr00
P0088,2003,32,Darrell Jackson,WR,14,SEA,25,16,16,0,0,233.7,0,0,0,0,0,0,0,,0,130,68,1137,16.72,9,1,1,9,,,67.6,28,JackDa00
P0129,2003,33,Aaron Brooks,QB,6,NOR,27,16,16,0,0,229.3,306,518,3546,24,8,54,175,3.24,2,1,0,0,,0,14,11,2,,,10.0,55,BrooAa00
P0257,2003,34,Chris Chambers,WR,15,MIA,25,16,16,0,0,227.3,0,0,0,0,0,4,30,7.5,0,130,64,963,15.05,11,1,1,11,,,61.2,30,ChamCh00
P0404,2003,35,Domanick Williams,RB,14,HOU,23,14,10,0,0,227.2,0,0,0,0,0,238,1031,4.33,8,68,47,351,7.47,0,4,3,8,,,55.8,32,DaviDo01
P0003,2003,36,Jeff Garcia,QB,7,SFO,33,13,13,0,0,225.7,225,392,2704,18,13,56,319,5.7,7,1,1,6,6,0,9,3,7,,1,6.4,59,GarcJe00
P0079,2003,37,Peter Warrick,WR,16,CIN,26,15,14,0,0,222.6,0,0,0,0,0,18,157,8.72,0,122,79,819,10.37,7,2,1,8,,,56.5,31,WarrPe00
P0027,2003,38,Tony Gonzalez,TE,1,KAN,27,16,16,1,1,222.6,0,0,0,0,0,0,0,,0,106,71,916,12.9,10,0,,10,,,111.0,14,GonzTo00
P0053,2003,39,Brett Favre,QB,8,GNB,34,16,16,1,0,221.9,308,471,3361,32,21,18,15,0.83,0,0,0,0,,0,5,2,0,,2,2.6,64,FavrBr00
P0001,2003,40,Marshall Faulk,RB,15,STL,30,11,11,0,0,221.8,0,0,0,0,0,209,818,3.91,10,61,45,290,6.44,1,0,,11,,,50.4,34,FaulMa00
P0099,2003,41,Jon Kitna,QB,9,CIN,31,16,16,0,0,220.9,324,520,3591,26,15,38,113,2.97,0,0,0,0,,0,9,4,0,,,1.6,65,KitnJo00
P0040,2003,42,Michael Pittman,RB,16,TAM,28,16,13,0,0,219.8,0,0,0,0,0,187,751,4.02,0,120,75,597,7.96,2,4,1,2,,,48.4,36,PittMi00
P0354,2003,43,Marc Bulger,QB,10,STL,26,15,15,1,0,219.3,336,532,3845,22,22,29,75,2.59,4,0,0,0,,0,8,6,4,,1,0.0,69,BulgMa00
P0018,2003,44,Donovan McNabb,QB,11,PHI,27,16,16,1,0,218.4,275,478,3216,16,11,71,355,5,3,1,1,-7,-7,0,9,3,3,,,-0.9,72,McNaDo00
P0034,2003,45,Stephen Davis,RB,17,CAR,29,14,14,1,0,216.3,0,0,0,0,0,318,1444,4.54,8,17,14,159,11.36,0,3,3,8,,,44.9,37,DaviSt00
P0123,2003,46,Brad Johnson,QB,12,TAM,35,16,16,0,0,215.5,354,570,3811,26,21,25,33,1.32,0,1,0,-2,,0,6,2,0,,1,-3.8,75,JohnBr00
P0260,2003,47,Tom Brady,QB,13,NWE,26,16,16,0,0,215.1,317,527,3620,23,12,42,63,1.5,1,0,0,0,,0,13,5,1,,,-4.2,76,BradTo00
P0405,2003,48,Brian Westbrook,RB,18,PHI,24,15,8,0,0,207.5,0,0,0,0,0,117,613,5.24,7,48,37,332,8.97,4,3,1,13,,,36.1,39,WestBr00
P0011,2003,49,Curtis Martin,RB,19,NYJ,30,16,16,0,0,207.0,0,0,0,0,0,323,1308,4.05,2,53,42,262,6.24,0,2,2,2,,,35.6,40,MartCu00
P0269,2003,50,Kevan Barlow,RB,20,SFO,24,16,4,0,0,202.1,0,0,0,0,0,201,1024,5.09,6,44,35,307,8.77,1,5,4,7,,,30.7,46,BarlKe00
P0019,2003,51,Isaac Bruce,WR,17,STL,31,15,15,0,0,201.4,2,2,66,0,0,2,17,8.5,0,119,69,981,14.22,5,0,,5,,,35.3,41,BrucIs00
P0041,2003,52,David Boston,WR,18,SDG,25,14,14,0,0,199.8,0,0,0,0,0,3,18,6,0,115,70,880,12.57,7,2,2,7,1,,33.7,42,BostDa00
P0037,2003,53,Amani Toomer,WR,19,NYG,29,16,16,0,0,199.2,0,0,0,0,0,1,5,5,0,152,63,1057,16.78,5,0,,5,,,33.1,43,ToomAm00
P0007,2003,54,Rod Smith,WR,20,DEN,33,15,15,0,0,195.2,1,1,72,0,0,10,98,9.8,0,114,74,845,11.42,3,0,,4,,,29.1,47,SmitRo01
P0308,2003,55,Reggie Wayne,WR,21,IND,25,16,16,0,0,193.8,0,0,0,0,0,0,0,,0,107,68,838,12.32,7,0,,7,,,27.7,48,WaynRe00
P0300,2003,56,Quincy Carter,QB,14,DAL,26,16,16,0,0,189.8,292,505,3302,17,21,68,257,3.78,2,0,0,0,,0,10,3,2,,,-29.5,108,CartQu00
P0072,2003,57,Shannon Sharpe,TE,2,DEN,35,15,15,0,0,187.0,0,0,0,0,0,0,0,,0,94,62,770,12.42,8,0,,8,,,75.4,25,SharSh00
P0406,2003,58,Andre Johnson,WR,22,HOU,22,16,16,0,0,186.6,0,0,0,0,0,5,-10,-2,0,119,66,976,14.79,4,0,,4,,,20.5,50,JohnAn02
P0407,2003,59,Rudi Johnson,RB,21,CIN,24,13,5,0,0,185.3,0,0,0,0,0,215,957,4.45,9,23,21,146,6.95,0,0,,9,,,13.9,53,JohnRu00
P0279,2003,60,Koren Robinson,WR,23,SEA,23,15,15,0,0,184.1,0,0,0,0,0,4,15,3.75,0,119,65,896,13.78,4,1,1,5,,,18.0,51,RobiKo00
P0065,2003,61,Richie Anderson,FB,1,DAL,32,15,8,0,0,178.9,0,1,0,0,0,70,306,4.37,1,87,69,493,7.14,4,1,,5,,,7.5,58,AndeRi00
P0386,2003,62,Justin McCareins,WR,24,TEN,25,16,10,0,0,175.6,0,0,0,0,0,1,13,13,0,82,47,813,17.3,7,2,1,8,,,9.5,56,McCaJu00
P0343,2003,63,Tommy Maddox,QB,15,PIT,32,16,16,0,0,171.8,298,519,3414,18,17,13,12,0.92,0,0,0,0,,0,5,2,0,,,-47.5,133,MaddTo00
P0005,2003,64,Eddie George,RB,22,TEN,30,16,16,0,0,171.4,0,0,0,0,0,312,1031,3.3,5,31,22,163,7.41,0,1,,5,,,0.0,67,GeorEd00
P0408,2003,65,Jake Delhomme,QB,16,CAR,28,16,15,0,0,170.7,266,449,3219,19,16,42,39,0.93,1,0,0,0,,0,15,6,1,,,-48.6,134,DelhJa00
P0114,2003,66,Eddie Kennison,WR,25,KAN,30,16,16,0,0,170.2,0,0,0,0,0,2,9,4.5,0,99,56,853,15.23,5,1,1,5,,,4.1,60,KennEd00
P0224,2003,67,Plaxico Burress,WR,26,PIT,26,16,16,0,0,169.3,0,0,0,0,0,1,-7,-7,0,124,60,860,14.33,4,1,,4,,,3.2,62,BurrPl00
P0105,2003,68,Jake Plummer,QB,17,DEN,29,11,11,0,0,167.8,189,302,2182,15,7,37,205,5.54,3,0,0,0,,0,4,2,3,,,-51.5,140,PlumJa00
P0102,2003,69,Peerless Price,WR,27,ATL,27,16,15,0,0,166.1,0,0,0,0,0,2,3,1.5,0,142,64,838,13.09,3,0,,3,,,0.0,70,PricPe00
P0012,2003,70,Charlie Garner,RB,23,OAK,31,14,9,0,0,165.9,0,0,0,0,0,120,553,4.61,3,70,48,386,8.04,1,1,,4,,,-5.5,77,GarnCh00
P0035,2003,71,Warrick Dunn,RB,24,ATL,28,11,6,0,0,165.8,0,0,0,0,0,125,672,5.38,3,52,37,336,9.08,2,2,1,5,,,-5.6,78,DunnWa00
P0391,2003,72,Javon Walker,WR,28,GNB,25,16,3,0,0,164.7,0,0,0,0,0,2,1,0.5,0,74,41,716,17.46,9,1,1,9,,,-1.4,73,WalkJa00
P0112,2003,73,Shawn Bryson,RB,25,DET,27,16,13,0,0,164.6,0,0,0,0,0,158,606,3.84,3,72,54,340,6.3,0,2,1,3,,,-6.8,80,BrysSh00
P0045,2003,74,Terry Glenn,WR,29,DAL,29,16,14,0,0,162.9,0,1,0,0,0,3,55,18.33,0,96,52,754,14.5,5,2,,5,,,-3.2,74,GlenTe00
P0368,2003,75,T.J. Duckett,RB,26,ATL,22,16,10,0,0,160.3,0,1,0,0,0,197,779,3.95,11,13,11,94,8.55,0,3,2,11,,,-11.1,89,DuckT.00
P0058,2003,76,Jerry Rice,WR,30,OAK,41,16,15,0,0,159.9,0,1,0,0,0,0,0,,0,124,63,869,13.79,2,2,1,2,,,-6.2,79,RiceJe00
P0264,2003,77,Rod Gardner,WR,31,WAS,26,16,16,0,0,158.8,2,3,46,2,0,0,0,,0,115,59,600,10.17,5,1,,5,,,-7.3,81,GardRo00
P0162,2003,78,Duce Staley,RB,27,PHI,28,16,4,0,0,158.5,0,0,0,0,0,96,463,4.82,5,47,36,382,10.61,2,2,2,7,,,-12.9,94,StalDu00
P0029,2003,79,Jimmy Smith,WR,32,JAX,34,12,12,0,0,158.5,0,0,0,0,0,0,0,,0,112,54,805,14.91,4,1,,4,,,-7.6,82,SmitJi00
P0083,2003,80,Johnnie Morton,WR,33,KAN,32,16,16,0,0,157.4,0,0,0,0,0,8,94,11.75,0,93,50,740,14.8,4,0,,4,,,-8.7,85,MortJo00
P0360,2003,81,Deion Branch,WR,34,NWE,24,15,12,0,0,156.4,0,0,0,0,0,1,11,11,0,103,57,803,14.09,3,0,,3,,,-9.7,86,BranDe00
P0298,2003,82,Bobby Engram,WR,35,SEA,30,16,7,0,0,155.7,0,0,0,0,0,0,0,,0,74,52,637,12.25,6,5,1,7,,,-10.4,88,EngrBo00
P0066,2003,83,Ike Hilliard,WR,36,NYG,27,13,12,0,0,154.7,0,0,0,0,0,2,19,9.5,0,102,60,608,10.13,6,2,2,6,,,-11.4,90,HillIk00
P0339,2003,84,Todd Heap,TE,3,BAL,23,16,16,1,0,154.4,0,0,0,0,0,3,21,7,0,112,57,693,12.16,3,1,,3,4,,42.8,38,HeapTo00
P0359,2003,85,Joey Harrington,QB,18,DET,25,16,16,0,0,153.6,309,554,2880,17,22,30,86,2.87,0,1,1,8,8,0,6,,0,,2,-65.7,163,HarrJo00
P0031,2003,86,Muhsin Muhammad,WR,37,CAR,30,15,15,0,0,153.5,0,0,0,0,0,2,-2,-1,0,100,54,837,15.5,3,3,1,3,,,-12.6,91,MuhaMu00
P0117,2003,87,Bobby Shaw,WR,38,BUF,28,16,7,0,0,153.2,0,0,0,0,0,0,0,,0,86,56,732,13.07,4,1,,4,,,-12.9,92,ShawBo00
P0158,2003,88,Dennis Northcutt,WR,39,CLE,26,15,6,0,0,153.2,0,1,0,0,0,12,83,6.92,0,92,62,729,11.76,2,2,1,2,,,-12.9,93,NortDe00
P0254,2003,89,Anthony Thomas,RB,28,CHI,26,13,13,0,0,151.0,0,0,0,0,0,244,1024,4.2,6,14,9,36,4,0,1,,6,,,-20.4,101,ThomAn01
P0231,2003,90,Tai Streets,WR,40,SFO,26,16,16,0,0,148.5,0,0,0,0,0,0,0,,0,85,47,595,12.66,7,0,,7,,,-17.6,96,StreTa00
P0293,2003,91,Troy Hambrick,RB,29,DAL,27,16,16,0,0,148.1,0,0,0,0,0,275,972,3.53,5,24,17,99,5.82,0,4,3,5,,,-23.3,102,HambTr00
P0030,2003,92,Eric Moulds,WR,41,BUF,30,13,13,0,0,148.0,0,0,0,0,0,0,0,,0,122,64,780,12.19,1,0,,1,,,-18.1,98,MoulEr00
P0071,2003,93,Kevin Faulk,RB,30,NWE,27,15,8,0,0,147.8,0,1,0,0,0,178,638,3.58,0,66,48,440,9.17,0,4,4,0,,,-23.6,103,FaulKe00
P0409,2003,94,Byron Leftwich,QB,19,JAX,23,15,13,0,0,147.6,239,418,2819,14,16,25,108,4.32,2,0,0,0,,0,11,6,2,,,-71.7,167,LeftBy00
P0135,2003,95,Marty Booker,WR,42,CHI,27,13,13,0,0,146.8,0,0,0,0,0,3,-7,-2.33,0,105,52,715,13.75,4,1,,4,,,-19.3,100,BookMa00
P0252,2003,96,Garrison Hearst,RB,31,SFO,32,12,12,0,0,142.9,0,0,0,0,0,178,768,4.31,3,38,25,211,8.44,1,2,2,4,,,-28.5,106,HearGa00
P0046,2003,97,Kerry Collins,QB,20,NYG,31,13,13,0,0,141.3,284,500,3110,13,16,17,49,2.88,0,0,0,0,,0,12,5,0,1,,-78.0,176,CollKe00
P0122,2003,98,Kevin Johnson,WR,43,2TM,27,15,9,0,0,139.4,0,1,0,0,0,0,0,,0,95,58,634,10.93,3,0,,3,,,-26.7,104,JohnKe01
P0055,2003,99,Jerome Bettis,RB,32,PIT,31,16,10,0,0,138.7,0,0,0,0,0,246,811,3.3,7,22,13,86,6.62,0,5,4,7,1,,-32.7,109,BettJe00
P0106,2003,100,Jeff Blake,QB,21,ARI,33,13,13,0,0,137.6,208,367,2247,13,15,30,177,5.9,2,0,0,0,,0,8,3,2,1,,-81.7,181,BlakJe00
P0198,2003,101,Donald Driver,WR,44,GNB,28,15,15,0,0,131.2,0,0,0,0,0,5,51,10.2,0,86,52,621,11.94,2,0,,2,,,-34.9,110,DrivDo00
P0374,2003,102,Patrick Ramsey,QB,22,WAS,24,11,11,0,0,130.8,179,337,2166,14,9,15,62,4.13,1,0,0,0,,0,8,5,1,,2,-88.5,185,RamsPa00
P0364,2003,103,Josh Reed,WR,45,BUF,23,16,16,0,0,130.6,0,0,0,0,0,3,38,12.67,0,104,58,588,10.14,2,1,1,2,,,-35.5,111,ReedJo01
P0353,2003,104,Andre' Davis,WR,46,CLE,24,16,8,0,0,130.4,0,0,0,0,0,5,28,5.6,0,62,40,576,14.4,5,2,,5,,,-35.7,112,DaviAn01
P0337,2003,105,Chad Pennington,QB,23,NYJ,27,10,9,0,0,127.8,189,297,2139,13,12,21,42,2,2,0,0,0,,0,8,2,2,,1,-91.5,189,PennCh01
P0285,2003,106,Correll Buckhalter,RB,33,PHI,25,15,5,0,0,127.5,0,0,0,0,0,126,542,4.3,8,14,10,133,13.3,1,3,2,9,,,-43.9,124,BuckCo00
P0057,2003,107,Drew Bledsoe,QB,24,BUF,31,16,16,0,0,127.3,274,471,2860,11,12,24,29,1.21,2,0,0,0,,0,15,11,2,,,-92.0,192,BledDr00
P0357,2003,108,Randy McMichael,TE,4,MIA,24,16,16,0,0,126.8,0,0,0,0,0,0,0,,0,83,49,598,12.2,2,0,,3,,,15.2,52,McMiRa01
P0288,2003,109,Dez White,WR,47,CHI,24,15,11,0,0,126.6,0,0,0,0,0,2,13,6.5,0,107,49,583,11.9,3,0,,3,,,-39.5,116,WhitDe00
P0176,2003,110,Travis Taylor,WR,48,BAL,25,16,16,0,0,126.4,0,0,0,0,0,11,62,5.64,0,90,39,632,16.21,3,0,,3,,,-39.7,117,TaylTr01
P0292,2003,111,Amos Zereoue,RB,34,PIT,27,16,6,0,0,126.3,0,0,0,0,0,132,433,3.28,2,51,40,310,7.75,0,0,,2,,,-45.1,127,ZereAm00
P0338,2003,112,Marcel Shipp,RB,35,ARI,25,16,11,0,0,125.4,0,0,0,0,0,228,830,3.64,0,37,30,184,6.13,0,3,3,0,,,-46.0,130,ShipMa00
P0074,2003,113,Freddie Jones,TE,5,ARI,29,16,16,0,0,124.7,0,0,0,0,0,0,0,,0,89,55,517,9.4,3,0,,3,,,13.1,54,JoneFr00
P0097,2003,114,Az-Zahir Hakim,WR,49,DET,26,14,12,0,0,123.8,1,1,21,0,0,3,51,17,0,108,49,449,9.16,4,2,1,4,1,,-42.3,118,HakiAz00
P0111,2003,115,Jerome Pathon,WR,50,NOR,28,16,12,0,0,123.8,0,0,0,0,0,0,0,,0,79,44,578,13.14,4,1,1,4,,,-42.3,119,PathJe00
P0054,2003,116,Keyshawn Johnson,WR,51,TAM,31,10,10,0,0,123.0,0,0,0,0,0,0,0,,0,74,45,600,13.33,3,0,,3,,,-43.1,123,JohnKe00
P0092,2003,117,Jay Fiedler,QB,25,MIA,32,12,11,0,0,122.3,179,314,2138,11,13,34,88,2.59,3,0,0,0,,0,7,4,3,,,-97.0,194,FiedJa00
P0086,2003,118,Curtis Conway,WR,52,NYJ,32,16,15,0,0,122.0,0,0,0,0,0,0,0,,0,103,46,640,13.91,2,0,,2,,,-44.1,125,ConwCu00
P0032,2003,119,Tim Brown,WR,53,OAK,37,16,15,0,0,120.7,0,0,0,0,0,0,0,,0,94,52,567,10.9,2,0,,2,,,-45.4,129,BrowTi00
P0170,2003,120,Itula Mili,TE,6,SEA,30,16,12,0,0,119.2,0,0,0,0,0,0,0,,0,62,46,492,10.7,4,0,,4,,,7.6,57,MiliIt00
P0410,2003,121,David Givens,WR,54,NWE,23,13,5,0,0,119.0,0,1,0,0,1,0,0,,0,55,34,510,15,6,0,,6,,,-47.1,132,GiveDa00
P0147,2003,122,Thomas Jones,RB,36,TAM,25,16,3,0,0,118.7,0,0,0,0,0,137,627,4.58,3,31,24,180,7.5,0,4,2,3,,,-52.7,143,JoneTh00
P0411,2003,123,Onterrio Smith,RB,37,MIN,23,15,3,0,0,117.8,0,0,0,0,0,107,579,5.41,5,20,15,129,8.6,0,1,,5,1,,-53.6,147,SmitOn00
P0348,2003,124,David Carr,QB,26,HOU,24,12,11,0,0,117.6,167,295,2013,9,13,27,151,5.59,2,1,0,0,,0,4,,2,,,-101.7,205,CarrDa00
P0361,2003,125,Ashley Lelie,WR,55,DEN,23,16,10,0,0,116.1,0,0,0,0,0,8,43,5.38,0,81,37,628,16.97,2,0,,2,,,-50.0,136,LeliAs00
P0109,2003,126,James Thrash,WR,56,PHI,28,16,16,0,0,116.0,0,0,0,0,0,5,52,10.4,0,92,49,558,11.39,1,0,,1,,,-50.1,137,ThraJa00
P0366,2003,127,Dante Hall,WR,57,KAN,25,16,2,1,1,115.6,0,0,0,0,0,16,73,4.56,0,60,40,423,10.58,1,3,2,5,,,-50.5,138,HallDa00
P0265,2003,128,Joey Galloway,WR,58,DAL,32,15,13,0,0,115.4,0,0,0,0,0,4,22,5.5,0,83,34,672,19.76,2,1,,2,,,-50.7,139,GallJo00
P0295,2003,129,Alge Crumpler,TE,7,ATL,26,16,16,1,0,115.2,0,0,0,0,0,0,0,,0,80,44,552,12.55,3,1,1,3,,,3.6,61,CrumAl00
P0311,2003,130,Boo Williams,TE,8,NOR,24,16,6,0,0,114.6,0,0,0,0,0,0,0,,0,62,41,436,10.63,5,0,,5,,,3.0,63,WillBo00
P0050,2003,131,Troy Brown,WR,59,NWE,32,12,10,0,0,113.9,0,0,0,0,0,6,27,4.5,0,60,40,472,11.8,4,2,,4,,,-52.2,141,BrowTr00
P0378,2003,132,Robert Ferguson,WR,60,GNB,24,15,12,0,0,113.2,0,0,0,0,0,1,-8,-8,0,59,38,520,13.68,4,0,,4,,,-52.9,144,FergRo00
P0412,2003,133,Dane Looker,WR,61,STL,27,16,2,0,0,112.9,1,1,11,0,0,0,0,,0,75,47,495,10.53,3,1,1,3,,,-53.2,145,LookDa00
P0259,2003,134,Jamel White,RB,38,CLE,26,16,3,0,0,112.9,0,0,0,0,0,70,266,3.8,1,69,46,303,6.59,1,1,1,2,,,-58.5,149,WhitJa00
P0149,2003,135,Marcus Pollard,TE,9,IND,31,14,13,0,0,112.1,0,0,0,0,0,0,0,,0,57,40,541,13.53,3,1,,3,,,0.5,66,PollMa00
P0085,2003,136,Marcus Robinson,WR,62,BAL,28,15,5,0,0,112.1,0,0,0,0,0,0,0,,0,62,31,451,14.55,6,0,,6,,,-54.0,148,RobiMa00
P0340,2003,137,Drew Brees,QB,27,SDG,24,11,11,0,0,111.8,205,356,2108,11,15,21,84,4,0,1,1,21,21,1,5,3,1,,1,-107.5,219,BreeDr00
P0056,2003,138,Tyrone Wheatley,RB,39,OAK,31,15,5,0,0,111.8,0,0,0,0,0,159,678,4.26,4,18,12,120,10,0,2,2,4,,,-59.6,154,WheaTy00
P0319,2003,139,Jim Kleinsasser,TE,10,MIN,26,16,16,0,0,111.6,0,0,0,0,0,2,15,7.5,0,59,46,401,8.72,4,0,,4,,,0.0,68,KleiJi00
P0341,2003,140,Jeremy Shockey,TE,11,NYG,23,9,9,1,0,111.5,0,0,0,0,0,0,0,,0,71,48,535,11.15,2,1,1,2,,,-0.1,71,ShocJe00
P0289,2003,141,Quincy Morgan,WR,63,CLE,26,16,15,0,0,107.2,0,0,0,0,0,3,-4,-1.33,0,79,38,516,13.58,3,0,,3,,,-58.9,151,MorgQu00
P0305,2003,142,Drew Bennett,WR,64,TEN,25,12,8,0,0,107.0,1,1,14,0,0,0,0,,0,54,32,504,15.75,4,0,,4,,,-59.1,152,BennDr00
P0413,2003,143,Kelly Campbell,WR,65,MIN,23,15,6,0,0,106.3,0,0,0,0,0,10,71,7.1,0,44,25,522,20.88,4,2,1,4,,,-59.8,155,CampKe00
P0345,2003,144,Antonio Bryant,WR,66,DAL,22,16,5,0,0,106.0,0,0,0,0,0,2,0,0,0,83,39,550,14.1,2,0,,2,,,-60.1,156,BryaAn00
P0270,2003,145,Todd Pinkston,WR,67,PHI,26,16,15,0,0,104.4,0,0,0,0,0,1,-11,-11,0,86,36,575,15.97,2,1,,2,,,-61.7,158,PinkTo00
P0069,2003,146,Kordell Stewart,QB,28,CHI,31,9,7,0,0,103.7,126,251,1418,7,12,59,290,4.92,3,0,0,0,,0,7,3,3,1,,-115.6,232,StewKo00
P0192,2003,147,Antowain Smith,RB,40,NWE,31,13,6,0,0,103.4,0,0,0,0,0,182,642,3.53,3,16,14,92,6.57,0,1,1,3,,,-68.0,165,SmitAn00
P0245,2003,148,Erron Kinney,TE,12,TEN,26,16,16,0,0,103.1,0,0,0,0,0,0,0,,0,58,41,381,9.29,3,1,,4,,,-8.5,83,KinnEr00
P0393,2003,149,Darnerien McCants,WR,68,WAS,27,15,1,0,0,103.0,0,0,0,0,0,0,0,,0,55,27,360,13.33,6,0,,6,2,,-63.1,159,McCaDa00
P0414,2003,150,Daniel Graham,TE,13,NWE,25,14,9,0,0,102.9,0,0,0,0,0,0,0,,0,63,38,409,10.76,4,0,,4,,,-8.7,84,GrahDa00
P0316,2003,151,Freddie Mitchell,WR,69,PHI,25,16,6,0,0,101.8,1,1,25,1,0,0,0,,0,59,35,498,14.23,2,0,,2,,,-64.3,161,MitcFr00
P0249,2003,152,Anthony Becht,TE,14,NYJ,26,16,16,0,0,101.6,0,0,0,0,0,0,0,,0,58,40,356,8.9,4,1,,4,1,,-10.0,87,BechAn00
P0309,2003,153,Troy Edwards,WR,70,JAX,26,13,11,0,0,100.8,0,0,0,0,0,3,-9,-3,0,62,35,487,13.91,3,0,,3,,,-65.3,162,EdwaTr00
P0415,2003,154,Troy Walters,WR,71,IND,27,15,4,0,0,100.2,0,0,0,0,0,1,6,6,0,52,36,456,12.67,3,0,,3,,,-65.9,164,WaltTr00
P0416,2003,155,Jerald Sowell,FB,2,NYJ,29,16,16,0,0,96.8,0,0,0,0,0,1,2,2,0,60,47,436,9.28,1,0,,1,,,-74.6,170,SoweJe00
P0417,2003,156,Rock Cartwright,FB,3,WAS,24,15,3,0,0,96.7,0,0,0,0,0,107,411,3.84,4,27,18,176,9.78,0,2,2,4,,,-74.7,171,CartRo01
P0418,2003,157,DeShaun Foster,RB,41,CAR,23,14,2,0,0,95.6,0,0,0,0,0,113,429,3.8,0,35,26,207,7.96,2,3,3,2,,,-75.8,172,FostDe00
P0164,2003,158,Desmond Clark,TE,15,CHI,26,15,15,0,0,95.3,0,0,0,0,0,0,0,,0,71,44,433,9.84,2,2,2,2,,,-16.3,95,ClarDe00
P0351,2003,159,Antwaan Randle El,WR,72,PIT,24,16,1,0,0,95.1,3,4,6,0,0,15,75,5,0,56,37,364,9.84,1,5,2,3,,,-71.0,166,RandAn00
P0282,2003,160,Corey Bradford,WR,73,HOU,28,16,6,0,0,94.0,0,0,0,0,0,0,0,,0,62,24,460,19.17,4,0,,4,,,-72.1,168,BradCo00
P0350,2003,161,Billy Miller,TE,16,HOU,26,16,6,0,0,93.5,0,0,0,0,0,0,0,,0,65,40,355,8.88,3,0,,3,,,-18.1,97,MillBi00
P0128,2003,162,Doug Flutie,QB,29,SDG,41,7,5,0,0,92.7,91,167,1097,9,4,33,168,5.09,2,0,0,0,,0,7,5,2,,1,-126.6,238,FlutDo00
P0419,2003,163,Cedrick Wilson,WR,74,SFO,25,16,4,0,0,92.4,1,1,6,0,0,1,-4,-4,0,63,35,396,11.31,2,1,,3,,,-73.7,169,WilsCe00
P0326,2003,164,Mikhael Ricks,TE,17,DET,29,16,6,0,0,92.4,0,0,0,0,0,0,0,,0,61,37,434,11.73,2,0,,2,,,-19.2,99,RickMi00
P0142,2003,165,Ricky Proehl,WR,75,CAR,35,16,2,0,0,89.9,0,0,0,0,0,0,0,,0,52,27,389,14.41,4,0,,4,,,-76.2,173,ProeRi00
P0346,2003,166,Donte' Stallworth,WR,76,NOR,23,11,3,0,0,89.8,0,0,0,0,0,1,3,3,0,55,25,485,19.4,3,3,1,3,,,-76.3,174,StalDo00
P0420,2003,167,Charles Lee,WR,77,TAM,26,8,5,0,0,89.6,0,0,0,0,0,2,14,7,0,46,33,432,13.09,2,0,,2,,,-76.5,175,LeexCh00
P0276,2003,168,Trung Canidate,RB,42,WAS,26,11,10,0,0,89.1,0,0,0,0,0,142,600,4.23,1,15,10,71,7.1,1,1,,2,,,-82.3,182,CaniTr00
P0063,2003,169,Bill Schroeder,WR,78,DET,32,16,13,0,0,87.7,0,1,0,0,0,0,0,,0,80,36,397,11.03,2,0,,2,,,-78.4,177,SchrBi00
P0362,2003,170,Jabar Gaffney,WR,79,HOU,23,16,11,0,0,87.5,0,1,0,0,0,1,13,13,0,57,34,402,11.82,2,0,,2,,,-78.6,178,GaffJa00
P0280,2003,171,David Terrell,WR,80,CHI,24,16,7,0,0,85.5,0,0,0,0,0,1,4,4,0,84,43,361,8.4,1,1,,1,,,-80.6,179,TerrDa00
P0325,2003,172,Jed Weaver,TE,18,SFO,27,16,15,0,0,84.7,0,0,0,0,0,0,0,,0,53,35,437,12.49,1,1,,1,,,-26.9,105,WeavJe00
P0395,2003,173,Kelly Holcomb,QB,30,CLE,30,10,8,0,0,84.6,193,302,1797,10,12,8,7,0.88,0,0,0,0,,0,5,2,0,,,-134.7,239,HolcKe00
P0421,2003,174,Nate Burleson,WR,81,MIN,22,16,9,0,0,84.5,0,0,0,0,0,0,0,,0,57,29,455,15.69,2,1,1,2,,,-81.6,180,BurlNa00
P0047,2003,175,Corey Dillon,RB,43,CIN,29,13,11,0,0,84.2,0,0,0,0,0,138,541,3.92,2,18,11,71,6.45,0,0,,2,,,-87.2,184,DillCo00
P0422,2003,176,Bryant Johnson,WR,82,ARI,22,15,8,0,0,82.8,0,0,0,0,0,0,0,,0,78,35,438,12.51,1,1,1,1,,,-83.3,183,JohnBr02
P0423,2003,177,Doug Johnson,QB,31,ATL,26,10,8,0,0,82.3,136,243,1655,8,12,14,21,1.5,1,0,0,0,,0,3,,1,,,-137.0,240,JohnDo00
P0167,2003,178,Bubba Franks,TE,19,GNB,25,16,15,1,0,82.1,0,0,0,0,0,0,0,,0,44,30,241,8.03,4,0,,4,2,,-29.5,107,FranBu00
P0068,2003,179,Vinny Testaverde,QB,32,NYJ,40,7,7,0,0,81.1,123,198,1385,7,2,6,17,2.83,0,0,0,0,,0,1,,0,,,-138.2,241,TestVi00
P0384,2003,180,Tony Fisher,RB,44,GNB,24,15,0,0,0,79.6,0,0,0,0,0,40,200,5,1,25,21,206,9.81,2,0,,3,,,-91.8,190,FishTo00
P0089,2003,181,James McKnight,WR,83,MIA,31,15,1,0,0,77.0,0,0,0,0,0,2,75,37.5,1,43,23,285,12.39,2,1,,3,,,-89.1,186,McKnJa00
P0424,2003,182,Kelley Washington,WR,84,CIN,24,16,3,0,0,76.4,0,0,0,0,0,1,5,5,0,47,22,299,13.59,4,0,,4,,,-89.7,187,WashKe00
P0425,2003,183,Jason Witten,TE,20,DAL,21,15,7,0,0,75.7,0,0,0,0,0,0,0,,0,54,35,347,9.91,1,0,,1,,,-35.9,113,WittJa00
P0294,2003,184,James Jackson,RB,45,CLE,27,12,6,0,0,75.6,0,0,0,0,0,102,382,3.75,3,18,14,114,8.14,0,3,3,3,,,-95.8,193,JackJa00
P0286,2003,185,Brian Finneran,WR,85,ATL,27,12,10,0,0,74.8,0,0,0,0,0,0,0,,0,54,26,368,14.15,2,0,,2,,,-91.3,188,FinnBr00
P0426,2003,186,Tyrone Calico,WR,86,TEN,23,14,2,0,0,74.2,0,0,0,0,0,1,5,5,0,43,18,297,16.5,4,0,,4,1,,-91.9,191,CaliTy00
P0388,2003,187,Mark Campbell,TE,21,BUF,28,16,11,0,0,73.9,0,0,0,0,0,0,0,,0,50,34,339,9.97,1,0,,1,,,-37.7,114,CampMa00
P0267,2003,188,Michael Bennett,RB,46,MIN,25,8,7,0,0,73.9,0,0,0,0,0,90,447,4.97,1,14,12,132,11,0,2,1,1,,,-97.5,196,BennMi00
P0171,2003,189,Tim Couch,QB,33,CLE,26,10,8,0,0,73.4,120,203,1319,7,6,11,39,3.55,1,1,1,-3,-3,0,6,3,1,,,-145.9,242,CoucTi00
P0026,2003,190,Mike Anderson,RB,47,DEN,30,12,5,0,0,73.0,0,0,0,0,0,70,257,3.67,3,15,12,53,4.42,2,2,,5,,,-98.4,197,AndeMi00
P0427,2003,191,Antonio Gates,TE,22,SDG,23,15,11,0,0,72.9,0,0,0,0,0,0,0,,0,42,24,389,16.21,2,1,1,2,,,-38.7,115,GateAn00
P0347,2003,192,William Green,RB,48,CLE,24,7,7,0,0,72.9,0,0,0,0,0,142,559,3.94,1,14,10,50,5,0,5,2,1,,,-98.5,198,GreeWi01
P0266,2003,193,Cory Schlesinger,FB,4,DET,31,16,10,0,0,72.3,0,0,0,0,0,9,16,1.78,0,49,34,247,7.26,2,0,,2,,,-99.1,199,SchlCo00
P0236,2003,194,Mack Strong,FB,5,SEA,32,16,9,0,0,72.0,0,0,0,0,0,37,174,4.7,1,33,29,216,7.45,0,1,1,1,,,-99.4,200,StroMa00
P0402,2003,195,Chester Taylor,RB,49,BAL,24,16,1,0,0,70.8,0,0,0,0,0,63,276,4.38,2,27,20,132,6.6,0,3,1,2,,,-100.6,202,TaylCh01
P0428,2003,196,Arlen Harris,RB,50,STL,23,16,2,0,0,70.7,0,0,0,0,0,85,255,3,4,19,15,102,6.8,0,3,2,4,,,-100.7,203,HarrAr00
P0396,2003,197,Olandis Gary,RB,51,DET,28,13,1,0,0,70.3,0,0,0,0,0,113,384,3.4,2,22,13,69,5.31,0,1,,2,,,-101.1,204,GaryOl00
P0429,2003,198,Anthony Wright,QB,34,BAL,27,7,7,0,0,69.3,94,178,1199,9,8,28,73,2.61,0,0,0,0,,0,9,3,0,,,-150.0,243,WrigAn00
P0383,2003,199,Ladell Betts,RB,52,WAS,24,9,1,0,0,69.2,0,0,0,0,0,77,255,3.31,2,23,15,167,11.13,0,0,,2,,,-102.2,206,BettLa00
P0390,2003,200,Matt Schobel,TE,23,CIN,25,15,1,0,0,69.2,0,0,0,0,0,0,0,,0,30,24,332,13.83,2,2,,2,,,-42.4,120,SchoMa00
P0335,2003,201,Jerry Porter,WR,87,OAK,25,10,1,0,0,69.1,0,0,0,0,0,1,10,10,0,57,28,361,12.89,1,1,1,1,,,-97.0,195,PortJe00
P0430,2003,202,Dallas Clark,TE,24,IND,24,10,10,0,0,69.0,0,0,0,0,0,0,0,,0,42,29,340,11.72,1,0,,1,,,-42.6,121,ClarDa00
P0014,2003,203,Rich Gannon,QB,35,OAK,38,7,7,0,0,68.8,125,225,1274,6,4,6,18,3,0,0,0,0,,0,2,,0,,,-150.5,244,GannRi00
P0194,2003,204,Christian Fauria,TE,25,NWE,32,16,12,0,0,68.5,0,0,0,0,0,0,0,,0,45,28,285,10.18,2,0,,2,,,-43.1,122,FaurCh00
P0431,2003,205,Josh McCown,QB,36,ARI,24,8,3,0,0,68.5,95,166,1018,5,6,28,158,5.64,1,0,0,0,,0,10,1,1,,,-150.8,245,McCoJo01
P0432,2003,206,Ricky Williams,RB,53,IND,25,13,4,0,0,67.2,0,0,0,0,0,48,155,3.23,2,29,22,157,7.14,1,2,2,3,,,-104.2,210,WillRi01
P0274,2003,207,Ernie Conwell,TE,26,NOR,31,10,10,0,0,67.0,0,0,0,0,0,0,0,,0,44,26,290,11.15,2,1,,2,,,-44.6,126,ConwEr00
P0178,2003,208,Zack Crockett,FB,6,OAK,31,16,7,0,0,66.8,0,0,0,0,0,48,145,3.02,7,12,7,53,7.57,0,1,1,7,,,-104.6,212,CrocZa00
P0433,2003,209,Brandon Manumaleuna,TE,27,STL,23,16,15,0,0,66.3,0,0,0,0,0,4,15,3.75,0,45,29,238,8.21,2,0,,2,,,-45.3,128,ManuBr00
P0434,2003,210,Charles Rogers,WR,88,DET,22,5,5,0,0,66.0,0,0,0,0,0,2,17,8.5,0,52,22,243,11.05,3,0,,3,,,-100.1,201,RogeCh01
P0195,2003,211,Chad Morton,RB,54,WAS,26,15,2,0,0,65.3,0,0,0,0,0,48,216,4.5,0,26,15,187,12.47,1,1,1,2,,,-106.1,215,MortCh00
P0435,2003,212,L.J. Smith,TE,28,PHI,23,15,5,0,0,65.1,0,0,0,0,0,0,0,,0,46,27,321,11.89,1,1,,1,,,-46.5,131,SmitL.00
P0436,2003,213,LaBrandon Toefield,RB,55,JAX,23,16,0,0,0,65.0,1,2,32,0,0,53,212,4,2,16,14,105,7.5,1,0,,3,,,-106.4,216,ToefLa00
P0376,2003,214,Aveion Cason,RB,56,DAL,24,10,0,0,0,64.7,1,1,37,0,0,40,220,5.5,2,20,17,142,8.35,0,2,1,2,,,-106.7,217,CasoAv00
P0437,2003,215,Kyle Boller,QB,37,BAL,22,11,9,0,0,64.6,116,224,1260,7,9,30,62,2.07,0,1,0,0,,0,9,5,0,,4,-154.7,246,BollKy00
P0318,2003,216,LaMont Jordan,RB,57,NYJ,25,16,0,0,0,64.1,0,0,0,0,0,46,190,4.13,4,13,11,101,9.18,0,0,,4,,,-107.3,218,JordLa00
P0385,2003,217,Scotty Anderson,WR,89,DET,24,9,0,0,0,63.5,0,0,0,0,0,0,0,,0,31,17,325,19.12,2,0,,2,1,,-102.6,207,AndeSc00
P0193,2003,218,William Henderson,FB,7,GNB,32,16,12,0,0,63.4,0,0,0,0,0,0,0,,0,34,24,214,8.92,3,0,,3,,,-108.0,220,HendWi00
P0221,2003,219,Robert Holcombe,FB,8,TEN,28,15,0,0,0,63.2,0,0,0,0,0,63,201,3.19,1,25,19,121,6.37,1,2,1,2,1,,-108.2,221,HolcRo00
P0438,2003,220,Rick Mirer,QB,38,OAK,33,9,8,0,0,63.0,116,221,1267,3,5,20,83,4.15,1,0,0,0,,0,4,2,1,,,-156.3,247,MireRi00
P0310,2003,221,Michael Vick,QB,39,ATL,23,5,4,0,0,62.9,50,100,585,4,3,40,255,6.38,1,0,0,0,,0,4,1,1,,,-156.4,248,VickMi00
P0439,2003,222,Eric Parker,WR,90,SDG,24,8,4,0,0,62.5,0,0,0,0,0,3,21,7,0,31,18,244,13.56,3,1,,3,,,-103.6,208,ParkEr00
P0440,2003,223,Derrick Blaylock,RB,58,KAN,24,16,0,0,0,62.3,0,0,0,0,0,22,112,5.09,2,22,15,181,12.07,1,1,,3,,,-109.1,222,BlayDe00
P0067,2003,224,Emmitt Smith,RB,59,ARI,34,10,5,0,0,62.3,0,0,0,0,0,90,256,2.84,2,19,14,107,7.64,0,2,,2,,,-109.1,223,SmitEm00
P0369,2003,225,Doug Jolley,TE,29,OAK,24,15,9,0,0,62.0,0,0,0,0,0,0,0,,0,53,31,250,8.06,1,0,,1,,,-49.6,135,JollDo00
P0441,2003,226,Justin Griffith,FB,9,ATL,23,16,11,0,0,62.0,0,0,0,0,0,38,168,4.42,0,34,21,122,5.81,2,0,,2,,,-109.4,225,GrifJu00
P0159,2003,227,Brandon Bennett,RB,60,CIN,30,16,0,0,0,61.9,0,0,0,0,0,56,173,3.09,0,32,25,176,7.04,1,2,2,1,,,-109.5,226,BennBr00
P0344,2003,228,Derrius Thompson,WR,91,MIA,26,16,12,0,0,61.9,0,0,0,0,0,0,0,,0,60,26,359,13.81,0,0,,0,,,-104.2,209,ThomDe00
P0049,2003,229,Wayne Chrebet,WR,92,NYJ,30,7,5,0,0,61.9,0,0,0,0,0,0,0,,0,44,27,289,10.7,1,0,,1,,,-104.2,211,ChreWa00
P0442,2003,230,Najeh Davenport,RB,61,GNB,24,15,0,0,0,61.8,0,0,0,0,0,77,420,5.45,2,10,6,38,6.33,0,4,1,2,,,-109.6,227,DaveNa00
P0297,2003,231,Brandon Stokley,WR,93,IND,27,6,3,0,0,61.1,0,0,0,0,0,0,0,,0,32,22,211,9.59,3,0,,3,,,-105.0,213,StokBr00
P0443,2003,232,Justin Gage,WR,94,CHI,22,10,3,0,0,60.8,0,0,0,0,0,0,0,,0,35,17,338,19.88,2,1,1,2,,,-105.3,214,GageJu00
P0087,2003,233,Kyle Brady,TE,30,JAX,31,16,15,0,0,59.1,0,0,0,0,0,0,0,,0,46,29,281,9.69,1,3,2,1,,,-52.5,142,BradKy00
P0301,2003,234,Marc Edwards,FB,10,JAX,29,16,16,0,0,58.9,0,0,0,0,0,7,13,1.86,1,43,31,226,7.29,0,0,1,1,,,-112.5,229,EdwaMa00
P0082,2003,235,Chad Lewis,TE,31,PHI,32,16,14,0,0,58.3,0,0,0,0,0,0,0,,0,40,23,293,12.74,1,0,,1,,,-53.3,146,LewiCh00
P0444,2003,236,Tim Rattay,QB,40,SFO,26,11,3,0,0,58.2,73,118,856,7,2,8,0,0,0,0,0,0,,0,0,,0,,,-161.1,249,RattTi00
P0255,2003,237,Stacey Mack,RB,62,HOU,28,8,5,0,0,57.8,0,1,0,0,1,93,253,2.72,4,12,9,55,6.11,0,2,2,4,,,-113.6,231,MackSt00
P0445,2003,238,Tim Carter,WR,95,NYG,24,12,2,0,0,56.9,0,0,0,0,0,0,0,,0,52,26,309,11.88,0,0,,0,,,-109.2,224,CartTi00
P0446,2003,239,Bethel Johnson,WR,96,NWE,24,15,5,0,0,53.7,0,0,0,0,0,1,-12,-12,0,34,16,209,13.06,2,0,,3,,,-112.4,228,JohnBe00
P0143,2003,240,Gus Frerotte,QB,41,MIN,32,16,2,0,0,53.4,38,65,690,7,2,12,-2,-0.17,0,0,0,0,,0,2,,0,,1,-165.9,250,FrerGu00
P0447,2003,241,Terry Jones,TE,32,BAL,24,16,13,0,0,52.9,0,0,0,0,0,0,0,,0,25,19,159,8.37,3,0,,3,,,-58.7,150,JoneTe00
P0448,2003,242,Kassim Osgood,WR,97,SDG,23,16,2,0,0,52.8,0,0,0,0,0,0,0,,0,33,13,278,21.38,2,0,,2,,,-113.3,230,OsgoKa00
P0124,2003,243,Ken Dilger,TE,33,TAM,32,15,15,0,0,52.4,0,0,0,0,0,0,0,,0,41,22,244,11.09,1,1,,1,,,-59.2,153,DilgKe00
P0449,2003,244,Casey Fitzsimmons,TE,34,DET,23,16,11,0,0,51.0,0,0,0,0,0,0,0,,0,40,23,160,6.96,2,0,,2,,,-60.6,157,FitzCa00
P0450,2003,245,Bryan Gilmore,WR,98,ARI,25,14,10,0,0,49.8,0,0,0,0,0,1,0,0,0,46,17,208,12.24,2,0,,2,,,-116.3,233,GilmBr00
P0367,2003,246,Lamar Gordon,RB,63,STL,23,10,4,0,0,49.7,0,0,0,0,0,71,298,4.2,1,13,8,59,7.38,0,1,,1,,,-121.7,236,GordLa00
P0451,2003,247,Brandon Lloyd,WR,99,SFO,22,16,1,0,0,49.2,0,0,0,0,0,0,0,,0,30,14,212,15.14,2,0,,2,1,,-116.9,234,LloyBr00
P0157,2003,248,Wesley Walls,TE,35,GNB,37,14,1,0,0,48.2,0,0,0,0,0,0,0,,0,33,20,222,11.1,1,0,,1,,,-63.4,160,WallWe00
P0401,2003,249,Chris Doering,WR,100,PIT,30,16,0,0,0,48.0,0,0,0,0,0,0,0,,0,30,18,240,13.33,1,0,,1,,,-118.1,235,DoerCh00
P0180,2003,250,Stanley Pritchett,FB,11,CHI,30,16,11,0,0,47.6,0,0,0,0,0,21,93,4.43,2,27,18,83,4.61,0,0,,2,,,-123.8,237,PritSt00
P0004,2004,1,Daunte Culpepper,QB,1,MIN,27,16,16,1,0,371.3,379,548,4717,39,11,88,406,4.61,2,0,0,0,,0,9,5,2,1,2,135.8,6,CulpDa00
P0015,2004,2,Peyton Manning,QB,2,IND,28,16,16,1,1,360.1,336,497,4557,49,10,25,38,1.52,0,0,0,0,,0,5,1,0,,,124.6,10,MannPe00
P0016,2004,3,Tiki Barber,RB,1,NYG,29,16,14,1,0,347.6,0,0,0,0,0,322,1518,4.71,13,79,52,578,11.12,2,5,2,15,,,154.3,2,BarbTi00
P0251,2004,4,LaDainian Tomlinson,RB,2,SDG,25,15,15,1,1,336.1,1,2,38,0,0,339,1335,3.94,17,66,53,441,8.32,1,6,2,18,,,142.8,4,TomlLa00
P0031,2004,5,Muhsin Muhammad,WR,1,CAR,31,16,16,1,1,329.0,0,0,0,0,0,3,15,5,0,160,93,1405,15.11,16,3,1,16,,,136.2,5,MuhaMu00
P0404,2004,6,Domanick Williams,RB,3,HOU,24,15,15,0,0,323.6,0,0,0,0,0,302,1188,3.93,13,84,68,588,8.65,1,4,3,14,,,130.3,7,DaviDo01
P0220,2004,7,Shaun Alexander,RB,4,SEA,27,16,16,1,0,323.6,0,0,0,0,0,353,1696,4.8,16,38,23,170,7.39,4,5,3,20,,,130.3,8,AlexSh00
P0011,2004,8,Curtis Martin,RB,5,NYJ,31,16,16,1,1,319.2,0,0,0,0,0,371,1697,4.57,12,49,41,245,5.98,2,2,,14,,,125.9,9,MartCu00
P0002,2004,9,Edgerrin James,RB,6,IND,26,16,16,1,0,306.1,0,0,0,0,0,334,1548,4.63,9,60,51,483,9.47,0,6,2,9,1,,112.8,11,JameEd00
P0024,2004,10,Joe Horn,WR,2,NOR,32,16,16,1,0,301.9,0,0,0,0,0,0,0,,0,153,94,1399,14.88,11,0,,11,1,,109.1,13,HornJo00
P0391,2004,11,Javon Walker,WR,3,GNB,26,16,12,1,0,295.2,0,0,0,0,0,0,0,,0,144,89,1382,15.53,12,2,2,12,,,102.4,14,WalkJa00
P0023,2004,12,Torry Holt,WR,4,STL,28,16,16,1,0,291.2,0,0,0,0,0,0,0,,0,135,94,1372,14.6,10,3,,10,,,98.4,15,HoltTo00
P0018,2004,13,Donovan McNabb,QB,3,PHI,28,15,15,1,0,291.0,300,469,3875,31,8,41,220,5.37,3,0,0,0,,0,8,6,3,,,55.5,29,McNaDo00
P0006,2004,14,Marvin Harrison,WR,5,IND,32,16,16,1,0,285.3,0,0,0,0,0,0,0,,0,139,86,1113,12.94,15,1,1,15,,,92.5,16,HarrMa00
P0303,2004,15,Chad Johnson,WR,6,CIN,26,16,16,1,0,280.3,0,0,0,0,0,4,39,9.75,0,170,95,1274,13.41,9,1,,9,,,87.5,17,JohnCh01
P0008,2004,16,Terrell Owens,WR,7,PHI,31,14,14,1,1,278.5,0,0,0,0,0,3,-5,-1.67,0,127,77,1200,15.58,14,2,1,14,,,85.7,18,OwenTe00
P0305,2004,17,Drew Bennett,WR,8,TEN,26,16,16,0,0,276.9,1,1,26,1,0,1,12,12,0,144,80,1247,15.59,11,3,,11,,,84.1,19,BennDr00
P0405,2004,18,Brian Westbrook,RB,7,PHI,25,13,12,1,0,276.5,0,0,0,0,0,177,812,4.59,3,87,73,703,9.63,6,1,1,9,,,83.2,20,WestBr00
P0027,2004,19,Tony Gonzalez,TE,1,KAN,28,16,16,1,0,270.3,0,0,0,0,0,1,5,5,0,148,102,1258,12.33,7,0,,7,,,161.9,1,GonzTo00
P0308,2004,20,Reggie Wayne,WR,9,IND,26,16,16,0,0,269.6,0,0,0,0,0,1,-4,-4,0,115,77,1210,15.71,12,0,,12,,,76.8,21,WaynRe00
P0047,2004,21,Corey Dillon,RB,8,NWE,30,15,14,1,0,260.8,0,0,0,0,0,345,1635,4.74,12,21,15,103,6.87,1,5,4,13,1,,67.5,23,DillCo00
P0100,2004,22,Trent Green,QB,4,KAN,34,16,16,0,0,260.1,369,556,4591,27,17,25,85,3.4,0,0,0,0,,0,11,4,0,,1,24.6,49,GreeTr00
P0198,2004,23,Donald Driver,WR,10,GNB,29,16,11,0,0,257.2,0,0,0,0,0,3,4,1.33,0,137,84,1208,14.38,9,2,2,9,1,,64.4,25,DrivDo00
P0105,2004,24,Jake Plummer,QB,5,DEN,30,16,16,0,0,255.8,303,521,4089,27,20,62,202,3.26,1,0,0,0,,0,6,1,1,,,20.3,51,PlumJa00
P0427,2004,25,Antonio Gates,TE,2,SDG,24,15,15,1,1,255.4,0,0,0,0,0,0,0,,0,114,81,964,11.9,13,0,,13,,,147.0,3,GateAn00
P0053,2004,26,Brett Favre,QB,6,GNB,35,16,16,0,0,255.1,346,540,4088,30,17,16,36,2.25,0,0,0,0,,0,4,1,0,,2,19.6,53,FavrBr00
P0062,2004,27,Derrick Mason,WR,11,TEN,30,16,16,0,0,254.5,0,0,0,0,0,1,-3,-3,0,158,96,1168,12.17,7,2,,7,,,61.7,26,MasoDe00
P0088,2004,28,Darrell Jackson,WR,12,SEA,26,16,16,0,0,248.9,0,0,0,0,0,0,0,,0,156,87,1199,13.78,7,2,1,7,1,,56.1,28,JackDa00
P0408,2004,29,Jake Delhomme,QB,7,CAR,29,16,16,0,0,248.5,310,533,3886,29,15,25,71,2.84,1,0,0,0,,0,12,5,1,,2,13.0,59,DelhJa00
P0019,2004,30,Isaac Bruce,WR,13,STL,32,16,16,0,0,246.2,0,2,0,0,0,0,0,,0,148,89,1292,14.52,6,5,4,6,,,53.4,31,BrucIs00
P0129,2004,31,Aaron Brooks,QB,8,NOR,28,16,16,0,0,244.8,309,542,3810,21,16,58,173,2.98,4,1,1,1,1,0,13,2,4,,1,9.3,61,BrooAa00
P0452,2004,32,Michael Clayton,WR,14,TAM,22,16,13,0,0,244.3,0,0,0,0,0,5,30,6,0,122,80,1193,14.91,7,1,,7,,,51.5,32,ClayMi00
P0340,2004,33,Drew Brees,QB,9,SDG,25,15,15,1,0,241.7,262,400,3159,27,7,53,85,1.6,2,1,1,38,38,0,7,2,2,,,6.2,65,BreeDr00
P0007,2004,34,Rod Smith,WR,15,DEN,34,16,16,0,0,238.7,0,0,0,0,0,5,33,6.6,0,136,79,1144,14.48,7,4,,7,,,45.9,34,SmitRo01
P0336,2004,35,Clinton Portis,RB,9,WAS,23,15,15,0,0,235.6,1,2,15,1,0,343,1315,3.83,5,57,40,235,5.88,2,5,3,7,,,42.3,36,PortCl00
P0354,2004,36,Marc Bulger,QB,10,STL,27,14,14,0,0,235.5,321,485,3964,21,14,19,89,4.68,3,0,0,0,,0,5,4,3,,1,0.0,70,BulgMa00
P0421,2004,37,Nate Burleson,WR,16,MIN,23,16,15,0,0,235.5,0,0,0,0,0,6,49,8.17,0,102,68,1006,14.79,9,1,,10,1,,42.7,35,BurlNa00
P0297,2004,38,Brandon Stokley,WR,17,IND,28,16,3,0,0,233.7,0,0,0,0,0,0,0,,0,102,68,1077,15.84,10,1,1,10,,,40.9,37,StokBr00
P0147,2004,39,Thomas Jones,RB,10,CHI,26,14,14,0,0,233.5,0,0,0,0,0,240,948,3.95,7,72,56,427,7.63,0,2,1,7,,,40.2,38,JoneTh00
P0407,2004,40,Rudi Johnson,RB,11,CIN,25,16,16,1,0,232.8,0,0,0,0,0,361,1454,4.03,12,28,15,84,5.6,0,4,4,12,,,39.5,39,JohnRu00
P0009,2004,41,Ahman Green,RB,12,GNB,27,15,15,1,0,228.6,1,1,20,1,0,259,1163,4.49,7,51,40,275,6.88,1,7,4,8,,,35.3,41,GreeAh00
P0406,2004,42,Andre Johnson,WR,18,HOU,23,16,16,1,0,228.4,0,0,0,0,0,4,12,3,0,138,79,1142,14.46,6,1,1,6,,,35.6,40,JohnAn02
P0260,2004,43,Tom Brady,QB,11,NWE,27,16,16,1,0,226.5,288,474,3692,28,14,43,28,0.65,0,0,0,0,,0,7,4,0,,,-9.0,79,BradTo00
P0453,2004,44,Willis McGahee,RB,13,BUF,23,16,11,0,0,225.7,0,0,0,0,0,284,1128,3.97,13,36,22,169,7.68,0,4,2,13,,,32.4,43,McGaWi00
P0029,2004,45,Jimmy Smith,WR,19,JAX,35,16,16,0,0,225.2,0,0,0,0,0,0,0,,0,137,74,1172,15.84,6,2,1,6,,,32.4,42,SmitJi00
P0030,2004,46,Eric Moulds,WR,20,BUF,31,16,16,0,0,222.2,0,0,0,0,0,5,19,3.8,0,152,88,1043,11.85,5,1,1,5,,,29.4,44,MoulEr00
P0114,2004,47,Eddie Kennison,WR,21,KAN,31,14,14,0,0,222.1,0,0,0,0,0,2,15,7.5,0,106,62,1086,17.52,8,1,,8,1,,29.3,45,KennEd00
P0454,2004,48,Reuben Droughns,RB,14,DEN,26,16,15,0,0,222.1,0,0,0,0,0,275,1240,4.51,6,44,32,241,7.53,2,5,3,8,,,28.8,46,DrouRe00
P0425,2004,49,Jason Witten,TE,3,DAL,22,16,15,1,0,221.0,0,0,0,0,0,0,0,,0,122,87,980,11.26,6,2,1,6,1,,112.6,12,WittJa00
P0040,2004,50,Michael Pittman,RB,15,TAM,29,13,13,0,0,220.7,0,0,0,0,0,219,926,4.23,7,65,41,391,9.54,3,6,6,10,,,27.4,47,PittMi00
P0035,2004,51,Warrick Dunn,RB,16,ATL,29,16,16,0,0,219.0,0,0,0,0,0,265,1106,4.17,9,39,29,294,10.14,0,3,2,9,,,25.7,48,DunnWa00
P0310,2004,52,Michael Vick,QB,12,ATL,24,15,15,1,0,218.7,181,321,2313,14,12,120,902,7.52,3,0,0,0,,0,16,7,3,,,-16.8,84,VickMi00
P0335,2004,53,Jerry Porter,WR,22,OAK,26,16,16,0,0,213.4,0,0,0,0,0,1,-4,-4,0,136,64,998,15.59,9,2,2,9,,,20.6,50,PortJe00
P0103,2004,54,Hines Ward,WR,23,PIT,28,16,16,1,0,212.9,0,0,0,0,0,7,25,3.57,1,108,80,1004,12.55,4,1,,5,,,20.1,52,WardHi00
P0121,2004,55,Priest Holmes,RB,17,KAN,31,8,8,0,0,212.9,0,0,0,0,0,196,892,4.55,14,25,19,187,9.84,1,4,2,15,,,19.6,54,HolmPr00
P0312,2004,56,Deuce McAllister,RB,18,NOR,26,14,14,0,0,210.2,0,0,0,0,0,269,1074,3.99,9,48,34,228,6.71,0,5,4,9,,,16.9,55,McAlDe00
P0257,2004,57,Chris Chambers,WR,24,MIA,26,15,15,0,0,208.4,0,0,0,0,0,9,76,8.44,0,140,69,898,13.01,7,1,1,7,1,,15.6,56,ChamCh00
P0278,2004,58,Matt Hasselbeck,QB,13,SEA,29,14,14,0,0,208.3,279,474,3382,22,15,27,90,3.33,1,0,0,0,,0,5,2,1,,2,-27.2,95,HassMa00
P0022,2004,59,Fred Taylor,RB,19,JAX,28,14,14,0,0,206.9,0,0,0,0,0,260,1224,4.71,2,58,36,345,9.58,1,3,2,3,,,13.6,57,TaylFr00
P0455,2004,60,Nick Goings,RB,20,CAR,26,16,8,0,0,206.5,0,0,0,0,0,217,821,3.78,6,61,45,394,8.76,1,1,1,7,,,13.2,58,GoinNi00
P0361,2004,61,Ashley Lelie,WR,25,DEN,24,16,16,0,0,204.9,0,0,0,0,0,3,5,1.67,0,101,54,1084,20.07,7,0,,7,,,12.1,60,LeliAs00
P0054,2004,62,Keyshawn Johnson,WR,26,DAL,32,16,16,0,0,201.4,0,2,0,0,1,2,13,6.5,0,124,70,981,14.01,6,1,1,6,,,8.6,62,JohnKe00
P0010,2004,63,Randy Moss,WR,27,MIN,27,13,13,0,0,201.2,1,2,37,0,1,0,0,,0,86,49,767,15.65,13,1,1,13,,,8.4,63,MossRa00
P0348,2004,64,David Carr,QB,14,HOU,25,16,16,0,0,201.1,285,466,3531,16,14,73,299,4.1,0,0,0,0,,0,10,3,0,,,-34.4,104,CarrDa00
P0365,2004,65,T.J. Houshmandzadeh,WR,28,CIN,27,16,13,0,0,199.9,0,0,0,0,0,6,51,8.5,0,108,73,978,13.4,4,0,,4,,,7.1,64,HousTJ00
P0456,2004,66,Kevin Jones,RB,21,DET,22,15,14,0,0,193.3,0,0,0,0,0,241,1133,4.7,5,41,28,180,6.43,1,2,1,6,,,0.0,68,JoneKe02
P0457,2004,67,Lee Evans,WR,29,BUF,23,16,11,0,0,192.8,0,0,0,0,0,5,85,17,0,74,48,843,17.56,9,1,1,9,,,0.0,69,EvanLe00
P0183,2004,68,Laveranues Coles,WR,30,WAS,27,16,16,0,0,188.7,0,0,0,0,0,3,-3,-1,0,168,90,950,10.56,1,1,1,1,,,-4.1,73,ColeLa00
P0359,2004,69,Joey Harrington,QB,15,DET,26,16,16,0,0,187.4,274,489,3047,19,12,48,175,3.65,0,0,0,0,,0,6,3,0,,1,-48.1,120,HarrJo00
P0055,2004,70,Jerome Bettis,RB,22,PIT,32,15,6,1,0,187.1,1,1,10,1,0,250,941,3.76,13,8,6,46,7.67,0,1,,13,,,-6.2,74,BettJe00
P0409,2004,71,Byron Leftwich,QB,16,JAX,24,14,14,0,0,186.7,267,441,2941,15,10,39,148,3.79,2,1,1,-7,-7,0,5,3,2,,4,-48.8,121,LeftBy00
P0458,2004,72,Larry Fitzgerald,WR,31,ARI,21,16,16,0,0,185.4,0,0,0,0,0,8,14,1.75,0,115,58,780,13.45,8,1,,8,,,-7.4,76,FitzLa00
P0001,2004,73,Marshall Faulk,RB,23,STL,31,14,14,0,0,184.4,0,0,0,0,0,195,774,3.97,3,65,50,310,6.2,1,2,1,4,2,,-8.9,78,FaulMa00
P0459,2004,74,Roy Williams,WR,32,DET,23,14,12,0,0,181.8,0,1,0,0,0,1,1,1,0,118,54,817,15.13,8,1,1,8,,,-11.0,80,WillRo04
P0046,2004,75,Kerry Collins,QB,17,OAK,32,14,13,0,0,181.4,289,513,3495,21,20,16,36,2.25,0,0,0,0,,0,7,3,0,,,-54.1,125,CollKe00
P0357,2004,76,Randy McMichael,TE,4,MIA,25,16,16,0,0,178.1,0,0,0,0,0,0,0,,0,118,73,791,10.84,4,2,,4,1,,69.7,22,McMiRa01
P0269,2004,77,Kevan Barlow,RB,24,SFO,25,15,14,0,0,176.4,0,0,0,0,0,244,822,3.37,7,45,35,212,6.06,0,2,2,7,,,-16.9,85,BarlKe00
P0067,2004,78,Emmitt Smith,RB,25,ARI,35,15,15,0,0,176.0,1,1,21,1,0,267,937,3.51,9,20,15,105,7,0,4,1,9,,,-17.3,86,SmitEm00
P0068,2004,79,Vinny Testaverde,QB,18,DAL,41,16,15,0,0,175.1,297,495,3532,17,20,21,38,1.81,1,0,0,0,,0,8,3,1,,1,-60.4,130,TestVi00
P0283,2004,80,Eric Johnson,TE,5,SFO,25,16,14,0,0,174.5,0,0,0,0,0,0,0,,0,117,82,825,10.06,2,1,1,2,,,66.1,24,JohnEr00
P0460,2004,81,Larry Johnson,RB,26,KAN,25,10,3,0,0,173.9,0,0,0,0,0,120,581,4.84,9,29,22,278,12.64,2,0,,11,,,-19.4,87,JohnLa00
P0461,2004,82,Chris Brown,RB,27,TEN,23,11,11,0,0,169.4,0,0,0,0,0,220,1067,4.85,6,33,20,147,7.35,0,6,4,6,,,-23.9,91,BrowCh03
P0346,2004,83,Donte' Stallworth,WR,33,NOR,24,16,10,0,0,168.4,0,0,0,0,0,6,37,6.17,0,106,58,767,13.22,5,0,,5,,,-24.4,93,StalDo00
P0337,2004,84,Chad Pennington,QB,19,NYJ,28,13,13,0,0,167.5,242,370,2673,16,9,34,126,3.71,1,0,0,0,,0,5,2,1,,,-68.0,139,PennCh01
P0462,2004,85,Ben Roethlisberger,QB,20,PIT,22,14,13,0,0,167.2,196,295,2621,17,11,56,144,2.57,1,0,0,0,,0,2,2,1,,,-68.3,140,RoetBe00
P0144,2004,86,David Patten,WR,34,NWE,30,16,11,0,0,166.5,0,0,0,0,0,1,5,5,0,95,44,800,18.18,7,0,,7,,,-26.3,94,PattDa00
P0219,2004,87,Jermaine Wiggins,TE,6,MIN,29,14,13,0,0,165.5,0,0,0,0,0,0,0,,0,92,71,705,9.93,4,1,,4,,,57.1,27,WiggJe00
P0043,2004,88,Jamal Lewis,RB,28,BAL,25,12,12,0,0,164.2,0,0,0,0,0,235,1006,4.28,7,12,10,116,11.6,0,2,,7,,,-29.1,96,LewiJa00
P0341,2004,89,Jeremy Shockey,TE,7,NYG,24,15,15,0,0,163.6,0,0,0,0,0,0,0,,0,97,61,666,10.92,6,1,,6,,,55.2,30,ShocJe00
P0410,2004,90,David Givens,WR,35,NWE,24,15,12,0,0,161.4,0,0,0,0,0,0,0,,0,106,56,874,15.61,3,0,,3,,,-31.4,98,GiveDa00
P0345,2004,91,Antonio Bryant,WR,36,2TM,23,15,8,0,0,161.2,0,0,0,0,0,0,0,,0,99,58,812,14,4,1,1,4,,,-31.6,99,BryaAn00
P0085,2004,92,Marcus Robinson,WR,37,MIN,29,16,7,0,0,160.7,0,0,0,0,0,0,0,,0,79,47,657,13.98,8,1,,8,,,-32.1,100,RobiMa00
P0356,2004,93,Santana Moss,WR,38,NYJ,25,15,14,0,0,160.6,0,0,0,0,0,6,18,3,0,78,45,838,18.62,5,2,,5,,,-32.2,101,MossSa00
P0295,2004,94,Alge Crumpler,TE,8,ATL,27,14,14,1,0,159.4,0,0,0,0,0,0,0,,0,74,48,774,16.13,6,1,1,6,,,51.0,33,CrumAl00
P0463,2004,95,Billy Volek,QB,21,TEN,28,10,8,0,0,159.4,218,357,2486,18,10,11,50,4.55,1,1,1,0,0,0,6,2,1,,,-76.1,148,VoleBi00
P0057,2004,96,Drew Bledsoe,QB,22,BUF,32,16,16,0,0,159.0,256,450,2932,20,16,22,37,1.68,0,0,0,0,,0,9,5,0,,,-76.5,149,BledDr00
P0464,2004,97,Carson Palmer,QB,23,CIN,25,13,13,0,0,158.6,263,432,2897,18,18,18,47,2.61,1,0,0,0,,0,2,2,1,,,-76.9,150,PalmCa00
P0440,2004,98,Derrick Blaylock,RB,29,KAN,25,12,5,0,0,157.5,0,0,0,0,0,118,539,4.57,8,36,25,246,9.84,1,0,,9,,,-35.8,106,BlayDe00
P0386,2004,99,Justin McCareins,WR,39,NYJ,26,16,16,0,0,156.5,0,0,0,0,0,2,-5,-2.5,0,90,56,770,13.75,4,3,,4,,,-36.3,107,McCaJu00
P0064,2004,100,Brian Griese,QB,24,TAM,29,11,10,0,0,155.6,233,336,2632,20,12,30,17,0.57,0,1,1,-4,-4,0,6,4,0,,,-79.9,151,GrieBr00
P0083,2004,101,Johnnie Morton,WR,40,KAN,33,13,12,0,0,154.8,0,0,0,0,0,7,43,6.14,0,79,55,795,14.45,3,2,1,3,,,-38.0,109,MortJo00
P0411,2004,102,Onterrio Smith,RB,30,MIN,24,11,6,0,0,153.8,0,0,0,0,0,124,544,4.39,2,45,36,394,10.94,2,2,1,4,1,,-39.5,112,SmitOn00
P0465,2004,103,Ronald Curry,WR,41,OAK,25,12,3,0,0,153.6,0,1,0,0,0,1,-3,-3,0,70,50,679,13.58,6,1,,6,,,-39.2,111,CurrRo01
P0466,2004,104,Keary Colbert,WR,42,CAR,22,15,15,0,0,152.4,0,0,0,0,0,0,0,,0,92,47,754,16.04,5,1,1,5,1,,-40.4,113,ColbKe00
P0158,2004,105,Dennis Northcutt,WR,43,CLE,27,16,11,0,0,147.5,0,0,0,0,0,8,19,2.38,0,94,55,806,14.65,2,2,1,2,,,-45.3,115,NortDe00
P0264,2004,106,Rod Gardner,WR,44,WAS,27,16,14,0,0,146.7,0,3,0,0,0,3,7,2.33,0,106,51,650,12.75,5,0,,5,,,-46.1,118,GardRo00
P0467,2004,107,Julius Jones,RB,31,DAL,23,8,7,0,0,145.8,0,0,0,0,0,197,819,4.16,7,26,17,109,6.41,0,3,3,7,,,-47.5,119,JoneJu01
P0437,2004,108,Kyle Boller,QB,25,BAL,23,16,16,0,0,145.3,258,464,2559,13,11,53,189,3.57,1,0,0,0,,0,11,7,1,,1,-90.2,158,BollKy00
P0439,2004,109,Eric Parker,WR,45,SDG,25,15,13,0,0,143.3,0,0,0,0,0,4,53,13.25,0,71,47,690,14.68,4,5,1,4,,,-49.5,122,ParkEr00
P0431,2004,110,Josh McCown,QB,26,ARI,25,14,13,0,0,140.1,233,408,2511,11,10,36,112,3.11,2,1,1,-5,-5,0,12,5,2,1,,-95.4,165,McCoJo01
P0451,2004,111,Brandon Lloyd,WR,46,SFO,23,13,13,0,0,137.5,0,0,0,0,0,0,0,,0,89,43,565,13.14,6,0,,6,1,,-55.3,126,LloyBr00
P0224,2004,112,Plaxico Burress,WR,47,PIT,27,11,11,0,0,134.8,0,0,0,0,0,0,0,,0,59,35,698,19.94,5,1,,5,,,-58.0,129,BurrPl00
P0402,2004,113,Chester Taylor,RB,32,BAL,25,16,4,0,0,129.8,0,0,0,0,0,160,714,4.46,2,38,30,184,6.13,0,1,1,2,,,-63.5,134,TaylCh01
P0419,2004,114,Cedrick Wilson,WR,48,SFO,26,15,15,0,0,129.7,0,0,0,0,0,1,6,6,0,85,47,641,13.64,3,0,,3,,,-63.1,133,WilsCe00
P0468,2004,115,Steven Jackson,RB,33,STL,21,14,3,0,0,129.2,0,0,0,0,0,134,673,5.02,4,24,19,189,9.95,0,1,1,4,1,,-64.1,135,JackSt00
P0292,2004,116,Amos Zereoue,RB,34,OAK,28,15,6,0,0,125.9,0,0,0,0,0,112,425,3.79,3,48,39,284,7.28,0,1,1,3,,,-67.4,136,ZereAm00
P0351,2004,117,Antwaan Randle El,WR,49,PIT,25,16,7,0,0,124.9,1,1,10,1,0,8,34,4.25,0,63,43,601,13.98,3,5,2,3,,,-67.9,137,RandAn00
P0102,2004,118,Peerless Price,WR,50,ATL,28,16,15,0,0,124.9,1,1,25,0,0,3,34,11.33,0,106,45,575,12.78,3,0,,3,,,-67.9,138,PricPe00
P0469,2004,119,Lee Suggs,RB,35,CLE,24,10,3,0,0,124.2,0,0,0,0,0,199,744,3.74,2,36,20,178,8.9,1,6,3,3,,,-69.1,142,SuggLe00
P0037,2004,120,Amani Toomer,WR,51,NYG,30,15,14,0,0,123.7,0,0,0,0,0,0,0,,0,107,51,747,14.65,0,1,1,0,,,-69.1,141,ToomAm00
P0113,2004,121,Sammy Morris,RB,36,MIA,27,13,8,0,0,122.7,0,0,0,0,0,132,523,3.96,6,28,22,124,5.64,0,1,,6,,,-70.6,144,MorrSa00
P0403,2004,122,Anquan Boldin,WR,52,ARI,24,10,9,0,0,122.6,0,0,0,0,0,1,3,3,0,104,56,623,11.13,1,1,1,1,,,-70.2,143,BoldAn00
P0135,2004,123,Marty Booker,WR,53,MIA,28,15,15,0,0,120.9,1,1,48,0,0,1,-8,-8,0,105,50,638,12.76,1,0,,1,,,-71.9,145,BookMa00
P0362,2004,124,Jabar Gaffney,WR,54,HOU,24,16,12,0,0,119.2,0,3,0,0,0,4,30,7.5,0,68,41,632,15.41,2,1,,2,,,-73.6,146,GaffJa00
P0280,2004,125,David Terrell,WR,55,CHI,25,16,15,0,0,116.9,0,0,0,0,0,3,10,3.33,0,90,42,699,16.64,1,1,1,1,,,-75.9,147,TerrDa00
P0265,2004,126,Joey Galloway,WR,56,TAM,33,10,7,0,0,112.5,0,0,0,0,0,2,19,9.5,0,53,33,416,12.61,5,3,,6,,,-80.3,152,GallJo00
P0167,2004,127,Bubba Franks,TE,9,GNB,26,16,14,0,0,112.1,0,0,0,0,0,0,0,,0,50,34,361,10.62,7,0,,7,,,3.7,66,FranBu00
P0192,2004,128,Antowain Smith,RB,37,TEN,32,13,4,0,0,111.8,0,0,0,0,0,137,509,3.72,4,26,22,169,7.68,0,2,1,4,,,-81.5,153,SmitAn00
P0270,2004,129,Todd Pinkston,WR,57,PHI,27,16,16,0,0,109.6,0,0,0,0,0,0,0,,0,63,36,676,18.78,1,0,,1,,,-83.2,154,PinkTo00
P0414,2004,130,Daniel Graham,TE,10,NWE,26,14,14,0,0,108.4,0,0,0,0,0,0,0,,0,48,30,364,12.13,7,0,,7,,,0.0,67,GrahDa00
P0422,2004,131,Bryant Johnson,WR,58,ARI,23,16,11,0,0,108.1,0,0,0,0,0,2,-6,-3,0,102,49,537,10.96,1,1,,1,,,-84.7,155,JohnBr02
P0444,2004,132,Tim Rattay,QB,27,SFO,27,9,9,0,0,106.3,198,325,2169,10,10,12,55,4.58,0,0,0,0,,0,11,6,0,1,2,-129.2,220,RattTi00
P0003,2004,133,Jeff Garcia,QB,28,CLE,34,11,10,0,0,106.1,144,252,1731,10,9,35,169,4.83,2,0,0,0,,0,9,7,2,,,-129.4,222,GarcJe00
P0309,2004,134,Troy Edwards,WR,59,JAX,27,16,4,0,0,105.5,0,0,0,0,0,2,2,1,0,80,50,533,10.66,1,3,2,1,,,-87.3,156,EdwaTr00
P0470,2004,135,Jeb Putzier,TE,11,DEN,25,16,5,0,0,105.2,0,0,0,0,0,0,0,,0,54,36,572,15.89,2,0,,2,,,-3.2,71,PutzJe00
P0471,2004,136,Chris Cooley,TE,12,WAS,22,16,9,0,0,104.4,0,0,0,0,0,0,0,,0,63,37,314,8.49,6,0,,6,,,-4.0,72,CoolCh00
P0384,2004,137,Tony Fisher,RB,38,GNB,25,16,0,0,0,104.4,1,1,8,1,0,65,224,3.45,0,44,38,277,7.29,2,1,,2,,,-88.9,157,FishTo00
P0360,2004,138,Deion Branch,WR,60,NWE,25,9,9,0,0,102.4,0,0,0,0,0,0,0,,0,51,35,454,12.97,4,1,1,4,,,-90.4,159,BranDe00
P0097,2004,139,Az-Zahir Hakim,WR,61,DET,27,12,5,0,0,102.3,0,0,0,0,0,1,0,0,0,57,31,533,17.19,3,0,,3,,,-90.5,160,HakiAz00
P0435,2004,140,L.J. Smith,TE,13,PHI,24,16,8,0,0,101.7,0,0,0,0,0,0,0,,0,54,34,377,11.09,5,0,,5,,,-6.7,75,SmitL.00
P0112,2004,141,Shawn Bryson,RB,39,DET,28,16,1,0,0,100.6,0,0,0,0,0,50,264,5.28,0,57,44,322,7.32,0,1,1,0,,,-92.7,162,BrysSh00
P0472,2004,142,Shaun McDonald,WR,62,STL,23,16,0,0,0,100.4,0,0,0,0,0,4,0,0,0,68,37,494,13.35,3,4,2,3,,,-92.4,161,McDoSh00
P0074,2004,143,Freddie Jones,TE,14,ARI,30,16,15,0,0,99.6,0,0,0,0,0,0,0,,0,74,45,426,9.47,2,0,,2,,,-8.8,77,JoneFr00
P0368,2004,144,T.J. Duckett,RB,40,ATL,23,13,0,0,0,99.4,0,0,0,0,0,104,509,4.89,8,3,3,15,5,0,2,2,8,,,-93.9,163,DuckT.00
P0061,2004,145,Kurt Warner,QB,29,NYG,33,10,9,0,0,99.2,174,277,2054,6,4,13,30,2.31,1,0,0,0,,0,12,4,1,,,-136.3,234,WarnKu00
P0086,2004,146,Curtis Conway,WR,63,SFO,33,16,5,0,0,98.3,0,0,0,0,0,0,0,,0,75,38,403,10.61,3,0,,3,1,,-94.5,164,ConwCu00
P0473,2004,147,Doug Gabriel,WR,64,OAK,24,16,5,0,0,96.8,0,0,0,0,0,2,7,3.5,0,79,33,551,16.7,2,2,2,2,,,-96.0,166,GabrDo00
P0162,2004,148,Duce Staley,RB,41,PIT,29,10,10,0,0,96.5,0,0,0,0,0,192,830,4.32,1,12,6,55,9.17,0,3,2,1,,,-96.8,168,StalDu00
P0111,2004,149,Jerome Pathon,WR,65,NOR,29,15,7,0,0,96.1,0,0,0,0,0,0,0,,0,67,34,581,17.09,1,1,1,1,,,-96.7,167,PathJe00
P0298,2004,150,Bobby Engram,WR,66,SEA,31,13,7,0,0,95.9,0,0,0,0,0,0,0,,0,53,36,499,13.86,2,1,1,2,,,-96.9,169,EngrBo00
P0149,2004,151,Marcus Pollard,TE,15,IND,32,13,13,0,0,95.9,0,0,0,0,0,0,0,,0,41,29,309,10.66,6,0,,6,,,-12.5,81,PollMa00
P0474,2004,152,Bobby Wade,WR,67,CHI,23,16,14,0,0,95.7,0,0,0,0,0,12,76,6.33,0,89,42,481,11.45,0,2,1,0,,,-97.1,170,WadeBo00
P0430,2004,153,Dallas Clark,TE,16,IND,25,15,13,0,0,95.3,0,0,0,0,0,0,0,,0,39,25,423,16.92,5,2,1,5,,,-13.1,82,ClarDa00
P0066,2004,154,Ike Hilliard,WR,68,NYG,28,16,15,0,0,94.1,0,0,0,0,0,3,34,11.33,0,81,49,437,8.92,0,3,1,0,,,-98.7,171,HillIk00
P0124,2004,155,Ken Dilger,TE,17,TAM,33,16,14,0,0,93.5,0,0,0,0,0,0,0,,0,55,39,345,8.85,3,0,,3,1,,-14.9,83,DilgKe00
P0279,2004,156,Koren Robinson,WR,69,SEA,24,10,8,0,0,92.8,0,0,0,0,0,1,3,3,0,67,31,495,15.97,2,0,,2,,,-100.0,172,RobiKo00
P0071,2004,157,Kevin Faulk,RB,42,NWE,28,11,1,0,0,92.3,0,0,0,0,0,54,255,4.72,2,30,26,248,9.54,1,2,1,3,,,-101.0,173,FaulKe00
P0399,2004,158,A.J. Feeley,QB,30,MIA,27,11,8,0,0,91.0,191,356,1893,11,15,14,13,0.93,1,0,0,0,,0,10,5,1,,2,-144.5,242,FeelA.00
P0058,2004,159,Jerry Rice,WR,70,2TM,42,17,14,0,0,90.9,0,0,0,0,0,0,0,,0,64,30,429,14.3,3,0,,3,,,-101.9,174,RiceJe00
P0289,2004,160,Quincy Morgan,WR,71,2TM,27,15,12,0,0,89.7,0,0,0,0,0,2,23,11.5,0,68,31,404,13.03,3,1,1,3,,,-103.1,175,MorgQu00
P0347,2004,161,William Green,RB,43,CLE,25,15,13,0,0,88.9,0,0,0,0,0,163,585,3.59,2,22,14,84,6,0,3,2,2,,,-104.4,177,GreeWi01
P0475,2004,162,Mewelde Moore,RB,44,MIN,22,10,3,0,0,88.7,0,1,0,0,0,65,379,5.83,0,32,27,238,8.81,0,0,,0,,,-104.6,178,MoorMe00
P0476,2004,163,Kevin Curtis,WR,72,STL,26,15,0,0,0,88.5,0,0,0,0,0,3,24,8,0,50,32,421,13.16,2,1,1,2,1,,-104.3,176,CurtKe00
P0477,2004,164,Aaron Stecker,RB,45,NOR,29,16,3,0,0,86.8,0,0,0,0,0,58,244,4.21,2,38,29,174,6,0,1,1,3,,,-106.5,180,StecAa00
P0424,2004,165,Kelley Washington,WR,73,CIN,25,16,2,0,0,86.7,0,0,0,0,0,1,-1,-1,0,50,31,378,12.19,3,0,,3,,,-106.1,179,WashKe00
P0478,2004,166,Steve Heiden,TE,18,CLE,28,13,13,0,0,86.7,0,0,0,0,0,0,0,,0,42,28,287,10.25,5,1,1,5,1,,-21.7,88,HeidSt00
P0416,2004,167,Jerald Sowell,FB,1,NYJ,30,16,16,0,0,86.0,0,0,0,0,0,2,28,14,0,59,45,342,7.6,1,1,1,1,,,-107.3,181,SoweJe00
P0379,2004,168,Jerramy Stevens,TE,19,SEA,25,16,5,0,0,85.9,0,0,0,0,0,0,0,,0,47,31,349,11.26,3,0,,3,1,,-22.5,89,StevJe00
P0282,2004,169,Corey Bradford,WR,74,HOU,29,15,10,0,0,84.9,0,0,0,0,0,0,0,,0,54,27,399,14.78,3,0,,3,,,-107.9,182,BradCo00
P0132,2004,170,Stephen Alexander,TE,20,DET,29,16,15,0,0,84.7,0,0,0,0,0,0,0,,0,76,41,377,9.2,1,0,,1,,,-23.7,90,AlexSt00
P0142,2004,171,Ricky Proehl,WR,75,CAR,36,16,3,0,0,84.6,0,1,0,0,0,1,9,9,0,70,34,497,14.62,0,0,,0,,,-108.2,183,ProeRi00
P0374,2004,172,Patrick Ramsey,QB,31,WAS,25,9,7,0,0,84.5,169,272,1665,10,11,10,19,1.9,0,0,0,0,,0,6,1,0,,,-151.0,245,RamsPa00
P0296,2004,173,Moe Williams,RB,46,MIN,30,14,1,0,0,84.4,0,0,0,0,0,30,161,5.37,3,27,21,233,11.1,1,0,,4,,,-108.9,184,WillMo00
P0230,2004,174,Kris Mangum,TE,21,CAR,31,15,10,0,0,84.3,0,0,0,0,0,0,0,,0,58,34,323,9.5,3,0,,3,,,-24.1,92,MangKr00
P0318,2004,175,LaMont Jordan,RB,47,NYJ,26,16,0,0,0,84.1,0,1,0,0,1,93,479,5.15,2,16,15,112,7.47,0,1,,2,,,-109.2,185,JordLa00
P0179,2004,176,Dorsey Levens,RB,48,PHI,34,15,5,0,0,83.2,0,0,0,0,0,94,410,4.36,4,14,9,92,10.22,0,0,,4,,,-110.1,187,LeveDo00
P0344,2004,177,Derrius Thompson,WR,76,MIA,27,16,3,0,0,82.9,0,0,0,0,0,0,0,,0,48,23,359,15.61,4,0,,4,,,-109.9,186,ThomDe00
P0005,2004,178,Eddie George,RB,49,DAL,31,13,8,0,0,82.5,0,0,0,0,0,132,432,3.27,4,13,9,83,9.22,0,3,1,4,,,-110.8,188,GeorEd00
P0070,2004,179,Steve McNair,QB,32,TEN,31,8,8,0,0,82.5,129,215,1343,8,9,23,128,5.57,1,0,0,0,,0,5,3,1,1,,-153.0,246,McNaSt00
P0267,2004,180,Michael Bennett,RB,50,MIN,26,11,7,0,0,81.3,0,0,0,0,0,70,276,3.94,1,23,21,207,9.86,1,1,,2,,,-112.0,189,BennMi00
P0254,2004,181,Anthony Thomas,RB,51,CHI,27,12,2,0,0,80.6,0,0,0,0,0,122,404,3.31,2,23,17,132,7.76,0,1,1,2,,,-112.7,191,ThomAn01
P0288,2004,182,Dez White,WR,77,ATL,25,16,15,0,0,80.4,0,0,0,0,0,3,14,4.67,0,56,30,370,12.33,2,0,,2,,,-112.4,190,WhitDe00
P0065,2004,183,Richie Anderson,FB,2,DAL,33,12,4,0,0,80.3,1,1,26,1,0,57,246,4.32,1,41,26,207,7.96,0,1,1,1,,,-113.0,192,AndeRi00
P0148,2004,184,Mike Alstott,FB,3,TAM,31,14,11,0,0,80.2,0,0,0,0,0,67,230,3.43,2,41,29,202,6.97,0,2,2,2,,,-113.1,193,AlstMi00
P0056,2004,185,Tyrone Wheatley,RB,52,OAK,32,8,7,0,0,79.5,0,0,0,0,0,85,327,3.85,4,15,15,78,5.2,0,0,,4,,,-113.8,195,WheaTy00
P0479,2004,186,Clarence Moore,WR,78,BAL,22,15,6,0,0,79.3,0,0,0,0,0,0,0,,0,58,24,293,12.21,4,0,,4,1,,-113.5,194,MoorCl00
P0311,2004,187,Boo Williams,TE,22,NOR,25,16,7,0,0,79.2,0,0,0,0,0,0,0,,0,75,33,362,10.97,2,2,1,2,,,-29.2,97,WillBo00
P0480,2004,188,Darius Watts,WR,79,DEN,23,16,2,0,0,78.8,0,0,0,0,0,5,33,6.6,0,53,31,385,12.42,1,1,,1,,,-114.0,196,WattDa00
P0371,2004,189,Jonathan Wells,RB,53,HOU,25,16,1,0,0,78.8,0,0,0,0,0,82,299,3.65,3,16,11,79,7.18,2,1,1,5,1,,-114.5,197,WellJo00
P0275,2004,190,Travis Minor,RB,54,MIA,25,11,4,0,0,77.3,0,0,0,0,0,109,388,3.56,3,27,13,75,5.77,0,0,,3,,,-116.0,198,MinoTr00
P0049,2004,191,Wayne Chrebet,WR,80,NYJ,31,16,1,0,0,76.7,0,0,0,0,0,0,0,,0,54,31,397,12.81,1,0,,1,,,-116.1,199,ChreWa00
P0038,2004,192,Keenan McCardell,WR,81,SDG,34,7,6,0,0,76.6,0,1,0,0,0,1,3,3,0,58,31,393,12.68,1,0,,1,,,-116.2,200,McCaKe00
P0481,2004,193,Derick Armstrong,WR,82,HOU,25,14,1,0,0,76.5,0,0,0,0,0,0,0,,0,39,29,415,14.31,1,0,,1,,,-116.3,201,ArmsDe00
P0122,2004,194,Kevin Johnson,WR,83,BAL,28,16,5,0,0,76.3,0,0,0,0,0,1,0,0,0,61,35,373,10.66,1,1,1,1,,,-116.5,202,JohnKe01
P0193,2004,195,William Henderson,FB,4,GNB,33,16,8,1,1,75.9,0,0,0,0,0,0,0,,0,40,34,239,7.03,3,0,,3,,,-117.4,204,HendWi00
P0045,2004,196,Terry Glenn,WR,84,DAL,30,6,6,0,0,75.7,0,1,0,0,0,1,-3,-3,0,38,24,400,16.67,2,0,,2,,,-117.1,203,GlenTe00
P0339,2004,197,Todd Heap,TE,23,BAL,24,6,5,0,0,75.3,0,0,0,0,0,0,0,,0,44,27,303,11.22,3,0,,3,,,-33.1,102,HeapTo00
P0181,2004,198,Aaron Shea,TE,24,CLE,28,15,8,0,0,75.2,0,0,0,0,0,0,0,,0,48,26,252,9.69,4,0,,4,,,-33.2,103,SheaAa00
P0176,2004,199,Travis Taylor,WR,85,BAL,26,10,9,0,0,74.1,0,0,0,0,0,0,0,,0,80,34,421,12.38,0,1,1,0,,,-118.7,205,TaylTr01
P0200,2004,200,Brad Hoover,FB,5,CAR,28,14,9,0,0,73.7,0,0,0,0,0,68,246,3.62,0,32,21,161,7.67,2,0,,2,,,-119.6,206,HoovBr00
P0082,2004,201,Chad Lewis,TE,25,PHI,33,15,9,0,0,73.7,0,0,0,0,0,0,0,,0,46,29,267,9.21,3,0,,3,,,-34.7,105,LewiCh00
P0482,2004,202,Maurice Hicks,RB,55,SFO,26,9,2,0,0,73.6,0,0,0,0,0,96,362,3.77,2,25,16,154,9.63,0,3,3,2,,,-119.7,207,HickMa00
P0212,2004,203,Joe Jurevicius,WR,86,TAM,30,10,3,0,0,72.3,0,0,0,0,0,0,0,,0,37,27,333,12.33,2,0,,2,,,-120.5,208,JureJo00
P0210,2004,204,Obafemi Ayanbadejo,FB,6,ARI,29,16,5,0,0,72.3,0,0,0,0,0,30,122,4.07,3,25,19,171,9,1,1,,4,,,-121.0,209,AyanOb00
P0483,2004,205,Ben Troupe,TE,26,TEN,22,14,7,0,0,71.9,0,0,0,0,0,0,0,,0,54,33,329,9.97,1,2,,1,,,-36.5,108,TrouBe00
P0316,2004,206,Freddie Mitchell,WR,87,PHI,26,16,9,0,0,71.7,0,0,0,0,0,0,0,,0,45,22,377,17.14,2,0,,2,,,-121.1,210,MitcFr00
P0392,2004,207,Reche Caldwell,WR,88,SDG,25,6,6,0,0,71.5,0,0,0,0,0,4,45,11.25,0,29,18,310,17.22,3,1,,3,,,-121.3,211,CaldRe00
P0484,2004,208,Verron Haynes,RB,56,PIT,25,13,0,0,0,71.4,0,0,0,0,0,55,272,4.95,0,23,18,142,7.89,2,0,,2,,,-121.9,212,HaynVe00
P0369,2004,209,Doug Jolley,TE,27,OAK,25,16,13,0,0,70.3,0,0,0,0,0,0,0,,0,48,27,313,11.59,2,0,,2,,,-38.1,110,JollDo00
P0485,2004,210,Randy Hymes,WR,89,BAL,25,14,7,0,0,70.3,0,1,0,0,0,0,0,,0,48,26,323,12.42,2,0,,2,,,-122.5,213,HymeRa00
P0353,2004,211,Andre' Davis,WR,90,CLE,25,7,7,0,0,69.3,0,0,0,0,0,1,-3,-3,0,35,16,416,26,2,0,,2,,,-123.5,214,DaviAn01
P0383,2004,212,Ladell Betts,RB,57,WAS,25,16,1,0,0,68.9,0,0,0,0,0,90,371,4.12,1,25,15,108,7.2,0,0,,1,,,-124.4,216,BettLa00
P0378,2004,213,Robert Ferguson,WR,91,GNB,25,13,5,0,0,68.7,0,0,0,0,0,0,0,,0,49,24,367,15.29,1,1,,1,1,,-124.1,215,FergRo00
P0486,2004,214,Tatum Bell,RB,58,DEN,23,14,0,0,0,68.6,0,0,0,0,0,75,396,5.28,3,7,5,80,16,0,1,1,3,,,-124.7,217,BellTa00
P0388,2004,215,Mark Campbell,TE,28,BUF,29,12,12,0,0,67.3,0,0,0,0,0,0,0,,0,30,17,203,11.94,5,1,,5,,,-41.1,114,CampMa00
P0042,2004,216,Mark Brunell,QB,33,WAS,34,9,9,0,0,66.0,118,237,1194,7,6,19,62,3.26,0,0,0,0,,0,6,3,0,,1,-169.5,247,BrunMa00
P0150,2004,217,J.R. Redmond,RB,59,OAK,27,16,1,0,0,65.2,0,0,0,0,0,21,119,5.67,0,50,32,233,7.28,0,2,1,0,,,-128.1,218,RedmJ.00
P0436,2004,218,LaBrandon Toefield,RB,60,JAX,24,14,0,0,0,64.0,0,0,0,0,0,51,169,3.31,0,34,28,151,5.39,1,1,1,1,,,-129.3,221,ToefLa00
P0366,2004,219,Dante Hall,WR,92,KAN,26,16,6,0,0,63.6,0,0,0,0,0,8,56,7,0,38,25,230,9.2,0,1,1,2,,,-129.2,219,HallDa00
P0390,2004,220,Matt Schobel,TE,29,CIN,26,16,1,0,0,63.1,0,0,0,0,0,0,0,,0,33,21,201,9.57,4,1,1,4,,,-45.3,116,SchoMa00
P0245,2004,221,Erron Kinney,TE,30,TEN,27,9,9,0,0,62.3,0,0,0,0,0,0,0,,0,30,25,193,7.72,3,0,,3,,,-46.1,117,KinnEr00
P0355,2004,222,Kenny Watson,RB,61,CIN,26,16,0,0,0,62.2,0,0,0,0,0,26,161,6.19,0,35,25,171,6.84,1,2,1,1,,,-131.1,225,WatsKe00
P0231,2004,223,Tai Streets,WR,93,DET,27,13,12,0,0,62.0,0,0,0,0,0,0,0,,0,56,28,260,9.29,1,0,,1,1,,-130.8,223,StreTa00
P0487,2004,224,Reggie Williams,WR,94,JAX,21,16,15,0,0,61.8,0,0,0,0,0,0,0,,0,54,27,268,9.93,1,1,1,1,2,,-131.0,224,WillRe00
P0488,2004,225,Patrick Pass,FB,7,NWE,27,14,4,0,0,61.6,0,0,0,0,0,39,141,3.62,0,32,28,215,7.68,0,1,1,0,,,-131.7,226,PassPa00
P0489,2004,226,Jesse Chatman,RB,62,SDG,25,15,0,0,0,60.9,0,0,0,0,0,65,392,6.03,3,2,2,17,8.5,0,1,,3,,,-132.4,227,ChatJe00
P0490,2004,227,Ernest Wilford,WR,95,JAX,25,15,3,0,0,60.1,0,0,0,0,0,0,0,,0,35,19,271,14.26,2,0,,2,1,,-132.7,228,WilfEr00
P0491,2004,228,Quentin Griffin,RB,63,DEN,23,6,4,0,0,59.9,0,0,0,0,0,85,311,3.66,2,14,10,68,6.8,1,3,3,3,,,-133.4,230,GrifQu00
P0178,2004,229,Zack Crockett,FB,8,OAK,32,16,9,0,0,59.9,0,0,0,0,0,48,232,4.83,2,20,16,87,5.44,0,0,,2,,,-133.4,231,CrocZa00
P0413,2004,230,Kelly Campbell,WR,96,MIN,24,16,3,0,0,59.8,0,0,0,0,0,3,4,1.33,0,32,19,364,19.16,1,1,1,1,,,-133.0,229,CampKe00
P0286,2004,231,Brian Finneran,WR,97,ATL,28,12,1,0,0,58.8,0,0,0,0,0,0,0,,0,33,23,258,11.22,2,1,1,2,,,-134.0,232,FinnBr00
P0492,2004,232,Chris Baker,TE,31,NYJ,25,16,0,0,0,58.2,0,0,0,0,0,0,0,,0,29,18,182,10.11,4,1,1,4,,,-50.2,123,BakeCh00
P0448,2004,233,Kassim Osgood,WR,98,SDG,24,16,7,0,0,57.8,0,0,0,0,0,0,0,,0,33,15,308,20.53,2,0,,2,,,-135.0,233,OsgoKa00
P0092,2004,234,Jay Fiedler,QB,34,MIA,33,8,7,0,0,57.3,101,190,1186,7,8,12,59,4.92,0,0,0,0,,0,9,4,0,,,-178.2,248,FiedJa00
P0164,2004,235,Desmond Clark,TE,32,CHI,27,15,13,0,0,56.2,0,0,0,0,0,0,0,,0,49,24,282,11.75,1,1,1,1,,,-52.2,124,ClarDe00
P0442,2004,236,Najeh Davenport,RB,64,GNB,25,11,1,0,0,55.2,0,0,0,0,0,71,359,5.06,2,4,4,33,8.25,0,1,,2,,,-138.1,235,DaveNa00
P0493,2004,237,Antonio Chatman,WR,99,GNB,25,16,2,0,0,54.2,0,0,0,0,0,4,36,9,0,45,22,246,11.18,1,3,1,1,,,-138.6,236,ChatAn00
P0418,2004,238,DeShaun Foster,RB,65,CAR,24,4,3,0,0,54.1,0,0,0,0,0,59,255,4.32,2,10,9,76,8.44,0,0,,2,,,-139.2,238,FostDe00
P0441,2004,239,Justin Griffith,FB,9,ATL,24,12,11,0,0,53.9,0,0,0,0,0,9,39,4.33,0,31,22,220,10,1,0,,1,,,-139.4,239,GrifJu00
P0494,2004,240,Eddie Berlin,WR,100,TEN,26,16,1,0,0,53.8,0,0,0,0,0,0,0,,0,41,20,278,13.9,1,0,,1,,,-139.0,237,BerlEd00
P0170,2004,241,Itula Mili,TE,33,SEA,31,15,4,0,0,53.0,0,0,0,0,0,0,0,,0,36,23,240,10.43,1,0,,1,,,-55.4,127,MiliIt00
P0495,2004,242,Daniel Wilcox,TE,34,BAL,27,16,5,0,0,52.9,0,0,0,0,0,0,0,,0,35,25,219,8.76,1,1,,1,,,-55.5,128,WilcDa01
P0496,2004,243,Bernard Berrian,WR,101,CHI,24,16,1,0,0,52.3,0,0,0,0,0,8,28,3.5,0,44,15,225,15,2,0,,2,,,-140.5,240,BerrBe00
P0497,2004,244,Troy Fleming,RB,66,TEN,24,16,0,0,0,51.4,0,0,0,0,0,7,40,5.71,0,28,19,164,8.63,2,0,,2,,,-141.9,241,FlemTr00
P0498,2004,245,Ken Dorsey,QB,35,SFO,23,8,7,0,0,49.9,123,226,1231,6,9,5,7,1.4,0,0,0,0,,0,5,3,0,,,-185.6,249,DorsKe00
P0499,2004,246,Eli Manning,QB,36,NYG,23,9,7,0,0,49.2,95,197,1043,6,9,6,35,5.83,0,0,0,0,,0,3,1,0,,,-186.3,250,MannEl00
P0032,2004,247,Tim Brown,WR,102,TAM,38,15,4,0,0,48.0,0,0,0,0,0,0,0,,0,31,24,200,8.33,1,2,1,1,,,-144.8,243,BrowTi00
P0125,2004,248,Dwayne Carswell,TE,35,DEN,32,15,14,0,0,47.8,0,0,0,0,0,0,0,,0,36,22,198,9,1,0,,1,,,-60.6,131,CarsDw00
P0500,2004,249,Shad Meier,TE,36,TEN,26,14,6,0,0,47.7,0,0,0,0,0,0,0,,0,36,25,127,5.08,2,1,1,2,,,-60.7,132,MeieSh00
P0501,2004,250,Artose Pinner,RB,67,DET,26,9,2,0,0,47.6,0,0,0,0,0,57,174,3.05,2,11,11,72,6.55,0,0,,2,,,-145.7,244,PinnAr00
P0220,2005,1,Shaun Alexander,RB,1,SEA,28,16,16,1,1,376.8,0,0,0,0,0,370,1880,5.08,27,29,15,78,5.2,1,5,1,28,,,198.0,1,AlexSh00
P0251,2005,2,LaDainian Tomlinson,RB,2,SDG,26,16,16,1,0,366.1,3,4,47,3,0,339,1462,4.31,18,77,51,370,7.25,2,3,1,20,,,187.3,2,TomlLa00
P0460,2005,3,Larry Johnson,RB,3,KAN,26,16,9,1,0,360.3,0,0,0,0,0,336,1750,5.21,20,49,33,343,10.39,1,5,4,21,,,181.5,3,JohnLa00
P0016,2005,4,Tiki Barber,RB,4,NYG,30,16,16,1,1,359.0,0,1,0,0,0,357,1860,5.21,9,70,54,530,9.81,2,1,1,11,1,,180.2,4,BarbTi00
P0342,2005,5,Steve Smith Sr.,WR,1,CAR,26,16,16,1,1,337.8,0,0,0,0,0,4,25,6.25,1,150,103,1563,15.17,12,2,1,13,,,157.2,5,SmitSt01
P0002,2005,6,Edgerrin James,RB,5,IND,27,15,15,1,0,310.3,0,0,0,0,0,360,1506,4.18,13,50,44,337,7.66,1,2,1,14,,,131.5,6,JameEd00
P0458,2005,7,Larry Fitzgerald,WR,2,ARI,22,16,16,1,0,308.0,0,0,0,0,0,8,41,5.13,0,165,103,1409,13.68,10,0,,10,,,127.4,7,FitzLa00
P0303,2005,8,Chad Johnson,WR,3,CIN,27,16,16,1,1,297.5,0,0,0,0,0,5,33,6.6,0,155,97,1432,14.76,9,1,,9,,,116.9,9,JohnCh01
P0318,2005,9,LaMont Jordan,RB,6,OAK,27,14,14,0,0,294.8,0,0,0,0,0,272,1025,3.77,9,103,70,563,8.04,2,2,1,11,1,,116.0,10,JordLa00
P0023,2005,10,Torry Holt,WR,4,STL,29,14,14,1,0,289.3,0,0,0,0,0,1,2,2,0,163,102,1331,13.05,9,2,,9,,,108.7,11,HoltTo00
P0403,2005,11,Anquan Boldin,WR,5,ARI,25,14,14,0,0,288.7,0,1,0,0,0,12,45,3.75,0,171,102,1402,13.75,7,2,1,7,1,,108.1,12,BoldAn00
P0356,2005,12,Santana Moss,WR,6,WAS,26,16,16,1,0,284.0,0,0,0,0,0,3,-3,-1,0,134,84,1483,17.65,9,3,1,9,,,103.4,13,MossSa00
P0265,2005,13,Joey Galloway,WR,7,TAM,34,16,16,0,0,272.1,0,0,0,0,0,2,4,2,0,153,83,1287,15.51,10,0,,10,,,91.5,15,GallJo00
P0336,2005,14,Clinton Portis,RB,7,WAS,24,16,16,0,0,271.9,1,2,17,1,0,352,1516,4.31,11,41,30,216,7.2,0,3,2,11,1,,93.1,14,PortCl00
P0006,2005,15,Marvin Harrison,WR,8,IND,33,15,15,1,0,268.6,0,0,0,0,0,0,0,,0,132,82,1146,13.98,12,0,,12,,,88.0,16,HarrMa00
P0464,2005,16,Carson Palmer,QB,1,CIN,26,16,16,1,0,265.5,345,509,3836,32,12,34,41,1.21,1,0,0,0,,0,5,2,1,,1,57.2,22,PalmCa00
P0257,2005,17,Chris Chambers,WR,9,MIA,27,16,16,1,0,265.0,0,0,0,0,0,12,92,7.67,0,166,82,1118,13.63,11,5,2,11,,,84.4,17,ChamCh00
P0427,2005,18,Antonio Gates,TE,1,SDG,25,15,15,1,1,259.1,0,0,0,0,0,0,0,,0,140,89,1101,12.37,10,0,,10,,,127.1,8,GateAn00
P0407,2005,19,Rudi Johnson,RB,8,CIN,26,16,14,0,0,249.8,0,0,0,0,0,337,1458,4.33,12,30,23,90,3.91,0,1,,12,,,71.0,18,JohnRu00
P0260,2005,20,Tom Brady,QB,2,NWE,28,16,16,1,0,249.3,334,530,4110,26,14,27,89,3.3,1,0,0,0,,0,4,3,1,,,41.0,35,BradTo00
P0015,2005,21,Peyton Manning,QB,3,IND,29,16,16,1,1,246.4,305,453,3747,28,10,33,45,1.36,0,0,0,0,,0,5,1,0,,1,38.1,36,MannPe00
P0198,2005,22,Donald Driver,WR,10,GNB,30,16,16,0,0,239.4,0,0,0,0,0,2,13,6.5,0,147,86,1221,14.2,5,0,,5,,,58.8,21,DrivDo00
P0224,2005,23,Plaxico Burress,WR,11,NYG,28,16,15,0,0,237.4,0,0,0,0,0,0,0,,0,165,76,1214,15.97,7,1,1,7,,,56.8,23,BurrPl00
P0468,2005,24,Steven Jackson,RB,9,STL,22,15,15,0,0,233.6,0,0,0,0,0,254,1046,4.12,8,55,43,320,7.44,2,3,3,10,,,54.8,25,JackSt00
P0103,2005,25,Hines Ward,WR,12,PIT,29,15,15,0,0,231.5,0,0,0,0,0,3,10,3.33,0,114,69,975,14.13,11,1,1,11,,,50.9,26,WardHi00
P0278,2005,26,Matt Hasselbeck,QB,4,SEA,30,16,16,1,0,230.8,294,449,3459,24,9,36,124,3.44,1,0,0,0,,0,4,2,1,,,22.5,49,HassMa00
P0405,2005,27,Brian Westbrook,RB,10,PHI,26,12,12,0,0,228.3,0,0,0,0,0,156,617,3.96,3,96,61,616,10.1,4,0,,7,1,,49.5,28,WestBr00
P0007,2005,28,Rod Smith,WR,13,DEN,35,16,16,1,0,228.2,0,1,0,0,0,1,7,7,0,126,85,1105,13,6,2,2,6,,,47.6,30,SmitRo01
P0365,2005,29,T.J. Houshmandzadeh,WR,14,CIN,28,14,12,0,0,225.8,0,0,0,0,0,8,62,7.75,1,115,78,956,12.26,7,1,1,8,,,45.2,32,HousTJ00
P0499,2005,30,Eli Manning,QB,5,NYG,24,16,16,0,0,224.5,294,557,3762,24,17,29,80,2.76,1,0,0,0,,0,9,2,1,,1,16.2,52,MannEl00
P0147,2005,31,Thomas Jones,RB,11,CHI,27,15,15,0,0,223.8,0,0,0,0,0,314,1335,4.25,9,39,26,143,5.5,0,2,2,9,,,45.0,33,JoneTh00
P0045,2005,32,Terry Glenn,WR,15,DAL,31,16,16,0,0,223.2,0,0,0,0,0,2,-4,-2,1,115,62,1136,18.32,7,0,,8,,,42.6,34,GlenTe00
P0308,2005,33,Reggie Wayne,WR,16,IND,27,16,16,0,0,218.5,0,0,0,0,0,0,0,,0,122,83,1055,12.71,5,1,,5,,,37.9,37,WaynRe00
P0310,2005,34,Michael Vick,QB,6,ATL,25,15,15,1,0,217.8,214,387,2412,15,13,102,597,5.85,6,1,1,-14,-14,0,11,5,6,,1,9.5,58,VickMi00
P0105,2005,35,Jake Plummer,QB,7,DEN,31,16,16,1,0,217.7,277,456,3366,18,7,46,151,3.28,2,0,0,0,,0,4,2,2,,1,9.4,59,PlumJa00
P0038,2005,36,Keenan McCardell,WR,17,SDG,35,16,16,0,0,216.3,0,0,0,0,0,2,6,3,0,107,70,917,13.1,9,0,,9,,,35.7,40,McCaKe00
P0026,2005,37,Mike Anderson,RB,12,DEN,32,15,15,0,0,214.6,0,0,0,0,0,239,1014,4.24,12,21,18,212,11.78,1,2,2,13,,,35.8,38,AndeMi00
P0035,2005,38,Warrick Dunn,RB,13,ATL,30,16,16,1,0,214.6,0,0,0,0,0,280,1416,5.06,3,37,29,220,7.59,1,3,1,4,,,35.8,39,DunnWa00
P0100,2005,39,Trent Green,QB,8,KAN,35,16,16,1,0,210.8,317,507,4014,17,10,35,82,2.34,0,0,0,0,,0,8,4,0,,1,2.5,65,GreeTr00
P0114,2005,40,Eddie Kennison,WR,18,KAN,32,16,16,0,0,210.5,0,0,0,0,0,7,43,6.14,0,109,68,1102,16.21,5,1,1,5,,,29.9,42,KennEd00
P0340,2005,41,Drew Brees,QB,9,SDG,26,16,16,0,0,209.9,323,500,3576,24,15,21,49,2.33,1,1,0,0,,0,8,5,1,,,1.6,66,BreeDr00
P0062,2005,42,Derrick Mason,WR,19,BAL,31,16,16,0,0,209.3,0,0,0,0,0,0,0,,0,137,86,1073,12.48,3,1,1,3,,,28.7,43,MasoDe00
P0454,2005,43,Reuben Droughns,RB,14,CLE,27,16,16,0,0,209.1,0,0,0,0,0,309,1232,3.99,2,56,39,369,9.46,0,6,1,2,,,30.3,41,DrouRe00
P0010,2005,44,Randy Moss,WR,20,OAK,28,16,15,0,0,208.5,0,0,0,0,0,0,0,,0,124,60,1005,16.75,8,0,,8,,,27.9,44,MossRa00
P0029,2005,45,Jimmy Smith,WR,21,JAX,36,16,16,0,0,208.3,0,0,0,0,0,0,0,,0,128,70,1023,14.61,6,0,,6,,,27.7,45,SmitJi00
P0046,2005,46,Kerry Collins,QB,10,OAK,33,15,15,0,0,208.3,302,565,3759,20,12,17,39,2.29,1,0,0,0,,0,13,4,1,,,0.0,69,CollKe00
P0360,2005,47,Deion Branch,WR,22,NWE,26,16,15,0,0,207.8,0,0,0,0,0,0,0,,0,125,78,998,12.79,5,0,,5,,,27.2,46,BranDe00
P0057,2005,48,Drew Bledsoe,QB,11,DAL,33,16,16,0,0,206.6,300,499,3639,23,17,34,50,1.47,2,0,0,0,,0,17,8,2,,1,-1.7,74,BledDr00
P0346,2005,49,Donte' Stallworth,WR,23,NOR,25,16,13,0,0,204.7,0,0,0,0,0,2,2,1,0,129,70,945,13.5,7,1,1,7,,,24.1,48,StalDo00
P0404,2005,50,Domanick Williams,RB,15,HOU,25,11,11,0,0,204.3,0,1,0,0,0,230,976,4.24,2,48,39,337,8.64,4,2,1,6,,,25.5,47,DaviDo01
P0339,2005,51,Todd Heap,TE,2,BAL,25,16,16,0,0,200.5,0,0,0,0,0,0,0,,0,114,75,855,11.4,7,2,1,7,,,68.5,19,HeapTo00
P0335,2005,52,Jerry Porter,WR,24,OAK,27,16,14,0,0,199.4,0,0,0,0,0,1,-8,-8,0,142,76,942,12.39,5,1,,5,,,18.8,51,PortJe00
P0453,2005,53,Willis McGahee,RB,16,BUF,24,16,15,0,0,198.5,0,0,0,0,0,325,1247,3.84,5,37,28,178,6.36,0,1,1,5,,,19.7,50,McGaWi00
P0341,2005,54,Jeremy Shockey,TE,3,NYG,25,15,15,1,0,198.1,0,0,0,0,0,0,0,,0,122,65,891,13.71,7,0,,7,1,,66.1,20,ShocJe00
P0408,2005,55,Jake Delhomme,QB,12,CAR,30,16,16,1,0,195.9,262,435,3421,24,16,24,31,1.29,1,0,0,0,,0,12,7,1,,,-12.4,81,DelhJa00
P0042,2005,56,Mark Brunell,QB,13,WAS,35,16,15,0,0,195.1,262,454,3050,23,10,42,111,2.64,0,0,0,0,,0,11,6,0,,1,-13.2,83,BrunMa00
P0345,2005,57,Antonio Bryant,WR,25,CLE,24,16,15,0,0,192.2,0,0,0,0,0,1,3,3,0,123,69,1009,14.62,4,1,1,4,,,11.6,55,BryaAn00
P0502,2005,58,Willie Parker,RB,17,PIT,25,15,15,0,0,190.0,0,0,0,0,0,255,1202,4.71,4,24,18,218,12.11,1,4,,5,,,11.2,56,ParkWi00
P0047,2005,59,Corey Dillon,RB,18,NWE,31,12,10,0,0,189.4,0,0,0,0,0,209,733,3.51,12,26,22,181,8.23,1,1,1,13,,,10.6,57,DillCo00
P0471,2005,60,Chris Cooley,TE,4,WAS,23,16,16,0,0,188.4,0,0,0,0,0,0,0,,0,103,71,774,10.9,7,3,1,7,,,56.4,24,CoolCh00
P0183,2005,61,Laveranues Coles,WR,26,NYJ,28,16,16,0,0,187.5,0,0,0,0,0,0,0,,0,132,73,845,11.58,5,1,,5,,,6.9,60,ColeLa00
P0054,2005,62,Keyshawn Johnson,WR,27,DAL,33,16,14,0,0,187.2,0,1,0,0,0,1,3,3,0,123,71,839,11.82,6,3,3,6,1,,6.6,61,JohnKe00
P0030,2005,63,Eric Moulds,WR,28,BUF,32,15,15,0,0,186.6,0,0,0,0,0,0,0,,0,128,81,816,10.07,4,0,,4,,,6.0,62,MoulEr00
P0212,2005,64,Joe Jurevicius,WR,29,SEA,31,16,12,0,0,184.4,0,0,0,0,0,0,0,,0,84,55,694,12.62,10,1,,10,,,3.8,63,JureJo00
P0295,2005,65,Alge Crumpler,TE,5,ATL,28,16,16,1,0,182.7,0,0,0,0,0,0,0,,0,118,65,877,13.49,5,1,1,5,1,,50.7,27,CrumAl00
P0467,2005,66,Julius Jones,RB,19,DAL,24,13,12,0,0,182.1,0,0,0,0,0,257,993,3.86,5,45,35,218,6.23,0,4,2,5,,,3.3,64,JoneJu01
P0476,2005,67,Kevin Curtis,WR,30,STL,27,16,9,0,0,180.6,0,0,0,0,0,1,5,5,1,97,60,801,13.35,6,2,1,7,,,0.0,70,CurtKe00
P0027,2005,68,Tony Gonzalez,TE,6,KAN,29,16,16,1,0,180.5,0,0,0,0,0,0,0,,0,116,78,905,11.6,2,0,,2,,,48.5,29,GonzTo00
P0070,2005,69,Steve McNair,QB,14,TEN,32,14,14,1,0,180.3,292,476,3161,16,11,32,139,4.34,1,0,0,0,,0,7,4,1,,,-28.0,93,McNaSt00
P0461,2005,70,Chris Brown,RB,20,TEN,24,15,14,0,0,178.8,0,0,0,0,0,224,851,3.8,5,36,25,327,13.08,2,4,3,7,,,0.0,68,BrowCh03
P0503,2005,71,Cadillac Williams,RB,21,TAM,23,14,14,0,0,177.9,0,0,0,0,0,290,1178,4.06,6,25,20,81,4.05,0,3,2,6,,,-0.9,72,WillCa02
P0425,2005,72,Jason Witten,TE,7,DAL,23,16,16,1,0,177.7,0,0,0,0,0,0,0,,0,88,66,757,11.47,6,0,,6,,,45.7,31,WittJa00
P0418,2005,73,DeShaun Foster,RB,22,CAR,25,15,5,0,0,175.1,0,1,0,0,0,205,879,4.29,2,48,34,372,10.94,1,2,1,3,,,-3.7,75,FostDe00
P0053,2005,74,Brett Favre,QB,15,GNB,36,16,16,0,0,173.4,372,607,3881,20,29,18,62,3.44,0,0,0,0,,0,10,7,0,,2,-34.9,99,FavrBr00
P0037,2005,75,Amani Toomer,WR,31,NYG,31,16,15,0,0,170.4,0,0,0,0,0,0,0,,0,109,60,684,11.4,7,0,,7,,,-10.2,76,ToomAm00
P0129,2005,76,Aaron Brooks,QB,16,NOR,29,13,13,0,0,169.4,240,431,2882,13,17,45,281,6.24,2,0,0,0,,0,4,2,2,,,-38.9,102,BrooAa00
P0462,2005,77,Ben Roethlisberger,QB,17,PIT,23,12,12,0,0,168.3,168,268,2385,17,9,31,69,2.23,3,0,0,0,,0,2,1,3,,,-40.0,103,RoetBe00
P0457,2005,78,Lee Evans,WR,32,BUF,24,16,15,0,0,168.1,0,0,0,0,0,4,38,9.5,0,91,48,743,15.48,7,0,,7,,,-12.5,82,EvanLe00
P0504,2005,79,Ronnie Brown,RB,23,MIA,24,15,14,0,0,167.9,0,0,0,0,0,207,907,4.38,4,47,32,232,7.25,1,4,4,5,,,-10.9,78,BrowRo05
P0486,2005,80,Tatum Bell,RB,24,DEN,24,15,1,0,0,166.5,0,0,0,0,0,173,921,5.32,8,28,18,104,5.78,0,3,1,8,,,-12.3,80,BellTa00
P0143,2005,81,Gus Frerotte,QB,18,MIA,34,16,15,0,0,163.9,257,494,2996,18,13,27,61,2.26,0,0,0,0,,0,13,4,0,,,-44.4,109,FrerGu00
P0031,2005,82,Muhsin Muhammad,WR,33,CHI,32,15,15,0,0,163.0,0,0,0,0,0,0,0,,0,136,64,750,11.72,4,0,,4,,,-17.6,84,MuhaMu00
P0459,2005,83,Roy Williams,WR,34,DET,24,13,12,0,0,161.7,0,0,0,0,0,0,0,,0,94,45,687,15.27,8,0,,8,,,-18.9,86,WillRo04
P0348,2005,84,David Carr,QB,19,HOU,26,16,16,0,0,160.3,256,423,2488,14,11,56,308,5.5,1,0,0,0,,0,17,6,1,,1,-48.0,113,CarrDa00
P0008,2005,85,Terrell Owens,WR,35,PHI,32,7,7,0,0,159.5,0,0,0,0,0,1,2,2,0,92,47,763,16.23,6,0,,6,,,-21.1,88,OwenTe00
P0475,2005,86,Mewelde Moore,RB,25,MIN,23,16,8,0,0,159.1,0,0,0,0,0,155,662,4.27,1,49,37,339,9.16,2,2,1,4,,,-19.7,87,MoorMe00
P0298,2005,87,Bobby Engram,WR,36,SEA,32,13,13,0,0,158.8,0,0,0,0,0,0,0,,0,98,67,778,11.61,3,2,2,3,,,-21.8,89,EngrBo00
P0305,2005,88,Drew Bennett,WR,37,TEN,27,13,10,0,0,156.1,0,1,0,0,0,1,3,3,0,109,58,738,12.72,4,0,,4,,,-24.5,92,BennDr00
P0043,2005,89,Jamal Lewis,RB,26,BAL,26,15,15,0,0,155.7,0,0,0,0,0,269,906,3.37,3,44,32,191,5.97,1,5,5,4,,,-23.1,91,LewiJa00
P0018,2005,90,Donovan McNabb,QB,20,PHI,29,9,9,0,0,153.8,211,357,2507,16,9,25,55,2.2,1,0,0,0,,0,8,3,1,,1,-54.5,120,McNaDo00
P0490,2005,91,Ernest Wilford,WR,38,JAX,26,16,8,0,0,151.1,0,0,0,0,0,0,0,,0,74,41,681,16.61,7,0,,7,,,-29.5,94,WilfEr00
P0439,2005,92,Eric Parker,WR,39,SDG,26,15,9,0,0,151.0,0,0,0,0,0,4,55,13.75,0,80,57,725,12.72,3,2,1,3,,,-29.6,95,ParkEr00
P0451,2005,93,Brandon Lloyd,WR,40,SFO,24,16,15,0,0,149.3,0,0,0,0,0,0,0,,0,109,48,733,15.27,5,1,1,5,,,-31.3,97,LloyBr00
P0409,2005,94,Byron Leftwich,QB,21,JAX,25,11,11,0,0,147.6,175,302,2123,15,5,31,67,2.16,2,0,0,0,,0,8,3,2,,,-60.7,129,LeftBy00
P0357,2005,95,Randy McMichael,TE,8,MIA,26,16,16,0,0,146.2,0,0,0,0,0,0,0,,0,105,60,582,9.7,5,1,1,5,,,14.2,53,McMiRa01
P0410,2005,96,David Givens,WR,41,NWE,25,13,10,0,0,146.1,0,0,0,0,0,2,13,6.5,0,96,59,738,12.51,2,0,,2,,,-34.5,98,GiveDa00
P0435,2005,97,L.J. Smith,TE,9,PHI,25,16,16,0,0,145.2,0,0,0,0,0,0,0,,0,107,61,682,11.18,3,1,1,3,,,13.2,54,SmitL.00
P0406,2005,98,Andre Johnson,WR,42,HOU,24,13,13,0,0,142.8,0,0,0,0,0,6,10,1.67,0,114,63,688,10.92,2,1,1,2,,,-37.8,101,JohnAn02
P0493,2005,99,Antonio Chatman,WR,43,GNB,26,16,3,0,0,137.3,0,0,0,0,0,8,34,4.25,0,86,49,549,11.2,4,0,,5,,,-43.3,107,ChatAn00
P0011,2005,100,Curtis Martin,RB,27,NYJ,32,12,12,0,0,137.3,0,0,0,0,0,220,735,3.34,5,30,24,118,4.92,0,2,1,5,,,-41.5,104,MartCu00
P0034,2005,101,Stephen Davis,RB,28,CAR,31,13,11,0,0,136.4,0,0,0,0,0,180,549,3.05,12,12,5,45,9,0,2,,12,,,-42.4,106,DaviSt00
P0176,2005,102,Travis Taylor,WR,44,MIN,27,16,13,0,0,134.7,0,0,0,0,0,2,3,1.5,0,90,50,604,12.08,4,1,,4,,,-45.9,111,TaylTr01
P0039,2005,103,Ricky Williams,RB,29,MIA,28,12,3,0,0,134.6,0,0,0,0,0,168,743,4.42,6,20,17,93,5.47,0,1,1,6,,,-44.2,108,WillRi00
P0361,2005,104,Ashley Lelie,WR,45,DEN,25,16,13,0,0,133.4,0,0,0,0,0,5,84,16.8,0,90,42,770,18.33,1,0,,1,,,-47.2,112,LeliAs00
P0483,2005,105,Ben Troupe,TE,10,TEN,23,15,11,0,0,132.0,0,0,0,0,0,0,0,,0,80,55,530,9.64,4,2,,4,,,0.0,67,TrouBe00
P0219,2005,106,Jermaine Wiggins,TE,11,MIN,30,16,8,0,0,131.8,0,0,0,0,0,0,0,,0,90,69,568,8.23,1,0,,1,,,-0.2,71,WiggJe00
P0379,2005,107,Jerramy Stevens,TE,12,SEA,26,16,11,0,0,130.4,0,0,0,0,0,0,0,,0,68,45,554,12.31,5,0,,5,,,-1.6,73,StevJe00
P0061,2005,108,Kurt Warner,QB,22,ARI,34,10,10,0,0,130.3,242,375,2713,11,9,13,28,2.15,0,1,1,0,0,0,9,5,0,,1,-78.0,159,WarnKu00
P0354,2005,109,Marc Bulger,QB,23,STL,28,8,8,0,0,129.9,192,287,2297,14,9,9,29,3.22,0,1,1,1,1,0,4,2,0,,,-78.4,160,BulgMa00
P0269,2005,110,Kevan Barlow,RB,30,SFO,26,12,12,0,0,129.2,0,0,0,0,0,176,581,3.3,3,42,31,241,7.77,0,2,1,3,,,-49.6,114,BarlKe00
P0286,2005,111,Brian Finneran,WR,46,ATL,29,16,7,0,0,129.1,0,0,0,0,0,0,0,,0,81,50,611,12.22,2,0,,2,3,,-51.5,117,FinnBr00
P0121,2005,112,Priest Holmes,RB,31,KAN,32,7,7,0,0,127.8,0,0,0,0,0,119,451,3.79,6,32,21,197,9.38,1,1,,7,,,-51.0,115,HolmPr00
P0456,2005,113,Kevin Jones,RB,32,DET,23,13,13,0,0,127.3,0,0,0,0,0,186,664,3.57,5,28,20,109,5.45,0,2,,5,,,-51.5,118,JoneKe02
P0386,2005,114,Justin McCareins,WR,47,NYJ,27,16,16,0,0,127.1,0,0,0,0,0,1,8,8,0,104,43,713,16.58,2,0,,2,,,-53.5,119,McCaJu00
P0135,2005,115,Marty Booker,WR,48,MIA,29,15,12,0,0,125.6,0,1,0,0,0,0,0,,0,86,39,686,17.59,3,0,,3,,,-55.0,121,BookMa00
P0505,2005,116,Reggie Brown,WR,49,PHI,24,16,11,0,0,124.6,0,0,0,0,0,1,5,5,0,79,43,571,13.28,4,1,,4,,,-56.0,123,BrowRe01
P0506,2005,117,Chris Perry,RB,33,CIN,24,14,2,0,0,121.7,0,0,0,0,0,61,279,4.57,0,62,51,328,6.43,2,2,1,2,,,-57.1,124,PerrCh00
P0040,2005,118,Michael Pittman,RB,34,TAM,30,16,4,0,0,121.6,0,0,0,0,0,70,436,6.23,1,46,36,300,8.33,1,1,,2,,,-57.2,125,PittMi00
P0245,2005,119,Erron Kinney,TE,13,TEN,28,14,14,0,0,121.3,0,0,0,0,0,0,0,,0,72,55,543,9.87,2,0,,2,,,-10.7,77,KinnEr00
P0507,2005,120,Heath Miller,TE,14,PIT,23,16,15,0,0,120.9,0,0,0,0,0,0,0,,0,52,39,459,11.77,6,0,,6,,,-11.1,79,MillHe00
P0402,2005,121,Chester Taylor,RB,35,BAL,26,15,1,0,0,118.9,0,0,0,0,0,117,487,4.16,0,52,41,292,7.12,1,3,3,1,,,-59.9,128,TaylCh01
P0351,2005,122,Antwaan Randle El,WR,50,PIT,26,16,15,0,0,118.8,3,3,67,1,0,12,73,6.08,0,70,35,558,15.94,1,4,2,3,,,-61.8,131,RandAn00
P0024,2005,123,Joe Horn,WR,51,NOR,33,13,13,0,0,118.4,0,0,0,0,0,0,0,,0,103,49,654,13.35,1,2,1,1,,,-62.2,132,HornJo00
P0022,2005,124,Fred Taylor,RB,36,JAX,29,11,11,0,0,118.0,0,0,0,0,0,194,787,4.06,3,18,13,83,6.38,0,0,,3,,,-60.8,130,TaylFr00
P0362,2005,125,Jabar Gaffney,WR,52,HOU,25,16,13,0,0,117.5,0,0,0,0,0,4,13,3.25,0,90,55,492,8.95,2,0,,2,,,-63.1,135,GaffJa00
P0508,2005,126,Samkon Gado,RB,37,GNB,23,8,5,0,0,115.9,0,1,0,0,0,143,582,4.07,6,12,10,77,7.7,1,4,1,7,,,-62.9,134,GadoSa00
P0509,2005,127,Matt Jones,WR,53,JAX,22,16,1,0,0,114.8,2,3,12,0,0,12,51,4.25,0,69,36,432,12,5,2,,5,,,-65.8,138,JoneMa00
P0123,2005,128,Brad Johnson,QB,24,MIN,37,15,9,0,0,114.7,184,294,1885,12,4,18,53,2.94,0,0,0,0,,0,5,3,0,,,-93.6,184,JohnBr00
P0085,2005,129,Marcus Robinson,WR,54,MIN,30,15,9,0,0,114.5,0,0,0,0,0,0,0,,0,57,31,515,16.61,5,0,,5,1,,-66.1,139,RobiMa00
P0149,2005,130,Marcus Pollard,TE,15,DET,33,16,16,0,0,113.6,0,0,0,0,0,0,0,,0,78,46,516,11.22,3,1,1,3,,,-18.4,85,PollMa00
P0510,2005,131,Marion Barber III,RB,38,DAL,22,13,2,0,0,113.3,0,0,0,0,0,138,538,3.9,5,25,18,115,6.39,0,3,,5,,,-65.5,137,BarbMa01
P0384,2005,132,Tony Fisher,RB,39,GNB,26,14,4,0,0,112.6,1,1,14,0,0,60,173,2.88,1,64,48,347,7.23,1,2,,2,,,-66.2,140,FishTo00
P0511,2005,133,Mark Clayton,WR,55,BAL,23,14,10,0,0,112.4,0,1,0,0,0,8,33,4.13,1,86,44,471,10.7,2,0,,3,,,-68.2,142,ClayMa01
P0512,2005,134,Greg Lewis,WR,56,PHI,25,16,16,0,0,111.4,0,0,0,0,0,2,13,6.5,0,105,48,561,11.69,1,0,,1,,,-69.2,143,LewiGr01
P0473,2005,135,Doug Gabriel,WR,57,OAK,25,14,2,0,0,110.9,0,0,0,0,0,1,5,5,0,72,37,554,14.97,3,0,,3,,,-69.7,144,GabrDo00
P0430,2005,136,Dallas Clark,TE,16,IND,26,15,14,0,0,109.8,0,0,0,0,0,0,0,,0,52,37,488,13.19,4,0,,4,,,-22.2,90,ClarDa00
P0282,2005,137,Corey Bradford,WR,58,HOU,30,16,6,0,0,109.4,0,0,0,0,0,1,-2,-2,0,66,34,436,12.82,5,0,,5,1,,-71.2,148,BradCo00
P0267,2005,138,Michael Bennett,RB,40,MIN,27,16,6,0,0,108.7,0,0,0,0,0,126,473,3.75,3,31,27,124,4.59,2,5,4,5,,,-70.1,145,BennMi00
P0001,2005,139,Marshall Faulk,RB,41,STL,32,16,1,0,0,108.3,0,0,0,0,0,65,292,4.49,0,57,44,291,6.61,1,2,1,1,1,,-70.5,146,FaulMa00
P0158,2005,140,Dennis Northcutt,WR,59,CLE,28,16,7,0,0,107.4,0,0,0,0,0,2,33,16.5,0,78,42,441,10.5,2,0,,3,,,-73.2,150,NortDe00
P0513,2005,141,Chris Henry,WR,60,CIN,22,14,5,0,0,107.2,0,0,0,0,0,0,0,,0,51,31,422,13.61,6,2,1,6,,,-73.4,151,HenrCh00
P0019,2005,142,Isaac Bruce,WR,61,STL,33,11,10,0,0,106.5,0,0,0,0,0,0,0,,0,71,36,525,14.58,3,0,,3,,,-74.1,152,BrucIs00
P0359,2005,143,Joey Harrington,QB,25,DET,27,12,11,0,0,105.4,188,330,2021,12,12,24,80,3.33,0,1,1,-4,-4,0,7,4,0,,,-102.9,192,HarrJo00
P0088,2005,144,Darrell Jackson,WR,62,SEA,27,6,6,0,0,104.9,0,0,0,0,0,1,7,7,0,55,38,482,12.68,3,0,,3,,,-75.7,154,JackDa00
P0151,2005,145,Trent Dilfer,QB,26,CLE,33,11,11,0,0,103.4,199,333,2321,11,12,20,46,2.3,0,0,0,0,,0,9,7,0,,,-104.9,195,DilfTr00
P0514,2005,146,Samie Parker,WR,63,KAN,24,12,9,0,0,103.3,0,0,0,0,0,0,0,,0,58,36,533,14.81,3,2,2,3,,,-77.3,157,ParkSa00
P0515,2005,147,Chris Simms,QB,27,TAM,25,11,10,0,0,103.2,191,313,2035,10,7,19,31,1.63,0,1,1,-3,-3,0,6,4,0,,,-105.1,196,SimmCh00
P0516,2005,148,Frank Gore,RB,42,SFO,22,14,1,0,0,102.9,0,0,0,0,0,127,608,4.79,3,22,15,131,8.73,0,2,2,3,,,-75.9,156,GoreFr00
P0517,2005,149,Michael Jenkins,WR,64,ATL,23,14,12,0,0,102.8,0,0,0,0,0,0,0,,0,71,36,508,14.11,3,1,1,3,,,-77.8,158,JenkMi00
P0297,2005,150,Brandon Stokley,WR,65,IND,29,15,4,0,0,101.3,0,0,0,0,0,0,0,,0,67,41,543,13.24,1,0,,1,,,-79.3,164,StokBr00
P0518,2005,151,Braylon Edwards,WR,66,CLE,22,10,7,0,0,101.2,0,0,0,0,0,0,0,,0,60,32,512,16,3,0,,3,,,-79.4,165,EdwaBr00
P0478,2005,152,Steve Heiden,TE,17,CLE,29,15,13,0,0,101.1,0,0,0,0,0,0,0,,0,60,43,401,9.33,3,0,,3,,,-30.9,96,HeidSt00
P0366,2005,153,Dante Hall,WR,67,KAN,27,16,2,0,0,100.7,0,0,0,0,0,7,11,1.57,0,52,34,436,12.82,3,5,1,4,,,-79.9,167,HallDa00
P0437,2005,154,Kyle Boller,QB,28,BAL,24,9,9,0,0,100.6,171,293,1799,11,12,23,66,2.87,1,1,0,0,,0,8,2,1,,,-107.7,200,BollKy00
P0112,2005,155,Shawn Bryson,RB,43,DET,29,16,2,0,0,100.0,0,0,0,0,0,64,306,4.78,1,47,37,284,7.68,0,1,1,1,,,-78.8,162,BrysSh00
P0338,2005,156,Marcel Shipp,RB,44,ARI,27,15,11,0,0,99.6,0,0,0,0,0,157,451,2.87,0,44,35,255,7.29,0,4,3,0,,,-79.2,163,ShipMa00
P0431,2005,157,Josh McCown,QB,29,ARI,26,9,6,0,0,99.3,163,270,1836,9,11,29,139,4.79,0,0,0,0,,0,5,1,0,,,-109.0,203,McCoJo01
P0148,2005,158,Mike Alstott,FB,1,TAM,32,16,7,0,0,99.2,0,0,0,0,0,34,80,2.35,6,38,25,222,8.88,1,0,,7,1,,-79.6,166,AlstMi00
P0472,2005,159,Shaun McDonald,WR,68,STL,24,16,2,0,0,99.0,0,0,0,0,0,1,7,7,0,74,46,523,11.37,0,1,,0,,,-81.6,172,McDoSh00
P0055,2005,160,Jerome Bettis,RB,45,PIT,33,12,0,0,0,98.8,0,0,0,0,0,110,368,3.35,9,4,4,40,10,0,0,,9,,,-80.0,168,BettJe00
P0519,2005,161,Greg Jones,FB,2,JAX,24,14,13,0,0,98.0,0,0,0,0,0,151,575,3.81,4,15,10,65,6.5,0,0,,4,,,-80.8,170,JoneGr01
P0192,2005,162,Antowain Smith,RB,46,NOR,33,16,7,0,0,96.5,0,0,0,0,0,166,659,3.97,3,15,12,46,3.83,0,2,2,3,,,-82.3,173,SmitAn00
P0371,2005,163,Jonathan Wells,RB,47,HOU,26,15,6,0,0,96.4,0,0,0,0,0,90,325,3.61,4,27,22,179,8.14,0,1,,4,,,-82.4,174,WellJo00
P0520,2005,164,Ben Watson,TE,18,NWE,25,15,9,0,0,95.1,0,0,0,0,0,0,0,,0,54,29,441,15.21,4,1,1,4,,,-36.9,100,WatsBe00
P0097,2005,165,Az-Zahir Hakim,WR,69,NOR,28,12,2,0,0,94.9,0,0,0,0,0,0,0,,0,58,34,489,14.38,2,1,,2,,,-85.7,177,HakiAz00
P0368,2005,166,T.J. Duckett,RB,48,ATL,24,14,0,0,0,94.3,0,0,0,0,0,121,380,3.14,8,7,6,63,10.5,0,2,2,8,,,-84.5,175,DuckT.00
P0521,2005,167,David Garrard,QB,30,JAX,27,7,5,0,0,93.9,98,168,1117,4,1,31,172,5.55,3,0,0,0,,0,4,1,3,1,,-114.4,212,GarrDa00
P0477,2005,168,Aaron Stecker,RB,49,NOR,30,15,4,0,0,93.4,0,0,0,0,0,95,363,3.82,0,48,35,281,8.03,0,3,3,0,,,-85.4,176,StecAa00
P0142,2005,169,Ricky Proehl,WR,70,CAR,37,16,0,0,0,92.3,0,0,0,0,0,1,-8,-8,0,51,25,441,17.64,4,0,,4,,,-88.3,179,ProeRi00
P0501,2005,170,Artose Pinner,RB,50,DET,27,16,2,0,0,92.0,0,0,0,0,0,106,349,3.29,3,25,21,181,8.62,0,0,,3,,,-86.8,178,PinnAr00
P0522,2005,171,Roddy White,WR,71,ATL,24,16,8,0,0,90.8,0,0,0,0,0,4,12,3,0,68,29,446,15.38,3,1,1,3,,,-89.8,180,WhitRo00
P0523,2005,172,Brooks Bollinger,QB,31,NYJ,26,11,9,0,0,89.8,150,266,1558,7,6,35,135,3.86,0,0,0,0,,0,3,1,0,,,-118.5,223,BollBr00
P0524,2005,173,Alex Smith,TE,19,TAM,23,16,10,0,0,89.7,0,0,0,0,0,0,0,,0,61,41,367,8.95,2,0,,2,,,-42.3,105,SmitAl02
P0422,2005,174,Bryant Johnson,WR,72,ARI,24,14,4,0,0,89.2,0,0,0,0,0,1,0,0,0,72,40,432,10.8,1,0,,1,,,-91.4,181,JohnBr02
P0364,2005,175,Josh Reed,WR,73,BUF,25,16,6,0,0,88.6,0,0,0,0,0,1,-3,-3,0,52,32,449,14.03,2,0,,2,,,-92.0,182,ReedJo01
P0470,2005,176,Jeb Putzier,TE,20,DEN,26,16,4,0,0,87.1,0,0,0,0,0,0,0,,0,58,37,481,13,0,1,,0,1,,-44.9,110,PutzJe00
P0525,2005,177,Arnaz Battle,WR,74,SFO,25,10,8,0,0,86.5,2,2,27,0,0,8,11,1.38,0,54,32,363,11.34,3,1,1,3,,,-94.1,186,BattAr00
P0526,2005,178,J.J. Arrington,RB,51,ARI,22,15,5,0,0,85.9,0,0,0,0,0,112,370,3.3,2,33,25,139,5.56,0,1,1,2,,,-92.9,183,ArriJ.00
P0488,2005,179,Patrick Pass,FB,3,NWE,28,12,4,0,0,85.2,0,0,0,0,0,54,245,4.54,3,30,22,227,10.32,0,2,1,3,,,-93.6,185,PassPa00
P0378,2005,180,Robert Ferguson,WR,75,GNB,26,11,7,0,0,83.6,0,0,0,0,0,0,0,,0,59,27,366,13.56,3,0,,3,1,,-97.0,187,FergRo00
P0527,2005,181,Scottie Vines,WR,76,DET,26,13,11,0,0,82.4,0,0,0,0,0,1,7,7,0,71,40,417,10.43,0,0,,0,,,-98.2,188,VineSc00
P0395,2005,182,Kelly Holcomb,QB,32,BUF,32,10,8,0,0,81.5,155,230,1509,10,8,18,11,0.61,1,0,0,0,,0,13,5,1,,,-126.8,233,HolcKe00
P0528,2005,183,Zachary Hilton,TE,21,NOR,25,15,6,0,0,80.6,0,0,0,0,0,0,0,,0,56,35,396,11.31,1,0,,1,,,-51.4,116,HiltZa00
P0312,2005,184,Deuce McAllister,RB,52,NOR,27,5,5,0,0,80.2,0,0,0,0,0,93,335,3.6,3,18,17,117,6.88,0,0,,3,,,-98.6,189,McAlDe00
P0529,2005,185,D.J. Hackett,WR,77,SEA,24,13,3,0,0,80.0,0,0,0,0,0,0,0,,0,42,28,400,14.29,2,0,,2,,,-100.6,190,HackD.00
P0004,2005,186,Daunte Culpepper,QB,33,MIN,28,7,7,0,0,79.3,139,216,1564,6,12,24,147,6.13,1,0,0,0,,0,5,3,1,,1,-129.0,237,CulpDa00
P0530,2005,187,Kyle Orton,QB,34,CHI,23,15,15,0,0,79.2,190,368,1869,9,13,24,44,1.83,0,0,0,0,,0,12,5,0,,,-129.1,238,OrtoKy00
P0531,2005,188,J.P. Losman,QB,35,BUF,24,9,8,0,0,79.0,113,228,1340,8,8,31,154,4.97,0,0,0,0,,0,7,3,0,,,-129.3,239,LosmJ.00
P0487,2005,189,Reggie Williams,WR,78,JAX,22,16,7,0,0,77.8,0,0,0,0,0,2,3,1.5,0,63,35,445,12.71,0,2,1,0,,,-102.8,191,WillRe00
P0443,2005,190,Justin Gage,WR,79,CHI,24,15,11,0,0,77.6,0,0,0,0,0,0,0,,0,55,31,346,11.16,2,0,,2,,,-103.0,193,GageJu00
P0532,2005,191,Bo Scaife,TE,22,TEN,24,16,5,0,0,76.3,0,0,0,0,0,0,0,,0,56,37,273,7.38,2,0,,2,,,-55.7,122,ScaiBo00
P0320,2005,192,Mike McMahon,QB,36,PHI,26,9,7,0,0,76.1,94,207,1158,5,8,34,118,3.47,3,0,0,0,,0,8,2,3,,,-132.2,244,McMaMi00
P0533,2005,193,Troy Williamson,WR,80,MIN,22,14,3,0,0,76.0,0,0,0,0,0,3,28,9.33,0,52,24,372,15.5,2,0,,2,,,-104.6,194,WillTr01
P0279,2005,194,Koren Robinson,WR,81,MIN,25,14,5,1,0,75.4,0,0,0,0,0,4,27,6.75,1,37,22,347,15.77,1,2,1,3,,,-105.2,197,RobiKo00
P0534,2005,195,Devery Henderson,WR,82,NOR,23,15,3,0,0,75.2,0,0,0,0,0,1,9,9,0,50,22,343,15.59,3,0,,3,,,-105.4,198,HendDe00
P0535,2005,196,Donald Lee,TE,23,GNB,25,15,5,0,0,74.4,0,0,0,0,0,0,0,,0,55,33,294,8.91,2,0,,2,,,-57.6,126,LeexDo00
P0429,2005,197,Anthony Wright,QB,37,BAL,29,9,7,0,0,74.1,164,266,1582,6,9,18,68,3.78,0,0,0,0,,0,5,1,0,,,-134.2,245,WrigAn00
P0536,2005,198,Alvin Pearman,RB,53,JAX,23,16,0,0,0,72.9,0,0,0,0,0,39,149,3.82,1,36,32,240,7.5,0,4,2,1,,,-105.9,199,PearAl00
P0537,2005,199,Wes Welker,WR,83,MIA,24,16,1,0,0,72.9,0,0,0,0,0,1,5,5,0,52,29,434,14.97,0,5,,0,,,-107.7,201,WelkWe00
P0538,2005,200,Courtney Anderson,TE,24,OAK,25,14,13,0,0,72.3,0,0,0,0,0,0,0,,0,50,24,303,12.63,3,1,,3,,,-59.7,127,AndeCo00
P0152,2005,201,Tim Dwight,WR,84,NWE,30,16,1,0,0,71.3,0,0,0,0,0,4,11,2.75,0,34,19,332,17.47,3,1,,3,,,-109.3,204,DwigTi00
P0419,2005,202,Cedrick Wilson,WR,85,PIT,27,16,1,0,0,71.1,0,0,0,0,0,1,0,0,0,52,26,451,17.35,0,1,,0,,,-109.5,205,WilsCe00
P0539,2005,203,Kyle Johnson,FB,4,DEN,27,16,14,0,0,69.9,0,0,0,0,0,4,9,2.25,1,31,17,160,9.41,5,0,,6,,,-108.9,202,JohnKy00
P0540,2005,204,David Martin,TE,25,GNB,26,12,8,0,0,69.4,0,0,0,0,0,0,0,,0,39,27,224,8.3,3,0,,3,1,,-62.6,133,MartDa00
P0452,2005,205,Michael Clayton,WR,86,TAM,23,14,10,0,0,69.4,0,0,0,0,0,1,2,2,0,55,32,372,11.63,0,1,,0,,,-111.2,206,ClayMi00
P0066,2005,206,Ike Hilliard,WR,87,TAM,29,16,2,0,0,69.2,0,0,0,0,0,0,0,,0,53,35,282,8.06,1,0,,1,,,-111.4,207,HillIk00
P0421,2005,207,Nate Burleson,WR,88,MIN,24,12,9,0,0,68.2,0,0,0,0,0,2,-6,-3,0,52,30,328,10.93,1,0,,1,,,-112.4,208,BurlNa00
P0541,2005,208,Mike Sellers,TE,26,WAS,30,15,6,0,0,67.3,0,0,0,0,0,1,1,1,1,16,12,72,6,7,0,,8,,,-64.7,136,SellMi00
P0392,2005,209,Reche Caldwell,WR,89,SDG,26,16,2,0,0,66.2,0,0,0,0,0,2,10,5,0,43,28,352,12.57,1,2,2,1,,,-114.4,213,CaldRe00
P0542,2005,210,Patrick Crayton,WR,90,DAL,26,11,0,0,0,66.1,0,0,0,0,0,1,0,0,0,35,22,341,15.5,2,3,1,2,,,-114.5,214,CrayPa00
P0543,2005,211,Mike Williams,WR,91,DET,21,14,4,0,0,66.0,0,0,0,0,0,0,0,,0,57,29,350,12.07,1,2,2,1,,,-114.6,215,WillMi03
P0484,2005,212,Verron Haynes,RB,54,PIT,26,14,0,0,0,65.7,0,0,0,0,0,74,274,3.7,3,17,11,113,10.27,0,2,1,3,,,-113.1,209,HaynVe00
P0071,2005,213,Kevin Faulk,RB,55,NWE,29,8,2,0,0,65.5,0,0,0,0,0,51,145,2.84,0,37,29,260,8.97,0,3,2,0,,,-113.3,210,FaulKe00
P0482,2005,214,Maurice Hicks,RB,56,SFO,27,14,3,0,0,65.5,0,0,0,0,0,59,308,5.22,3,16,12,47,3.92,0,0,,3,,,-113.3,211,HickMa00
P0369,2005,215,Doug Jolley,TE,27,NYJ,26,16,7,0,0,65.4,0,0,0,0,0,0,0,,0,50,29,324,11.17,1,1,1,1,,,-66.6,141,JollDo00
P0544,2005,216,Brandon Jones,WR,92,TEN,23,10,8,0,0,65.0,0,0,0,0,0,1,1,1,0,47,23,299,13,2,0,,2,,,-115.6,218,JoneBr02
P0466,2005,217,Keary Colbert,WR,93,CAR,23,16,16,0,0,63.8,0,0,0,0,0,1,6,6,0,55,25,282,11.28,2,1,1,2,,,-116.8,220,ColbKe00
P0210,2005,218,Obafemi Ayanbadejo,FB,5,ARI,30,16,2,0,0,63.7,0,0,0,0,0,22,46,2.09,0,45,34,231,6.79,0,1,1,0,2,,-115.1,216,AyanOb00
P0383,2005,219,Ladell Betts,RB,57,WAS,26,12,0,0,0,63.6,0,0,0,0,0,89,338,3.8,1,17,10,78,7.8,1,3,3,3,,,-115.2,217,BettLa00
P0545,2005,220,Adrian Peterson,RB,58,CHI,26,16,0,0,0,62.9,0,0,0,0,0,76,391,5.14,2,12,7,48,6.86,0,1,,2,,,-115.9,219,PeteAd00
P0546,2005,221,Roydell Williams,WR,94,TEN,24,10,2,0,0,62.9,0,0,0,0,0,0,0,,0,39,21,299,14.24,2,0,,2,,,-117.7,222,WillRo05
P0416,2005,222,Jerald Sowell,FB,6,NYJ,31,16,14,0,0,61.6,0,0,0,0,0,1,1,1,1,38,28,155,5.54,2,1,,3,,,-117.2,221,SoweJe00
P0547,2005,223,Adam Bergen,TE,28,ARI,22,16,9,0,0,61.0,0,0,0,0,0,0,0,,0,43,28,270,9.64,1,0,,1,,,-71.0,147,BergAd00
P0009,2005,224,Ahman Green,RB,59,GNB,28,5,5,0,0,59.2,0,0,0,0,0,77,255,3.31,0,27,19,147,7.74,0,1,,0,,,-119.6,224,GreeAh00
P0164,2005,225,Desmond Clark,TE,29,CHI,28,16,16,0,0,58.9,0,0,0,0,0,0,0,,0,49,24,229,9.54,2,0,,2,,,-73.1,149,ClarDe00
P0548,2005,226,Frisman Jackson,WR,95,CLE,26,12,0,0,0,58.7,0,0,0,0,0,0,0,,0,41,24,287,11.96,1,0,,1,,,-121.9,225,JackFr01
P0064,2005,227,Brian Griese,QB,38,TAM,30,6,6,0,0,58.6,112,174,1136,7,7,13,12,0.92,0,0,0,0,,0,2,1,0,,,-149.7,246,GrieBr00
P0398,2005,228,Jamie Martin,QB,39,STL,35,8,5,0,0,57.7,124,177,1277,5,7,9,6,0.67,0,0,0,0,,0,2,1,0,,1,-150.6,247,MartJa00
P0549,2005,229,Courtney Roby,WR,96,TEN,22,13,6,0,0,57.5,0,0,0,0,0,2,16,8,0,43,21,289,13.76,1,1,,1,,,-123.1,227,RobyCo00
P0414,2005,230,Daniel Graham,TE,30,NWE,27,11,9,0,0,57.5,0,0,0,0,0,0,0,,0,25,16,235,14.69,3,1,,3,,,-74.5,153,GrahDa00
P0550,2005,231,Bryan Fletcher,TE,31,IND,26,16,12,0,0,56.2,0,0,0,0,0,0,0,,0,27,18,202,11.22,3,0,,3,,,-75.8,155,FletBr00
P0268,2005,232,Travis Henry,RB,60,TEN,27,10,1,0,0,56.2,0,0,0,0,0,88,335,3.81,0,20,13,117,9,0,2,1,0,,,-122.6,226,HenrTr00
P0551,2005,233,Cedric Houston,RB,61,NYJ,23,12,4,0,0,54.8,0,0,0,0,0,81,302,3.73,2,10,8,66,8.25,0,1,1,2,,,-124.0,228,HousCe00
P0253,2005,234,Dominic Rhodes,RB,62,IND,26,13,1,0,0,54.6,0,0,0,0,0,40,118,2.95,4,15,12,88,7.33,0,2,1,4,,,-124.2,229,RhodDo00
P0441,2005,235,Justin Griffith,FB,7,ATL,25,16,15,0,0,54.6,0,0,0,0,0,15,65,4.33,0,34,21,111,5.29,3,1,1,3,,,-124.2,230,GrifJu00
P0552,2005,236,Lorenzo Neal,FB,8,SDG,35,16,15,1,0,54.3,0,0,0,0,0,29,98,3.38,0,29,24,145,6.04,1,0,,1,,,-124.5,231,NealLo00
P0193,2005,237,William Henderson,FB,9,GNB,34,16,8,0,0,53.9,0,0,0,0,0,1,-5,-5,0,34,30,264,8.8,0,1,1,0,,,-124.9,232,HendWi00
P0230,2005,238,Kris Mangum,TE,32,CAR,32,14,9,0,0,53.2,0,0,0,0,0,0,0,,0,35,23,202,8.78,2,0,1,2,,,-78.8,161,MangKr00
P0167,2005,239,Bubba Franks,TE,33,GNB,27,10,8,0,0,51.7,0,0,0,0,0,0,0,,0,37,25,207,8.28,1,0,,1,,,-80.3,169,FranBu00
P0553,2005,240,Michael Turner,RB,63,SDG,23,16,0,0,0,51.5,0,0,0,0,0,57,335,5.88,3,1,0,0,,0,0,,3,,,-127.3,234,TurnMi00
P0492,2005,241,Chris Baker,TE,34,NYJ,26,8,8,0,0,50.9,0,0,0,0,0,0,0,,0,26,18,269,14.94,1,1,,1,,,-81.1,171,BakeCh00
P0178,2005,242,Zack Crockett,FB,10,OAK,33,16,10,0,0,50.9,0,0,0,0,0,60,208,3.47,1,18,13,111,8.54,0,1,,1,,,-127.9,235,CrocZa00
P0554,2005,243,Charlie Frye,QB,40,CLE,24,7,5,0,0,50.1,98,164,1002,4,5,18,60,3.33,1,0,0,0,,0,7,4,1,,,-158.2,248,FryeCh00
P0555,2005,244,Brandon Jacobs,RB,64,NYG,23,16,0,0,0,49.9,0,0,0,0,0,38,99,2.61,7,0,0,0,,0,1,1,7,,,-128.9,236,JacoBr00
P0083,2005,245,Johnnie Morton,WR,97,SFO,34,13,10,0,0,49.8,0,0,0,0,0,0,0,,0,44,21,288,13.71,0,0,,0,,,-130.8,242,MortJo00
P0556,2005,246,Vernand Morency,RB,65,HOU,25,12,1,0,0,49.1,0,0,0,0,0,46,184,4,2,15,10,87,8.7,0,1,,2,,,-129.7,240,MoreVe00
P0557,2005,247,Billy McMullen,WR,98,PHI,25,16,0,0,0,48.8,0,0,0,0,0,0,0,,0,38,18,268,14.89,1,1,1,1,,,-131.8,243,McMuBi00
P0003,2005,248,Jeff Garcia,QB,41,DET,35,6,5,0,0,48.6,102,173,937,3,6,17,51,3,1,0,0,0,,0,1,,1,,,-159.7,249,GarcJe00
P0558,2005,249,Ryan Moats,RB,66,PHI,23,7,1,0,0,48.5,0,0,0,0,0,55,278,5.05,3,6,4,7,1.75,0,3,1,3,,,-130.3,241,MoatRy00
P0559,2005,250,Ryan Fitzpatrick,QB,42,STL,23,4,3,0,0,47.5,76,135,777,4,8,14,64,4.57,2,0,0,0,,0,3,1,2,,,-160.8,250,FitzRy00
P0251,2006,1,LaDainian Tomlinson,RB,1,SDG,27,16,16,1,1,481.1,2,3,20,2,0,348,1815,5.22,28,80,56,508,9.07,3,2,1,31,,,296.2,1,TomlLa00
P0468,2006,2,Steven Jackson,RB,2,STL,23,16,16,1,0,415.4,0,0,0,0,0,346,1528,4.42,13,110,90,806,8.96,3,4,2,16,,,230.5,2,JackSt00
P0460,2006,3,Larry Johnson,RB,3,KAN,27,16,16,1,1,370.9,0,1,0,0,0,416,1789,4.3,17,66,41,410,10,2,2,2,19,,,186.0,3,JohnLa00
P0405,2006,4,Brian Westbrook,RB,4,PHI,27,15,14,0,0,330.6,0,0,0,0,0,240,1217,5.07,7,105,77,699,9.08,4,2,2,11,,,145.7,4,WestBr00
P0516,2006,5,Frank Gore,RB,5,SFO,23,16,16,1,0,323.0,0,0,0,0,0,312,1695,5.43,8,86,61,485,7.95,1,6,5,9,,,138.1,5,GoreFr00
P0015,2006,6,Peyton Manning,QB,1,IND,30,16,16,1,0,311.5,362,557,4397,31,9,23,36,1.57,4,0,0,0,,0,2,1,4,,2,110.4,8,MannPe00
P0006,2006,7,Marvin Harrison,WR,1,IND,34,16,16,1,1,301.6,0,0,0,0,0,0,0,,0,148,95,1366,14.38,12,1,1,12,,,115.5,6,HarrMa00
P0016,2006,8,Tiki Barber,RB,6,NYG,31,16,16,1,0,298.7,0,0,0,0,0,327,1662,5.08,5,75,58,465,8.02,0,3,1,5,,,113.8,7,BarbTi00
P0502,2006,9,Willie Parker,RB,7,PIT,26,16,16,1,0,288.6,0,0,0,0,0,337,1494,4.43,13,42,31,222,7.16,3,7,5,16,,,103.7,9,ParkWi00
P0008,2006,10,Terrell Owens,WR,2,DAL,33,16,15,0,0,283.0,0,0,0,0,0,0,0,,0,150,85,1180,13.88,13,0,,13,1,,96.9,10,OwenTe00
P0560,2006,11,Maurice Jones-Drew,RB,8,JAX,21,16,1,0,0,277.7,0,0,0,0,0,166,941,5.67,13,62,46,436,9.48,2,1,1,16,,,92.8,11,DrewMa00
P0308,2006,12,Reggie Wayne,WR,3,IND,28,16,16,1,0,273.0,0,0,0,0,0,0,0,,0,137,86,1310,15.23,9,1,,9,1,,86.9,12,WaynRe00
P0198,2006,13,Donald Driver,WR,4,GNB,31,16,16,1,0,271.1,0,0,0,0,0,7,16,2.29,0,173,92,1295,14.08,8,1,,8,,,85.0,13,DrivDo00
P0023,2006,14,Torry Holt,WR,5,STL,30,16,16,1,0,269.8,0,0,0,0,0,0,0,,0,179,93,1188,12.77,10,2,1,10,,,83.7,14,HoltTo00
P0561,2006,15,Reggie Bush,RB,9,NOR,21,16,8,0,0,266.7,0,1,0,0,1,155,565,3.65,6,121,88,742,8.43,2,2,2,9,,,81.8,15,BushRe00
P0303,2006,16,Chad Johnson,WR,6,CIN,28,16,16,1,1,266.3,0,0,0,0,0,6,24,4,0,152,87,1369,15.74,7,1,1,7,,,80.2,16,JohnCh01
P0310,2006,17,Michael Vick,QB,2,ATL,26,16,16,0,0,264.0,204,388,2474,20,13,123,1039,8.45,2,1,1,1,1,0,9,3,2,,,62.9,23,VickMi00
P0340,2006,18,Drew Brees,QB,3,NOR,27,16,16,1,1,259.9,356,554,4418,26,11,42,32,0.76,0,0,0,0,,0,8,3,0,,2,58.8,24,BreeDr00
P0342,2006,19,Steve Smith Sr.,WR,7,CAR,27,14,14,1,0,259.7,0,0,0,0,0,8,61,7.63,1,139,83,1166,14.05,8,2,,9,,,73.6,18,SmitSt01
P0457,2006,20,Lee Evans,WR,8,BUF,25,16,15,0,0,257.2,0,1,0,0,0,0,0,,0,137,82,1292,15.76,8,1,1,8,,,71.1,19,EvanLe00
P0365,2006,21,T.J. Houshmandzadeh,WR,9,CIN,29,14,13,0,0,252.7,0,0,0,0,0,3,6,2,0,132,90,1081,12.01,9,0,,9,,,66.6,20,HousTJ00
P0354,2006,22,Marc Bulger,QB,4,STL,29,16,16,1,0,252.4,370,588,4301,24,8,18,44,2.44,0,0,0,0,,0,6,3,0,,1,51.3,30,BulgMa00
P0459,2006,23,Roy Williams,WR,10,DET,25,16,16,1,0,251.2,0,0,0,0,0,2,2,1,0,151,82,1310,15.98,7,2,2,7,,,65.1,21,WillRo04
P0406,2006,24,Andre Johnson,WR,11,HOU,25,16,16,1,0,249.1,0,0,0,0,0,3,14,4.67,0,163,103,1147,11.14,5,1,,5,,,63.0,22,JohnAn02
P0391,2006,25,Javon Walker,WR,12,DEN,28,16,16,0,0,243.7,0,0,0,0,0,9,123,13.67,1,126,69,1084,15.71,8,0,,9,,,57.6,25,WalkJa00
P0562,2006,26,Mike Furrey,WR,13,DET,29,16,14,0,0,240.6,0,0,0,0,0,0,0,,0,146,98,1086,11.08,6,1,1,6,,,54.5,26,FurrMi00
P0183,2006,27,Laveranues Coles,WR,14,NYJ,29,16,16,0,0,238.2,0,0,0,0,0,2,14,7,0,152,91,1098,12.07,6,1,,6,,,52.1,27,ColeLa00
P0464,2006,28,Carson Palmer,QB,5,CIN,27,16,16,1,0,237.1,324,520,4035,28,13,26,37,1.42,0,0,0,0,,0,15,7,0,,,36.0,39,PalmCa00
P0383,2006,29,Ladell Betts,RB,10,WAS,27,16,9,0,0,236.9,0,0,0,0,0,245,1154,4.71,4,64,53,445,8.4,1,6,3,5,,,52.0,28,BettLa00
P0407,2006,30,Rudi Johnson,RB,11,CIN,27,16,15,0,0,234.3,0,0,0,0,0,341,1309,3.84,12,31,23,124,5.39,0,6,2,12,,,49.4,32,JohnRu00
P0403,2006,31,Anquan Boldin,WR,15,ARI,26,16,16,1,0,230.1,0,0,0,0,0,5,28,5.6,0,152,83,1203,14.49,4,1,,4,,,44.0,33,BoldAn00
P0563,2006,32,Joseph Addai,RB,12,IND,23,16,0,0,0,226.6,0,0,0,0,0,226,1081,4.78,7,50,40,325,8.13,1,2,1,8,,,41.7,35,AddaJo00
P0402,2006,33,Chester Taylor,RB,13,MIN,27,15,15,0,0,222.4,0,0,0,0,0,303,1216,4.01,6,51,42,288,6.86,0,5,3,6,,,37.5,37,TaylCh01
P0564,2006,34,Marques Colston,WR,16,NOR,23,14,12,0,0,221.8,0,0,0,0,0,0,0,,0,115,70,1038,14.83,8,0,,8,,,35.7,40,ColsMa00
P0009,2006,35,Ahman Green,RB,14,GNB,29,14,14,0,0,221.2,0,0,0,0,0,266,1059,3.98,5,63,46,373,8.11,1,4,2,6,,,36.3,38,GreeAh00
P0456,2006,36,Kevin Jones,RB,15,DET,24,12,12,0,0,219.9,0,0,0,0,0,181,689,3.81,6,78,61,520,8.52,2,5,5,8,,,35.0,41,JoneKe02
P0224,2006,37,Plaxico Burress,WR,17,NYG,29,15,15,0,0,219.8,0,0,0,0,0,0,0,,0,116,63,988,15.68,10,2,1,10,,,33.7,43,BurrPl00
P0312,2006,38,Deuce McAllister,RB,16,NOR,28,15,13,0,0,219.5,0,0,0,0,0,244,1057,4.33,10,36,30,198,6.6,0,3,1,11,,,34.6,42,McAlDe00
P0260,2006,39,Tom Brady,QB,6,NWE,29,16,16,0,0,219.4,319,516,3529,24,12,49,102,2.08,0,0,0,0,,0,12,4,0,,2,18.3,54,BradTo00
P0088,2006,40,Darrell Jackson,WR,18,SEA,28,13,13,0,0,218.6,0,0,0,0,0,0,0,,0,112,63,956,15.17,10,1,,10,,,32.5,44,JackDa00
P0099,2006,41,Jon Kitna,QB,7,DET,34,16,16,0,0,217.9,372,596,4208,21,22,34,156,4.59,2,0,0,0,,0,11,9,2,,,16.8,56,KitnJo00
P0427,2006,42,Antonio Gates,TE,1,SDG,26,16,16,1,1,217.4,0,0,0,0,0,0,0,,0,120,71,924,13.01,9,0,,9,,,73.8,17,GateAn00
P0565,2006,43,Jerricho Cotchery,WR,19,NYJ,24,16,16,0,0,216.6,0,0,0,0,0,5,25,5,0,125,82,961,11.72,6,0,,6,,,30.5,45,CotcJe00
P0045,2006,44,Terry Glenn,WR,20,DAL,32,15,14,0,0,211.8,0,0,0,0,0,3,11,3.67,0,111,70,1047,14.96,6,0,,6,,,25.7,47,GlenTe00
P0265,2006,45,Joey Galloway,WR,21,TAM,35,16,14,0,0,210.6,0,0,0,0,0,2,9,4.5,0,143,62,1057,17.05,7,0,,7,,,24.5,49,GallJo00
P0103,2006,46,Hines Ward,WR,22,PIT,30,14,14,0,0,210.5,0,0,0,0,0,2,30,15,0,126,74,975,13.18,6,2,,6,,,24.4,50,WardHi00
P0566,2006,47,Philip Rivers,QB,8,SDG,25,16,16,1,0,208.4,284,460,3388,22,9,48,49,1.02,0,0,0,0,,0,8,2,0,,1,7.3,60,RivePh00
P0147,2006,48,Thomas Jones,RB,17,CHI,28,16,16,0,0,206.2,1,1,-4,0,0,296,1210,4.09,6,47,36,154,4.28,0,1,1,6,,,21.3,51,JoneTh00
P0002,2006,49,Edgerrin James,RB,18,ARI,28,16,16,0,0,205.6,0,0,0,0,0,337,1159,3.44,6,61,38,217,5.71,0,3,3,6,,,20.7,52,JameEd00
P0510,2006,50,Marion Barber III,RB,19,DAL,23,16,1,0,0,204.0,0,0,0,0,0,135,654,4.84,14,32,23,196,8.52,2,0,,16,,,19.1,53,BarbMa01
P0019,2006,51,Isaac Bruce,WR,23,STL,34,16,13,0,0,203.8,0,1,0,0,0,0,0,,0,126,74,1098,14.84,3,0,,3,1,,17.7,55,BrucIs00
P0567,2006,52,Vince Young,QB,9,TEN,23,15,13,1,0,203.2,184,357,2199,12,13,83,552,6.65,7,0,0,0,,0,12,3,7,1,,2.1,63,YounVi00
P0018,2006,53,Donovan McNabb,QB,10,PHI,30,10,10,0,0,201.1,180,316,2647,18,6,32,212,6.63,3,0,0,0,,0,3,2,3,,,0.0,70,McNaDo00
P0458,2006,54,Larry Fitzgerald,WR,24,ARI,23,13,13,0,0,199.6,0,0,0,0,0,0,0,,0,111,69,946,13.71,6,0,,6,,,13.5,57,FitzLa00
P0022,2006,55,Fred Taylor,RB,20,JAX,30,15,15,0,0,195.8,0,0,0,0,0,231,1146,4.96,5,28,23,242,10.52,1,3,1,6,,,10.9,58,TaylFr00
P0027,2006,56,Tony Gonzalez,TE,2,KAN,30,15,15,1,0,195.0,0,0,0,0,0,0,0,,0,104,73,900,12.33,5,1,,5,1,,51.4,29,GonzTo00
P0568,2006,57,Kellen Winslow,TE,3,CLE,23,16,16,0,0,194.5,0,0,0,0,0,0,0,,0,120,89,875,9.83,3,1,,3,,,50.9,31,WinsKe01
P0043,2006,58,Jamal Lewis,RB,21,BAL,27,16,16,0,0,192.7,0,0,0,0,0,314,1132,3.61,9,26,18,115,6.39,0,4,2,9,,,7.8,59,LewiJa00
P0268,2006,59,Travis Henry,RB,22,TEN,28,14,13,0,0,188.9,0,0,0,0,0,270,1211,4.49,7,25,18,78,4.33,0,3,1,7,1,,4.0,61,HenrTr00
P0499,2006,60,Eli Manning,QB,11,NYG,25,16,16,0,0,187.9,301,522,3244,24,18,25,21,0.84,0,0,0,0,,0,9,2,0,,,-13.2,77,MannEl00
P0511,2006,61,Mark Clayton,WR,25,BAL,24,16,12,0,0,187.9,0,1,0,0,0,7,-30,-4.29,0,113,67,939,14.01,5,0,,5,,,1.8,65,ClayMa01
P0504,2006,62,Ronnie Brown,RB,23,MIA,25,13,12,0,0,187.4,0,1,0,0,0,241,1008,4.18,5,38,33,276,8.36,0,4,2,5,,,2.5,62,BrowRo05
P0518,2006,63,Braylon Edwards,WR,26,CLE,23,16,15,0,0,186.1,0,0,0,0,0,3,7,2.33,0,125,61,884,14.49,6,0,,6,,,0.0,67,EdwaBr00
P0339,2006,64,Todd Heap,TE,4,BAL,26,16,16,0,0,185.5,0,0,0,0,0,0,0,,0,116,73,765,10.48,6,0,,6,,,41.9,34,HeapTo00
P0047,2006,65,Corey Dillon,RB,24,NWE,32,16,13,0,0,184.9,0,0,0,0,0,199,812,4.08,13,16,15,147,9.8,0,2,2,13,,,0.0,68,DillCo00
P0462,2006,66,Ben Roethlisberger,QB,12,PIT,24,15,15,0,0,184.3,280,469,3513,18,23,32,98,3.06,2,0,0,0,,0,5,2,2,,,-16.8,81,RoetBe00
P0053,2006,67,Brett Favre,QB,13,GNB,37,16,16,0,0,184.3,343,613,3885,18,18,23,29,1.26,1,0,0,0,,0,8,8,1,,,-16.8,82,FavrBr00
P0505,2006,68,Reggie Brown,WR,27,PHI,25,16,15,0,0,184.0,0,0,0,0,0,3,24,8,1,88,46,816,17.74,8,0,,9,,,-2.1,73,BrowRe01
P0035,2006,69,Warrick Dunn,RB,25,ATL,31,16,16,0,0,183.0,0,0,0,0,0,286,1140,3.99,4,28,22,170,7.73,1,1,,5,,,-1.9,72,DunnWa00
P0295,2006,70,Alge Crumpler,TE,5,ATL,29,16,16,1,0,182.0,0,0,0,0,0,0,0,,0,103,56,780,13.93,8,0,,8,,,38.4,36,CrumAl00
P0356,2006,71,Santana Moss,WR,28,WAS,27,14,14,0,0,180.2,0,0,0,0,0,7,82,11.71,0,101,55,790,14.36,6,2,,6,1,,-5.9,74,MossSa00
P0054,2006,72,Keyshawn Johnson,WR,29,CAR,34,16,16,0,0,177.9,0,1,0,0,1,1,4,4,1,128,70,815,11.64,4,1,1,5,,,-8.2,75,JohnKe00
P0070,2006,73,Steve McNair,QB,14,BAL,33,16,16,0,0,177.9,295,468,3050,16,12,45,119,2.64,1,0,0,0,,0,7,1,1,,,-23.2,85,McNaSt00
P0531,2006,74,J.P. Losman,QB,15,BUF,25,16,16,0,0,176.0,268,429,3051,19,14,38,140,3.68,1,0,0,0,,0,13,7,1,,,-25.1,87,LosmJ.00
P0031,2006,75,Muhsin Muhammad,WR,30,CHI,33,16,16,0,0,174.3,0,0,0,0,0,0,0,,0,117,60,863,14.38,5,1,1,5,,,-11.8,76,MuhaMu00
P0569,2006,76,Tony Romo,QB,16,DAL,26,16,10,1,0,174.3,220,337,2903,19,13,34,102,3,0,0,0,0,,0,9,3,0,1,1,-26.8,89,RomoTo00
P0337,2006,77,Chad Pennington,QB,17,NYJ,30,16,16,0,0,173.7,313,485,3352,17,16,35,109,3.11,0,1,0,7,,0,7,4,0,,,-27.4,90,PennCh01
P0135,2006,78,Marty Booker,WR,31,MIA,30,14,13,0,0,171.6,0,0,0,0,0,3,19,6.33,0,90,55,747,13.58,6,0,,6,2,,-14.5,78,BookMa00
P0114,2006,79,Eddie Kennison,WR,32,KAN,33,16,16,0,0,170.6,0,0,0,0,0,4,16,4,0,101,53,860,16.23,5,0,,5,,,-15.5,79,KennEd00
P0570,2006,80,Rex Grossman,QB,18,CHI,26,16,16,0,0,170.5,262,480,3193,23,20,24,2,0.08,0,1,1,-4,-4,0,8,5,0,,,-30.6,92,GrosRe00
P0341,2006,81,Jeremy Shockey,TE,6,NYG,26,15,15,1,0,170.3,0,0,0,0,0,0,0,,0,115,66,623,9.44,7,0,,7,,,26.7,46,ShocJe00
P0471,2006,82,Chris Cooley,TE,7,WAS,24,16,16,0,0,168.4,0,0,0,0,0,0,0,,0,95,57,734,12.88,6,0,,6,1,,24.8,48,CoolCh00
P0453,2006,83,Willis McGahee,RB,26,BUF,25,14,14,0,0,164.6,0,0,0,0,0,259,990,3.82,6,28,18,156,8.67,0,4,2,6,,,-20.3,83,McGaWi00
P0571,2006,84,Alex Smith,QB,19,SFO,22,16,16,0,0,164.3,257,442,2890,16,16,44,147,3.34,2,0,0,0,,0,10,5,2,,,-36.8,100,SmitAl03
P0496,2006,85,Bernard Berrian,WR,33,CHI,26,15,14,0,0,163.0,0,0,0,0,0,2,5,2.5,0,102,51,775,15.2,6,2,1,6,,,-23.1,84,BerrBe00
P0392,2006,86,Reche Caldwell,WR,34,NWE,27,16,14,0,0,161.5,0,0,0,0,0,1,5,5,0,102,61,760,12.46,4,2,1,4,1,,-24.6,86,CaldRe00
P0257,2006,87,Chris Chambers,WR,35,MIA,28,16,16,0,0,160.2,0,0,0,0,0,8,95,11.88,0,154,59,677,11.47,4,0,,4,,,-25.9,88,ChamCh00
P0572,2006,88,Laurence Maroney,RB,27,NWE,21,14,0,0,0,155.9,0,0,0,0,0,175,745,4.26,6,30,22,194,8.82,1,1,1,7,,,-29.0,91,MaroLa00
P0062,2006,89,Derrick Mason,WR,36,BAL,32,16,15,0,0,154.6,0,0,0,0,0,1,-4,-4,0,112,68,750,11.03,2,1,,2,,,-31.5,94,MasoDe00
P0467,2006,90,Julius Jones,RB,28,DAL,25,16,16,0,0,153.6,0,0,0,0,0,267,1084,4.06,4,15,9,142,15.78,0,1,1,4,,,-31.3,93,JoneJu01
P0360,2006,91,Deion Branch,WR,37,SEA,27,14,13,0,0,152.5,0,0,0,0,0,4,30,7.5,0,101,53,725,13.68,4,0,,4,,,-33.6,97,BranDe00
P0348,2006,92,David Carr,QB,20,HOU,27,16,16,0,0,152.2,302,442,2767,11,12,53,195,3.68,2,0,0,0,,0,16,6,2,,1,-48.9,114,CarrDa00
P0418,2006,93,DeShaun Foster,RB,29,CAR,26,14,14,0,0,151.6,0,0,0,0,0,227,897,3.95,3,46,32,159,4.97,0,4,2,3,,,-33.3,95,FostDe00
P0573,2006,94,Mike Bell,RB,30,DEN,23,15,3,0,0,151.5,0,0,0,0,0,157,677,4.31,8,27,20,158,7.9,0,1,,8,,,-33.4,96,BellMi00
P0408,2006,95,Jake Delhomme,QB,21,CAR,31,13,13,0,0,151.4,263,431,2805,17,11,18,12,0.67,0,0,0,0,,0,6,4,0,,,-49.7,117,DelhJa00
P0513,2006,96,Chris Henry,WR,38,CIN,23,13,4,0,0,150.5,0,0,0,0,0,0,0,,0,75,36,605,16.81,9,0,,9,,,-35.6,98,HenrCh00
P0253,2006,97,Dominic Rhodes,RB,31,IND,27,16,16,0,0,149.2,0,0,0,0,0,187,641,3.43,5,47,36,251,6.97,0,3,3,5,,,-35.7,99,RhodDo00
P0278,2006,98,Matt Hasselbeck,QB,22,SEA,31,12,12,0,0,148.7,210,371,2442,18,15,18,110,6.11,0,0,0,0,,0,3,2,0,,1,-52.4,120,HassMa00
P0525,2006,99,Arnaz Battle,WR,39,SFO,26,16,15,0,0,146.1,0,1,0,0,0,5,25,5,0,85,59,686,11.63,3,2,1,3,,,-40.0,101,BattAr00
P0425,2006,100,Jason Witten,TE,8,DAL,24,16,15,1,0,145.4,0,0,0,0,0,0,0,,0,90,64,754,11.78,1,0,,1,,,1.8,64,WittJa00
P0574,2006,101,Santonio Holmes,WR,40,PIT,22,16,4,0,0,144.7,0,0,0,0,0,1,13,13,0,86,49,824,16.82,2,5,3,3,,,-41.4,103,HolmSa00
P0357,2006,102,Randy McMichael,TE,9,MIA,27,16,16,0,0,144.0,0,0,0,0,0,0,0,,0,96,62,640,10.32,3,0,,3,,,0.4,66,McMiRa01
P0534,2006,103,Devery Henderson,WR,41,NOR,24,13,7,0,0,143.9,0,0,0,0,0,2,14,7,1,54,32,745,23.28,5,0,,6,,,-42.2,104,HendDe00
P0164,2006,104,Desmond Clark,TE,10,CHI,29,16,16,0,0,143.6,0,0,0,0,0,0,0,,0,80,45,626,13.91,6,0,,6,,,0.0,69,ClarDe00
P0435,2006,105,L.J. Smith,TE,11,PHI,26,16,15,0,0,143.1,0,0,0,0,0,0,0,,0,75,50,611,12.22,5,0,,5,1,,-0.5,71,SmitL.00
P0220,2006,106,Shaun Alexander,RB,32,SEA,29,10,10,0,0,142.4,0,0,0,0,0,252,896,3.56,7,16,12,48,4,0,6,3,7,,,-42.5,105,AlexSh00
P0487,2006,107,Reggie Williams,WR,42,JAX,23,16,14,0,0,140.9,0,0,0,0,0,7,33,4.71,0,91,52,616,11.85,4,1,,4,,,-45.2,108,WillRe00
P0346,2006,108,Donte' Stallworth,WR,43,PHI,26,12,11,0,0,140.5,0,0,0,0,0,0,0,,0,70,38,725,19.08,5,0,,5,,,-45.6,109,StalDo00
P0486,2006,109,Tatum Bell,RB,33,DEN,25,13,13,0,0,140.0,0,0,0,0,0,233,1025,4.4,2,31,24,115,4.79,0,5,5,2,,,-44.9,107,BellTa00
P0537,2006,110,Wes Welker,WR,44,MIA,25,16,2,0,0,139.7,0,0,0,0,0,0,0,,0,100,67,687,10.25,1,3,1,1,,,-46.4,111,WelkWe00
P0465,2006,111,Ronald Curry,WR,45,OAK,27,16,4,0,0,139.1,0,2,0,0,1,1,4,4,0,89,62,727,11.73,1,0,,1,,,-47.0,112,CurrRo01
P0575,2006,112,Leon Washington,RB,34,NYJ,24,16,8,0,0,139.0,0,0,0,0,0,151,650,4.3,4,31,25,270,10.8,0,3,1,4,,,-45.9,110,WashLe00
P0305,2006,113,Drew Bennett,WR,46,TEN,28,16,15,0,0,137.7,0,0,0,0,0,0,0,,0,98,46,737,16.02,3,2,1,3,1,,-48.4,113,BennDr00
P0176,2006,114,Travis Taylor,WR,47,MIN,28,16,16,0,0,136.6,0,0,0,0,0,1,5,5,0,87,57,651,11.42,3,2,2,3,,,-49.5,116,TaylTr01
P0422,2006,115,Bryant Johnson,WR,48,ARI,25,16,8,0,0,135.7,0,0,0,0,0,1,-3,-3,0,74,40,740,18.5,4,1,1,4,,,-50.4,118,JohnBr02
P0454,2006,116,Reuben Droughns,RB,35,CLE,28,14,12,0,0,135.7,0,0,0,0,0,220,758,3.45,4,33,27,169,6.26,0,5,4,4,,,-49.2,115,DrouRe00
P0576,2006,117,Matt Leinart,QB,23,ARI,23,12,11,0,0,134.8,214,377,2547,11,12,22,49,2.23,2,0,0,0,,0,8,2,2,,,-66.3,138,LeinMa00
P0345,2006,118,Antonio Bryant,WR,49,SFO,25,14,13,0,0,131.3,0,0,0,0,0,0,0,,0,91,40,733,18.33,3,0,,3,,,-54.8,123,BryaAn00
P0024,2006,119,Joe Horn,WR,50,NOR,34,10,9,0,0,130.9,0,1,0,0,0,0,0,,0,61,37,679,18.35,4,0,,4,1,,-55.2,124,HornJo00
P0123,2006,120,Brad Johnson,QB,24,MIN,38,15,14,0,0,130.2,270,439,2750,9,15,29,82,2.83,1,0,0,0,,0,9,,1,,,-70.9,151,JohnBr00
P0529,2006,121,D.J. Hackett,WR,51,SEA,25,14,5,0,0,130.0,0,0,0,0,0,0,0,,0,66,45,610,13.56,4,0,,4,,,-56.1,126,HackD.00
P0554,2006,122,Charlie Frye,QB,25,CLE,25,13,13,0,0,129.7,252,393,2454,10,17,47,215,4.57,3,0,0,0,,0,8,7,3,,,-71.4,152,FryeCh00
P0503,2006,123,Cadillac Williams,RB,36,TAM,24,14,14,0,0,129.4,0,0,0,0,0,225,798,3.55,1,44,30,196,6.53,0,3,3,1,,,-55.5,125,WillCa02
P0336,2006,124,Clinton Portis,RB,37,WAS,25,8,7,0,0,128.3,0,0,0,0,0,127,523,4.12,7,26,17,170,10,0,0,,7,,,-56.6,127,PortCl00
P0520,2006,125,Ben Watson,TE,12,NWE,26,13,13,0,0,127.3,0,0,0,0,0,0,0,,0,91,49,643,13.12,3,3,2,3,,,-16.3,80,WatsBe00
P0577,2006,126,DeAngelo Williams,RB,38,CAR,23,13,2,0,0,126.4,0,0,0,0,0,121,501,4.14,1,36,33,313,9.48,1,1,,2,,,-58.5,128,WillDe02
P0578,2006,127,Greg Jennings,WR,52,GNB,23,14,11,0,0,126.2,0,0,0,0,0,0,0,,0,104,45,632,14.04,3,1,,3,,,-59.9,130,JennGr00
P0509,2006,128,Matt Jones,WR,53,JAX,23,14,4,0,0,125.8,0,0,0,0,0,2,-15,-7.5,0,76,41,643,15.68,4,1,1,4,,,-60.3,133,JoneMa00
P0579,2006,129,Wali Lundy,RB,39,HOU,23,14,8,0,0,125.0,0,0,0,0,0,124,476,3.84,4,39,33,204,6.18,0,1,1,4,1,,-59.9,131,LundWa00
P0517,2006,130,Michael Jenkins,WR,54,ATL,24,16,16,0,0,124.8,0,0,0,0,0,1,2,2,0,83,39,436,11.18,7,0,,7,,,-61.3,134,JenkMi00
P0475,2006,131,Mewelde Moore,RB,40,MIN,24,16,0,0,0,122.5,1,1,15,1,0,24,131,5.46,0,62,46,468,10.17,1,3,,2,,,-62.4,135,MoorMe00
P0580,2006,132,Nate Washington,WR,55,PIT,23,16,2,0,0,122.2,0,0,0,0,0,3,8,2.67,0,69,35,624,17.83,4,0,,4,,,-63.9,136,WashNa00
P0555,2006,133,Brandon Jacobs,RB,41,NYG,24,15,0,0,0,120.2,0,0,0,0,0,96,423,4.41,9,14,11,149,13.55,0,2,1,9,,,-64.7,137,JacoBr00
P0030,2006,134,Eric Moulds,WR,56,HOU,33,16,16,0,0,119.3,0,0,0,0,0,1,6,6,0,78,57,557,9.77,1,1,,1,,,-66.8,139,MoulEr00
P0007,2006,135,Rod Smith,WR,57,DEN,36,16,16,0,0,118.7,0,0,0,0,0,1,-5,-5,0,94,52,512,9.85,3,2,1,3,,,-67.4,140,SmitRo01
P0040,2006,136,Michael Pittman,RB,42,TAM,31,16,3,0,0,116.0,0,0,0,0,0,50,245,4.9,1,76,47,405,8.62,0,2,1,1,,,-68.9,144,PittMi00
P0439,2006,137,Eric Parker,WR,58,SDG,27,15,12,0,0,115.8,0,0,0,0,0,2,19,9.5,0,70,48,659,13.73,0,0,,0,,,-70.3,146,ParkEr00
P0010,2006,138,Randy Moss,WR,59,OAK,29,13,13,0,0,115.3,0,0,0,0,0,0,0,,0,96,42,553,13.17,3,0,,3,,,-70.8,149,MossRa00
P0131,2006,139,Ron Dayne,RB,43,HOU,28,11,6,0,0,114.9,0,0,0,0,0,151,612,4.05,5,18,14,77,5.5,0,1,,5,1,,-70.0,145,DaynRo00
P0581,2006,140,Cedric Benson,RB,44,CHI,24,15,0,0,0,114.1,0,0,0,0,0,157,647,4.12,6,10,8,54,6.75,0,0,,6,,,-70.8,148,BensCe00
P0521,2006,141,David Garrard,QB,26,JAX,28,11,10,0,0,112.4,145,241,1735,10,9,47,250,5.32,0,0,0,0,,0,4,2,0,,,-88.7,170,GarrDa00
P0582,2006,142,Vincent Jackson,WR,60,SDG,23,16,7,0,0,111.9,0,0,0,0,0,3,16,5.33,0,56,27,453,16.78,6,0,,6,1,,-74.2,154,JackVi00
P0359,2006,143,Joey Harrington,QB,27,MIA,28,11,11,0,0,111.8,223,388,2236,12,15,19,24,1.26,0,0,0,0,,0,4,1,0,,2,-89.3,172,HarrJo00
P0542,2006,144,Patrick Crayton,WR,61,DAL,27,16,7,0,0,111.6,0,0,0,0,0,0,0,,0,48,36,516,14.33,4,1,,4,,,-74.5,156,CrayPa00
P0583,2006,145,Damon Huard,QB,28,KAN,33,10,8,0,0,111.4,148,244,1878,11,1,9,9,1,0,2,2,-6,-3,0,9,5,0,,1,-89.7,173,HuarDa00
P0105,2006,146,Jake Plummer,QB,29,DEN,32,16,11,0,0,111.0,175,317,1994,11,13,36,112,3.11,1,0,0,0,,0,7,2,1,,,-90.1,174,PlumJa00
P0476,2006,147,Kevin Curtis,WR,62,STL,28,16,1,0,0,110.3,0,0,0,0,0,4,4,1,0,57,40,479,11.98,4,1,1,4,,,-75.8,157,CurtKe00
P0050,2006,148,Troy Brown,WR,63,NWE,35,16,9,0,0,109.2,0,0,0,0,0,2,18,9,0,75,43,384,8.93,4,0,,4,1,,-76.9,159,BrowTr00
P0071,2006,149,Kevin Faulk,RB,45,NWE,30,15,1,0,0,108.9,0,0,0,0,0,25,123,4.92,1,56,43,356,8.28,2,2,,3,,,-76.0,158,FaulKe00
P0351,2006,150,Antwaan Randle El,WR,64,WAS,27,16,16,0,0,108.4,2,3,88,1,0,19,118,6.21,0,63,32,351,10.97,3,2,1,4,,,-77.7,160,RandAn00
P0212,2006,151,Joe Jurevicius,WR,65,CLE,32,13,8,0,0,107.5,0,0,0,0,0,0,0,,0,65,40,495,12.38,3,0,,3,,,-78.6,162,JureJo00
P0102,2006,152,Peerless Price,WR,66,BUF,30,16,15,0,0,107.0,0,0,0,0,0,5,18,3.6,0,78,49,402,8.2,3,1,1,3,,,-79.1,163,PricPe00
P0514,2006,153,Samie Parker,WR,67,KAN,25,16,15,0,0,103.8,0,0,0,0,0,3,7,2.33,0,68,41,561,13.68,1,0,,1,,,-82.3,166,ParkSa00
P0507,2006,154,Heath Miller,TE,13,PIT,24,16,16,0,0,103.3,0,0,0,0,0,0,0,,0,55,34,393,11.56,5,0,,5,,,-40.3,102,MillHe00
P0042,2006,155,Mark Brunell,QB,30,WAS,36,10,9,0,0,101.0,162,260,1789,8,4,13,34,2.62,0,0,0,0,,0,5,1,0,,2,-100.1,191,BrunMa00
P0285,2006,156,Correll Buckhalter,RB,46,PHI,28,16,1,0,0,100.1,0,0,0,0,0,83,345,4.16,2,28,24,256,10.67,1,2,1,3,,,-84.8,167,BuckCo00
P0584,2006,157,Owen Daniels,TE,14,HOU,24,14,12,0,0,99.2,0,0,0,0,0,0,0,,0,51,34,352,10.35,5,0,,5,,,-44.4,106,DaniOw00
P0490,2006,158,Ernest Wilford,WR,68,JAX,27,16,12,0,0,98.4,0,0,0,0,0,0,0,,0,74,36,524,14.56,2,1,1,2,,,-87.7,169,WilfEr00
P0585,2006,159,Jerious Norwood,RB,47,ATL,23,14,0,0,0,97.5,0,1,0,0,0,99,633,6.39,2,15,12,102,8.5,0,0,,2,,,-87.4,168,NorwJe00
P0003,2006,160,Jeff Garcia,QB,31,PHI,36,8,6,0,0,95.1,116,188,1309,10,2,25,87,3.48,0,0,0,0,,0,6,2,0,,1,-106.0,199,GarcJe00
P0586,2006,161,Justin Fargas,RB,48,OAK,26,16,6,0,0,94.0,0,0,0,0,0,178,659,3.7,1,21,13,91,7,0,1,,1,,,-90.9,177,FargJu00
P0419,2006,162,Cedrick Wilson,WR,69,PIT,28,15,12,0,0,93.6,1,1,21,0,0,2,14,7,0,69,37,504,13.62,1,2,1,1,,,-92.5,179,WilsCe00
P0587,2006,163,George Wrighster,TE,15,JAX,25,16,10,0,0,92.3,0,0,0,0,0,0,0,,0,63,39,353,9.05,3,0,,3,,,-51.3,119,WrigGe00
P0474,2006,164,Bobby Wade,WR,70,TEN,25,16,2,0,0,91.1,0,0,0,0,0,0,0,,0,58,33,461,13.97,2,2,,2,,,-95.0,182,WadeBo00
P0085,2006,165,Marcus Robinson,WR,71,MIN,31,10,3,0,0,91.1,0,0,0,0,0,0,0,,0,58,29,381,13.14,4,2,,4,,,-95.0,184,RobiMa00
P0430,2006,166,Dallas Clark,TE,16,IND,27,12,12,0,0,90.7,0,0,0,0,0,0,0,,0,57,30,367,12.23,4,0,,4,,,-52.9,121,ClarDa00
P0588,2006,167,Jason Campbell,QB,32,WAS,25,7,7,0,0,90.6,110,207,1297,10,6,24,107,4.46,0,0,0,0,,0,1,,0,,,-110.5,208,CampJa00
P0219,2006,168,Jermaine Wiggins,TE,17,MIN,31,16,3,0,0,90.6,0,0,0,0,0,0,0,,0,67,46,386,8.39,1,1,,1,,,-53.0,122,WiggJe00
P0544,2006,169,Brandon Jones,WR,72,TEN,24,16,10,0,0,89.7,0,0,0,0,0,1,3,3,0,53,27,384,14.22,4,0,,4,,,-96.4,186,JoneBr02
P0473,2006,170,Doug Gabriel,WR,73,2TM,26,15,5,0,0,88.8,0,0,0,0,0,0,0,,0,54,30,428,14.27,3,1,1,3,,,-97.3,187,GabrDo00
P0589,2006,171,Bruce Gradkowski,QB,33,TAM,23,13,11,0,0,88.5,177,328,1661,9,9,41,161,3.93,0,0,0,0,,0,11,6,0,,,-112.6,212,GradBr00
P0364,2006,172,Josh Reed,WR,74,BUF,26,13,1,0,0,88.3,0,0,0,0,0,4,13,3.25,0,48,34,410,12.06,2,0,,2,,,-97.8,189,ReedJo01
P0037,2006,173,Amani Toomer,WR,75,NYG,32,8,8,0,0,86.0,0,0,0,0,0,1,0,0,0,43,32,360,11.25,3,0,,3,,,-100.1,190,ToomAm00
P0492,2006,174,Chris Baker,TE,18,NYJ,27,16,14,0,0,85.0,0,0,0,0,0,0,0,,0,45,31,300,9.68,4,0,,4,,,-58.6,129,BakeCh00
P0254,2006,175,Anthony Thomas,RB,49,BUF,29,16,2,0,0,83.7,0,0,0,0,0,107,378,3.53,2,24,22,139,6.32,0,1,1,2,,,-101.2,192,ThomAn01
P0590,2006,176,Drew Carter,WR,76,CAR,25,14,2,0,0,83.5,0,0,0,0,0,2,18,9,0,51,28,357,12.75,3,0,,3,,,-102.6,193,CartDr00
P0532,2006,177,Bo Scaife,TE,19,TEN,25,14,12,0,0,83.3,0,0,0,0,0,1,13,13,1,56,29,370,12.76,2,1,1,3,,,-60.3,132,ScaiBo00
P0533,2006,178,Troy Williamson,WR,77,MIN,23,14,11,0,0,82.5,0,0,0,0,0,0,0,,0,76,37,455,12.3,0,0,,0,,,-103.6,196,WillTr01
P0556,2006,179,Vernand Morency,RB,50,2TM,26,14,2,0,0,82.2,0,0,0,0,0,96,434,4.52,2,19,17,118,6.94,0,2,1,2,,,-102.7,194,MoreVe00
P0269,2006,180,Kevan Barlow,RB,51,NYJ,27,12,3,0,0,82.1,0,0,0,0,0,131,370,2.82,6,10,7,21,3,0,1,,6,,,-102.8,195,BarlKe00
P0409,2006,181,Byron Leftwich,QB,34,JAX,26,6,6,0,0,80.5,108,183,1159,7,5,25,41,1.64,2,0,0,0,,0,2,,2,,,-120.6,219,LeftBy00
P0066,2006,182,Ike Hilliard,WR,78,TAM,30,16,0,0,0,79.9,0,0,0,0,0,0,0,,0,55,34,339,9.97,2,3,,2,,,-106.2,201,HillIk00
P0113,2006,183,Sammy Morris,RB,52,MIA,29,12,4,0,0,79.2,0,0,0,0,0,92,400,4.35,1,35,21,162,7.71,0,4,2,1,,,-105.7,197,MorrSa00
P0591,2006,184,Noah Herron,RB,53,GNB,24,16,0,0,0,79.1,0,0,0,0,0,37,150,4.05,1,35,29,211,7.28,2,2,2,3,,,-105.8,198,HerrNo00
P0551,2006,185,Cedric Houston,RB,54,NYJ,24,8,1,0,0,78.7,0,0,0,0,0,113,374,3.31,5,8,7,43,6.14,0,0,,5,,,-106.2,200,HousCe00
P0452,2006,186,Michael Clayton,WR,79,TAM,24,12,9,0,0,78.7,0,0,0,0,0,5,41,8.2,0,65,33,356,10.79,1,2,,1,,,-107.4,202,ClayMi00
P0522,2006,187,Roddy White,WR,80,ATL,25,16,5,0,0,78.6,0,0,0,0,0,0,0,,0,65,30,506,16.87,0,1,1,0,,,-107.5,203,WhitRo00
P0592,2006,188,Hank Baskett,WR,81,PHI,24,16,5,0,0,78.4,0,1,0,0,1,0,0,,0,42,22,464,21.09,2,0,,2,,,-107.7,204,BaskHa00
P0361,2006,189,Ashley Lelie,WR,82,ATL,26,15,10,0,0,77.0,0,0,0,0,0,0,0,,0,68,28,430,15.36,1,0,,1,,,-109.1,205,LeliAs00
P0038,2006,190,Keenan McCardell,WR,83,SDG,36,14,11,0,0,76.5,0,0,0,0,0,1,8,8,0,51,36,437,12.14,0,2,2,0,,,-109.6,206,McCaKe00
P0593,2006,191,Terrance Copper,WR,84,NOR,24,15,4,0,0,76.3,0,0,0,0,0,1,8,8,0,42,23,385,16.74,3,2,2,3,,,-109.8,207,CoppTe00
P0524,2006,192,Alex Smith,TE,20,TAM,24,14,7,0,0,76.0,0,0,0,0,0,0,0,,0,53,35,250,7.14,3,1,1,3,,,-67.6,141,SmitAl02
P0594,2006,193,Dan Campbell,TE,21,DET,30,16,11,0,0,75.8,0,0,0,0,0,0,0,,0,32,21,308,14.67,4,0,,4,,,-67.8,142,CampDa00
P0283,2006,194,Eric Johnson,TE,22,SFO,27,13,9,0,0,75.2,0,0,0,0,0,0,0,,0,49,34,292,8.59,2,0,,2,,,-68.4,143,JohnEr00
P0441,2006,195,Justin Griffith,FB,1,ATL,26,16,11,0,0,74.4,0,0,0,0,0,19,106,5.58,1,28,23,168,7.3,3,3,,4,,,-110.5,209,GrifJu00
P0595,2006,196,Maurice Morris,RB,55,SEA,27,16,8,0,0,74.0,0,0,0,0,0,161,604,3.75,0,20,11,46,4.18,0,1,1,0,,,-110.9,210,MorrMa00
P0596,2006,197,Demetrius Williams,WR,85,BAL,23,16,0,0,0,73.6,0,0,0,0,0,0,0,,0,45,22,396,18,2,0,,2,,,-112.5,211,WillDe03
P0478,2006,198,Steve Heiden,TE,23,CLE,30,16,6,0,0,72.9,0,0,0,0,0,0,0,,0,46,36,249,6.92,2,0,,2,,,-70.7,147,HeidSt00
P0597,2006,199,Roscoe Parrish,WR,86,BUF,24,16,1,0,0,72.8,0,0,0,0,0,2,18,9,0,40,23,320,13.91,2,2,1,3,,,-113.3,213,ParrRo00
P0598,2006,200,Ben Utecht,TE,24,IND,25,15,15,0,0,72.7,0,0,0,0,0,0,0,,0,53,37,377,10.19,0,1,1,0,,,-70.9,150,UtecBe00
P0557,2006,201,Billy McMullen,WR,87,MIN,26,16,0,0,0,71.7,0,0,0,0,0,0,0,,0,42,23,307,13.35,2,0,,3,,,-114.4,215,McMuBi00
P0057,2006,202,Drew Bledsoe,QB,35,DAL,34,6,6,0,0,71.4,90,169,1164,7,8,8,28,3.5,2,0,0,0,,0,3,1,2,,,-129.7,232,BledDr00
P0599,2006,203,Tony Scheffler,TE,25,DEN,23,13,5,0,0,70.9,0,0,0,0,0,1,3,3,0,37,18,286,15.89,4,0,,4,,,-72.7,153,ScheTo00
P0318,2006,204,LaMont Jordan,RB,56,OAK,28,9,8,0,0,70.8,0,0,0,0,0,114,434,3.81,2,16,10,74,7.4,0,1,1,2,,,-114.1,214,JordLa00
P0553,2006,205,Michael Turner,RB,57,SDG,24,13,0,0,0,69.9,0,0,0,0,0,80,502,6.28,2,3,3,47,15.67,0,0,,2,,,-115.0,216,TurnMi00
P0379,2006,206,Jerramy Stevens,TE,26,SEA,27,11,6,0,0,69.1,0,0,0,0,0,0,0,,0,48,22,231,10.5,4,1,1,4,1,,-74.5,155,StevJe00
P0512,2006,207,Greg Lewis,WR,88,PHI,26,16,3,0,0,68.8,0,0,0,0,0,0,0,,0,34,24,348,14.5,2,1,1,2,,,-117.3,218,LewiGr01
P0442,2006,208,Najeh Davenport,RB,58,PIT,27,13,0,0,0,68.4,0,0,0,0,0,60,221,3.68,1,21,15,193,12.87,1,2,,2,,,-116.5,217,DaveNa00
P0100,2006,209,Trent Green,QB,36,KAN,36,8,8,0,0,65.6,121,198,1342,7,9,19,59,3.11,0,0,0,0,,0,5,3,0,,1,-135.5,242,GreeTr00
P0538,2006,210,Courtney Anderson,TE,27,OAK,26,16,11,0,0,65.5,0,0,0,0,0,0,0,,0,43,25,285,11.4,2,1,,2,,,-78.1,161,AndeCo00
P0600,2006,211,Brandon Marshall,WR,89,DEN,22,15,1,0,0,64.1,0,0,0,0,0,2,12,6,0,37,20,309,15.45,2,1,,2,,,-122.0,221,MarsBr00
P0355,2006,212,Kenny Watson,RB,59,CIN,28,16,0,0,0,64.1,0,0,0,0,0,25,138,5.52,1,32,23,213,9.26,0,0,,1,,,-120.8,220,WatsKe00
P0601,2006,213,Jay Cutler,QB,37,DEN,23,5,5,0,0,63.8,81,137,1001,9,5,12,18,1.5,0,0,0,0,,0,8,2,0,,,-137.3,245,CutlJa00
P0386,2006,214,Justin McCareins,WR,90,NYJ,28,16,7,0,0,63.7,0,0,0,0,0,0,0,,0,40,23,347,15.09,1,1,,1,,,-122.4,223,McCaJu00
P0366,2006,215,Dante Hall,WR,91,KAN,28,15,0,0,0,63.5,0,0,0,0,0,3,11,3.67,0,40,26,204,7.85,2,2,1,3,,,-122.6,224,HallDa00
P0061,2006,216,Kurt Warner,QB,38,ARI,35,6,5,0,0,63.4,108,168,1377,6,5,13,3,0.23,0,0,0,0,,0,10,3,0,,,-137.7,247,WarnKu00
P0602,2006,217,Robert Royal,TE,28,BUF,27,16,15,0,0,63.4,0,0,0,0,0,1,-9,-9,0,39,23,233,10.13,3,0,,3,,,-80.2,164,RoyaRo00
P0445,2006,218,Tim Carter,WR,92,NYG,27,16,8,0,0,63.3,0,0,0,0,0,0,0,,0,48,22,253,11.5,2,1,1,3,,,-122.8,225,CartTi00
P0603,2006,219,Vernon Davis,TE,29,SFO,22,10,8,0,0,63.0,0,0,0,0,0,2,5,2.5,0,42,20,265,13.25,3,1,1,3,,,-80.6,165,DaviVe00
P0604,2006,220,Ruvell Martin,WR,93,GNB,24,13,3,0,0,62.8,0,0,0,0,0,0,0,,0,43,21,358,17.05,1,0,,1,,,-123.3,227,MartRu00
P0148,2006,221,Mike Alstott,FB,2,TAM,33,16,15,0,0,62.6,0,0,0,0,0,60,171,2.85,3,38,21,85,4.05,0,1,1,3,,,-122.3,222,AlstMi00
P0605,2006,222,Rashied Davis,WR,94,CHI,27,16,2,0,0,62.3,0,0,0,0,0,0,0,,0,56,22,303,13.77,2,1,1,2,,,-123.8,228,DaviRa00
P0236,2006,223,Mack Strong,FB,3,SEA,35,16,10,1,0,61.8,0,0,0,0,0,33,149,4.52,1,44,29,159,5.48,0,2,2,1,,,-123.1,226,StroMa00
P0606,2006,224,Seneca Wallace,QB,39,SEA,26,8,4,0,0,61.3,82,141,927,8,7,12,122,10.17,0,0,0,0,,0,5,3,0,,,-139.8,248,WallSe00
P0607,2006,225,Mark Bradley,WR,95,CHI,24,10,0,0,0,60.2,0,0,0,0,0,0,0,,0,23,14,282,20.14,3,0,,3,,,-125.9,229,BradMa00
P0298,2006,226,Bobby Engram,WR,96,SEA,33,7,6,0,0,59.4,0,0,0,0,0,1,4,4,0,36,24,290,12.08,1,0,,1,,,-126.7,230,EngrBo00
P0451,2006,227,Brandon Lloyd,WR,97,WAS,25,15,12,0,0,57.5,0,0,0,0,0,0,0,,0,57,23,365,15.87,0,1,1,0,,,-128.6,231,LloyBr00
P0415,2006,228,Troy Walters,WR,98,ARI,30,15,3,0,0,55.9,0,0,0,0,0,0,0,,0,35,23,209,9.09,2,3,,2,,,-130.2,233,WaltTr00
P0244,2006,229,Alvis Whitted,WR,99,OAK,32,14,13,0,0,55.3,0,0,0,0,0,1,4,4,0,63,27,299,11.07,0,1,1,0,,,-130.8,235,WhitAl00
P0414,2006,230,Daniel Graham,TE,30,NWE,28,12,11,0,0,54.5,0,0,0,0,0,0,0,,0,34,21,235,11.19,2,1,1,2,,,-89.1,171,GrahDa00
P0608,2006,231,Ovie Mughelli,FB,4,BAL,26,16,8,0,0,54.2,0,0,0,0,0,12,50,4.17,0,24,21,182,8.67,2,1,1,2,,,-130.7,234,MughOv00
P0609,2006,232,Malcom Floyd,WR,100,SDG,25,12,0,0,0,54.0,0,0,0,0,0,0,0,,0,32,15,210,14,3,0,,3,,,-132.1,237,FloyMa00
P0610,2006,233,Randal Williams,TE,31,OAK,28,16,10,0,0,53.3,0,0,0,0,0,0,0,,0,57,28,293,10.46,0,2,2,0,,,-90.3,175,WillRa01
P0421,2006,234,Nate Burleson,WR,101,SEA,25,16,7,0,0,53.2,0,0,0,0,0,0,0,,0,37,18,192,10.67,2,2,1,3,,,-132.9,239,BurlNa00
P0428,2006,235,Arlen Harris,RB,60,DET,26,10,3,0,0,53.0,0,0,0,0,0,49,158,3.22,1,25,18,132,7.33,0,0,,1,,,-131.9,236,HarrAr00
P0540,2006,236,David Martin,TE,32,GNB,27,11,4,0,0,52.8,0,0,0,0,0,0,0,,0,36,21,198,9.43,2,0,,2,,,-90.8,176,MartDa00
P0508,2006,237,Samkon Gado,RB,61,2TM,24,9,1,0,0,52.5,0,0,0,0,0,56,210,3.75,1,23,17,85,5,0,1,,1,,,-132.4,238,GadoSa00
P0169,2006,238,Reggie Kelly,TE,33,CIN,29,16,16,0,0,52.4,0,0,0,0,0,0,0,,0,33,21,254,12.1,1,0,,1,,,-91.2,178,KellRe00
P0611,2006,239,ReShard Lee,RB,62,OAK,26,16,3,0,0,51.0,0,0,0,0,0,21,72,3.43,2,25,20,138,6.9,0,1,1,2,,,-133.9,240,LeexRe00
P0612,2006,240,David Tyree,WR,102,NYG,26,16,1,0,0,50.7,0,0,0,0,0,0,0,,0,33,19,197,10.37,2,0,,2,,,-135.4,241,TyreDa00
P0495,2006,241,Daniel Wilcox,TE,34,BAL,29,14,6,0,0,50.6,0,0,0,0,0,0,0,,0,27,20,166,8.3,3,2,2,3,,,-93.0,180,WilcDa01
P0550,2006,242,Bryan Fletcher,TE,35,IND,27,15,3,0,0,50.2,0,0,0,0,0,0,0,,0,25,18,202,11.22,2,0,,2,,,-93.4,181,FletBr00
P0613,2006,243,Derek Hagan,WR,103,MIA,22,16,0,0,0,49.1,0,0,0,0,0,0,0,,0,37,21,221,10.52,1,0,,1,,,-137.0,244,HagaDe00
P0614,2006,244,Musa Smith,RB,63,BAL,24,12,0,0,0,48.8,0,0,0,0,0,36,153,4.25,0,23,22,135,6.14,0,1,1,0,,,-136.1,243,SmitMu00
P0615,2006,245,Joe Klopfenstein,TE,36,STL,23,16,16,0,0,48.6,0,0,0,0,0,0,0,,0,34,20,226,11.3,1,0,,1,,,-95.0,183,KlopJo00
P0616,2006,246,Chad Jackson,WR,104,NWE,21,12,1,0,0,48.4,0,0,0,0,0,4,22,5.5,0,19,13,152,11.69,3,0,,3,,,-137.7,246,JackCh00
P0390,2006,247,Matt Schobel,TE,37,PHI,28,16,4,0,0,47.4,0,0,0,0,0,0,0,,0,20,14,214,15.29,2,1,,2,,,-96.2,185,SchoMa00
P0004,2006,248,Daunte Culpepper,QB,40,MIA,29,4,4,0,0,47.2,81,134,929,2,3,10,20,2,1,0,0,0,,0,3,,1,,,-153.9,249,CulpDa00
P0129,2006,249,Aaron Brooks,QB,41,OAK,30,8,8,0,0,46.6,110,192,1105,3,8,22,124,5.64,0,0,0,0,,0,5,3,0,,,-154.5,250,BrooAa00
P0167,2006,250,Bubba Franks,TE,38,GNB,28,16,14,0,0,46.2,0,0,0,0,0,0,0,,0,53,25,232,9.28,0,2,1,0,,,-97.4,188,FranBu00
P0260,2007,1,Tom Brady,QB,1,NWE,30,16,16,1,1,390.0,398,578,4806,50,8,37,98,2.65,2,0,0,0,,0,6,4,2,,,179.6,4,BradTo00
P0010,2007,2,Randy Moss,WR,1,NWE,30,16,16,1,1,385.3,0,0,0,0,0,0,0,,0,160,98,1493,15.23,23,0,,23,,,201.5,1,MossRa00
P0405,2007,3,Brian Westbrook,RB,1,PHI,28,15,15,1,1,368.4,0,0,0,0,0,278,1333,4.79,7,118,90,771,8.57,5,2,2,12,,,194.0,2,WestBr00
P0251,2007,4,LaDainian Tomlinson,RB,2,SDG,28,16,16,1,1,367.6,1,1,17,1,0,315,1474,4.68,15,86,60,475,7.92,3,0,,18,,,193.2,3,TomlLa00
P0308,2007,5,Reggie Wayne,WR,2,IND,29,16,16,1,0,309.4,0,0,0,0,0,1,4,4,0,156,104,1510,14.52,10,3,3,10,,,125.6,5,WaynRe00
P0008,2007,6,Terrell Owens,WR,3,DAL,34,15,15,1,1,307.0,0,0,0,0,0,1,5,5,0,141,81,1355,16.73,15,0,,15,,,123.2,6,OwenTe00
P0518,2007,7,Braylon Edwards,WR,4,CLE,24,16,16,1,0,300.9,0,0,0,0,0,0,0,,0,154,80,1289,16.11,16,3,2,16,,,117.1,7,EdwaBr00
P0365,2007,8,T.J. Houshmandzadeh,WR,5,CIN,30,16,15,1,0,297.7,0,0,0,0,0,5,14,2.8,0,169,112,1143,10.21,12,2,1,12,,,113.9,8,HousTJ00
P0569,2007,9,Tony Romo,QB,2,DAL,27,16,16,1,0,295.3,335,520,4211,36,19,31,129,4.16,2,0,0,0,,0,10,2,2,,,84.9,20,RomoTo00
P0458,2007,10,Larry Fitzgerald,WR,6,ARI,24,15,15,1,0,294.9,0,0,0,0,0,0,0,,0,167,100,1409,14.09,10,3,3,10,,,111.1,10,FitzLa00
P0303,2007,11,Chad Johnson,WR,7,CIN,29,16,16,1,0,287.7,0,0,0,0,0,6,47,7.83,0,161,93,1440,15.48,8,2,1,8,,,103.9,12,JohnCh01
P0564,2007,12,Marques Colston,WR,8,NOR,24,16,14,0,0,282.2,0,0,0,0,0,0,0,,0,143,98,1202,12.27,11,1,1,11,,,98.4,14,ColsMa00
P0537,2007,13,Wes Welker,WR,9,NWE,26,16,13,0,0,280.9,0,0,0,0,0,4,34,8.5,0,145,112,1175,10.49,8,3,,8,,,97.1,16,WelkWe00
P0600,2007,14,Brandon Marshall,WR,10,DEN,23,16,16,0,0,280.2,0,0,0,0,0,5,57,11.4,0,170,102,1325,12.99,7,3,1,7,,,96.4,17,MarsBr00
P0563,2007,15,Joseph Addai,RB,3,IND,24,15,15,1,0,276.6,0,0,0,0,0,261,1072,4.11,12,48,41,364,8.88,3,0,,15,1,,102.2,13,AddaJo00
P0015,2007,16,Peyton Manning,QB,3,IND,31,16,16,1,0,275.1,337,515,4040,31,14,20,-5,-0.25,3,0,0,0,,0,6,1,3,,1,64.7,25,MannPe00
P0336,2007,17,Clinton Portis,RB,4,WAS,26,16,16,0,0,272.7,1,1,15,1,0,325,1262,3.88,11,60,47,389,8.28,0,6,5,11,,,98.3,15,PortCl00
P0462,2007,18,Ben Roethlisberger,QB,4,PIT,25,15,15,1,0,260.6,264,404,3154,32,11,35,204,5.83,2,0,0,0,,0,9,3,2,,1,50.2,37,RoetBe00
P0340,2007,19,Drew Brees,QB,5,NOR,28,16,16,0,0,259.1,440,652,4423,28,18,23,52,2.26,1,2,2,10,5,0,9,4,1,,,48.7,38,BreeDr00
P0023,2007,20,Torry Holt,WR,11,STL,31,16,16,1,0,255.9,0,0,0,0,0,0,0,,0,149,93,1189,12.78,7,2,,7,1,,72.1,23,HoltTo00
P0617,2007,21,Derek Anderson,QB,6,CLE,24,16,15,1,0,252.5,298,527,3787,29,19,32,70,2.19,3,0,0,0,,0,5,2,3,,1,42.1,39,AndeDe00
P0618,2007,22,Adrian Peterson,RB,5,MIN,22,14,9,1,0,251.9,0,0,0,0,0,238,1341,5.63,12,28,19,268,14.11,1,4,3,13,,,77.5,21,PeteAd01
P0425,2007,23,Jason Witten,TE,1,DAL,25,16,16,1,1,250.5,0,0,0,0,0,0,0,,0,141,96,1145,11.93,7,1,1,7,,,113.0,9,WittJa00
P0278,2007,24,Matt Hasselbeck,QB,7,SEA,32,16,16,1,0,249.5,352,562,3966,28,12,39,89,2.28,0,0,0,0,,0,9,4,0,,1,39.1,40,HassMa00
P0043,2007,25,Jamal Lewis,RB,6,CLE,28,15,15,0,0,247.2,0,0,0,0,0,298,1304,4.38,9,39,30,248,8.27,2,4,2,11,,,72.8,22,LewiJa00
P0027,2007,26,Tony Gonzalez,TE,2,KAN,31,16,16,1,0,246.2,0,0,0,0,0,0,0,,0,153,99,1172,11.84,5,0,,5,,,108.7,11,GonzTo00
P0224,2007,27,Plaxico Burress,WR,12,NYG,30,16,16,0,0,244.5,0,0,0,0,0,0,0,,0,141,70,1025,14.64,12,0,,12,,,60.7,27,BurrPl00
P0053,2007,28,Brett Favre,QB,8,GNB,38,16,16,1,0,243.4,356,535,4155,28,15,29,12,0.41,0,0,0,0,,0,9,3,0,,,33.0,44,FavrBr00
P0298,2007,29,Bobby Engram,WR,13,SEA,34,16,13,0,0,242.7,0,0,0,0,0,0,0,,0,134,94,1147,12.2,6,1,1,6,,,58.9,28,EngrBo00
P0510,2007,30,Marion Barber III,RB,7,DAL,24,16,0,1,0,241.7,0,0,0,0,0,204,975,4.78,10,54,44,282,6.41,2,3,,12,,,67.3,24,BarbMa01
P0062,2007,31,Derrick Mason,WR,14,BAL,33,16,16,0,0,239.7,0,0,0,0,0,0,0,,0,164,103,1087,10.55,5,1,1,5,,,55.9,30,MasoDe00
P0516,2007,32,Frank Gore,RB,8,SFO,24,15,15,0,0,236.8,0,0,0,0,0,260,1102,4.24,5,69,53,436,8.23,1,4,3,6,,,62.4,26,GoreFr00
P0476,2007,33,Kevin Curtis,WR,15,PHI,29,16,16,0,0,236.0,0,0,0,0,0,0,0,,0,135,77,1110,14.42,6,0,,8,,,52.2,33,CurtKe00
P0342,2007,34,Steve Smith Sr.,WR,16,CAR,28,15,15,0,0,235.8,0,0,0,0,0,9,66,7.33,0,148,87,1002,11.52,7,1,,7,,,52.0,34,SmitSt01
P0522,2007,35,Roddy White,WR,17,ATL,26,16,15,0,0,235.0,0,0,0,0,0,1,-2,-2,0,137,83,1202,14.48,6,3,2,6,,,51.2,35,WhitRo00
P0619,2007,36,Earnest Graham,RB,9,TAM,27,15,10,0,0,229.2,0,0,0,0,0,222,898,4.05,10,69,49,324,6.61,0,1,1,10,,,54.8,31,GrahEa00
P0453,2007,37,Willis McGahee,RB,10,BAL,26,15,15,1,0,228.8,0,0,0,0,0,294,1207,4.11,7,49,43,231,5.37,1,4,3,8,,,54.4,32,McGaWi00
P0464,2007,38,Carson Palmer,QB,9,CIN,28,16,16,0,0,228.2,373,575,4131,26,20,24,10,0.42,0,0,0,0,,0,5,1,0,,,17.8,52,PalmCa00
P0427,2007,39,Antonio Gates,TE,3,SDG,27,16,16,1,0,227.4,0,0,0,0,0,0,0,,0,117,75,984,13.12,9,0,,9,,,89.9,18,GateAn00
P0568,2007,40,Kellen Winslow,TE,4,CLE,24,16,14,1,0,222.6,0,0,0,0,0,0,0,,0,148,82,1106,13.49,5,2,1,5,1,,85.1,19,WinsKe01
P0578,2007,41,Greg Jennings,WR,18,GNB,24,13,13,0,0,217.0,0,0,0,0,0,0,0,,0,84,53,920,17.36,12,1,,12,,,33.2,43,JennGr00
P0560,2007,42,Maurice Jones-Drew,RB,11,JAX,22,15,0,0,0,213.5,0,0,0,0,0,167,768,4.6,9,55,40,407,10.18,0,2,2,10,,,39.1,41,DrewMa00
P0601,2007,43,Jay Cutler,QB,10,DEN,24,16,16,0,0,210.4,297,467,3497,20,14,44,205,4.66,1,0,0,0,,0,11,4,1,,,0.0,67,CutlJa00
P0403,2007,44,Anquan Boldin,WR,19,ARI,27,12,11,0,0,209.7,0,0,0,0,0,1,14,14,0,99,71,853,12.01,9,2,1,9,,,25.9,48,BoldAn00
P0565,2007,45,Jerricho Cotchery,WR,20,NYJ,25,15,15,0,0,208.8,0,0,0,0,0,5,38,7.6,0,127,82,1130,13.78,2,1,1,2,,,25.0,49,CotcJe00
P0002,2007,46,Edgerrin James,RB,12,ARI,29,16,16,0,0,208.6,0,0,0,0,0,324,1222,3.77,7,39,24,204,8.5,0,5,,7,,,34.2,42,JameEd00
P0561,2007,47,Reggie Bush,RB,13,NOR,22,12,10,0,0,206.8,0,0,0,0,0,157,581,3.7,4,98,73,417,5.71,2,8,4,6,3,,32.4,45,BushRe00
P0018,2007,48,Donovan McNabb,QB,11,PHI,31,14,14,0,0,206.6,291,473,3324,19,7,50,236,4.72,0,0,0,0,,0,9,6,0,,,-3.8,72,McNaDo00
P0472,2007,49,Shaun McDonald,WR,21,DET,26,16,7,0,0,205.5,0,0,0,0,0,4,2,0.5,0,127,79,943,11.94,6,3,2,6,,,21.7,50,McDoSh00
P0061,2007,50,Kurt Warner,QB,12,ARI,36,14,11,0,0,204.2,281,451,3417,27,17,17,15,0.88,1,0,0,0,,0,12,7,1,,,-6.2,77,WarnKu00
P0355,2007,51,Kenny Watson,FB,1,CIN,29,16,5,0,0,203.7,0,0,0,0,0,178,763,4.29,7,67,52,374,7.19,0,3,2,7,,,29.3,46,WatsKe00
P0468,2007,52,Steven Jackson,RB,14,STL,24,12,12,0,0,201.4,1,1,2,1,0,237,1002,4.23,5,52,38,271,7.13,1,5,2,6,,,27.0,47,JackSt00
P0620,2007,53,Dwayne Bowe,WR,22,KAN,23,16,15,0,0,199.5,0,0,0,0,0,0,0,,0,116,70,995,14.21,5,0,,5,,,15.7,53,BoweDw00
P0198,2007,54,Donald Driver,WR,23,GNB,32,15,14,1,0,199.2,0,0,0,0,0,2,4,2,0,122,82,1048,12.78,2,1,,2,,,15.4,54,DrivDo00
P0574,2007,55,Santonio Holmes,WR,24,PIT,23,13,13,0,0,197.9,0,0,0,0,0,5,17,3.4,0,85,52,942,18.12,8,2,,8,1,,14.1,56,HolmSa00
P0471,2007,56,Chris Cooley,TE,5,WAS,25,16,16,1,0,194.6,0,0,0,0,0,0,0,,0,110,66,786,11.91,8,1,,8,1,,57.1,29,CoolCh00
P0265,2007,57,Joey Galloway,WR,25,TAM,36,15,15,0,0,194.5,0,0,0,0,0,1,1,1,0,98,57,1014,17.79,6,0,,6,,,10.7,58,GallJo00
P0621,2007,58,Marshawn Lynch,RB,15,BUF,21,13,13,0,0,194.2,1,1,8,1,0,280,1115,3.98,7,26,18,184,10.22,0,2,1,7,1,,19.8,51,LyncMa00
P0496,2007,59,Bernard Berrian,WR,26,CHI,27,16,15,0,0,194.1,0,0,0,0,0,0,0,,0,128,71,951,13.39,5,1,1,5,,,10.3,59,BerrBe00
P0099,2007,60,Jon Kitna,QB,13,DET,35,16,16,0,0,192.9,355,561,4068,18,20,25,63,2.52,0,1,1,9,9,0,17,5,0,,,-17.5,86,KitnJo00
P0406,2007,61,Andre Johnson,WR,27,HOU,26,9,9,0,0,191.1,0,0,0,0,0,0,0,,0,86,60,851,14.18,8,1,1,8,,,7.3,61,JohnAn02
P0103,2007,62,Hines Ward,WR,28,PIT,31,13,13,0,0,189.3,0,0,0,0,0,3,11,3.67,0,113,71,732,10.31,7,0,,7,1,,5.5,62,WardHi00
P0521,2007,63,David Garrard,QB,14,JAX,29,12,12,0,0,188.9,208,325,2509,18,3,49,185,3.78,1,0,0,0,,0,3,2,1,1,,-21.5,89,GarrDa00
P0430,2007,64,Dallas Clark,TE,6,IND,28,15,15,0,0,188.5,0,0,0,0,0,2,29,14.5,0,101,58,616,10.62,11,0,,11,,,51.0,36,ClarDa00
P0257,2007,65,Chris Chambers,WR,29,2TM,29,16,12,0,0,188.2,0,0,0,0,0,3,12,4,0,129,66,970,14.7,4,1,,4,,,4.4,63,ChamCh00
P0622,2007,66,Ryan Grant,RB,16,GNB,25,15,7,0,0,186.1,0,0,0,0,0,188,956,5.09,8,37,30,145,4.83,0,1,1,8,,,11.7,57,GranRy00
P0499,2007,67,Eli Manning,QB,15,NYG,26,16,16,0,0,184.3,297,529,3336,23,20,29,69,2.38,1,0,0,0,,0,13,7,1,,,-26.1,94,MannEl00
P0421,2007,68,Nate Burleson,WR,30,SEA,26,16,12,0,0,183.8,0,0,0,0,0,2,4,2,0,96,50,694,13.88,9,3,1,11,,,0.0,70,BurlNa00
P0623,2007,69,Kevin Walter,WR,31,HOU,26,16,15,0,0,178.0,0,0,0,0,0,5,30,6,0,106,65,800,12.31,4,0,,5,,,-5.8,76,WaltKe00
P0402,2007,70,Chester Taylor,RB,17,MIN,28,14,8,0,0,177.5,0,1,0,0,0,157,844,5.38,7,43,29,281,9.69,0,5,3,7,,,3.1,64,TaylCh01
P0566,2007,71,Philip Rivers,QB,16,SDG,26,16,16,0,0,177.4,277,460,3152,21,15,29,33,1.14,1,0,0,0,,0,11,6,1,,,-33.0,103,RivePh00
P0502,2007,72,Willie Parker,RB,18,PIT,27,15,15,1,0,177.0,0,1,0,0,0,321,1316,4.1,2,31,23,164,7.13,0,4,3,2,,,2.6,65,ParkWi00
P0459,2007,73,Roy Williams,WR,32,DET,26,12,12,0,0,175.9,0,0,0,0,0,2,1,0.5,0,105,64,838,13.09,5,2,1,5,,,-7.9,78,WillRo04
P0624,2007,74,LenDale White,RB,19,TEN,23,16,16,0,0,174.4,0,0,0,0,0,303,1110,3.66,7,31,20,114,5.7,0,5,5,7,,,0.0,69,WhitLe01
P0147,2007,75,Thomas Jones,RB,20,NYJ,29,16,14,0,0,173.6,0,0,0,0,0,310,1119,3.61,1,34,28,217,7.75,1,2,,2,,,-0.8,71,JoneTh00
P0504,2007,76,Ronnie Brown,RB,21,MIA,26,7,7,0,0,170.1,0,0,0,0,0,119,602,5.06,4,46,39,389,9.97,1,0,,5,1,,-4.3,73,BrowRo05
P0457,2007,77,Lee Evans,WR,33,BUF,26,16,16,0,0,169.9,0,0,0,0,0,0,0,,0,113,55,849,15.44,5,0,,5,,,-13.9,83,EvanLe00
P0555,2007,78,Brandon Jacobs,RB,22,NYG,25,11,9,0,0,169.3,0,0,0,0,0,202,1009,5,4,38,23,174,7.57,2,5,4,6,,,-5.1,74,JacoBr00
P0505,2007,79,Reggie Brown,WR,34,PHI,26,16,14,0,0,166.6,0,0,0,0,0,5,36,7.2,0,111,61,780,12.79,4,1,,4,,,-17.2,85,BrowRe01
P0586,2007,80,Justin Fargas,RB,23,OAK,27,14,7,0,0,164.7,0,0,0,0,0,222,1009,4.55,4,32,23,188,8.17,0,3,1,4,,,-9.7,79,FargJu00
P0022,2007,81,Fred Taylor,RB,24,JAX,31,15,15,1,0,163.0,0,0,0,0,0,223,1202,5.39,5,14,9,58,6.44,0,2,1,5,,,-11.4,80,TaylFr00
P0545,2007,82,Adrian Peterson,RB,25,CHI,28,16,5,0,0,162.4,1,1,9,1,0,151,510,3.38,3,65,51,420,8.24,0,3,2,3,,,-12.0,81,PeteAd00
P0542,2007,83,Patrick Crayton,WR,35,DAL,28,15,13,0,0,159.7,0,0,0,0,0,0,0,,0,81,50,697,13.94,7,2,1,7,,,-24.1,91,CrayPa00
P0625,2007,84,Calvin Johnson,WR,36,DET,22,15,10,0,0,158.8,0,0,0,0,0,4,52,13,1,93,48,756,15.75,4,1,,5,,,-25.0,92,JohnCa00
P0487,2007,85,Reggie Williams,WR,37,JAX,24,15,6,0,0,157.7,0,0,0,0,0,1,8,8,0,60,38,629,16.55,10,3,2,10,,,-26.1,95,WillRe00
P0003,2007,86,Jeff Garcia,QB,17,TAM,37,13,13,1,0,157.2,209,327,2440,13,4,35,116,3.31,1,0,0,0,,0,4,1,1,,,-53.2,139,GarcJe00
P0356,2007,87,Santana Moss,WR,38,WAS,28,14,14,0,0,157.1,0,0,0,0,0,3,13,4.33,0,115,61,808,13.25,3,2,2,3,,,-26.7,96,MossSa00
P0456,2007,88,Kevin Jones,RB,26,DET,25,13,10,0,0,155.8,0,0,0,0,0,153,581,3.8,8,44,32,197,6.16,0,2,1,8,,,-18.6,87,JoneKe02
P0183,2007,89,Laveranues Coles,WR,39,NYJ,30,12,10,0,0,155.6,0,0,0,0,0,0,0,,0,89,55,646,11.75,6,0,,6,,,-28.2,97,ColeLa00
P0465,2007,90,Ronald Curry,WR,40,OAK,28,16,13,0,0,154.8,0,1,0,0,0,1,1,1,0,97,55,717,13.04,4,0,,4,2,,-29.0,98,CurrRo01
P0567,2007,91,Vince Young,QB,18,TEN,24,15,15,0,0,153.3,238,382,2546,9,17,93,395,4.25,3,0,0,0,,0,10,4,3,,,-57.1,143,YounVi00
P0037,2007,92,Amani Toomer,WR,41,NYG,33,16,15,0,0,153.0,0,0,0,0,0,0,0,,0,104,59,760,12.88,3,0,,3,,,-30.8,100,ToomAm00
P0035,2007,93,Warrick Dunn,RB,27,ATL,32,16,15,0,0,152.8,0,0,0,0,0,227,720,3.17,4,59,37,238,6.43,0,2,2,4,,,-21.6,90,DunnWa00
P0019,2007,94,Isaac Bruce,WR,42,STL,35,14,12,0,0,151.9,0,0,0,0,0,2,-4,-2,0,101,55,733,13.33,4,0,,4,,,-31.9,101,BrucIs00
P0584,2007,95,Owen Daniels,TE,7,HOU,25,16,16,0,0,151.8,0,0,0,0,0,0,0,,0,94,63,768,12.19,3,4,3,3,,,14.3,55,DaniOw00
P0335,2007,96,Jerry Porter,WR,43,OAK,29,16,16,0,0,150.5,0,0,0,0,0,0,0,,0,102,44,705,16.02,6,0,,6,,,-33.3,105,PortJe00
P0546,2007,97,Roydell Williams,WR,44,TEN,26,16,14,0,0,149.2,0,0,0,0,0,2,-17,-8.5,0,93,55,719,13.07,4,0,,4,,,-34.6,107,WillRo05
P0144,2007,98,David Patten,WR,45,NOR,33,16,5,0,0,148.7,0,0,0,0,0,2,-5,-2.5,0,87,54,792,14.67,3,2,1,3,,,-35.1,108,PattDa00
P0588,2007,99,Jason Campbell,QB,19,WAS,26,13,13,0,0,146.5,250,417,2700,12,11,36,185,5.14,1,0,0,0,,0,13,8,1,,2,-63.9,150,CampJa00
P0507,2007,100,Heath Miller,TE,8,PIT,25,16,16,0,0,145.6,0,0,0,0,0,0,0,,0,61,47,566,12.04,7,0,,7,,,8.1,60,MillHe00
P0418,2007,101,DeShaun Foster,RB,28,CAR,27,16,16,0,0,144.8,0,0,0,0,0,247,876,3.55,3,36,25,182,7.28,1,7,5,4,,,-29.6,99,FostDe00
P0525,2007,102,Arnaz Battle,WR,46,SFO,27,16,15,0,0,142.4,0,0,0,0,0,4,4,1,1,104,50,600,12,5,3,2,6,,,-41.4,116,BattAr00
P0443,2007,103,Justin Gage,WR,47,TEN,26,16,8,0,0,142.0,0,0,0,0,0,0,0,,0,85,55,750,13.64,2,1,,2,,,-41.8,117,GageJu00
P0131,2007,104,Ron Dayne,RB,29,HOU,29,13,8,0,0,141.5,0,0,0,0,0,194,773,3.98,6,26,17,112,6.59,0,1,,6,,,-32.9,102,DaynRo00
P0577,2007,105,DeAngelo Williams,RB,30,CAR,24,16,0,0,0,140.2,0,0,0,0,0,144,717,4.98,4,38,23,175,7.61,1,1,1,5,,,-34.2,106,WillDe02
P0535,2007,106,Donald Lee,TE,9,GNB,27,15,12,0,0,139.5,0,0,0,0,0,0,0,,0,63,48,575,11.98,6,1,1,6,,,2.0,66,LeexDo00
P0360,2007,107,Deion Branch,WR,48,SEA,28,11,11,0,0,139.1,0,0,0,0,0,0,0,,0,85,49,661,13.49,4,0,,4,,,-44.7,119,BranDe00
P0341,2007,108,Jeremy Shockey,TE,10,NYG,27,14,14,0,0,137.5,0,0,0,0,0,1,6,6,0,93,57,619,10.86,3,0,,3,,,0.0,68,ShocJe00
P0572,2007,109,Laurence Maroney,RB,31,NWE,22,13,6,0,0,137.1,0,0,0,0,0,185,835,4.51,6,8,4,116,29,0,0,,6,1,,-37.3,109,MaroLa00
P0066,2007,110,Ike Hilliard,WR,49,TAM,31,15,10,0,0,136.8,0,0,0,0,0,1,6,6,0,86,62,722,11.65,1,3,2,1,,,-47.0,125,HillIk00
P0595,2007,111,Maurice Morris,RB,32,SEA,28,14,6,0,0,135.1,0,0,0,0,0,140,628,4.49,4,32,23,213,9.26,1,1,1,5,,,-39.3,111,MorrMa00
P0626,2007,112,Selvin Young,RB,33,DEN,24,15,8,0,0,135.0,0,0,0,0,0,140,729,5.21,1,43,35,231,6.6,0,2,1,1,,,-39.4,112,YounSe00
P0346,2007,113,Donte' Stallworth,WR,50,NWE,27,16,9,0,0,134.9,0,0,0,0,0,1,12,12,0,75,46,697,15.15,3,0,,3,,,-48.9,128,StalDo00
P0474,2007,114,Bobby Wade,WR,51,MIN,26,16,12,0,0,133.8,0,0,0,0,0,1,-9,-9,0,84,54,647,11.98,3,3,1,3,,,-50.0,131,WadeBo00
P0562,2007,115,Mike Furrey,WR,52,DET,30,16,10,0,0,133.4,0,0,0,0,0,0,0,,0,91,61,664,10.89,1,0,,1,,,-50.4,132,FurrMi00
P0297,2007,116,Brandon Stokley,WR,53,DEN,31,13,9,0,0,132.9,0,0,0,0,0,1,-6,-6,0,71,40,635,15.88,5,0,,5,,,-50.9,133,StokBr00
P0351,2007,117,Antwaan Randle El,WR,54,WAS,28,15,13,0,0,132.3,1,2,19,0,0,4,-3,-0.75,0,77,51,728,14.27,1,3,,1,1,,-51.5,136,RandAn00
P0599,2007,118,Tony Scheffler,TE,11,DEN,24,16,7,0,0,131.9,0,0,0,0,0,0,0,,0,65,49,549,11.2,5,1,1,5,,,-5.6,75,ScheTo00
P0212,2007,119,Joe Jurevicius,WR,55,CLE,33,16,12,0,0,131.4,0,0,0,0,0,0,0,,0,81,50,614,12.28,3,0,,3,1,,-52.4,137,JureJo00
P0158,2007,120,Dennis Northcutt,WR,56,JAX,30,15,11,0,0,130.8,0,0,0,0,0,6,27,4.5,0,73,44,601,13.66,4,1,,4,,,-53.0,138,NortDe00
P0627,2007,121,Tarvaris Jackson,QB,20,MIN,24,12,12,0,0,130.4,171,294,1911,9,12,54,260,4.81,3,0,0,0,,0,5,3,3,2,,-80.0,176,JackTa00
P0517,2007,122,Michael Jenkins,WR,57,ATL,25,15,6,0,0,130.2,0,0,0,0,0,0,0,,0,85,53,532,10.04,4,0,,4,,,-53.6,140,JenkMi00
P0477,2007,123,Aaron Stecker,RB,34,NOR,32,16,6,0,0,129.9,0,0,0,0,0,115,448,3.9,5,43,36,211,5.86,0,1,1,5,,,-44.5,118,StecAa00
P0353,2007,124,Andre' Davis,WR,58,HOU,28,14,8,0,0,129.3,0,0,0,0,0,0,0,,0,63,33,583,17.67,3,1,,6,1,,-54.5,141,DaviAn01
P0460,2007,125,Larry Johnson,RB,35,KAN,28,8,8,0,0,128.5,0,1,0,0,0,158,559,3.54,3,41,30,186,6.2,1,1,,4,,,-45.9,122,JohnLa00
P0442,2007,126,Najeh Davenport,RB,36,PIT,28,15,1,0,0,128.3,0,0,0,0,0,107,499,4.66,5,27,18,184,10.22,2,1,,7,,,-46.1,123,DaveNa00
P0575,2007,127,Leon Washington,RB,37,NYJ,25,16,4,0,0,128.0,1,1,36,0,0,71,353,4.97,3,51,36,213,5.92,0,4,2,6,1,,-46.4,124,WashLe00
P0628,2007,128,Derrick Ward,RB,38,NYG,27,8,5,0,0,126.1,0,0,0,0,0,125,602,4.82,3,40,26,179,6.88,1,2,1,4,,,-48.3,126,WardDe01
P0318,2007,129,LaMont Jordan,RB,39,OAK,29,12,7,0,0,125.6,0,0,0,0,0,144,549,3.81,3,34,28,247,8.82,0,0,,3,,,-48.8,127,JordLa00
P0603,2007,130,Vernon Davis,TE,12,SFO,23,14,14,0,0,124.9,0,0,0,0,0,0,0,,0,85,52,509,9.79,4,1,1,4,,,-12.6,82,DaviVe00
P0220,2007,131,Shaun Alexander,RB,40,SEA,30,13,10,0,0,123.2,0,0,0,0,0,207,716,3.46,4,25,14,76,5.43,1,2,,5,,,-51.2,134,AlexSh00
P0585,2007,132,Jerious Norwood,RB,41,ATL,24,15,2,0,0,123.0,0,0,0,0,0,103,613,5.95,1,39,28,277,9.89,0,0,,1,,,-51.4,135,NorwJe00
P0629,2007,133,James Jones,WR,59,GNB,23,16,9,0,0,122.6,0,0,0,0,0,0,0,,0,80,47,676,14.38,2,3,2,2,,,-61.2,147,JoneJa04
P0164,2007,134,Desmond Clark,TE,13,CHI,30,16,16,0,0,122.5,0,0,0,0,0,0,0,,0,67,44,545,12.39,4,1,,4,,,-15.0,84,ClarDe00
P0582,2007,135,Vincent Jackson,WR,60,SDG,24,16,16,0,0,121.3,0,0,0,0,0,0,0,,0,80,41,623,15.2,3,0,,3,,,-62.5,148,JackVi00
P0071,2007,136,Kevin Faulk,RB,42,NWE,31,16,8,0,0,117.8,0,0,0,0,0,62,265,4.27,0,61,47,383,8.15,1,1,,1,,,-56.6,142,FaulKe00
P0581,2007,137,Cedric Benson,RB,43,CHI,25,11,11,0,0,116.7,0,0,0,0,0,196,674,3.44,4,27,17,123,7.24,0,3,2,4,,,-57.7,144,BensCe00
P0295,2007,138,Alge Crumpler,TE,14,ATL,30,14,10,0,0,116.4,0,0,0,0,0,0,0,,0,70,42,444,10.57,5,0,,5,,,-21.1,88,CrumAl00
P0031,2007,139,Muhsin Muhammad,WR,61,CHI,34,16,16,0,0,115.0,0,0,0,0,0,0,0,,0,81,40,570,14.25,3,0,,3,,,-68.8,154,MuhaMu00
P0490,2007,140,Ernest Wilford,WR,62,JAX,28,16,14,0,0,114.8,0,0,0,0,0,0,0,,0,74,45,518,11.51,3,0,,3,,,-69.0,155,WilfEr00
P0467,2007,141,Julius Jones,RB,44,DAL,26,16,16,0,0,114.1,0,0,0,0,0,164,588,3.59,2,26,23,203,8.83,0,0,,2,,,-60.3,145,JoneJu01
P0088,2007,142,Darrell Jackson,WR,63,SFO,29,15,15,0,0,113.7,0,0,0,0,0,0,0,,0,104,46,497,10.8,3,1,,3,,,-70.1,157,JackDa00
P0590,2007,143,Drew Carter,WR,64,CAR,26,16,7,0,0,113.7,0,0,0,0,0,0,0,,0,75,38,517,13.61,4,0,,4,,,-70.1,158,CartDr00
P0630,2007,144,Anthony Gonzalez,WR,65,IND,23,13,9,0,0,112.6,0,0,0,0,0,0,0,,0,51,37,576,15.57,3,0,,3,,,-71.2,160,GonzAn00
P0520,2007,145,Ben Watson,TE,15,NWE,27,12,8,0,0,112.0,0,0,0,0,0,1,11,11,0,49,36,389,10.81,6,1,,6,,,-25.5,93,WatsBe00
P0631,2007,146,Cleo Lemon,QB,21,MIA,28,9,7,0,0,111.1,173,309,1773,6,6,31,102,3.29,4,0,0,0,,0,7,3,4,,,-99.3,193,LemoCl00
P0362,2007,147,Jabar Gaffney,WR,66,NWE,27,16,7,0,0,110.9,0,0,0,0,0,0,0,,0,50,36,449,12.47,5,0,,5,,,-72.9,161,GaffJa00
P0422,2007,148,Bryant Johnson,WR,67,ARI,26,16,8,0,0,110.8,0,0,0,0,0,0,0,,0,88,46,528,11.48,2,0,,2,,,-73.0,162,JohnBr02
P0135,2007,149,Marty Booker,WR,68,MIA,31,15,15,0,0,110.8,0,1,0,0,0,2,12,6,0,105,50,556,11.12,1,1,1,1,,,-73.0,163,BookMa00
P0632,2007,150,Sage Rosenfels,QB,22,HOU,29,9,5,0,0,110.5,154,240,1684,15,12,21,51,2.43,1,0,0,0,,0,4,3,1,,1,-99.9,194,RoseSa00
P0364,2007,151,Josh Reed,WR,69,BUF,27,15,9,0,0,109.8,0,0,0,0,0,4,10,2.5,0,88,51,578,11.33,0,0,,0,,,-74.0,166,ReedJo01
P0633,2007,152,Matt Schaub,QB,23,HOU,26,11,11,0,0,106.8,192,289,2241,9,9,17,52,3.06,0,0,0,0,,0,7,3,0,,,-103.6,201,SchaMa00
P0461,2007,153,Chris Brown,RB,45,TEN,26,12,1,0,0,106.0,0,0,0,0,0,102,462,4.53,5,21,19,128,6.74,0,1,1,5,,,-68.4,153,BrowCh03
P0359,2007,154,Joey Harrington,QB,24,ATL,29,12,10,0,0,105.3,215,348,2215,7,8,14,33,2.36,0,1,1,4,4,0,0,,0,,,-105.1,203,HarrJo00
P0354,2007,155,Marc Bulger,QB,25,STL,30,12,12,0,0,105.0,221,378,2392,11,15,9,13,1.44,0,0,0,0,,0,6,3,0,,,-105.4,204,BulgMa00
P0268,2007,156,Travis Henry,RB,46,DEN,29,12,7,0,0,104.6,0,0,0,0,0,167,691,4.14,4,14,7,65,9.29,0,3,1,4,,,-69.8,156,HenrTr00
P0634,2007,157,Zach Miller,TE,16,OAK,22,16,16,0,0,104.4,0,0,0,0,0,0,0,,0,68,44,444,10.09,3,2,1,3,,,-33.1,104,MillZa01
P0580,2007,158,Nate Washington,WR,70,PIT,24,16,4,0,0,104.0,0,0,0,0,0,1,0,0,0,55,29,450,15.52,5,0,,5,,,-79.8,175,WashNa00
P0583,2007,159,Damon Huard,QB,26,KAN,34,11,10,0,0,102.2,206,332,2257,11,13,9,-1,-0.11,0,0,0,0,,0,5,3,0,,,-108.2,207,HuarDa00
P0337,2007,160,Chad Pennington,QB,27,NYJ,31,9,8,0,0,101.8,179,260,1765,10,9,20,32,1.6,1,0,0,0,,0,5,1,1,,1,-108.6,209,PennCh01
P0511,2007,161,Mark Clayton,WR,71,BAL,25,16,12,0,0,101.1,0,1,0,0,0,0,0,,0,89,48,531,11.06,0,0,,0,,,-82.7,177,ClayMa01
P0357,2007,162,Randy McMichael,TE,17,STL,28,16,15,0,0,99.9,0,0,0,0,0,0,0,,0,67,39,429,11,3,0,,3,,,-37.6,110,McMiRa01
P0635,2007,163,Sidney Rice,WR,72,MIN,21,13,4,0,0,98.4,2,2,94,0,0,0,0,,0,53,31,396,12.77,4,0,,4,,,-85.4,180,RiceSi01
P0636,2007,164,Kenton Keith,RB,47,IND,27,16,1,0,0,98.0,0,0,0,0,0,121,533,4.4,3,23,13,77,5.92,1,1,,4,,,-76.4,169,KeitKe00
P0492,2007,165,Chris Baker,TE,18,NYJ,28,15,15,0,0,97.9,0,0,0,0,0,0,0,,0,61,41,409,9.98,3,1,1,3,,,-39.6,113,BakeCh00
P0283,2007,166,Eric Johnson,TE,19,NOR,28,14,12,0,0,97.8,0,0,0,0,0,0,0,,0,63,48,378,7.88,2,1,,2,,,-39.7,114,JohnEr00
P0637,2007,167,Jeff King,TE,20,CAR,24,16,16,0,0,96.6,0,0,0,0,0,0,0,,0,80,46,406,8.83,2,2,1,2,,,-40.9,115,KingJe00
P0489,2007,168,Jesse Chatman,RB,48,MIA,28,14,6,0,0,96.6,0,0,0,0,0,128,515,4.02,1,37,27,161,5.96,0,1,2,1,,,-77.8,172,ChatJe00
P0407,2007,169,Rudi Johnson,RB,49,CIN,28,11,9,0,0,95.7,0,0,0,0,0,170,497,2.92,3,15,13,110,8.46,1,3,2,4,1,,-78.7,173,JohnRu00
P0532,2007,170,Bo Scaife,TE,21,TEN,26,16,15,0,0,92.1,0,0,0,0,0,0,0,,0,78,46,421,9.15,1,2,1,1,,,-45.4,120,ScaiBo00
P0638,2007,171,Greg Olsen,TE,22,CHI,22,14,4,0,0,92.1,0,0,0,0,0,0,0,,0,66,39,391,10.03,2,0,,2,1,,-45.4,121,OlseGr00
P0639,2007,172,Leonard Weaver,RB,50,SEA,25,16,4,0,0,90.9,0,0,0,0,0,33,146,4.42,1,52,39,313,8.03,0,0,,1,,,-83.5,178,WeavLe00
P0640,2007,173,Ted Ginn Jr.,WR,73,MIA,22,16,9,0,0,90.3,0,0,0,0,0,4,3,0.75,0,71,34,420,12.35,2,3,2,3,,,-93.5,183,GinnTe00
P0597,2007,174,Roscoe Parrish,WR,74,BUF,25,16,3,0,0,90.1,0,0,0,0,0,3,19,6.33,1,58,35,352,10.06,1,1,,3,,,-93.7,184,ParrRo00
P0641,2007,175,Kolby Smith,FB,2,KAN,23,16,6,0,0,89.5,0,0,0,0,0,112,407,3.63,2,30,22,148,6.73,0,0,,2,,,-84.9,179,SmitKo00
P0064,2007,176,Brian Griese,QB,28,CHI,32,7,6,0,0,88.9,161,262,1803,10,12,13,28,2.15,0,0,0,0,,0,6,1,0,,,-121.5,230,GrieBr00
P0524,2007,177,Alex Smith,TE,23,TAM,25,14,14,0,0,88.5,0,0,0,0,0,0,0,,0,53,32,385,12.03,3,0,,3,,,-49.0,129,SmitAl02
P0305,2007,178,Drew Bennett,WR,75,STL,29,14,1,0,0,88.5,0,0,0,0,0,0,0,,0,73,33,375,11.36,3,1,,3,,,-95.3,185,BennDr00
P0529,2007,179,D.J. Hackett,WR,76,SEA,26,6,6,0,0,88.4,0,0,0,0,0,0,0,,0,47,32,384,12,3,0,,3,,,-95.4,186,HackD.00
P0642,2007,180,Marcedes Lewis,TE,24,JAX,23,16,16,0,0,88.1,0,0,0,0,0,0,0,,0,57,37,391,10.57,2,0,,2,,,-49.4,130,LewiMa00
P0437,2007,181,Kyle Boller,QB,29,BAL,26,12,8,0,0,86.6,168,275,1743,9,10,19,89,4.68,0,1,0,0,,0,5,4,0,,,-123.8,233,BollKy00
P0643,2007,182,Laurent Robinson,WR,77,ATL,22,15,6,0,0,84.7,0,0,0,0,0,0,0,,0,74,37,437,11.81,1,1,1,1,,,-99.1,192,RobiLa01
P0614,2007,183,Musa Smith,RB,51,BAL,25,16,1,0,0,84.6,0,0,0,0,0,75,264,3.52,2,34,27,192,7.11,0,1,,2,,,-89.8,181,SmitMu00
P0644,2007,184,Trent Edwards,QB,30,BUF,24,10,9,0,0,82.1,151,269,1630,7,8,14,49,3.5,0,0,0,0,,0,4,,0,,,-128.3,237,EdwaTr01
P0383,2007,185,Ladell Betts,RB,52,WAS,28,16,0,0,0,81.9,0,0,0,0,0,93,335,3.6,1,32,21,174,8.29,1,1,1,2,,,-92.5,182,BettLa00
P0645,2007,186,Brad Smith,WR,78,NYJ,24,16,9,0,0,81.0,0,1,0,0,0,12,45,3.75,0,67,32,325,10.16,2,1,,2,,,-102.8,196,SmitBr01
P0534,2007,187,Devery Henderson,WR,79,NOR,25,16,9,0,0,80.9,0,0,0,0,0,2,20,10,0,43,20,409,20.45,3,0,,3,,,-102.9,197,HendDe00
P0646,2007,188,Lance Moore,WR,80,NOR,24,16,4,0,0,80.9,0,0,0,0,0,2,7,3.5,1,50,32,302,9.44,2,2,,3,,,-102.9,198,MoorLa00
P0613,2007,189,Derek Hagan,WR,81,MIA,23,16,1,0,0,80.3,0,0,0,0,0,0,0,,0,59,29,373,12.86,2,0,,2,1,,-103.5,200,HagaDe00
P0509,2007,190,Matt Jones,WR,82,JAX,24,12,0,0,0,79.7,0,0,0,0,0,0,0,,0,50,24,317,13.21,4,0,,4,,,-104.1,202,JoneMa00
P0004,2007,191,Daunte Culpepper,QB,31,OAK,30,7,6,0,0,79.2,108,186,1331,5,5,20,40,2,3,0,0,0,,0,9,3,3,,,-131.2,241,CulpDa00
P0647,2007,192,Brian Leonard,FB,3,STL,23,16,7,0,0,78.6,0,0,0,0,0,86,303,3.52,0,39,30,183,6.1,0,0,,0,,,-95.8,187,LeonBr00
P0648,2007,193,Pierre Thomas,RB,53,NOR,23,12,1,0,0,77.3,0,0,0,0,0,52,252,4.85,1,23,17,151,8.88,1,0,,3,1,,-97.1,188,ThomPi00
P0378,2007,194,Robert Ferguson,WR,83,MIN,28,15,8,0,0,77.1,0,0,0,0,0,0,0,,0,61,32,391,12.22,1,0,,1,,,-106.7,205,FergRo00
P0649,2007,195,Jason Wright,RB,54,CLE,25,16,1,0,0,77.0,0,0,0,0,0,60,277,4.62,1,37,24,233,9.71,0,1,2,1,,,-97.4,189,WrigJa01
P0540,2007,196,David Martin,TE,25,MIA,28,15,15,0,0,76.3,0,0,0,0,0,0,0,,0,51,34,303,8.91,2,0,,2,,,-61.2,146,MartDa00
P0650,2007,197,Kellen Clemens,QB,32,NYJ,24,10,8,0,0,76.3,130,250,1529,5,10,27,111,4.11,1,0,0,0,,0,4,1,1,,,-134.1,242,ClemKe00
P0285,2007,198,Correll Buckhalter,RB,55,PHI,29,14,2,0,0,76.0,0,0,0,0,0,62,313,5.05,4,21,12,87,7.25,0,1,,4,,,-98.4,190,BuckCo00
P0454,2007,199,Reuben Droughns,RB,56,NYG,29,16,1,0,0,75.4,0,0,0,0,0,85,275,3.24,6,15,7,49,7,0,1,,6,,,-99.0,191,DrouRe00
P0651,2007,200,Leonard Pope,TE,26,ARI,24,13,11,0,0,74.8,0,0,0,0,0,0,0,,0,34,23,238,10.35,5,1,1,5,,,-62.7,149,PopeLe00
P0598,2007,201,Ben Utecht,TE,27,IND,26,14,13,0,0,73.4,0,0,0,0,0,0,0,,0,37,31,364,11.74,1,2,,1,,,-64.1,151,UtecBe00
P0652,2007,202,Quinn Gray,QB,33,JAX,28,8,4,0,0,73.1,80,144,986,10,5,19,57,3,0,0,0,0,,0,2,1,0,,,-137.3,243,GrayQu00
P0389,2007,203,Chris Redman,QB,34,ATL,30,7,4,0,0,72.8,89,149,1079,10,5,8,16,2,0,0,0,0,,0,2,1,0,,,-137.6,244,RedmCh00
P0431,2007,204,Josh McCown,QB,35,OAK,28,9,9,0,0,72.3,111,190,1151,10,11,29,143,4.93,0,0,0,0,,0,11,4,0,,1,-138.1,245,McCoJo01
P0350,2007,205,Billy Miller,TE,28,NOR,30,16,6,0,0,71.8,0,0,0,0,0,0,0,,0,38,27,328,12.15,2,0,,2,,,-65.7,152,MillBi00
P0040,2007,206,Michael Pittman,RB,57,TAM,32,10,3,0,0,71.7,0,0,0,0,0,68,286,4.21,0,39,26,191,7.35,0,1,1,0,,,-102.7,195,PittMi00
P0653,2007,207,Fred Jackson,RB,58,BUF,26,8,1,0,0,71.0,0,0,0,0,0,58,300,5.17,0,30,22,190,8.64,0,0,,0,,,-103.4,199,JackFr02
P0654,2007,208,Devard Darling,WR,84,BAL,25,16,1,0,0,68.6,0,0,0,0,0,0,0,,0,39,18,326,18.11,3,0,,3,,,-115.2,217,DarlDe00
P0513,2007,209,Chris Henry,WR,85,CIN,24,8,2,0,0,67.3,0,0,0,0,0,0,0,,0,38,21,343,16.33,2,0,,2,,,-116.5,219,HenrCh00
P0149,2007,210,Marcus Pollard,TE,29,SEA,35,14,10,0,0,67.3,0,0,0,0,0,0,0,,0,35,28,273,9.75,2,0,,2,,,-70.2,159,PollMa00
P0526,2007,211,J.J. Arrington,RB,59,ARI,24,16,0,0,0,66.9,0,0,0,0,0,26,78,3,0,39,29,241,8.31,1,0,,1,,,-107.5,206,ArriJ.00
P0655,2007,212,Jerheme Urban,WR,86,ARI,27,10,2,0,0,66.9,0,0,0,0,0,0,0,,0,38,22,329,14.95,2,0,,2,,,-116.9,220,UrbaJe00
P0030,2007,213,Eric Moulds,WR,87,TEN,34,16,8,0,0,66.2,0,0,0,0,0,0,0,,0,52,32,342,10.69,0,0,,0,,,-117.6,221,MoulEr00
P0514,2007,214,Samie Parker,WR,88,KAN,26,15,7,0,0,66.0,0,0,0,0,0,1,2,2,0,41,24,298,12.42,2,1,,2,,,-117.8,223,ParkSa00
P0113,2007,215,Sammy Morris,RB,60,NWE,30,6,2,0,0,65.9,0,0,0,0,0,85,384,4.52,3,8,6,35,5.83,0,0,,3,,,-108.5,208,MorrSa00
P0466,2007,216,Keary Colbert,WR,89,CAR,25,12,8,0,0,65.2,0,0,0,0,0,0,0,,0,69,32,332,10.38,0,1,,0,,,-118.6,224,ColbKe00
P0009,2007,217,Ahman Green,RB,61,HOU,30,6,5,0,0,64.3,0,0,0,0,0,70,260,3.71,2,18,14,123,8.79,0,0,,2,,,-110.1,210,GreeAh00
P0656,2007,218,Lorenzo Booker,RB,62,MIA,23,7,1,0,0,64.2,0,0,0,0,0,28,125,4.46,0,36,28,237,8.46,0,0,,0,,,-110.2,211,BookLo00
P0604,2007,219,Ruvell Martin,WR,90,GNB,25,15,5,0,0,64.2,0,0,0,0,0,0,0,,0,28,16,242,15.13,4,1,,4,,,-119.6,226,MartRu00
P0657,2007,220,Jeff Webb,WR,91,KAN,25,16,2,0,0,63.8,0,0,0,0,0,1,5,5,0,57,28,313,11.18,1,2,1,1,,,-120.0,228,WebbJe00
P0658,2007,221,Justin Peelle,TE,30,MIA,28,16,10,0,0,63.8,0,0,0,0,0,0,0,,0,47,29,228,7.86,2,0,,2,,,-73.7,164,PeelJu00
P0602,2007,222,Robert Royal,TE,31,BUF,28,16,15,0,0,63.8,0,0,0,0,0,0,0,,0,38,25,248,9.92,3,2,2,3,,,-73.7,165,RoyaRo00
P0508,2007,223,Samkon Gado,RB,63,2TM,25,8,2,0,0,63.6,0,0,0,0,0,53,150,2.83,4,13,12,106,8.83,0,1,,4,1,,-110.8,212,GadoSa00
P0659,2007,224,Visanthe Shiancoe,TE,32,MIN,27,16,15,0,0,63.3,0,0,0,0,0,0,0,,0,43,27,323,11.96,1,1,1,1,,,-74.2,167,ShiaVi00
P0660,2007,225,Quinn Sypniewski,TE,33,BAL,25,15,9,0,0,62.6,0,0,0,0,0,0,0,,0,52,34,246,7.24,1,1,1,1,,,-74.9,168,SypnQu00
P0661,2007,226,Luke McCown,QB,36,TAM,26,5,3,0,0,62.1,94,139,1009,5,3,12,117,9.75,0,0,0,0,,0,3,2,0,,,-148.3,246,McCoLu00
P0662,2007,227,Jason Avant,WR,92,PHI,24,15,5,0,0,61.8,0,0,0,0,0,1,1,1,0,33,23,267,11.61,2,0,,2,,,-122.0,231,AvanJa00
P0663,2007,228,Brandon Jackson,RB,64,GNB,22,11,3,0,0,61.7,0,0,0,0,0,75,267,3.56,1,22,16,130,8.13,0,0,,1,,,-112.7,213,JackBr00
P0544,2007,229,Brandon Jones,WR,93,TEN,25,9,2,0,0,61.5,0,0,0,0,0,2,37,18.5,0,34,21,248,11.81,2,1,,2,,,-122.3,232,JoneBr02
P0379,2007,230,Jerramy Stevens,TE,34,TAM,28,15,3,0,0,60.9,0,0,0,0,0,0,0,,0,21,18,189,10.5,4,0,,4,,,-76.6,170,StevJe00
P0368,2007,231,T.J. Duckett,RB,65,DET,26,12,1,0,0,60.9,0,0,0,0,0,65,335,5.15,3,7,4,54,13.5,0,1,,3,,,-113.5,214,DuckT.00
P0556,2007,232,Vernand Morency,RB,66,GNB,27,13,0,0,0,60.7,0,0,0,0,0,29,108,3.72,0,39,30,199,6.63,0,1,,0,,,-113.7,215,MoreVe00
P0414,2007,233,Daniel Graham,TE,35,DEN,29,15,15,0,0,60.6,0,0,0,0,0,0,0,,0,33,24,246,10.25,2,0,,2,,,-76.9,171,GrahDa00
P0664,2007,234,DeShawn Wynn,RB,67,GNB,24,7,4,0,0,60.6,0,0,0,0,0,50,203,4.06,4,14,9,73,8.11,0,0,,4,,,-113.8,216,WynnDe00
P0531,2007,235,J.P. Losman,QB,37,BUF,26,8,7,0,0,59.2,111,175,1204,4,6,20,110,5.5,0,0,0,0,,0,5,2,0,,,-151.2,247,LosmJ.00
P0267,2007,236,Michael Bennett,RB,68,2TM,29,14,1,0,0,59.2,0,0,0,0,0,61,241,3.95,1,22,15,101,6.73,1,2,1,2,,,-115.2,218,BennMi00
P0665,2007,237,Michael Gaines,TE,36,BUF,27,15,14,0,0,58.5,0,0,0,0,0,0,0,,0,35,25,215,8.6,2,0,,2,,,-79.0,174,GainMi00
P0408,2007,238,Jake Delhomme,QB,38,CAR,32,3,3,0,0,57.6,55,86,624,8,1,6,26,4.33,0,0,0,0,,0,1,,0,,,-152.8,248,DelhJa00
P0024,2007,239,Joe Horn,WR,94,ATL,35,12,12,0,0,57.3,0,0,0,0,0,0,0,,0,52,27,243,9,1,0,,1,,,-126.5,234,HornJo00
P0666,2007,240,Brodie Croyle,QB,39,KAN,24,9,6,0,0,56.9,127,224,1227,6,6,7,18,2.57,0,0,0,0,,0,4,3,0,,,-153.5,249,CroyBr00
P0519,2007,241,Greg Jones,FB,4,JAX,26,16,11,0,0,56.8,0,0,0,0,0,42,119,2.83,2,19,11,99,9,2,0,,4,,,-117.6,222,JoneGr01
P0667,2007,242,Sam Hurd,WR,95,DAL,22,16,2,0,0,56.4,0,0,0,0,0,0,0,,0,37,19,314,16.53,1,0,,1,,,-127.4,235,HurdSa00
P0668,2007,243,Darius Walker,RB,69,HOU,22,4,2,0,0,55.5,0,0,0,0,0,58,264,4.55,1,15,13,81,6.23,0,0,,1,1,,-118.9,225,WalkDa00
P0512,2007,244,Greg Lewis,WR,96,PHI,27,15,1,0,0,55.5,0,1,0,0,0,0,0,,0,23,13,265,20.38,3,2,1,3,,,-128.3,236,LewiGr01
P0570,2007,245,Rex Grossman,QB,40,CHI,27,8,7,0,0,55.1,122,225,1411,4,7,14,27,1.93,0,0,0,0,,0,6,3,0,,,-155.3,250,GrosRe00
P0541,2007,246,Mike Sellers,FB,5,WAS,32,14,12,0,0,54.5,0,0,0,0,0,26,78,3,2,24,17,117,6.88,1,1,,3,,,-119.9,227,SellMi00
P0391,2007,247,Javon Walker,WR,97,DEN,29,8,5,0,0,54.4,0,0,0,0,0,2,-3,-1.5,0,50,26,287,11.04,0,0,,0,,,-129.4,238,WalkJa00
P0452,2007,248,Michael Clayton,WR,98,TAM,25,14,4,0,0,54.3,0,0,0,0,0,5,22,4.4,0,40,22,301,13.68,0,1,,0,,,-129.5,239,ClayMi00
P0038,2007,249,Keenan McCardell,WR,99,WAS,37,10,1,0,0,53.6,0,0,0,0,0,0,0,,0,31,22,256,11.64,1,0,,1,,,-130.2,240,McCaKe00
P0669,2007,250,Darren Sproles,RB,70,SDG,24,15,0,0,0,53.5,0,0,0,0,0,37,164,4.43,2,12,10,31,3.1,0,1,,4,,,-120.9,229,SproDa00
P0406,2008,1,Andre Johnson,WR,1,HOU,27,16,16,1,1,320.5,0,0,0,0,0,0,0,,0,171,115,1575,13.7,8,1,1,8,1,,132.9,1,JohnAn02
P0458,2008,2,Larry Fitzgerald,WR,2,ARI,25,16,16,1,1,311.1,0,0,0,0,0,0,0,,0,154,96,1431,14.91,12,1,,12,,,123.5,3,FitzLa00
P0577,2008,3,DeAngelo Williams,RB,1,CAR,25,16,16,0,0,307.6,0,0,0,0,0,273,1515,5.55,18,30,22,121,5.5,2,0,,20,1,,121.2,4,WillDe02
P0670,2008,4,Matt Forte,RB,2,CHI,23,16,16,0,0,304.5,0,0,0,0,0,316,1238,3.92,8,76,63,477,7.57,4,1,1,12,,,118.1,5,FortMa00
P0340,2008,5,Drew Brees,QB,1,NOR,29,16,16,1,0,302.7,413,635,5069,34,17,22,-1,-0.05,0,0,0,0,,0,6,1,0,,,85.1,12,BreeDr00
P0671,2008,6,Aaron Rodgers,QB,2,GNB,25,16,16,0,0,288.2,341,536,4038,28,13,56,207,3.7,4,0,0,0,,0,10,4,4,,2,70.6,19,RodgAa00
P0625,2008,7,Calvin Johnson,WR,3,DET,23,16,16,0,0,281.0,0,0,0,0,0,3,-1,-0.33,0,150,78,1331,17.06,12,3,2,12,1,,93.4,7,JohnCa00
P0560,2008,8,Maurice Jones-Drew,RB,3,JAX,23,16,3,0,0,280.9,0,0,0,0,0,197,824,4.18,12,75,62,565,9.11,2,6,2,14,,,94.5,6,DrewMa00
P0566,2008,9,Philip Rivers,QB,3,SDG,27,16,16,0,0,278.8,312,478,4009,34,11,31,84,2.71,0,0,0,0,,0,8,4,0,,2,61.2,24,RivePh00
P0553,2008,10,Michael Turner,RB,4,ATL,26,16,16,1,1,278.0,0,0,0,0,0,376,1699,4.52,17,9,6,41,6.83,0,3,2,17,,,91.6,8,TurnMi00
P0251,2008,11,LaDainian Tomlinson,RB,5,SDG,29,16,16,0,0,277.6,0,0,0,0,0,292,1110,3.8,11,77,52,426,8.19,1,1,,12,,,91.2,9,TomlLa00
P0601,2008,12,Jay Cutler,QB,4,DEN,25,16,16,1,0,277.0,384,616,4526,25,18,57,200,3.51,2,0,0,0,,0,5,2,2,1,1,59.4,27,CutlJa00
P0147,2008,13,Thomas Jones,RB,6,NYJ,30,16,14,1,0,275.9,0,0,0,0,0,290,1312,4.52,13,42,36,207,5.75,2,2,1,15,,,89.5,10,JoneTh00
P0672,2008,14,Steve Slaton,RB,7,HOU,22,16,15,0,0,271.9,0,0,0,0,0,268,1282,4.78,9,59,50,377,7.54,1,3,2,10,,,85.5,11,SlatSt00
P0405,2008,15,Brian Westbrook,RB,8,PHI,29,14,14,0,0,269.8,0,0,0,0,0,233,936,4.02,9,74,54,402,7.44,5,2,1,14,,,83.4,13,WestBr00
P0578,2008,16,Greg Jennings,WR,4,GNB,25,16,15,0,0,265.2,0,0,0,0,0,0,0,,0,140,80,1292,16.15,9,1,,9,1,,77.6,14,JennGr00
P0522,2008,17,Roddy White,WR,5,ATL,27,16,15,1,0,264.6,0,0,0,0,0,2,4,2,0,148,88,1382,15.7,7,1,2,7,,,77.0,15,WhitRo00
P0061,2008,18,Kurt Warner,QB,5,ARI,37,16,16,1,0,263.1,401,598,4583,30,14,18,-2,-0.11,0,0,0,0,,0,11,7,0,,1,45.5,32,WarnKu00
P0027,2008,19,Tony Gonzalez,TE,1,KAN,32,16,16,1,1,261.8,0,0,0,0,0,0,0,,0,155,96,1058,11.02,10,0,,10,,,124.4,2,GonzTo00
P0618,2008,20,Adrian Peterson,RB,9,MIN,23,16,15,1,1,261.5,0,0,0,0,0,363,1760,4.85,10,39,21,125,5.95,0,9,4,10,,,75.1,16,PeteAd01
P0600,2008,21,Brandon Marshall,WR,6,DEN,24,15,15,1,0,260.1,0,0,0,0,0,2,-4,-2,0,181,104,1265,12.16,6,4,3,6,,,72.5,17,MarsBr00
P0403,2008,22,Anquan Boldin,WR,7,ARI,28,12,11,1,0,259.5,0,0,0,0,0,9,67,7.44,0,127,89,1038,11.66,11,4,3,11,,,71.9,18,BoldAn00
P0342,2008,23,Steve Smith Sr.,WR,8,CAR,29,14,14,1,0,258.1,0,0,0,0,0,5,40,8,0,129,78,1421,18.22,6,1,1,6,,,70.5,20,SmitSt01
P0015,2008,24,Peyton Manning,QB,6,IND,32,16,16,1,1,254.2,371,555,4002,27,12,20,21,1.05,1,0,0,0,,0,1,,1,,1,36.6,43,MannPe00
P0345,2008,25,Antonio Bryant,WR,9,TAM,27,16,15,0,0,250.0,0,0,0,0,0,2,22,11,0,138,83,1248,15.04,7,1,1,7,,,62.4,23,BryaAn00
P0673,2008,26,Chris Johnson,RB,10,TEN,23,15,14,1,0,249.8,0,0,0,0,0,251,1228,4.89,9,62,43,260,6.05,1,1,1,10,,,63.4,22,JohnCh04
P0537,2008,27,Wes Welker,WR,10,NWE,27,16,14,1,0,248.1,0,0,0,0,0,3,26,8.67,0,149,111,1165,10.5,3,1,1,3,1,,60.5,25,WelkWe00
P0336,2008,28,Clinton Portis,RB,11,WAS,27,16,16,1,0,246.5,0,0,0,0,0,342,1487,4.35,9,35,28,218,7.79,0,3,3,9,,,60.1,26,PortCl00
P0674,2008,29,Matt Cassel,QB,7,NWE,26,16,15,0,0,244.7,327,516,3693,21,11,73,270,3.7,2,0,0,0,,0,7,4,2,,2,27.1,48,CassMa00
P0018,2008,30,Donovan McNabb,QB,8,PHI,32,16,16,0,0,243.3,345,571,3916,23,11,39,147,3.77,2,0,0,0,,0,7,5,2,,,25.7,50,McNaDo00
P0008,2008,31,Terrell Owens,WR,11,DAL,35,16,16,0,0,235.5,0,0,0,0,0,7,33,4.71,0,140,69,1052,15.25,10,1,1,10,,,47.9,29,OwenTe00
P0308,2008,32,Reggie Wayne,WR,12,IND,30,16,16,1,0,234.5,0,0,0,0,0,0,0,,0,131,82,1145,13.96,6,0,,6,1,,46.9,30,WaynRe00
P0621,2008,33,Marshawn Lynch,RB,12,BUF,22,15,15,1,0,232.6,0,0,0,0,0,250,1036,4.14,8,67,47,300,6.38,1,2,1,9,,,46.2,31,LyncMa00
P0010,2008,34,Randy Moss,WR,13,NWE,31,16,16,0,0,231.8,0,0,0,0,0,2,0,0,0,125,69,1008,14.61,11,3,2,11,,,44.2,33,MossRa00
P0620,2008,35,Dwayne Bowe,WR,14,KAN,24,16,16,0,0,230.2,0,0,0,0,0,0,0,,0,157,86,1022,11.88,7,0,,7,,,42.6,36,BoweDw00
P0510,2008,36,Marion Barber III,RB,13,DAL,25,15,13,0,0,230.2,0,0,0,0,0,238,885,3.72,7,61,52,417,8.02,2,7,3,9,,,43.8,34,BarbMa01
P0675,2008,37,Eddie Royal,WR,15,DEN,22,15,15,0,0,229.9,0,1,0,0,0,11,109,9.91,0,129,91,980,10.77,5,2,1,5,1,,42.3,37,RoyaEd00
P0516,2008,38,Frank Gore,RB,14,SFO,25,14,14,0,0,229.9,0,0,0,0,0,240,1036,4.32,6,66,43,373,8.67,2,6,2,8,1,,43.5,35,GoreFr00
P0646,2008,39,Lance Moore,WR,16,NOR,25,16,6,0,0,229.8,0,1,0,0,1,0,0,,0,121,79,928,11.75,10,1,,10,,,42.2,38,MoorLa00
P0103,2008,40,Hines Ward,WR,17,PIT,32,16,15,0,0,227.7,0,0,0,0,0,1,4,4,0,124,81,1043,12.88,7,1,,7,,,40.1,39,WardHi00
P0356,2008,41,Santana Moss,WR,18,WAS,29,16,16,0,0,226.1,0,0,0,0,0,1,27,27,0,138,79,1044,13.22,6,1,1,7,,,38.5,41,MossSa00
P0468,2008,42,Steven Jackson,RB,15,STL,25,12,11,0,0,224.1,0,0,0,0,0,253,1042,4.12,7,62,40,379,9.48,1,5,3,8,,,37.7,42,JackSt00
P0337,2008,43,Chad Pennington,QB,9,MIA,32,16,16,0,0,218.3,321,476,3653,19,7,30,62,2.07,1,0,0,0,,0,3,1,1,,,0.7,66,PennCh01
P0676,2008,44,Tyler Thigpen,QB,10,KAN,24,14,11,0,0,217.6,230,420,2608,18,12,62,386,6.23,3,1,1,37,37,1,6,2,4,,1,0.0,70,ThigTy00
P0582,2008,45,Vincent Jackson,WR,19,SDG,25,16,16,0,0,215.7,0,0,0,0,0,4,69,17.25,0,101,59,1098,18.61,7,1,1,7,,,28.1,46,JackVi00
P0521,2008,46,David Garrard,QB,11,JAX,30,16,16,0,0,215.4,335,535,3620,15,13,73,322,4.41,2,1,1,-6,-6,0,7,4,2,,,-2.2,73,GarrDa00
P0062,2008,47,Derrick Mason,WR,20,BAL,34,16,16,0,0,214.0,0,0,0,0,0,1,3,3,0,121,80,1037,12.96,5,2,1,5,1,,26.4,49,MasoDe00
P0504,2008,48,Ronnie Brown,RB,16,MIA,27,16,13,1,0,213.6,2,3,41,1,0,214,916,4.28,10,43,33,254,7.7,0,1,1,10,,,27.2,47,BrowRo05
P0677,2008,49,Kevin Smith,RB,17,DET,22,16,12,0,0,211.2,0,0,0,0,0,238,976,4.1,8,54,39,286,7.33,0,2,1,8,,,24.8,51,SmitKe02
P0365,2008,50,T.J. Houshmandzadeh,WR,21,CIN,31,15,15,0,0,207.3,0,0,0,0,0,1,9,9,0,137,92,904,9.83,4,0,,4,,,19.7,53,HousTJ00
P0555,2008,51,Brandon Jacobs,RB,18,NYG,26,13,13,0,0,206.5,0,0,0,0,0,219,1089,4.97,15,12,6,36,6,0,3,1,15,,,20.1,52,JacoBr00
P0198,2008,52,Donald Driver,WR,22,GNB,33,16,16,0,0,205.6,0,0,0,0,0,2,4,2,0,116,74,1012,13.68,5,0,,5,,,18.0,54,DrivDo00
P0569,2008,53,Tony Romo,QB,12,DAL,28,13,13,0,0,204.0,276,450,3448,26,14,28,41,1.46,0,0,0,0,,0,13,7,0,,,-13.6,80,RomoTo00
P0425,2008,54,Jason Witten,TE,2,DAL,26,16,16,1,0,201.9,1,1,42,0,0,0,0,,0,121,81,952,11.75,4,0,,4,,,64.5,21,WittJa00
P0623,2008,55,Kevin Walter,WR,23,HOU,27,16,16,0,0,200.2,0,0,0,0,0,3,23,7.67,0,95,60,899,14.98,8,0,,8,,,12.6,55,WaltKe00
P0588,2008,56,Jason Campbell,QB,13,WAS,27,16,16,0,0,199.6,315,506,3245,13,6,47,258,5.49,1,0,0,0,,0,7,1,1,,,-18.0,86,CampJa00
P0499,2008,57,Eli Manning,QB,14,NYG,27,16,16,1,0,198.5,289,479,3238,21,10,20,10,0.5,1,0,0,0,,0,5,2,1,,1,-19.1,87,MannEl00
P0183,2008,58,Laveranues Coles,WR,24,NYJ,31,16,16,0,0,197.9,0,0,0,0,0,2,9,4.5,0,116,70,850,12.14,7,1,,7,,,10.3,57,ColeLa00
P0678,2008,59,Steve Breaston,WR,25,ARI,25,16,9,0,0,196.4,0,0,0,0,0,2,8,4,0,113,77,1006,13.06,3,1,,3,,,8.8,58,BreaSt00
P0679,2008,60,Matt Ryan,QB,15,ATL,23,16,16,0,0,196.0,265,434,3440,16,11,55,104,1.89,1,0,0,0,,0,6,1,1,,1,-21.6,90,RyanMa00
P0430,2008,61,Dallas Clark,TE,3,IND,29,15,15,0,0,195.8,0,0,0,0,0,0,0,,0,107,77,848,11.01,6,2,1,6,,,58.4,28,ClarDa00
P0628,2008,62,Derrick Ward,RB,19,NYG,28,16,3,0,0,193.9,0,0,0,0,0,182,1025,5.63,2,55,41,384,9.37,0,2,,2,,,7.5,59,WardDe01
P0071,2008,63,Kevin Faulk,RB,20,NWE,32,15,3,0,0,193.2,1,1,-2,0,0,83,507,6.11,3,74,58,486,8.38,3,0,,6,,,6.8,60,FaulKe00
P0496,2008,64,Bernard Berrian,WR,26,MIN,28,16,13,0,0,193.0,0,0,0,0,0,4,26,6.5,0,95,48,964,20.08,7,1,1,8,,,5.4,63,BerrBe00
P0648,2008,65,Pierre Thomas,RB,21,NOR,24,15,5,0,0,191.9,0,0,0,0,0,129,625,4.84,9,41,31,284,9.16,3,1,1,12,,,5.5,62,ThomPi00
P0053,2008,66,Brett Favre,QB,16,NYJ,39,16,16,1,0,191.4,343,522,3472,22,22,21,43,2.05,1,0,0,2,,0,10,2,1,,1,-26.2,97,FavrBr00
P0565,2008,67,Jerricho Cotchery,WR,27,NYJ,26,16,16,0,0,187.6,0,0,0,0,0,2,8,4,0,112,71,858,12.08,5,2,1,5,1,,0.0,68,CotcJe00
P0680,2008,68,Le'Ron McClain,FB,1,BAL,24,16,16,1,1,187.5,0,0,0,0,0,232,902,3.89,10,30,19,123,6.47,1,4,,11,,,1.1,65,McClLe00
P0561,2008,69,Reggie Bush,RB,22,NOR,23,10,9,0,0,186.4,0,0,0,0,0,106,404,3.81,2,73,52,440,8.46,4,3,2,9,,,0.0,69,BushRe00
P0019,2008,70,Isaac Bruce,WR,28,SFO,36,16,15,0,0,186.2,0,1,0,0,0,1,-3,-3,0,108,61,835,13.69,7,0,,7,,,-1.4,72,BrucIs00
P0031,2008,71,Muhsin Muhammad,WR,29,CAR,35,16,15,0,0,185.3,0,0,0,0,0,0,0,,0,107,65,923,14.2,5,2,1,5,,,-2.3,74,MuhaMu00
P0253,2008,72,Dominic Rhodes,RB,23,IND,29,15,4,0,0,185.0,0,0,0,0,0,152,538,3.54,6,59,45,302,6.71,3,0,,9,1,,-1.4,71,RhodDo00
P0457,2008,73,Lee Evans,WR,30,BUF,27,16,16,0,0,184.9,0,0,0,0,0,1,22,22,0,102,63,1017,16.14,3,2,1,3,1,,-2.7,75,EvanLe00
P0681,2008,74,Joe Flacco,QB,17,BAL,23,16,16,0,0,184.1,257,428,2971,14,12,52,180,3.46,2,1,1,43,43,0,11,2,2,,1,-33.5,103,FlacJo00
P0530,2008,75,Kyle Orton,QB,18,CHI,26,15,15,0,0,181.8,272,465,2972,18,12,24,49,2.04,3,0,0,0,,0,6,5,3,,1,-35.8,107,OrtoKy00
P0682,2008,76,DeSean Jackson,WR,31,PHI,22,16,15,0,0,180.8,0,1,0,0,1,17,96,5.65,1,120,62,912,14.71,2,4,2,4,,,-6.8,76,JackDe00
P0575,2008,77,Leon Washington,RB,24,NYJ,26,16,1,1,1,179.3,0,0,0,0,0,76,448,5.89,6,61,47,355,7.55,2,3,2,9,1,,-7.1,77,WashLe00
P0462,2008,78,Ben Roethlisberger,QB,19,PIT,26,16,16,0,0,178.4,281,469,3301,17,15,34,101,2.97,2,1,1,-7,-7,0,14,7,2,,,-39.2,112,RoetBe00
P0408,2008,79,Jake Delhomme,QB,20,CAR,33,16,16,0,0,177.6,246,414,3288,15,12,20,21,1.05,2,0,0,0,,0,5,2,2,,,-40.0,115,DelhJa00
P0427,2008,80,Antonio Gates,TE,4,SDG,28,16,16,1,0,176.4,0,0,0,0,0,0,0,,0,92,60,704,11.73,8,1,1,8,,,39.0,40,GateAn00
P0633,2008,81,Matt Schaub,QB,21,HOU,27,11,11,0,0,174.5,251,380,3043,15,10,31,68,2.19,2,0,0,0,,0,10,4,2,,1,-43.1,121,SchaMa00
P0622,2008,82,Ryan Grant,RB,25,GNB,26,16,14,0,0,173.9,0,0,0,0,0,312,1203,3.86,4,22,18,116,6.44,1,4,3,5,,,-12.5,79,GranRy00
P0624,2008,83,LenDale White,RB,26,TEN,24,16,2,0,0,171.9,0,0,0,0,0,200,773,3.87,15,10,5,16,3.2,0,1,1,15,,,-14.5,81,WhitLe01
P0035,2008,84,Warrick Dunn,RB,27,TAM,33,15,6,0,0,170.6,0,0,0,0,0,186,786,4.23,2,68,47,330,7.02,0,0,,2,,,-15.8,82,DunnWa00
P0471,2008,85,Chris Cooley,TE,5,WAS,26,16,16,1,0,169.9,0,0,0,0,0,0,0,,0,111,83,849,10.23,1,3,2,1,,,32.5,44,CoolCh00
P0475,2008,86,Mewelde Moore,RB,28,PIT,26,16,4,0,0,166.8,0,0,0,0,0,140,588,4.2,5,53,40,320,8,1,2,,6,,,-19.6,88,MoorMe00
P0640,2008,87,Ted Ginn Jr.,WR,32,MIA,23,16,14,0,0,166.3,0,0,0,0,0,5,73,14.6,2,93,56,790,14.11,2,5,,4,,,-21.3,89,GinnTe00
P0584,2008,88,Owen Daniels,TE,6,HOU,26,16,16,1,0,166.2,0,0,0,0,0,0,0,,0,101,70,862,12.31,2,2,1,2,,,28.8,45,DaniOw00
P0518,2008,89,Braylon Edwards,WR,33,CLE,25,16,16,0,0,164.3,0,0,0,0,0,0,0,,0,138,55,873,15.87,3,0,,3,2,,-23.3,92,EdwaBr00
P0574,2008,90,Santonio Holmes,WR,34,PIT,24,15,15,0,0,164.0,0,0,0,0,0,2,9,4.5,0,114,55,821,14.93,5,4,2,5,,,-23.6,94,HolmSa00
P0003,2008,91,Jeff Garcia,QB,22,TAM,38,12,11,0,0,163.3,244,376,2712,12,6,35,148,4.23,1,0,0,0,,0,7,2,1,,1,-54.3,135,GarcJe00
P0043,2008,92,Jamal Lewis,RB,29,CLE,29,16,16,0,0,163.0,0,0,0,0,0,279,1002,3.59,4,32,23,178,7.74,0,2,1,4,,,-23.4,93,LewiJa00
P0023,2008,93,Torry Holt,WR,35,STL,32,16,14,0,0,161.6,0,0,0,0,0,0,0,,0,119,64,796,12.44,3,0,,3,,,-26.0,96,HoltTo00
P0402,2008,94,Chester Taylor,RB,30,MIN,29,16,1,0,0,161.0,1,1,4,1,0,101,399,3.95,4,55,45,399,8.87,2,2,2,6,,,-25.4,95,TaylCh01
P0683,2008,95,Tim Hightower,RB,31,ARI,22,16,7,0,0,157.6,0,0,0,0,0,143,399,2.79,10,50,34,237,6.97,0,2,,10,,,-28.8,99,HighTi00
P0585,2008,96,Jerious Norwood,RB,32,ATL,25,16,0,0,0,154.7,0,0,0,0,0,95,489,5.15,4,54,36,338,9.39,2,2,,6,,,-31.7,101,NorwJe00
P0684,2008,97,Jonathan Stewart,RB,33,CAR,21,16,0,0,0,154.3,0,0,0,0,0,184,836,4.54,10,17,8,47,5.88,0,2,1,10,,,-32.1,102,StewJo00
P0644,2008,98,Trent Edwards,QB,23,BUF,25,14,14,0,0,153.7,245,374,2699,11,10,36,117,3.25,3,0,0,0,,0,9,5,3,,1,-63.9,145,EdwaTr01
P0564,2008,99,Marques Colston,WR,36,NOR,25,11,6,0,0,153.0,0,0,0,0,0,0,0,,0,88,47,760,16.17,5,1,,5,,,-34.6,104,ColsMa00
P0006,2008,100,Marvin Harrison,WR,37,IND,36,15,15,0,0,151.6,0,0,0,0,0,0,0,,0,107,60,636,10.6,5,1,1,5,,,-36.0,108,HarrMa00
P0685,2008,101,Donnie Avery,WR,38,STL,24,15,12,0,0,151.3,0,0,0,0,0,10,69,6.9,1,102,53,674,12.72,3,0,,4,,,-36.3,109,AverDo00
P0509,2008,102,Matt Jones,WR,39,JAX,25,12,10,0,0,151.1,0,0,0,0,0,0,0,,0,107,65,761,11.71,2,1,1,2,,,-36.5,110,JoneMa00
P0511,2008,103,Mark Clayton,WR,40,BAL,26,16,13,0,0,147.9,1,1,32,1,0,6,81,13.5,1,82,41,695,16.95,3,0,,4,,,-39.7,113,ClayMa01
P0686,2008,104,John Carlson,TE,7,SEA,24,16,9,0,0,147.7,0,0,0,0,0,0,0,,0,80,55,627,11.4,5,0,,5,,,10.3,56,CarlJo00
P0517,2008,105,Michael Jenkins,WR,41,ATL,26,16,12,0,0,147.7,0,0,0,0,0,0,0,,0,81,50,777,15.54,3,0,,3,1,,-39.9,114,JenkMi00
P0630,2008,106,Anthony Gonzalez,WR,42,IND,24,16,2,0,0,147.4,0,0,0,0,0,0,0,,0,79,57,664,11.65,4,0,,4,,,-40.2,116,GonzAn00
P0046,2008,107,Kerry Collins,QB,24,TEN,36,16,15,1,0,145.9,242,415,2676,12,7,25,49,1.96,0,0,0,0,,0,5,1,0,,1,-71.7,157,CollKe00
P0113,2008,108,Sammy Morris,RB,34,NWE,31,13,7,0,0,145.8,0,0,0,0,0,156,727,4.66,7,24,17,161,9.47,0,1,1,7,,,-40.6,117,MorrSa00
P0453,2008,109,Willis McGahee,RB,35,BAL,27,13,8,0,0,144.4,0,0,0,0,0,170,671,3.95,7,32,24,173,7.21,0,3,3,7,,,-42.0,118,McGaWi00
P0659,2008,110,Visanthe Shiancoe,TE,8,MIN,28,16,15,0,0,143.6,0,0,0,0,0,0,0,,0,59,42,596,14.19,7,0,,7,,,6.2,61,ShiaVi00
P0039,2008,111,Ricky Williams,RB,36,MIA,31,16,3,0,0,142.8,0,0,0,0,0,160,659,4.12,4,39,29,219,7.55,1,5,2,5,,,-43.6,122,WillRi00
P0351,2008,112,Antwaan Randle El,WR,43,WAS,29,16,16,0,0,142.6,3,4,46,1,0,1,5,5,0,87,53,593,11.19,4,2,,4,,,-45.0,124,RandAn00
P0653,2008,113,Fred Jackson,RB,37,BUF,27,16,3,0,0,141.8,0,0,0,0,0,130,571,4.39,3,45,37,317,8.57,0,3,1,3,,,-44.6,123,JackFr02
P0563,2008,114,Joseph Addai,RB,38,IND,25,12,12,0,0,140.0,0,0,0,0,0,155,544,3.51,5,39,25,206,8.24,2,1,1,7,,,-46.4,127,AddaJo00
P0634,2008,115,Zach Miller,TE,9,OAK,23,16,15,0,0,139.8,0,0,0,0,0,0,0,,0,86,56,778,13.89,1,0,,1,,,2.4,64,MillZa01
P0687,2008,116,Devin Hester,WR,44,CHI,26,15,8,0,0,139.6,0,0,0,0,0,6,61,10.17,0,91,51,665,13.04,3,5,1,3,,,-48.0,129,HestDe99
P0460,2008,117,Larry Johnson,RB,39,KAN,29,12,12,0,0,139.0,1,1,4,1,0,193,874,4.53,5,17,12,74,6.17,0,5,1,5,,,-47.4,128,JohnLa00
P0669,2008,118,Darren Sproles,RB,40,SDG,25,16,0,0,0,138.2,0,0,0,0,0,61,330,5.41,1,34,29,342,11.79,5,3,1,7,1,,-48.2,130,SproDa00
P0688,2008,119,JaMarcus Russell,QB,25,OAK,23,15,15,0,0,137.6,198,368,2423,13,8,17,127,7.47,1,1,0,0,,0,12,7,1,,,-80.0,164,RussJa00
P0638,2008,120,Greg Olsen,TE,10,CHI,23,16,7,0,0,137.4,0,0,0,0,0,0,0,,0,82,54,574,10.63,5,2,2,5,,,0.0,67,OlseGr00
P0689,2008,121,Shaun Hill,QB,26,SFO,28,9,8,0,0,137.3,181,288,2046,13,8,24,115,4.79,2,0,0,0,,0,8,2,2,,,-80.3,166,HillSh00
P0443,2008,122,Justin Gage,WR,45,TEN,27,12,11,0,0,135.1,0,0,0,0,0,0,0,,0,74,34,651,19.15,6,0,,6,,,-52.5,132,GageJu00
P0534,2008,123,Devery Henderson,WR,46,NOR,26,16,13,0,0,132.6,0,0,0,0,0,4,33,8.25,0,56,32,793,24.78,3,1,,3,,,-55.0,136,HendDe00
P0303,2008,124,Chad Johnson,WR,47,CIN,30,13,10,0,0,131.0,0,0,0,0,0,0,0,,0,97,53,540,10.19,4,0,,4,,,-56.6,137,JohnCh01
P0037,2008,125,Amani Toomer,WR,48,NYG,34,16,12,0,0,130.0,0,0,0,0,0,0,0,,0,88,48,580,12.08,4,1,,4,,,-57.6,139,ToomAm00
P0474,2008,126,Bobby Wade,WR,49,MIN,27,16,14,0,0,129.5,0,0,0,0,0,0,0,,0,89,53,645,12.17,2,2,,2,,,-58.1,140,WadeBo00
P0690,2008,127,Darren McFadden,RB,41,OAK,21,13,5,0,0,129.4,0,0,0,0,0,113,499,4.42,4,39,29,285,9.83,0,3,1,4,,,-57.0,138,McFaDa00
P0691,2008,128,Greg Camarillo,WR,50,MIA,26,11,11,0,0,128.4,0,0,0,0,0,2,1,0.5,0,83,55,613,11.15,2,0,,2,,,-59.2,141,CamaGr00
P0354,2008,129,Marc Bulger,QB,27,STL,31,15,15,0,0,126.6,251,440,2720,11,13,14,41,2.93,0,2,2,17,8.5,0,5,4,0,,,-91.0,184,BulgMa00
P0532,2008,130,Bo Scaife,TE,11,TEN,27,16,7,0,0,126.1,0,0,0,0,0,0,0,,0,84,58,561,9.67,2,1,,2,,,-11.3,78,ScaiBo00
P0559,2008,131,Ryan Fitzpatrick,QB,28,CIN,26,13,12,0,0,123.3,221,372,1905,8,9,60,304,5.07,2,1,1,-3,-3,0,11,5,2,,,-94.3,190,FitzRy00
P0581,2008,132,Cedric Benson,RB,42,CIN,26,12,10,0,0,123.2,0,0,0,0,0,214,747,3.49,2,26,20,185,9.25,0,2,1,2,,,-63.2,143,BensCe00
P0580,2008,133,Nate Washington,WR,51,PIT,25,16,1,0,0,122.9,0,0,0,0,0,5,18,3.6,0,78,40,631,15.78,3,0,,3,,,-64.7,146,WashNa00
P0619,2008,134,Earnest Graham,RB,43,TAM,28,10,10,0,0,122.8,1,1,3,1,0,132,563,4.27,4,33,23,174,7.57,0,2,1,4,,,-63.6,144,GrahEa00
P0364,2008,135,Josh Reed,WR,52,BUF,28,13,13,0,0,121.7,0,0,0,0,0,0,0,,0,80,56,597,10.66,1,0,,1,,,-65.9,148,ReedJo01
P0692,2008,136,Anthony Fasano,TE,12,MIA,24,16,16,0,0,121.4,0,0,0,0,0,0,0,,0,53,34,454,13.35,7,0,,7,,,-16.0,83,FasaAn00
P0693,2008,137,Steve Smith,WR,53,NYG,23,16,4,0,0,120.4,0,0,0,0,0,0,0,,0,82,57,574,10.07,1,1,,1,,,-67.2,150,SmitSt02
P0599,2008,138,Tony Scheffler,TE,13,DEN,25,13,7,0,0,120.4,0,0,0,0,0,1,-1,-1,0,61,40,645,16.13,3,1,1,3,,,-17.0,84,ScheTo00
P0297,2008,139,Brandon Stokley,WR,54,DEN,32,15,2,0,0,119.8,0,0,0,0,0,0,0,,0,86,49,528,10.78,3,0,,3,,,-67.8,152,StokBr00
P0694,2008,140,Dustin Keller,TE,14,NYJ,24,16,6,0,0,119.5,0,0,0,0,0,0,0,,0,78,48,535,11.15,3,0,,3,,,-17.9,85,KellDu00
P0285,2008,141,Correll Buckhalter,RB,44,PHI,30,14,2,0,0,119.3,0,0,0,0,0,76,369,4.86,2,32,26,324,12.46,2,0,,4,,,-67.1,149,BuckCo00
P0695,2008,142,Domenik Hixon,WR,55,NYG,24,16,7,0,0,119.2,0,0,0,0,0,2,26,13,0,73,43,596,13.86,2,0,,2,1,,-68.4,153,HixoDo00
P0542,2008,143,Patrick Crayton,WR,56,DAL,29,16,7,0,0,119.1,0,1,0,0,0,1,11,11,0,70,39,550,14.1,4,1,,4,,,-68.5,154,CrayPa00
P0422,2008,144,Bryant Johnson,WR,57,SFO,27,16,12,0,0,117.6,0,0,0,0,0,0,0,,0,75,45,546,12.13,3,0,,3,,,-70.0,155,JohnBr02
P0507,2008,145,Heath Miller,TE,15,PIT,26,14,14,0,0,115.4,0,0,0,0,0,0,0,,0,66,48,514,10.71,3,1,1,3,,,-22.0,91,MillHe00
P0696,2008,146,Davone Bess,WR,58,MIA,23,16,6,0,0,114.7,0,0,0,0,0,1,13,13,0,75,54,554,10.26,1,1,1,1,,,-72.9,159,BessDa00
P0502,2008,147,Willie Parker,RB,45,PIT,28,11,11,0,0,113.4,0,0,0,0,0,210,791,3.77,5,10,3,13,4.33,0,0,,5,,,-73.0,160,ParkWi00
P0143,2008,148,Gus Frerotte,QB,29,MIN,37,11,11,0,0,111.0,178,301,2157,12,15,19,7,0.37,1,0,0,0,,0,4,,1,,,-106.6,204,FrerGu00
P0158,2008,149,Dennis Northcutt,WR,59,JAX,31,14,3,0,0,109.4,0,0,0,0,0,1,9,9,0,68,44,545,12.39,2,1,1,2,,,-78.2,162,NortDe00
P0066,2008,150,Ike Hilliard,WR,60,TAM,32,16,2,0,0,109.4,0,0,0,0,0,1,0,0,0,58,47,424,9.02,4,2,2,4,,,-78.2,163,HillIk00
P0350,2008,151,Billy Miller,TE,16,NOR,31,15,5,0,0,108.9,0,0,0,0,0,0,0,,0,62,45,579,12.87,1,0,,1,,,-28.5,98,MillBi00
P0312,2008,152,Deuce McAllister,RB,46,NOR,30,13,6,0,0,108.6,0,0,0,0,0,107,418,3.91,5,23,18,128,7.11,1,0,,6,,,-77.8,161,McAlDe00
P0697,2008,153,Kevin Boss,TE,17,NYG,24,15,15,0,0,107.4,0,0,0,0,0,0,0,,0,55,33,384,11.64,6,0,,6,,,-30.0,100,BossKe00
P0257,2008,154,Chris Chambers,WR,61,SDG,30,14,9,0,0,107.3,0,0,0,0,0,1,1,1,0,65,33,462,14,5,0,1,5,,,-80.3,165,ChamCh00
P0586,2008,155,Justin Fargas,RB,47,OAK,28,14,14,0,0,104.5,0,0,0,0,0,218,853,3.91,1,15,10,52,5.2,0,3,1,1,,,-81.9,168,FargJu00
P0224,2008,156,Plaxico Burress,WR,62,NYG,31,10,9,0,0,104.4,0,0,0,0,0,0,0,,0,66,35,454,12.97,4,0,,4,,,-83.2,170,BurrPl00
P0698,2008,157,Ray Rice,RB,48,BAL,21,13,4,0,0,103.7,0,0,0,0,0,107,454,4.24,0,43,33,273,8.27,0,1,1,0,,,-82.7,169,RiceRa00
P0655,2008,158,Jerheme Urban,WR,63,ARI,28,16,2,0,0,103.5,1,1,18,0,0,0,0,,0,51,34,448,13.18,4,0,,4,,,-84.1,171,UrbaJe00
P0699,2008,159,Peyton Hillis,RB,49,DEN,22,12,6,0,0,102.2,0,0,0,0,0,68,343,5.04,5,19,14,179,12.79,1,0,,6,,,-84.2,172,HillPe00
P0700,2008,160,Johnnie Lee Higgins,WR,64,OAK,25,16,3,0,0,102.0,0,0,0,0,0,3,34,11.33,0,42,22,366,16.64,4,1,1,7,,,-85.6,174,HiggJo00
P0642,2008,161,Marcedes Lewis,TE,18,JAX,24,16,16,0,0,101.9,0,0,0,0,0,0,0,,0,74,41,489,11.93,2,0,,2,,,-35.5,105,LewiMa00
P0568,2008,162,Kellen Winslow,TE,19,CLE,25,10,8,0,0,101.8,0,0,0,0,0,0,0,,0,83,43,428,9.95,3,1,1,3,,,-35.6,106,WinsKe01
P0606,2008,163,Seneca Wallace,QB,30,SEA,28,10,8,0,0,101.1,141,242,1532,11,3,16,78,4.88,0,0,0,0,,0,4,3,0,,,-116.5,212,WallSe00
P0595,2008,164,Maurice Morris,RB,50,SEA,29,13,6,0,0,100.0,0,0,0,0,0,132,574,4.35,0,27,19,136,7.16,2,1,1,2,,,-86.4,176,MorrMa00
P0535,2008,165,Donald Lee,TE,20,GNB,28,16,14,0,0,99.3,0,0,0,0,0,0,0,,0,50,39,303,7.77,5,0,,5,,,-38.1,111,LeexDo00
P0605,2008,166,Rashied Davis,WR,65,CHI,29,16,12,0,0,98.9,0,0,0,0,0,3,14,4.67,0,67,35,445,12.71,2,0,,3,,,-88.7,180,DaviRa00
P0362,2008,167,Jabar Gaffney,WR,66,NWE,28,16,7,0,0,98.8,0,0,0,0,0,0,0,,0,65,38,468,12.32,2,0,,2,1,,-88.8,181,GaffJa00
P0701,2008,168,Tashard Choice,RB,51,DAL,24,16,3,0,0,98.7,0,0,0,0,0,92,472,5.13,2,30,21,185,8.81,0,0,,2,,,-87.7,178,ChoiTa00
P0467,2008,169,Julius Jones,RB,52,SEA,27,15,10,0,0,98.4,0,0,0,0,0,158,698,4.42,2,25,14,66,4.71,0,4,2,2,,,-88.0,179,JoneJu01
P0609,2008,170,Malcom Floyd,WR,67,SDG,27,13,2,0,0,97.5,0,0,0,0,0,0,0,,0,37,27,465,17.22,4,0,,4,,,-90.1,183,FloyMa00
P0298,2008,171,Bobby Engram,WR,68,SEA,35,13,11,0,0,95.9,0,0,0,0,0,0,0,,0,80,47,489,10.4,0,1,,0,,,-91.7,185,EngrBo00
P0544,2008,172,Brandon Jones,WR,69,TEN,26,16,7,0,0,95.4,0,0,0,0,0,2,35,17.5,0,62,41,449,10.95,1,0,,1,,,-92.2,186,JoneBr02
P0360,2008,173,Deion Branch,WR,70,SEA,29,8,8,0,0,95.2,0,0,0,0,0,0,0,,0,59,30,412,13.73,4,0,,4,,,-92.4,187,BranDe00
P0592,2008,174,Hank Baskett,WR,71,PHI,26,15,6,0,0,95.0,0,0,0,0,0,0,0,,0,52,33,440,13.33,3,1,,3,,,-92.6,188,BaskHa00
P0414,2008,175,Daniel Graham,TE,21,DEN,30,16,16,0,0,94.9,0,0,0,0,0,0,0,,0,50,32,389,12.16,4,0,,4,,,-42.5,119,GrahDa00
P0341,2008,176,Jeremy Shockey,TE,22,NOR,28,12,11,0,0,94.3,0,0,0,0,0,0,0,,0,72,50,483,9.66,0,2,2,0,,,-43.1,120,ShocJe00
P0702,2008,177,Michael Bush,RB,53,OAK,24,15,0,0,0,93.6,1,2,8,0,0,95,421,4.43,3,30,19,162,8.53,0,1,1,3,,,-92.8,189,BushMi00
P0459,2008,178,Roy Williams,WR,72,2TM,27,15,11,0,0,92.3,0,0,0,0,0,1,13,13,0,39,36,430,11.94,2,0,,2,,,-95.3,193,WillRo04
P0540,2008,179,David Martin,TE,23,MIA,29,16,7,0,0,92.0,0,0,0,0,0,0,0,,0,45,31,450,14.52,3,1,1,3,,,-45.4,125,MartDa00
P0703,2008,180,Jamaal Charles,RB,54,KAN,22,16,2,0,0,91.9,0,0,0,0,0,67,357,5.33,0,39,27,272,10.07,1,2,2,1,,,-94.5,191,CharJa00
P0607,2008,181,Mark Bradley,WR,73,2TM,26,12,8,0,0,91.5,1,1,37,1,0,0,0,,0,63,30,380,12.67,3,0,,3,,,-96.1,194,BradMa00
P0487,2008,182,Reggie Williams,WR,74,JAX,25,16,11,0,0,91.4,0,0,0,0,0,1,0,0,0,63,37,364,9.84,3,0,,3,,,-96.2,195,WillRe00
P0339,2008,183,Todd Heap,TE,24,BAL,28,16,16,0,0,91.3,0,0,0,0,0,0,0,,0,64,35,403,11.51,3,1,1,3,,,-46.1,126,HeapTo00
P0526,2008,184,J.J. Arrington,RB,55,ARI,25,11,3,0,0,91.2,0,1,0,0,0,31,187,6.03,1,40,29,255,8.79,1,0,,3,,,-95.2,192,ArriJ.00
P0452,2008,185,Michael Clayton,WR,75,TAM,26,15,9,0,0,90.9,0,0,0,0,0,2,5,2.5,0,61,38,484,12.74,1,1,1,1,,,-96.7,196,ClayMi00
P0617,2008,186,Derek Anderson,QB,31,CLE,25,10,9,0,0,90.1,142,283,1615,9,8,25,55,2.2,0,0,0,0,,0,9,2,0,,2,-127.5,227,AndeDe00
P0002,2008,187,Edgerrin James,RB,56,ARI,30,13,7,0,0,87.9,0,0,0,0,0,133,514,3.86,3,18,12,85,7.08,0,2,2,3,1,,-98.5,197,JameEd00
P0379,2008,188,Jerramy Stevens,TE,25,TAM,29,14,3,0,0,87.7,0,0,0,0,0,0,0,,0,59,36,397,11.03,2,0,,2,,,-49.7,131,StevJe00
P0704,2008,189,Dan Orlovsky,QB,32,DET,25,10,7,0,0,87.5,143,255,1616,8,8,7,29,4.14,0,0,0,0,,0,3,,0,,2,-130.1,233,OrloDa00
P0705,2008,190,Chansi Stuckey,WR,76,NYJ,25,15,2,0,0,86.0,0,0,0,0,0,1,1,1,0,45,32,359,11.22,3,0,,3,,,-101.6,199,StucCh20
P0022,2008,191,Fred Taylor,RB,57,JAX,32,13,13,0,0,85.4,0,0,0,0,0,143,556,3.89,1,22,16,98,6.13,0,1,1,1,,,-101.0,198,TaylFr00
P0435,2008,192,L.J. Smith,TE,26,PHI,28,13,12,0,0,84.8,0,0,0,0,0,0,0,,0,64,37,298,8.05,3,0,,3,,,-52.6,133,SmitL.00
P0476,2008,193,Kevin Curtis,WR,77,PHI,30,9,8,0,0,84.0,0,0,0,0,0,0,0,,0,63,33,390,11.82,2,0,,2,,,-103.6,200,CurtKe00
P0164,2008,194,Desmond Clark,TE,27,CHI,31,16,16,0,0,83.7,0,0,0,0,0,0,0,,0,73,41,367,8.95,1,1,,1,,,-53.7,134,ClarDe00
P0627,2008,195,Tarvaris Jackson,QB,33,MIN,25,9,5,0,0,82.7,88,149,1056,9,2,26,145,5.58,0,0,0,0,,0,5,3,0,,,-134.9,242,JackTa00
P0279,2008,196,Koren Robinson,WR,78,SEA,28,12,12,0,0,82.6,0,0,0,0,0,1,-4,-4,0,58,31,400,12.9,2,0,,2,,,-105.0,201,RobiKo00
P0662,2008,197,Jason Avant,WR,79,PHI,25,15,6,0,0,81.7,0,0,0,0,0,0,0,,0,57,32,377,11.78,2,0,,2,,,-105.9,202,AvanJa00
P0706,2008,198,Jordy Nelson,WR,80,GNB,23,16,2,0,0,81.6,0,0,0,0,0,0,0,,0,54,33,366,11.09,2,0,,2,,,-106.0,203,NelsJo00
P0707,2008,199,J.T. O'Sullivan,QB,34,SFO,29,9,8,0,0,79.6,128,220,1678,8,11,30,145,4.83,0,0,0,0,,0,11,6,0,,,-138.0,246,OSulJ.00
P0663,2008,200,Brandon Jackson,RB,58,GNB,23,13,0,0,0,79.3,0,0,0,0,0,45,248,5.51,1,39,30,185,6.17,0,1,,1,,,-107.1,205,JackBr00
P0708,2008,201,Harry Douglas,WR,81,ATL,24,16,0,0,0,77.9,0,0,0,0,0,12,69,5.75,1,39,23,320,13.91,1,1,1,3,,,-109.7,207,DougHa00
P0603,2008,202,Vernon Davis,TE,28,SFO,24,16,16,0,0,77.9,0,0,0,0,0,1,11,11,0,49,31,358,11.55,2,2,1,2,,,-59.5,142,DaviVe00
P0040,2008,203,Michael Pittman,RB,59,DEN,33,8,3,0,0,77.2,0,0,0,0,0,76,320,4.21,4,13,10,112,11.2,0,0,,4,,,-109.2,206,PittMi00
P0451,2008,204,Brandon Lloyd,WR,82,CHI,27,11,5,0,0,76.4,0,0,0,0,0,0,0,,0,50,26,364,14,2,0,,2,1,,-111.2,208,LloyBr00
P0709,2008,205,Jason Hill,WR,83,SFO,23,16,2,0,0,74.2,0,0,0,0,0,2,5,2.5,0,40,30,317,10.57,2,1,,2,,,-113.4,210,HillJa00
P0710,2008,206,Patrick Cobbs,RB,60,MIA,25,16,2,0,0,73.3,0,0,0,0,0,12,88,7.33,1,27,19,275,14.47,2,0,,3,,,-113.1,209,CobbPa00
P0711,2008,207,Martellus Bennett,TE,29,DAL,21,16,7,0,0,72.3,0,0,0,0,0,0,0,,0,27,20,283,14.15,4,0,,4,,,-65.1,147,BennMa00
P0472,2008,208,Shaun McDonald,WR,84,DET,27,12,7,0,0,72.2,0,0,0,0,0,0,0,,0,67,35,332,9.49,1,2,1,1,,,-115.4,211,McDoSh00
P0602,2008,209,Robert Royal,TE,30,BUF,29,15,7,0,0,70.1,0,0,0,0,0,0,0,,0,57,33,351,10.64,1,2,2,1,,,-67.3,151,RoyaRo00
P0712,2008,210,Josh Morgan,WR,85,SFO,23,12,1,0,0,69.9,0,0,0,0,0,0,0,,0,43,20,319,15.95,3,0,,3,,,-117.7,213,MorgJo00
P0386,2008,211,Justin McCareins,WR,86,TEN,30,14,10,0,0,68.0,0,0,0,0,0,2,8,4,0,72,30,412,13.73,0,2,2,0,,,-119.6,214,McCaJu00
P0713,2008,212,Robert Meachem,WR,87,NOR,24,14,3,0,0,66.9,0,0,0,0,0,1,20,20,1,20,12,289,24.08,3,0,,4,,,-120.7,216,MeacRo00
P0383,2008,213,Ladell Betts,RB,61,WAS,29,13,0,0,0,66.6,0,0,0,0,0,61,206,3.38,1,35,22,200,9.09,0,1,1,1,,,-119.8,215,BettLa00
P0524,2008,214,Alex Smith,TE,31,TAM,26,14,12,0,0,66.0,0,0,0,0,0,0,0,,0,38,21,250,11.9,3,0,,3,1,,-71.4,156,SmitAl02
P0639,2008,215,Leonard Weaver,FB,2,SEA,26,14,7,0,0,65.2,0,0,0,0,0,30,130,4.33,0,32,20,222,11.1,2,1,1,2,,,-121.2,217,WeavLe00
P0368,2008,216,T.J. Duckett,RB,62,SEA,27,16,0,0,0,65.2,0,0,0,0,0,62,172,2.77,8,1,0,0,,0,0,,8,,,-121.2,218,DuckT.00
P0714,2008,217,Brent Celek,TE,32,PHI,23,16,7,0,0,64.8,0,0,0,0,0,0,0,,0,38,27,318,11.78,1,0,,1,,,-72.6,158,CeleBr00
P0715,2008,218,BenJarvus Green-Ellis,RB,63,NWE,23,9,3,0,0,64.2,0,0,0,0,0,74,275,3.72,5,6,3,37,12.33,0,0,,5,,,-122.2,219,GreeBe00
P0418,2008,219,DeShaun Foster,RB,64,SFO,28,16,2,0,0,62.7,0,0,0,0,0,76,234,3.08,1,20,16,133,8.31,1,2,1,2,,,-123.7,220,FostDe00
P0009,2008,220,Ahman Green,RB,65,HOU,31,8,1,0,0,61.6,0,0,0,0,0,74,294,3.97,3,14,11,32,2.91,0,0,,3,,,-124.8,221,GreeAh00
P0632,2008,221,Sage Rosenfels,QB,35,HOU,30,6,5,0,0,60.9,116,174,1431,6,10,11,37,3.36,0,0,0,0,,0,4,2,0,,,-156.7,249,RoseSa00
P0716,2008,222,Antonio Pittman,FB,3,STL,23,12,5,0,0,60.8,0,0,0,0,0,79,296,3.75,0,27,18,132,7.33,0,1,,0,,,-125.6,222,PittAn00
P0412,2008,223,Dane Looker,WR,88,STL,32,13,6,0,0,60.8,2,3,17,0,0,0,0,,0,47,23,271,11.78,2,2,1,2,,,-126.8,226,LookDa00
P0318,2008,224,LaMont Jordan,RB,66,NWE,30,8,0,0,0,60.3,0,0,0,0,0,80,363,4.54,4,0,0,0,,0,1,,4,,,-126.1,223,JordLa00
P0717,2008,225,Jerome Harrison,RB,67,CLE,25,15,0,0,0,60.2,0,0,0,0,0,34,246,7.24,1,18,12,116,9.67,1,0,,2,,,-126.2,224,HarrJe00
P0506,2008,226,Chris Perry,RB,68,CIN,27,13,6,0,0,60.0,0,0,0,0,0,104,269,2.59,2,34,20,71,3.55,0,5,3,2,,,-126.4,225,PerrCh00
P0718,2008,227,Miles Austin,WR,89,DAL,24,12,0,0,0,58.8,0,0,0,0,0,0,0,,0,23,13,278,21.38,3,1,,3,,,-128.8,229,AustMi00
P0503,2008,228,Cadillac Williams,RB,69,TAM,26,6,1,0,0,58.6,0,0,0,0,0,63,233,3.7,4,7,7,43,6.14,0,1,,4,,,-127.8,228,WillCa02
P0597,2008,229,Roscoe Parrish,WR,90,BUF,26,13,1,0,0,58.1,0,0,0,0,0,2,9,4.5,0,45,24,232,9.67,1,2,1,2,,,-129.5,230,ParrRo00
P0719,2008,230,Ahmad Bradshaw,RB,70,NYG,22,15,0,0,0,56.7,0,0,0,0,0,67,355,5.3,1,6,5,42,8.4,1,3,,2,,,-129.7,231,BradAh00
P0407,2008,231,Rudi Johnson,RB,71,DET,29,14,4,0,0,56.5,0,0,0,0,0,76,237,3.12,1,14,12,88,7.33,1,1,,2,,,-129.9,232,JohnRu00
P0295,2008,232,Alge Crumpler,TE,33,TEN,31,15,15,0,0,55.7,0,0,0,0,0,0,0,,0,41,24,257,10.71,1,1,,1,,,-81.7,167,CrumAl00
P0525,2008,233,Arnaz Battle,WR,91,SFO,28,9,0,0,0,55.6,0,0,0,0,0,1,18,18,0,42,24,318,13.25,0,1,1,0,,,-132.0,234,BattAr00
P0278,2008,234,Matt Hasselbeck,QB,36,SEA,33,7,7,0,0,55.5,109,209,1216,5,10,11,69,6.27,0,0,0,0,,0,1,,0,,,-162.1,250,HassMa00
P0720,2008,235,David Anderson,WR,92,HOU,25,16,1,0,0,55.1,0,0,0,0,0,0,0,,0,29,19,241,12.68,2,0,,2,,,-132.5,235,AndeDa01
P0721,2008,236,Felix Jones,RB,72,DAL,21,6,0,0,0,53.6,0,0,0,0,0,30,266,8.87,3,2,2,10,5,0,0,,4,,,-132.8,236,JoneFe00
P0629,2008,237,James Jones,WR,93,GNB,24,10,2,0,0,53.4,0,0,0,0,0,0,0,,0,30,20,274,13.7,1,0,,1,,,-134.2,238,JoneJa04
P0635,2008,238,Sidney Rice,WR,94,MIN,22,13,3,0,0,53.1,0,1,0,0,0,0,0,,0,31,15,141,9.4,4,0,,4,,,-134.5,240,RiceSi01
P0513,2008,239,Chris Henry,WR,95,CIN,25,12,1,0,0,53.0,0,0,0,0,0,0,0,,0,46,19,220,11.58,2,0,,2,,,-134.6,241,HenrCh00
P0520,2008,240,Ben Watson,TE,34,NWE,28,14,9,0,0,52.9,0,0,0,0,0,0,0,,0,47,22,209,9.5,2,1,1,2,,,-84.5,173,WatsBe00
P0486,2008,241,Tatum Bell,RB,73,DEN,27,7,3,0,0,52.6,0,0,0,0,0,44,249,5.66,2,14,10,57,5.7,0,0,,2,,,-133.8,237,BellTa00
P0649,2008,242,Jason Wright,RB,74,CLE,26,15,0,0,0,52.1,0,0,0,0,0,23,85,3.7,0,37,22,156,7.09,1,1,,1,,,-134.3,239,WrigJa01
P0169,2008,243,Reggie Kelly,TE,35,CIN,31,16,15,0,0,51.7,0,0,0,0,0,0,0,,0,42,31,207,6.68,0,0,,0,,,-85.7,175,KellRe00
P0665,2008,244,Michael Gaines,TE,36,DET,28,16,6,0,0,51.0,0,0,0,0,0,0,0,,0,36,23,260,11.3,1,3,2,1,,,-86.4,177,GainMi00
P0505,2008,245,Reggie Brown,WR,96,PHI,27,10,3,0,0,49.8,0,0,0,0,0,1,6,6,0,35,18,252,14,1,0,,1,,,-137.8,244,BrowRe01
P0512,2008,246,Greg Lewis,WR,97,PHI,28,16,0,0,0,49.7,0,0,0,0,0,0,0,,0,35,19,247,13,1,0,,1,,,-137.9,245,LewiGr01
P0722,2008,247,Chaz Schilens,WR,98,OAK,23,16,6,0,0,49.4,0,0,0,0,0,1,-2,-2,0,32,15,226,15.07,2,0,,2,,,-138.2,247,SchiCh00
P0723,2008,248,Kenneth Darby,RB,75,STL,26,10,0,0,0,49.3,0,0,0,0,0,32,140,4.38,0,21,19,183,9.63,0,1,1,0,,,-137.1,243,DarbKe00
P0465,2008,249,Ronald Curry,WR,99,OAK,29,13,10,0,0,49.2,0,0,0,0,0,1,1,1,0,48,19,181,9.53,2,0,,2,,,-138.4,248,CurrRo01
P0478,2008,250,Steve Heiden,TE,37,CLE,32,14,11,0,0,47.9,0,0,0,0,0,0,0,,0,42,23,249,10.83,0,0,,0,,,-89.5,182,HeidSt00
P0673,2009,1,Chris Johnson,RB,1,TEN,24,16,16,1,1,392.9,0,1,0,0,0,358,2006,5.6,14,71,50,503,10.06,2,3,3,16,1,,213.6,1,JohnCh04
P0671,2009,2,Aaron Rodgers,QB,1,GNB,26,16,16,1,0,343.0,350,541,4434,30,7,58,316,5.45,5,0,0,0,,0,10,4,5,,3,105.8,8,RodgAa00
P0698,2009,3,Ray Rice,RB,2,BAL,22,16,15,1,0,326.1,0,1,0,0,0,254,1339,5.27,7,101,78,702,9,1,3,2,8,,,146.8,2,RiceRa00
P0560,2009,4,Maurice Jones-Drew,RB,3,JAX,24,16,16,1,0,323.5,0,0,0,0,0,312,1391,4.46,15,71,53,374,7.06,1,2,1,16,,,144.2,3,DrewMa00
P0618,2009,5,Adrian Peterson,RB,4,MIN,24,16,15,1,1,320.9,0,0,0,0,0,314,1383,4.4,18,57,43,436,10.14,0,7,6,18,,,141.6,4,PeteAd01
P0406,2009,6,Andre Johnson,WR,1,HOU,28,16,16,1,1,314.9,0,0,0,0,0,2,10,5,0,171,101,1569,15.53,9,1,,9,1,,135.6,5,JohnAn02
P0340,2009,7,Drew Brees,QB,2,NOR,30,15,15,1,0,295.4,363,514,4388,34,11,22,33,1.5,2,1,1,-4,-4,0,10,6,2,,1,58.2,27,BreeDr00
P0010,2009,8,Randy Moss,WR,2,NWE,32,16,16,0,0,287.4,0,0,0,0,0,0,0,,0,137,83,1264,15.23,13,2,1,13,1,,108.1,6,MossRa00
P0537,2009,9,Wes Welker,WR,3,NWE,28,14,13,1,1,285.4,0,0,0,0,0,5,36,7.2,0,162,123,1348,10.96,4,2,,4,,,106.1,7,WelkWe00
P0308,2009,10,Reggie Wayne,WR,4,IND,31,16,16,1,0,284.4,0,1,0,0,1,0,0,,0,149,100,1264,12.64,10,0,,10,,,105.1,9,WaynRe00
P0458,2009,11,Larry Fitzgerald,WR,5,ARI,26,16,16,1,0,284.2,0,0,0,0,0,0,0,,0,153,97,1092,11.26,13,0,,13,,,104.9,10,FitzLa00
P0053,2009,12,Brett Favre,QB,3,MIN,40,16,16,1,0,281.6,363,531,4202,33,7,9,7,0.78,0,1,1,-2,-2,0,2,3,0,,,44.4,34,FavrBr00
P0633,2009,13,Matt Schaub,QB,4,HOU,28,16,16,1,0,280.5,396,583,4770,29,15,48,57,1.19,0,0,0,0,,0,3,2,0,,1,43.3,35,SchaMa00
P0718,2009,14,Miles Austin,WR,6,DAL,25,16,9,1,0,278.8,0,0,0,0,0,2,-2,-1,0,124,81,1320,16.3,11,1,,11,,,99.5,12,AustMi00
P0015,2009,15,Peyton Manning,QB,5,IND,33,16,16,1,1,278.7,393,571,4500,33,16,19,-13,-0.68,0,0,0,0,,0,2,,0,,,41.5,36,MannPe00
P0516,2009,16,Frank Gore,RB,5,SFO,26,14,14,1,0,278.6,0,0,0,0,0,229,1120,4.89,10,75,52,406,7.81,3,4,2,13,,,99.3,13,GoreFr00
P0600,2009,17,Brandon Marshall,WR,7,DEN,25,15,13,1,0,276.9,0,0,0,0,0,7,39,5.57,0,154,101,1120,11.09,10,0,,10,,,97.6,14,MarsBr00
P0569,2009,18,Tony Romo,QB,6,DAL,29,16,16,1,0,273.8,347,550,4483,26,9,35,105,3,1,0,0,0,,0,6,4,1,,,36.6,40,RomoTo00
P0430,2009,19,Dallas Clark,TE,1,IND,30,16,16,1,1,271.7,0,0,0,0,0,2,11,5.5,0,133,100,1106,11.06,10,1,,10,,,102.5,11,ClarDa00
P0693,2009,20,Steve Smith,WR,8,NYG,24,16,15,1,0,271.0,0,0,0,0,0,0,0,,0,157,107,1220,11.4,7,0,,7,,,91.7,15,SmitSt02
P0260,2009,21,Tom Brady,QB,7,NWE,32,16,16,1,0,270.3,371,565,4398,28,13,29,44,1.52,1,0,0,0,,0,4,2,1,,1,33.1,44,BradTo00
P0566,2009,22,Philip Rivers,QB,8,SDG,28,16,16,1,0,269.2,317,486,4254,28,9,26,50,1.92,1,0,0,0,,0,6,3,1,,,32.0,46,RivePh00
P0462,2009,23,Ben Roethlisberger,QB,9,PIT,27,15,15,0,0,267.3,337,506,4328,26,12,40,82,2.05,2,0,0,0,,0,7,3,2,,,30.1,47,RoetBe00
P0522,2009,24,Roddy White,WR,9,ATL,28,16,16,1,0,266.5,0,0,0,0,0,1,2,2,0,165,85,1153,13.56,11,1,,11,,,87.2,16,WhitRo00
P0682,2009,25,DeSean Jackson,WR,10,PHI,23,15,15,1,0,261.3,0,0,0,0,0,11,137,12.45,1,117,62,1156,18.65,9,3,1,12,,,82.0,18,JackDe00
P0635,2009,26,Sidney Rice,WR,11,MIN,23,16,14,1,0,260.2,0,1,0,0,0,0,0,,0,121,83,1312,15.81,8,1,1,8,,,80.9,19,RiceSi01
P0603,2009,27,Vernon Davis,TE,2,SFO,25,16,16,1,0,252.5,0,0,0,0,0,0,0,,0,128,78,965,12.37,13,0,,13,,,83.3,17,DaviVe00
P0563,2009,28,Joseph Addai,RB,6,IND,26,15,15,0,0,248.3,1,1,22,1,0,219,828,3.78,10,63,51,336,6.59,3,1,1,13,,,69.0,21,AddaJo00
P0039,2009,29,Ricky Williams,RB,7,MIA,32,16,7,0,0,247.5,0,1,0,0,1,241,1121,4.65,11,53,35,264,7.54,2,5,2,13,1,,68.2,22,WillRi00
P0103,2009,30,Hines Ward,WR,12,PIT,33,16,16,0,0,245.7,0,0,0,0,0,0,0,,0,137,95,1167,12.28,6,2,1,6,,,66.4,23,WardHi00
P0468,2009,31,Steven Jackson,RB,8,STL,26,15,15,1,0,244.8,0,0,0,0,0,324,1416,4.37,4,75,51,322,6.31,0,2,2,4,,,65.5,24,JackSt00
P0427,2009,32,Antonio Gates,TE,3,SDG,29,16,16,1,0,242.7,0,0,0,0,0,0,0,,0,114,79,1157,14.65,8,1,,8,,,73.5,20,GateAn00
P0147,2009,33,Thomas Jones,RB,9,NYJ,31,16,16,0,0,240.0,0,0,0,0,0,331,1402,4.24,14,18,10,58,5.8,0,2,,14,,,60.7,25,JoneTh00
P0582,2009,34,Vincent Jackson,WR,13,SDG,26,15,15,1,0,239.8,0,0,0,0,0,3,11,3.67,0,108,68,1167,17.16,9,0,,9,,,60.5,26,JackVi00
P0018,2009,35,Donovan McNabb,QB,10,PHI,33,14,14,1,0,237.2,267,443,3553,22,10,37,140,3.78,2,1,1,1,1,0,10,2,2,,2,0.0,67,McNaDo00
P0622,2009,36,Ryan Grant,RB,10,GNB,27,16,16,0,0,234.0,0,0,0,0,0,282,1253,4.44,11,30,25,197,7.88,0,1,1,11,,,54.7,28,GranRy00
P0574,2009,37,Santonio Holmes,WR,14,PIT,25,16,16,0,0,232.4,0,1,0,0,1,3,6,2,0,138,79,1248,15.8,5,0,,5,,,53.1,29,HolmSa00
P0703,2009,38,Jamaal Charles,RB,11,KAN,23,15,10,0,0,231.7,0,0,0,0,0,190,1120,5.89,7,55,40,297,7.43,1,4,3,9,1,,52.4,30,CharJa00
P0499,2009,39,Eli Manning,QB,11,NYG,28,16,16,0,0,231.3,317,509,4021,27,14,17,65,3.82,0,0,0,0,,0,13,8,0,,,-5.9,76,MannEl00
P0564,2009,40,Marques Colston,WR,15,NOR,26,16,14,0,0,230.0,0,0,0,0,0,1,6,6,0,107,70,1074,15.34,9,2,1,9,,,50.7,32,ColsMa00
P0303,2009,41,Chad Johnson,WR,16,CIN,31,16,15,1,0,229.9,0,0,0,0,0,3,32,10.67,0,128,72,1047,14.54,9,2,2,9,,,50.6,33,JohnCh01
P0601,2009,42,Jay Cutler,QB,12,CHI,26,16,16,0,0,227.9,336,555,3666,27,26,40,173,4.33,1,0,0,0,,0,9,1,1,,2,-9.3,77,CutlJa00
P0714,2009,43,Brent Celek,TE,4,PHI,24,16,15,0,0,221.1,0,0,0,0,0,0,0,,0,112,76,971,12.78,8,0,,8,,,51.9,31,CeleBr00
P0521,2009,44,David Garrard,QB,13,JAX,31,16,16,1,0,220.2,314,516,3597,15,10,77,323,4.19,3,0,0,0,,0,14,8,3,1,,-17.0,84,GarrDa00
P0062,2009,45,Derrick Mason,WR,17,BAL,35,16,16,0,0,218.0,0,0,0,0,0,1,2,2,0,134,73,1028,14.08,7,0,,7,,,38.7,38,MasoDe00
P0670,2009,46,Matt Forte,RB,12,CHI,24,16,16,0,0,217.0,0,0,0,0,0,258,929,3.6,4,72,57,471,8.26,0,6,3,4,1,,37.7,39,FortMa00
P0588,2009,47,Jason Campbell,QB,14,WAS,28,16,16,0,0,216.3,327,507,3618,20,15,46,236,5.13,1,0,0,0,,0,13,4,1,,,-20.9,93,CampJa00
P0530,2009,48,Kyle Orton,QB,15,DEN,27,16,15,0,0,215.2,336,541,3802,21,12,24,71,2.96,0,0,0,0,,0,4,2,0,,,-22.0,95,OrtoKy00
P0061,2009,49,Kurt Warner,QB,16,ARI,38,15,15,0,0,215.1,339,513,3753,26,14,21,10,0.48,0,0,0,0,,0,11,6,0,,,-22.1,96,WarnKu00
P0653,2009,50,Fred Jackson,RB,13,BUF,28,16,11,0,0,214.4,1,1,27,1,0,237,1062,4.48,2,61,46,371,8.07,2,4,2,4,,,35.1,42,JackFr02
P0403,2009,51,Anquan Boldin,WR,18,ARI,29,15,15,0,0,213.6,0,0,0,0,0,3,12,4,1,127,84,1024,12.19,4,3,2,5,,,34.3,43,BoldAn00
P0198,2009,52,Donald Driver,WR,19,GNB,34,16,16,0,0,211.4,0,0,0,0,0,1,13,13,0,113,70,1061,15.16,6,2,1,6,,,32.1,45,DrivDo00
P0464,2009,53,Carson Palmer,QB,17,CIN,30,16,16,0,0,211.1,282,466,3094,21,13,39,93,2.38,3,0,0,0,,0,6,1,3,1,1,-26.1,100,PalmCa00
P0342,2009,54,Steve Smith Sr.,WR,20,CAR,30,15,15,0,0,209.4,0,0,0,0,0,5,22,4.4,0,129,65,982,15.11,7,1,,7,1,,30.1,48,SmitSt01
P0425,2009,55,Jason Witten,TE,5,DAL,27,16,16,1,0,209.0,0,0,0,0,0,0,0,,0,124,94,1030,10.96,2,0,,2,,,39.8,37,WittJa00
P0578,2009,56,Greg Jennings,WR,21,GNB,26,16,13,0,0,207.3,0,0,0,0,0,0,0,,0,119,68,1113,16.37,4,0,,4,2,,28.0,49,JennGr00
P0684,2009,57,Jonathan Stewart,RB,14,CAR,22,16,3,0,0,207.2,0,0,0,0,0,221,1133,5.13,10,26,18,139,7.72,1,3,2,11,,,27.9,50,StewJo00
P0681,2009,58,Joe Flacco,QB,18,BAL,24,16,16,0,0,206.1,315,499,3613,21,12,35,56,1.6,0,0,0,0,,0,8,2,0,,,-31.1,105,FlacJo00
P0027,2009,59,Tony Gonzalez,TE,6,ATL,33,16,16,0,0,205.7,0,0,0,0,0,0,0,,0,134,83,867,10.45,6,0,,6,,,36.5,41,GonzTo00
P0683,2009,60,Tim Hightower,RB,15,ARI,23,16,16,0,0,205.6,0,0,0,0,0,143,598,4.18,8,80,63,428,6.79,0,5,4,8,,,26.3,52,HighTi00
P0577,2009,61,DeAngelo Williams,RB,16,CAR,26,13,13,1,0,203.9,0,0,0,0,0,216,1117,5.17,7,41,29,252,8.69,0,3,3,7,1,,24.6,53,WillDe02
P0724,2009,62,Rashard Mendenhall,RB,17,PIT,22,16,12,0,0,203.9,0,0,0,0,0,242,1108,4.58,7,32,25,261,10.44,1,3,3,8,,,24.6,54,MendRa00
P0725,2009,63,Percy Harvin,WR,22,MIN,21,15,8,1,0,200.5,0,0,0,0,0,15,135,9,0,91,60,790,13.17,6,1,,8,,,21.2,56,HarvPe00
P0625,2009,64,Calvin Johnson,WR,23,DET,24,14,14,0,0,198.7,0,0,0,0,0,7,73,10.43,0,137,67,984,14.69,5,3,2,5,,,19.4,57,JohnCa00
P0568,2009,65,Kellen Winslow,TE,7,TAM,26,16,14,0,0,196.1,0,0,0,0,0,1,7,7,0,127,77,884,11.48,5,0,,5,,,26.9,51,WinsKe01
P0648,2009,66,Pierre Thomas,RB,18,NOR,25,14,6,0,0,194.5,0,0,0,0,0,147,793,5.39,6,45,39,302,7.74,2,2,1,8,,,15.2,58,ThomPi00
P0507,2009,67,Heath Miller,TE,8,PIT,27,16,16,1,0,190.9,0,0,0,0,0,0,0,,0,98,76,789,10.38,6,2,,6,,,21.7,55,MillHe00
P0726,2009,68,Knowshon Moreno,RB,19,DEN,22,16,9,0,0,190.0,0,0,0,0,0,247,947,3.83,7,41,28,213,7.61,2,4,4,9,,,10.7,59,MoreKn00
P0727,2009,69,Mike Sims-Walker,WR,24,JAX,25,15,14,0,0,189.9,0,0,0,0,0,0,0,,0,111,63,869,13.79,7,2,1,7,,,10.6,60,WalkMi01
P0581,2009,70,Cedric Benson,RB,20,CIN,27,13,13,0,0,189.2,0,0,0,0,0,301,1251,4.16,6,24,17,111,6.53,0,1,,6,,,9.9,61,BensCe00
P0365,2009,71,T.J. Houshmandzadeh,WR,25,SEA,32,16,16,0,0,186.1,0,0,0,0,0,0,0,,0,135,79,911,11.53,3,2,1,3,,,6.8,63,HousTJ00
P0679,2009,72,Matt Ryan,QB,19,ATL,24,14,14,0,0,183.5,263,451,2916,22,14,30,49,1.63,1,0,0,0,,0,5,2,1,,,-53.7,133,RyanMa00
P0713,2009,73,Robert Meachem,WR,26,NOR,25,16,7,0,0,183.4,0,0,0,0,0,6,82,13.67,0,64,45,722,16.04,9,2,1,10,,,4.1,64,MeacRo00
P0677,2009,74,Kevin Smith,RB,21,DET,23,13,13,0,0,183.2,0,0,0,0,0,217,747,3.44,4,57,41,415,10.12,1,3,2,5,,,3.9,65,SmitKe02
P0717,2009,75,Jerome Harrison,RB,22,CLE,26,14,7,0,0,180.2,0,0,0,0,0,194,862,4.44,5,50,34,220,6.47,2,2,2,7,,,0.9,66,HarrJe00
P0510,2009,76,Marion Barber III,RB,23,DAL,26,15,15,0,0,179.3,0,0,0,0,0,214,932,4.36,7,36,26,221,8.5,0,2,2,7,,,0.0,69,BarbMa01
P0008,2009,77,Terrell Owens,WR,27,BUF,36,16,16,0,0,179.3,0,0,0,0,0,6,54,9,1,109,55,829,15.07,5,1,,6,,,0.0,70,OwenTe00
P0659,2009,78,Visanthe Shiancoe,TE,9,MIN,29,16,13,0,0,178.6,0,0,0,0,0,0,0,,0,79,56,566,10.11,11,0,,11,,,9.4,62,ShiaVi00
P0669,2009,79,Darren Sproles,RB,24,SDG,26,16,2,0,0,177.0,0,0,0,0,0,93,343,3.69,3,57,45,497,11.04,4,3,,8,,,-2.3,71,SproDa00
P0356,2009,80,Santana Moss,WR,28,WAS,30,16,16,0,0,177.0,0,0,0,0,0,2,8,4,0,120,70,902,12.89,3,2,1,3,,,-2.3,72,MossSa00
P0251,2009,81,LaDainian Tomlinson,RB,25,SDG,30,14,14,0,0,176.4,0,1,0,0,0,223,730,3.27,12,30,20,154,7.7,0,2,2,12,,,-2.9,73,TomlLa00
P0503,2009,82,Cadillac Williams,RB,26,TAM,27,16,15,0,0,174.0,0,0,0,0,0,211,823,3.9,4,39,28,217,7.75,3,1,,7,,,-5.3,75,WillCa02
P0728,2009,83,Austin Collie,WR,29,IND,24,16,5,0,0,169.7,0,0,0,0,0,2,1,0.5,0,89,60,676,11.27,7,0,,7,,,-9.6,78,CollAu00
P0638,2009,84,Greg Olsen,TE,10,CHI,24,16,15,0,0,169.2,0,0,0,0,0,0,0,,0,108,60,612,10.2,8,0,,8,,,0.0,68,OlseGr00
P0729,2009,85,Mario Manningham,WR,30,NYG,23,14,10,0,0,167.2,0,0,0,0,0,0,0,,0,99,57,822,14.42,5,1,1,5,,,-12.1,79,MannMa01
P0730,2009,86,Justin Forsett,RB,27,SEA,24,16,2,0,0,165.9,0,0,0,0,0,114,619,5.43,4,57,41,350,8.54,1,4,1,5,,,-13.4,80,ForsJu00
P0634,2009,87,Zach Miller,TE,11,OAK,24,15,15,0,0,164.5,0,0,0,0,0,0,0,,0,99,66,805,12.2,3,0,,3,,,-4.7,74,MillZa01
P0565,2009,88,Jerricho Cotchery,WR,31,NYJ,27,14,12,0,0,163.8,0,0,0,0,0,2,7,3.5,1,96,57,821,14.4,3,1,,4,,,-15.5,81,CotcJe00
P0561,2009,89,Reggie Bush,RB,28,NOR,24,14,8,0,0,163.5,0,0,0,0,0,70,390,5.57,5,68,47,335,7.13,3,4,2,8,,,-15.8,82,BushRe00
P0731,2009,90,Hakeem Nicks,WR,32,NYG,21,14,6,0,0,162.8,0,0,0,0,0,2,8,4,0,74,47,790,16.81,6,2,,6,,,-16.5,83,NickHa01
P0674,2009,91,Matt Cassel,QB,20,KAN,27,15,15,0,0,161.9,271,493,2924,16,16,50,189,3.78,0,1,0,0,,0,14,4,0,,1,-75.3,156,CassMa00
P0672,2009,92,Steve Slaton,RB,29,HOU,23,11,10,0,0,161.4,0,0,0,0,0,131,437,3.34,3,55,44,417,9.48,4,7,5,7,,,-17.9,85,SlatSt00
P0278,2009,93,Matt Hasselbeck,QB,21,SEA,34,14,14,0,0,161.1,293,488,3029,17,17,26,119,4.58,0,0,0,0,,0,11,3,0,,,-76.1,157,HassMa00
P0453,2009,94,Willis McGahee,RB,30,BAL,28,16,1,0,0,159.9,0,0,0,0,0,109,544,4.99,12,22,15,85,5.67,2,1,1,14,,,-19.4,88,McGaWi00
P0696,2009,95,Davone Bess,WR,33,MIA,24,16,2,0,0,158.9,0,0,0,0,0,2,11,5.5,0,113,76,758,9.97,2,6,3,2,,,-20.4,89,BessDa00
P0421,2009,96,Nate Burleson,WR,34,SEA,28,13,12,0,0,158.6,0,0,0,0,0,2,4,2,0,103,63,812,12.89,3,3,2,3,,,-20.7,90,BurlNa00
P0732,2009,97,LeSean McCoy,RB,31,PHI,21,16,4,0,0,158.5,0,0,0,0,0,155,637,4.11,4,55,40,308,7.7,0,2,1,4,1,,-20.8,92,McCoLe01
P0719,2009,98,Ahmad Bradshaw,RB,32,NYG,23,15,1,0,0,157.5,0,0,0,0,0,163,778,4.77,7,30,21,207,9.86,0,3,2,7,,,-21.8,94,BradAh00
P0733,2009,99,Jeremy Maclin,WR,35,PHI,21,15,13,0,0,156.6,0,0,0,0,0,2,-7,-3.5,0,91,56,773,13.8,4,0,,4,,,-22.7,97,MaclJe00
P0555,2009,100,Brandon Jacobs,RB,33,NYG,27,15,15,0,0,153.9,0,0,0,0,0,224,835,3.73,5,31,18,184,10.22,1,2,1,6,,,-25.4,98,JacoBr00
P0734,2009,101,Mike Wallace,WR,36,PIT,23,16,4,0,0,153.4,0,0,0,0,0,5,48,9.6,0,72,39,756,19.38,6,1,1,6,,,-25.9,99,WallMi00
P0553,2009,102,Michael Turner,RB,34,ATL,27,11,11,0,0,151.6,0,0,0,0,0,178,871,4.89,10,7,5,35,7,0,4,2,10,,,-27.7,101,TurnMi00
P0735,2009,103,Jermichael Finley,TE,12,GNB,22,13,10,0,0,150.6,0,0,0,0,0,0,0,,0,72,55,676,12.29,5,1,1,5,,,-18.6,86,FinlJe00
P0686,2009,104,John Carlson,TE,13,SEA,25,16,16,0,0,150.4,0,0,0,0,0,0,0,,0,83,51,574,11.25,7,0,,7,,,-18.8,87,CarlJo00
P0687,2009,105,Devin Hester,WR,37,CHI,27,13,12,0,0,148.6,0,0,0,0,0,6,-1,-0.17,0,91,57,757,13.28,3,3,1,3,,,-30.7,102,HestDe99
P0467,2009,106,Julius Jones,RB,35,SEA,28,14,14,0,0,148.5,0,0,0,0,0,177,663,3.75,2,43,35,232,6.63,2,0,,4,,,-30.8,103,JoneJu01
P0736,2009,107,Pierre Garcon,WR,38,IND,23,14,13,0,0,148.5,0,0,0,0,0,2,10,5,0,92,47,765,16.28,4,1,,4,,,-30.8,104,GarcPi00
P0339,2009,108,Todd Heap,TE,14,BAL,29,16,16,0,0,148.5,0,0,0,0,0,1,2,2,0,75,53,593,11.19,6,1,,6,,,-20.7,91,HeapTo00
P0257,2009,109,Chris Chambers,WR,39,2TM,31,16,14,0,0,148.0,0,0,0,0,0,0,0,,0,92,45,730,16.22,5,0,,5,,,-31.3,106,ChamCh00
P0572,2009,110,Laurence Maroney,RB,36,NWE,24,15,5,0,0,147.6,0,0,0,0,0,194,757,3.9,9,18,14,99,7.07,0,4,3,9,,,-31.7,107,MaroLa00
P0457,2009,111,Lee Evans,WR,40,BUF,28,16,16,0,0,147.2,0,0,0,0,0,0,0,,0,96,44,612,13.91,7,0,,7,,,-32.1,108,EvanLe00
P0678,2009,112,Steve Breaston,WR,41,ARI,26,15,6,0,0,146.6,0,0,0,0,0,2,44,22,0,82,55,712,12.95,3,2,1,3,,,-32.7,109,BreaSt00
P0737,2009,113,Earl Bennett,WR,42,CHI,22,16,15,0,0,145.7,0,0,0,0,0,0,0,,0,88,54,717,13.28,2,2,,3,1,,-33.6,110,BennEa00
P0571,2009,114,Alex Smith,QB,22,SFO,25,11,10,0,0,145.5,225,372,2350,18,12,24,51,2.13,0,1,1,-6,-6,0,3,1,0,,,-91.7,173,SmitAl03
P0738,2009,115,Jason Snelling,RB,37,ATL,26,14,2,0,0,145.2,0,0,0,0,0,142,613,4.32,4,39,30,259,8.63,1,2,1,5,,,-34.1,111,SnelJa00
P0534,2009,116,Devery Henderson,WR,43,NOR,27,16,11,0,0,144.7,0,0,0,0,0,4,13,3.25,0,83,51,804,15.76,2,0,,2,,,-34.6,113,HendDe00
P0739,2009,117,Chad Henne,QB,23,MIA,24,14,13,0,0,144.3,274,451,2878,12,14,16,32,2,1,0,0,0,,0,4,,1,,,-92.9,177,HennCh01
P0740,2009,118,Beanie Wells,RB,38,ARI,21,16,0,0,0,143.6,0,0,0,0,0,176,793,4.51,7,16,12,143,11.92,0,4,2,7,,,-35.7,114,WellCh00
P0542,2009,119,Patrick Crayton,WR,44,DAL,30,16,6,0,0,142.0,0,0,0,0,0,4,28,7,0,67,37,622,16.81,5,4,1,7,,,-37.3,115,CrayPa00
P0580,2009,120,Nate Washington,WR,45,TEN,26,16,15,0,0,141.4,0,0,0,0,0,2,15,7.5,0,95,47,569,12.11,6,1,,6,,,-37.9,116,WashNa00
P0496,2009,121,Bernard Berrian,WR,46,MIN,29,16,15,0,0,140.8,0,0,0,0,0,0,0,,0,92,55,618,11.24,4,0,,4,,,-38.5,117,BerrBe00
P0504,2009,122,Ronnie Brown,RB,39,MIA,28,9,9,0,0,139.5,2,6,22,1,0,147,648,4.41,8,20,14,98,7,0,1,1,8,,,-39.8,119,BrowRo05
P0362,2009,123,Jabar Gaffney,WR,47,DEN,29,16,7,0,0,139.2,0,0,0,0,0,0,0,,0,87,54,732,13.56,2,0,,2,,,-40.1,120,GaffJa00
P0459,2009,124,Roy Williams,WR,48,DAL,28,15,13,0,0,137.6,0,0,0,0,0,0,0,,0,86,38,596,15.68,7,1,1,7,,,-41.7,121,WillRo04
P0567,2009,125,Vince Young,QB,24,TEN,26,12,10,1,0,137.3,152,259,1879,10,7,55,281,5.11,2,0,0,0,,0,8,2,2,,,-99.9,193,YounVi00
P0518,2009,126,Braylon Edwards,WR,49,2TM,26,16,15,0,0,137.0,0,1,0,0,0,0,0,,0,95,45,680,15.11,4,1,1,4,1,,-42.3,122,EdwaBr00
P0685,2009,127,Donnie Avery,WR,50,STL,25,16,16,0,0,134.9,0,0,0,0,0,4,30,7.5,0,97,47,589,12.53,5,2,2,5,,,-44.4,123,AverDo00
P0741,2009,128,Fred Davis,TE,15,WAS,23,16,10,0,0,134.9,0,0,0,0,0,0,0,,0,76,48,509,10.6,6,0,,6,,,-34.3,112,DaviFr01
P0742,2009,129,Mark Sanchez,QB,25,NYJ,23,15,15,0,0,132.4,196,364,2444,12,20,36,106,2.94,3,0,0,0,,0,10,3,3,,2,-104.8,204,SancMa00
P0697,2009,130,Kevin Boss,TE,16,NYG,25,15,15,0,0,130.3,0,0,0,0,0,1,16,16,0,69,42,567,13.5,5,0,,5,,,-38.9,118,BossKe00
P0620,2009,131,Dwayne Bowe,WR,51,KAN,25,11,9,0,0,129.9,0,0,0,0,0,0,0,,0,87,47,589,12.53,4,1,,4,,,-49.4,126,BoweDw00
P0743,2009,132,Johnny Knox,WR,52,CHI,23,15,0,1,0,129.7,0,0,0,0,0,0,0,,0,80,45,527,11.71,5,3,2,6,,,-49.6,127,KnoxJo00
P0712,2009,133,Josh Morgan,WR,53,SFO,24,16,15,0,0,128.8,0,0,0,0,0,5,61,12.2,0,80,52,527,10.13,3,0,,3,,,-50.5,128,MorgJo00
P0402,2009,134,Chester Taylor,RB,40,MIN,30,16,0,0,0,128.7,0,0,0,0,0,94,338,3.6,1,59,44,389,8.84,1,2,,2,,,-50.6,129,TaylCh01
P0623,2009,135,Kevin Walter,WR,54,HOU,28,14,14,0,0,128.7,0,0,0,0,0,4,26,6.5,0,70,53,611,11.53,2,0,,2,,,-50.6,130,WaltKe00
P0609,2009,136,Malcom Floyd,WR,55,SDG,28,16,9,0,0,128.6,0,0,0,0,0,0,0,,0,76,45,776,17.24,1,0,,1,,,-50.7,131,FloyMa00
P0744,2009,137,Kenny Britt,WR,56,TEN,21,16,6,0,0,128.1,0,0,0,0,0,0,0,,0,75,42,701,16.69,3,1,1,3,,,-51.2,132,BritKe00
P0745,2009,138,Matthew Stafford,QB,26,DET,21,10,10,0,0,125.5,201,377,2267,13,20,20,108,5.4,2,0,0,0,,0,4,1,2,,1,-111.7,218,StafMa00
P0183,2009,139,Laveranues Coles,WR,57,CIN,32,16,13,0,0,125.4,0,0,0,0,0,2,10,5,0,77,43,514,11.95,5,0,,5,,,-53.9,134,ColeLa00
P0345,2009,140,Antonio Bryant,WR,58,TAM,28,13,11,0,0,123.0,0,0,0,0,0,0,0,,0,86,39,600,15.38,4,0,,4,,,-56.3,135,BryaAn00
P0341,2009,141,Jeremy Shockey,TE,17,NOR,29,13,12,0,0,122.9,0,0,0,0,0,0,0,,0,67,48,569,11.85,3,0,,3,,,-46.3,124,ShocJe00
P0584,2009,142,Owen Daniels,TE,18,HOU,27,8,8,0,0,121.9,0,0,0,0,0,0,0,,0,58,40,519,12.98,5,1,,5,,,-47.3,125,DaniOw00
P0285,2009,143,Correll Buckhalter,RB,41,DEN,31,14,7,0,0,121.2,0,0,0,0,0,120,642,5.35,1,38,31,240,7.74,0,3,2,1,,,-58.1,136,BuckCo00
P0023,2009,144,Torry Holt,WR,59,JAX,33,15,12,0,0,121.2,0,0,0,0,0,0,0,,0,103,51,722,14.16,0,1,1,0,,,-58.1,137,HoltTo00
P0746,2009,145,Michael Crabtree,WR,60,SFO,22,11,11,0,0,120.5,0,0,0,0,0,0,0,,0,86,48,625,13.02,2,1,1,2,,,-58.8,138,CrabMi00
P0662,2009,146,Jason Avant,WR,61,PHI,26,16,9,0,0,119.7,0,0,0,0,0,0,0,,0,58,41,587,14.32,3,1,,3,1,,-59.6,140,AvanJa00
P0517,2009,147,Michael Jenkins,WR,62,ATL,27,15,9,0,0,119.5,0,0,0,0,0,0,0,,0,90,50,635,12.7,1,0,,1,,,-59.8,141,JenkMi00
P0031,2009,148,Muhsin Muhammad,WR,63,CAR,36,14,13,0,0,117.1,0,0,0,0,0,0,0,,0,89,53,581,10.96,1,0,,1,,,-62.2,142,MuhaMu00
P0071,2009,149,Kevin Faulk,RB,42,NWE,33,15,7,0,0,116.6,0,0,0,0,0,62,335,5.4,2,53,37,301,8.14,1,1,1,3,,,-62.7,143,FaulKe00
P0747,2009,150,Jacoby Jones,WR,64,HOU,25,14,1,0,0,114.9,0,0,0,0,0,3,22,7.33,0,40,27,437,16.19,6,2,,7,,,-64.4,144,JoneJa03
P0721,2009,151,Felix Jones,RB,43,DAL,22,14,1,0,0,113.4,0,0,0,0,0,116,685,5.91,3,22,19,119,6.26,0,3,2,3,,,-65.9,145,JoneFe00
P0748,2009,152,Louis Murphy,WR,65,OAK,22,16,9,0,0,113.2,0,0,0,0,0,6,31,5.17,0,96,34,521,15.32,4,0,,4,,,-66.1,146,MurpLo00
P0749,2009,153,Mohamed Massaquoi,WR,66,CLE,23,16,11,0,0,112.1,0,0,0,0,0,1,-3,-3,0,95,34,624,18.35,3,1,1,3,,,-67.2,147,MassMo00
P0750,2009,154,Andre Caldwell,WR,67,CIN,24,16,3,0,0,110.4,0,0,0,0,0,3,22,7.33,0,80,51,432,8.47,3,4,2,3,,,-68.9,148,CaldAn00
P0694,2009,155,Dustin Keller,TE,19,NYJ,25,16,12,0,0,109.9,0,0,0,0,0,1,7,7,0,82,45,522,11.6,2,1,1,2,1,,-59.3,139,KellDu00
P0751,2009,156,Brian Hartline,WR,68,MIA,23,16,2,0,0,108.5,0,0,0,0,0,4,29,7.25,1,56,31,506,16.32,3,0,,4,,,-70.8,150,HartBr00
P0640,2009,157,Ted Ginn Jr.,WR,69,MIA,24,16,12,0,0,106.2,0,0,0,0,0,7,48,6.86,0,78,38,454,11.95,1,2,,3,,,-73.1,151,GinnTe00
P0629,2009,158,James Jones,WR,70,GNB,25,16,3,0,0,106.0,0,0,0,0,0,0,0,,0,62,32,440,13.75,5,0,,5,,,-73.3,152,JoneJa04
P0752,2009,159,Mike Thomas,WR,71,JAX,22,14,4,0,0,105.9,0,0,0,0,0,12,86,7.17,0,62,48,453,9.44,1,1,1,1,,,-73.4,154,ThomMi01
P0691,2009,160,Greg Camarillo,WR,72,MIA,27,16,16,0,0,105.2,0,0,0,0,0,0,0,,0,72,50,552,11.04,0,0,,0,,,-74.1,155,CamaGr00
P0753,2009,161,Josh Cribbs,WR,73,CLE,26,16,12,1,1,102.3,1,4,18,0,1,55,381,6.93,1,37,20,135,6.75,1,6,2,6,,,-77.0,159,CribJo01
P0621,2009,162,Marshawn Lynch,RB,44,BUF,23,13,6,0,0,100.9,0,0,0,0,0,120,450,3.75,2,37,28,179,6.39,0,3,1,2,,,-78.4,160,LyncMa00
P0702,2009,163,Michael Bush,RB,45,OAK,25,16,7,0,0,100.4,0,1,0,0,0,123,589,4.79,3,19,17,105,6.18,0,2,2,3,,,-78.9,161,BushMi00
P0360,2009,164,Deion Branch,WR,74,SEA,30,14,5,0,0,99.9,0,0,0,0,0,1,-8,-8,0,79,45,437,9.71,2,0,,2,,,-79.4,162,BranDe00
P0520,2009,165,Ben Watson,TE,20,NWE,29,16,7,0,0,99.4,0,0,0,0,0,0,0,,0,41,29,404,13.93,5,0,,5,,,-69.8,149,WatsBe00
P0595,2009,166,Maurice Morris,RB,46,DET,30,14,3,0,0,99.4,0,0,0,0,0,93,384,4.13,2,38,26,210,8.08,0,1,,2,1,,-79.9,163,MorrMa00
P0351,2009,167,Antwaan Randle El,WR,75,WAS,30,16,3,0,0,99.0,0,0,0,0,0,0,0,,0,77,50,530,10.6,0,4,2,0,,,-80.3,164,RandAn00
P0573,2009,168,Mike Bell,RB,47,NOR,26,13,3,0,0,96.6,0,0,0,0,0,172,654,3.8,5,4,4,12,3,0,2,2,5,,,-82.7,165,BellMi00
P0754,2009,169,Josh Freeman,QB,27,TAM,21,10,9,0,0,96.4,158,290,1855,10,18,30,161,5.37,0,1,0,1,,0,10,1,0,1,1,-140.8,241,FreeJo00
P0642,2009,170,Marcedes Lewis,TE,21,JAX,25,15,15,0,0,95.8,0,0,0,0,0,0,0,,0,59,32,518,16.19,2,1,,2,,,-73.4,153,LewiMa00
P0586,2009,171,Justin Fargas,RB,48,OAK,29,12,4,0,0,95.4,0,0,0,0,0,129,491,3.81,3,21,17,113,6.65,0,1,,3,,,-83.9,166,FargJu00
P0511,2009,172,Mark Clayton,WR,76,BAL,27,14,12,0,0,94.8,1,1,0,0,0,4,28,7,0,74,34,480,14.12,2,1,1,2,,,-84.5,167,ClayMa01
P0422,2009,173,Bryant Johnson,WR,77,DET,28,16,16,0,0,94.7,0,0,0,0,0,0,0,,0,87,35,417,11.91,3,0,,3,,,-84.6,168,JohnBr02
P0628,2009,174,Derrick Ward,RB,49,TAM,29,14,1,0,0,93.9,0,0,0,0,0,114,409,3.59,1,24,20,150,7.5,2,0,,3,,,-85.4,170,WardDe01
P0532,2009,175,Bo Scaife,TE,22,TEN,28,14,10,0,0,93.0,0,0,0,0,0,0,0,,0,70,45,440,9.78,1,1,1,1,,,-76.2,158,ScaiBo00
P0558,2009,176,Ryan Moats,RB,50,HOU,27,14,2,0,0,90.6,0,0,0,0,0,101,390,3.86,4,15,13,106,8.15,1,3,1,5,,,-88.7,171,MoatRy00
P0424,2009,177,Kelley Washington,WR,78,BAL,30,15,2,0,0,89.2,0,0,0,0,0,1,1,1,0,48,34,431,12.68,2,0,,2,,,-90.1,172,WashKe00
P0559,2009,178,Ryan Fitzpatrick,QB,28,BUF,27,10,8,0,0,89.0,127,227,1422,9,10,31,141,4.55,1,0,0,0,,0,3,2,1,,,-148.2,242,FitzRy00
P0639,2009,179,Leonard Weaver,FB,1,PHI,27,16,8,1,1,85.3,0,0,0,0,0,70,323,4.61,2,26,15,140,9.33,2,0,,4,,,-94.0,178,WeavLe00
P0599,2009,180,Tony Scheffler,TE,23,DEN,26,15,9,0,0,84.6,0,0,0,0,0,0,0,,0,50,31,416,13.42,2,0,,2,,,-84.6,169,ScheTo00
P0443,2009,181,Justin Gage,WR,79,TEN,28,12,10,0,0,84.3,0,0,0,0,0,0,0,,0,67,28,383,13.68,3,0,,3,,,-95.0,182,GageJu00
P0755,2009,182,Brady Quinn,QB,29,CLE,25,10,9,0,0,84.2,136,256,1339,8,7,20,98,4.9,1,1,1,18,18,0,4,3,1,,,-153.0,243,QuinBr00
P0474,2009,183,Bobby Wade,WR,80,KAN,28,12,6,0,0,83.8,0,0,0,0,0,3,11,3.67,0,74,36,367,10.19,2,3,1,2,,,-95.5,183,WadeBo00
P0701,2009,184,Tashard Choice,RB,51,DAL,25,16,0,0,0,83.1,0,0,0,0,0,64,349,5.45,3,22,15,132,8.8,0,0,,3,1,,-96.2,185,ChoiTa00
P0405,2009,185,Brian Westbrook,RB,52,PHI,30,8,7,0,0,82.5,0,1,0,0,0,61,274,4.49,1,34,25,181,7.24,1,0,,2,,,-96.8,186,WestBr00
P0675,2009,186,Eddie Royal,WR,81,DEN,23,14,12,0,0,81.6,0,0,0,0,0,1,1,1,0,79,37,345,9.32,0,1,1,2,,,-97.7,187,RoyaEd00
P0690,2009,187,Darren McFadden,RB,53,OAK,22,12,7,0,0,81.2,0,0,0,0,0,104,357,3.43,1,36,21,245,11.67,0,5,3,1,,,-98.1,188,McFaDa00
P0417,2009,188,Rock Cartwright,FB,2,WAS,30,16,2,0,0,80.0,0,0,0,0,0,64,228,3.56,0,32,27,242,8.96,1,0,,1,,,-99.3,189,CartRo01
P0756,2009,189,Danny Amendola,WR,82,STL,24,14,2,0,0,79.4,0,0,0,0,0,3,-2,-0.67,0,63,43,326,7.58,1,4,1,1,,,-99.9,190,AmenDa00
P0757,2009,190,Julian Edelman,WR,83,NWE,23,11,7,0,0,79.4,0,0,0,0,0,2,5,2.5,0,54,37,359,9.7,1,1,,1,,,-99.9,192,EdelJu00
P0460,2009,191,Larry Johnson,RB,54,2TM,30,14,7,0,0,79.1,0,0,0,0,0,178,581,3.26,0,21,15,80,5.33,0,2,1,0,,,-100.2,195,JohnLa00
P0113,2009,192,Sammy Morris,RB,55,NWE,32,12,5,0,0,78.9,0,0,0,0,0,73,319,4.37,2,27,19,180,9.47,0,2,1,2,,,-100.4,196,MorrSa00
P0408,2009,193,Jake Delhomme,QB,30,CAR,34,11,11,0,0,78.6,178,321,2015,8,18,17,60,3.53,0,0,0,0,,0,6,3,0,,1,-158.6,244,DelhJa00
P0758,2009,194,Devin Aromashodu,WR,84,CHI,25,10,2,0,0,77.8,0,0,0,0,0,0,0,,0,43,24,298,12.42,4,0,,4,,,-101.5,197,AromDe00
P0722,2009,195,Chaz Schilens,WR,85,OAK,24,8,8,0,0,77.5,0,0,0,0,0,0,0,,0,52,29,365,12.59,2,0,,2,,,-101.8,198,SchiCh00
P0759,2009,196,Brandon Pettigrew,TE,24,DET,24,11,11,0,0,76.6,0,0,0,0,0,0,0,,0,54,30,346,11.53,2,1,,2,,,-92.6,174,PettBr00
P0760,2009,197,David Thomas,TE,25,NOR,26,15,8,0,0,76.6,0,0,0,0,0,0,0,,0,48,35,356,10.17,1,0,,1,,,-92.6,175,ThomDa02
P0761,2009,198,Will Heller,TE,26,DET,28,16,9,0,0,76.6,0,0,0,0,0,0,0,,0,50,29,296,10.21,3,0,,3,,,-92.6,176,HellWi00
P0762,2009,199,Sammie Stroughter,WR,86,TAM,23,13,0,0,0,76.4,0,0,0,0,0,0,0,,0,60,31,334,10.77,1,0,,2,,,-102.9,199,StroSa00
P0297,2009,200,Brandon Stokley,WR,87,DEN,33,16,2,0,0,75.7,0,0,0,0,0,0,0,,0,33,19,327,17.21,4,0,,4,,,-103.6,200,StokBr00
P0763,2009,201,Devin Thomas,WR,88,WAS,23,14,10,0,0,75.3,0,0,0,0,0,3,-2,-0.67,0,47,25,325,13,3,0,,3,,,-104.0,201,ThomDe02
P0720,2009,202,David Anderson,TE,27,HOU,26,16,8,0,0,75.0,0,0,0,0,0,0,0,,0,53,38,370,9.74,0,0,,0,,,-94.2,179,AndeDa01
P0764,2009,203,Mike Tolbert,RB,56,SDG,24,16,3,0,0,75.0,0,0,0,0,0,25,148,5.92,1,22,17,192,11.29,3,1,,4,,,-104.3,202,TolbMi00
P0692,2009,204,Anthony Fasano,TE,28,MIA,25,14,14,0,0,74.9,0,0,0,0,0,0,0,,0,53,31,339,10.94,2,2,1,2,,,-94.3,180,FasaAn00
P0158,2009,205,Dennis Northcutt,WR,89,DET,32,16,2,0,0,74.7,0,0,0,0,0,0,0,,0,63,35,357,10.2,1,2,1,1,,,-104.6,203,NortDe00
P0705,2009,206,Chansi Stuckey,WR,90,2TM,26,15,3,0,0,74.4,0,0,0,0,0,2,6,3,0,66,30,318,10.6,2,0,,2,,,-104.9,205,StucCh20
P0471,2009,207,Chris Cooley,TE,29,WAS,27,7,7,0,0,74.2,0,0,0,0,0,0,0,,0,45,29,332,11.45,2,1,,2,,,-95.0,181,CoolCh00
P0336,2009,208,Clinton Portis,RB,57,WAS,28,8,8,0,0,74.1,0,1,0,0,0,124,494,3.98,1,12,9,57,6.33,1,1,1,2,,,-105.2,207,PortCl00
P0765,2009,209,Donald Brown,RB,58,IND,22,11,1,0,0,74.0,0,0,0,0,0,78,281,3.6,3,14,11,169,15.36,0,1,,3,,,-105.3,209,BrowDo00
P0357,2009,210,Randy McMichael,TE,30,STL,30,16,16,0,0,73.2,0,0,0,0,0,0,0,,0,62,34,332,9.76,1,0,,1,,,-96.0,184,McMiRa01
P0766,2009,211,Brandon Gibson,WR,91,2TM,22,10,4,0,0,72.8,0,0,0,0,0,0,0,,0,69,34,348,10.24,1,2,1,1,,,-106.5,213,GibsBr00
P0607,2009,212,Mark Bradley,WR,92,KAN,27,13,6,0,0,71.0,1,1,26,0,0,2,20,10,0,57,24,320,13.33,2,0,,2,,,-108.3,214,BradMa00
P0663,2009,213,Brandon Jackson,RB,59,GNB,24,12,0,0,0,70.8,0,0,0,0,0,37,111,3,2,26,21,187,8.9,1,1,,3,1,,-108.5,215,JackBr00
P0767,2009,214,Matt Moore,QB,31,CAR,25,7,5,0,0,69.8,85,138,1053,8,2,12,-3,-0.25,0,0,0,0,,0,2,,0,,,-167.4,245,MoorMa01
P0768,2009,215,Dante Rosario,TE,31,CAR,25,14,8,0,0,69.3,0,0,0,0,0,0,0,,0,48,26,313,12.04,2,0,,2,,,-99.9,191,RosaDa00
P0535,2009,216,Donald Lee,TE,32,GNB,29,16,10,0,0,69.0,0,0,0,0,0,0,0,,0,54,37,260,7.03,1,0,,1,,,-100.2,194,LeexDo00
P0043,2009,217,Jamal Lewis,RB,60,CLE,30,9,8,0,0,68.8,0,0,0,0,0,143,500,3.5,0,11,8,88,11,0,0,,0,1,,-110.5,216,LewiJa00
P0383,2009,218,Ladell Betts,RB,61,WAS,30,10,2,0,0,67.9,0,0,0,0,0,56,210,3.75,2,21,17,179,10.53,0,0,,2,,,-111.4,217,BettLa00
P0644,2009,219,Trent Edwards,QB,32,BUF,26,8,7,0,0,67.4,110,183,1169,6,7,14,106,7.57,0,0,0,0,,0,1,,0,,,-169.8,246,EdwaTr01
P0354,2009,220,Marc Bulger,QB,33,STL,32,9,8,0,0,67.0,140,247,1469,5,6,8,22,2.75,0,0,0,0,,0,6,1,0,,,-170.2,247,BulgMa00
P0585,2009,221,Jerious Norwood,RB,62,ATL,26,10,4,0,0,66.8,0,0,0,0,0,76,252,3.32,0,22,19,186,9.79,1,1,1,1,,,-112.5,219,NorwJe00
P0769,2009,222,Maurice Stovall,WR,93,TAM,24,15,7,0,0,66.6,0,0,0,0,0,0,0,,0,47,24,366,15.25,1,0,,1,,,-112.7,220,StovMa00
P0706,2009,223,Jordy Nelson,WR,94,GNB,24,13,0,0,0,66.0,0,0,0,0,0,0,0,,0,31,22,320,14.55,2,3,,2,,,-113.3,221,NelsJo00
P0589,2009,224,Bruce Gradkowski,QB,34,OAK,26,7,4,0,0,65.1,82,150,1007,6,3,18,108,6,0,0,0,0,,0,5,2,0,,,-172.1,248,GradBr00
P0680,2009,225,Le'Ron McClain,FB,3,BAL,25,16,14,1,0,65.1,0,0,0,0,0,46,180,3.91,2,27,21,141,6.71,0,0,,2,,,-114.2,222,McClLe00
P0770,2009,226,Sam Aiken,WR,95,NWE,29,14,7,0,0,64.6,0,0,0,0,0,0,0,,0,41,20,326,16.3,2,0,,2,,,-114.7,223,AikeSa00
P0771,2009,227,Daniel Fells,TE,33,STL,26,14,4,0,0,64.3,0,0,0,0,0,0,0,,0,35,21,273,13,3,1,1,3,,,-104.9,206,FellDa00
P0475,2009,228,Mewelde Moore,RB,63,PIT,27,16,0,0,0,64.3,1,1,6,1,0,35,118,3.37,0,31,21,153,7.29,2,0,,2,,,-115.0,225,MoorMe00
P0461,2009,229,Chris Brown,RB,64,HOU,28,14,4,0,0,64.1,0,1,0,0,1,79,267,3.38,3,21,16,74,4.63,0,1,1,3,,,-115.2,226,BrowCh03
P0772,2009,230,Joel Dreessen,TE,34,HOU,27,16,11,0,0,64.0,0,0,0,0,0,0,0,,0,39,26,320,12.31,1,0,,1,,,-105.2,208,DreeJo00
P0773,2009,231,J.P. Foschi,TE,35,CIN,27,15,10,0,0,63.0,0,0,0,0,0,0,0,,0,37,27,260,9.63,2,1,1,2,,,-106.2,210,FoscJo00
P0637,2009,232,Jeff King,TE,36,CAR,26,16,15,0,0,63.0,0,0,0,0,0,0,0,,0,33,25,200,8,3,1,,3,,,-106.2,211,KingJe00
P0414,2009,233,Daniel Graham,TE,37,DEN,31,16,14,0,0,62.9,0,0,0,0,0,0,0,,0,43,28,289,10.32,1,0,,1,,,-106.3,212,GrahDa00
P0774,2009,234,Lex Hilliard,RB,65,MIA,25,16,0,0,0,62.7,0,0,0,0,0,23,89,3.87,1,20,20,158,7.9,2,0,,3,,,-116.6,228,HillLe00
P0775,2009,235,Legedu Naanee,WR,96,SDG,26,15,1,0,0,61.7,1,1,21,0,0,3,7,2.33,0,29,24,242,10.08,2,0,,2,,,-117.6,229,NaanLe00
P0046,2009,236,Kerry Collins,QB,35,TEN,37,7,6,0,0,60.5,119,216,1225,6,8,11,15,1.36,1,0,0,0,,0,3,2,1,,,-176.7,249,CollKe00
P0647,2009,237,Brian Leonard,RB,66,CIN,25,14,1,0,0,60.1,0,0,0,0,0,27,84,3.11,0,35,30,217,7.23,0,1,1,0,1,,-119.2,230,LeonBr00
P0364,2009,238,Josh Reed,WR,97,BUF,29,14,4,0,0,60.1,0,0,0,0,0,0,0,,0,45,27,291,10.78,1,3,1,1,,,-119.2,231,ReedJo01
P0776,2009,239,Shonn Greene,RB,67,NYJ,24,14,0,0,0,60.0,0,0,0,0,0,108,540,5,2,5,0,0,,0,3,3,2,,,-119.3,232,GreeSh00
P0777,2009,240,Malcolm Kelly,WR,98,WAS,23,16,10,0,0,59.7,0,0,0,0,0,0,0,,0,41,25,347,13.88,0,0,,0,,,-119.6,233,KellMa01
P0575,2009,241,Leon Washington,RB,68,NYJ,27,7,0,0,0,59.2,0,0,0,0,0,72,331,4.6,0,26,15,131,8.73,0,1,1,0,,,-120.1,234,WashLe00
P0778,2009,242,Arian Foster,RB,69,HOU,23,6,1,0,0,59.0,0,0,0,0,0,54,257,4.76,3,9,8,93,11.63,0,1,1,3,,,-120.3,235,FostAr00
P0689,2009,243,Shaun Hill,QB,36,SFO,29,6,6,0,0,58.7,87,155,943,5,2,8,70,8.75,0,0,0,0,,0,3,1,0,,,-178.5,250,HillSh00
P0779,2009,244,Quinton Ganther,RB,70,WAS,25,8,4,0,0,57.0,0,0,0,0,0,62,201,3.24,3,10,9,99,11,0,0,,3,,,-122.3,236,GantQu00
P0502,2009,245,Willie Parker,RB,71,PIT,29,14,3,0,0,55.3,0,0,0,0,0,98,389,3.97,0,7,6,64,10.67,1,2,1,1,,,-124.0,237,ParkWi00
P0780,2009,246,Zach Miller,TE,38,JAX,25,14,0,0,0,54.5,0,0,0,0,0,1,3,3,0,27,21,212,10.1,2,0,,2,,,-114.7,224,MillZa02
P0295,2009,247,Alge Crumpler,TE,39,TEN,32,16,14,0,0,53.2,0,0,0,0,0,0,0,,0,37,27,222,8.22,1,1,1,1,,,-116.0,227,CrumAl00
P0022,2009,248,Fred Taylor,RB,72,NWE,33,6,1,0,0,52.6,0,0,0,0,0,63,269,4.27,4,3,2,17,8.5,0,1,1,4,,,-126.7,238,TaylFr00
P0781,2009,249,Rashad Jennings,RB,73,JAX,24,15,0,0,0,52.3,0,0,0,0,0,39,202,5.18,1,18,16,101,6.31,0,0,,1,,,-127.0,239,JennRa00
P0782,2009,250,Keenan Burton,WR,99,STL,25,9,6,0,0,50.3,0,0,0,0,0,0,0,,0,45,25,253,10.12,0,0,,0,,,-129.0,240,BurtKe00
P0778,2010,1,Arian Foster,RB,1,HOU,24,16,13,1,1,392.0,0,0,0,0,0,327,1616,4.94,16,84,66,604,9.15,2,3,2,18,,,209.0,1,FostAr00
P0522,2010,2,Roddy White,WR,1,ATL,29,16,16,1,1,316.2,0,0,0,0,0,1,3,3,0,179,115,1389,12.08,10,1,1,10,2,,133.0,2,WhitRo00
P0310,2010,3,Michael Vick,QB,1,PHI,30,12,12,1,0,310.3,233,372,3018,21,6,100,676,6.76,9,0,0,0,,0,11,3,9,,1,79.0,17,VickMi00
P0671,2010,4,Aaron Rodgers,QB,2,GNB,27,15,15,0,0,304.5,312,475,3922,28,11,64,356,5.56,4,0,0,0,,0,4,1,4,,,73.2,19,RodgAa00
P0260,2010,5,Tom Brady,QB,3,NWE,33,16,16,1,1,299.0,324,492,3900,36,4,31,30,0.97,1,0,0,0,,0,3,1,1,,,67.7,20,BradTo00
P0732,2010,6,LeSean McCoy,RB,2,PHI,22,15,13,0,0,297.2,0,0,0,0,0,207,1080,5.22,7,91,78,592,7.59,2,2,1,9,,,114.2,3,McCoLe01
P0699,2010,7,Peyton Hillis,RB,3,CLE,24,16,14,0,0,294.9,1,2,13,0,0,270,1177,4.36,11,77,61,477,7.82,2,8,5,13,,,111.9,4,HillPe00
P0451,2010,8,Brandon Lloyd,WR,2,DEN,29,16,11,1,0,286.0,0,0,0,0,0,1,-18,-18,0,153,77,1448,18.81,11,0,,11,,,102.8,5,LloyBr00
P0015,2010,9,Peyton Manning,QB,4,IND,34,16,16,1,0,285.8,450,679,4700,33,17,18,18,1,0,0,0,0,,0,3,1,0,,,54.5,28,MannPe00
P0703,2010,10,Jamaal Charles,RB,4,KAN,24,16,6,1,1,282.5,0,0,0,0,0,230,1467,6.38,5,64,45,468,10.4,3,3,2,8,,,99.5,6,CharJa00
P0566,2010,11,Philip Rivers,QB,5,SDG,29,16,16,1,0,281.6,357,541,4710,30,13,29,52,1.79,0,0,0,0,,0,7,4,0,,1,50.3,31,RivePh00
P0308,2010,12,Reggie Wayne,WR,3,IND,32,16,16,1,1,280.5,0,0,0,0,0,0,0,,0,175,111,1355,12.21,6,1,1,6,,,97.3,7,WaynRe00
P0620,2010,13,Dwayne Bowe,WR,4,KAN,26,16,16,1,0,278.6,0,0,0,0,0,1,4,4,0,133,72,1162,16.14,15,1,,15,,,95.4,8,BoweDw00
P0698,2010,14,Ray Rice,RB,5,BAL,23,16,14,0,0,276.6,0,0,0,0,0,307,1220,3.97,5,83,63,556,8.83,1,0,,6,,,93.6,9,RiceRa00
P0618,2010,15,Adrian Peterson,RB,6,MIN,25,15,15,1,0,275.9,0,0,0,0,0,283,1298,4.59,12,50,36,341,9.47,1,1,1,13,,,92.9,10,PeteAd01
P0578,2010,16,Greg Jennings,WR,5,GNB,27,16,16,1,0,274.4,0,0,0,0,0,1,-1,-1,0,125,76,1265,16.64,12,2,,12,,,91.2,11,JennGr00
P0673,2010,17,Chris Johnson,RB,7,TEN,25,16,16,1,0,272.9,0,0,0,0,0,316,1364,4.32,11,57,44,245,5.57,1,3,2,12,,,89.9,12,JohnCh04
P0340,2010,18,Drew Brees,QB,6,NOR,31,16,16,1,0,270.2,448,658,4620,33,22,18,-3,-0.17,0,1,1,7,7,0,9,2,0,,,38.9,38,BreeDr00
P0690,2010,19,Darren McFadden,RB,8,OAK,23,13,13,0,0,267.4,0,1,0,0,0,223,1157,5.19,7,61,47,507,10.79,3,4,3,10,,,84.4,14,McFaDa00
P0625,2010,20,Calvin Johnson,WR,6,DET,25,15,15,1,0,266.2,0,0,0,0,0,4,32,8,0,137,77,1120,14.55,12,1,,12,1,,83.0,15,JohnCa00
P0670,2010,21,Matt Forte,RB,9,CHI,25,16,16,0,0,264.6,0,0,0,0,0,237,1069,4.51,6,70,51,547,10.73,3,3,2,9,1,,81.6,16,FortMa00
P0754,2010,22,Josh Freeman,QB,7,TAM,22,16,16,0,0,258.4,291,474,3451,25,6,68,364,5.35,0,0,0,0,,0,8,3,0,1,,27.1,44,FreeJo00
P0406,2010,23,Andre Johnson,WR,7,HOU,29,13,13,1,0,256.6,0,0,0,0,0,2,10,5,0,138,86,1216,14.14,8,1,,8,,,73.4,18,JohnAn02
P0679,2010,24,Matt Ryan,QB,8,ATL,25,16,16,1,0,250.4,357,571,3705,28,9,46,122,2.65,0,0,0,0,,0,4,4,0,,2,19.1,51,RyanMa00
P0731,2010,25,Hakeem Nicks,WR,8,NYG,22,13,12,0,0,250.2,0,0,0,0,0,0,0,,0,128,79,1052,13.32,11,1,,11,,,67.0,21,NickHa01
P0734,2010,26,Mike Wallace,WR,9,PIT,24,16,16,0,0,249.6,0,0,0,0,0,5,39,7.8,0,98,60,1257,20.95,10,1,,10,,,66.4,22,WallMi00
P0425,2010,27,Jason Witten,TE,1,DAL,28,16,16,1,1,248.2,0,0,0,0,0,0,0,,0,128,94,1002,10.66,9,1,1,9,1,,89.7,13,WittJa00
P0783,2010,28,Stevie Johnson,WR,10,BUF,24,16,13,0,0,247.3,0,0,0,0,0,0,0,,0,141,82,1073,13.09,10,1,1,10,,,64.1,23,JohnSt00
P0633,2010,29,Matt Schaub,QB,9,HOU,29,16,16,0,0,245.6,365,574,4370,24,12,22,28,1.27,0,0,0,0,,0,9,3,0,,1,14.3,53,SchaMa00
P0468,2010,30,Steven Jackson,RB,10,STL,27,16,16,1,0,242.4,0,0,0,0,0,330,1241,3.76,6,62,46,383,8.33,0,1,1,6,,,59.4,24,JackSt00
P0458,2010,31,Larry Fitzgerald,WR,11,ARI,27,16,15,1,0,241.7,0,0,0,0,0,0,0,,0,173,90,1137,12.63,6,0,,6,1,,58.5,25,FitzLa00
P0724,2010,32,Rashard Mendenhall,RB,11,PIT,23,16,16,0,0,241.0,0,0,0,0,0,324,1273,3.93,13,34,23,167,7.26,0,2,2,13,,,58.0,26,MendRa00
P0719,2010,33,Ahmad Bradshaw,RB,12,NYG,24,16,11,0,0,239.9,0,0,0,0,0,276,1235,4.47,8,58,47,314,6.68,0,7,6,8,1,,56.9,27,BradAh00
P0356,2010,34,Santana Moss,WR,12,WAS,31,16,16,0,0,235.9,0,0,0,0,0,5,-6,-1.2,0,145,93,1115,11.99,6,3,2,6,,,52.7,29,MossSa00
P0560,2010,35,Maurice Jones-Drew,RB,13,JAX,25,14,14,1,0,234.1,0,1,0,0,1,299,1324,4.43,5,44,34,317,9.32,2,2,2,7,,,51.1,30,DrewMa00
P0681,2010,36,Joe Flacco,QB,10,BAL,25,16,16,0,0,231.3,306,489,3622,25,10,43,84,1.95,1,0,0,0,,0,9,4,1,,,0.0,69,FlacJo00
P0499,2010,37,Eli Manning,QB,11,NYG,29,16,16,0,0,229.1,339,539,4002,31,25,32,70,2.19,0,0,0,0,,0,7,6,0,,,-2.2,73,MannEl00
P0674,2010,38,Matt Cassel,QB,12,KAN,28,15,15,1,0,229.1,262,450,3116,27,7,33,125,3.79,0,0,0,0,,0,3,1,0,,,-2.2,74,CassMa00
P0564,2010,39,Marques Colston,WR,13,NOR,27,15,11,0,0,228.4,0,0,0,0,0,1,1,1,0,131,84,1023,12.18,7,0,,7,,,45.2,32,ColsMa00
P0718,2010,40,Miles Austin,WR,14,DAL,26,16,16,1,0,228.4,0,0,0,0,0,7,93,13.29,1,119,69,1041,15.09,7,1,1,8,,,45.2,33,AustMi00
P0733,2010,41,Jeremy Maclin,WR,15,PHI,22,16,16,0,0,228.0,0,0,0,0,0,3,36,12,0,115,70,964,13.77,10,1,1,10,,,44.8,34,MaclJe00
P0553,2010,42,Michael Turner,RB,14,ATL,28,16,15,1,0,225.6,0,0,0,0,0,334,1371,4.1,12,20,12,85,7.08,0,2,2,12,,,42.6,35,TurnMi00
P0008,2010,43,Terrell Owens,WR,16,CIN,37,14,11,0,0,224.3,0,0,0,0,0,0,0,,0,139,72,983,13.65,9,0,,9,,,41.1,36,OwenTe00
P0464,2010,44,Carson Palmer,QB,13,CIN,31,16,16,0,0,223.8,362,586,3970,26,20,32,50,1.56,0,0,0,0,,0,7,3,0,,1,-7.5,80,PalmCa00
P0784,2010,45,Mike Williams,WR,17,TAM,23,16,16,0,0,223.4,0,0,0,0,0,0,0,,0,129,65,964,14.83,11,3,2,11,,,40.2,37,WillMi04
P0521,2010,46,David Garrard,QB,14,JAX,32,14,14,0,0,221.3,236,366,2734,23,15,66,279,4.23,5,0,0,0,,0,11,4,5,,,-10.0,84,GarrDa00
P0251,2010,47,LaDainian Tomlinson,RB,15,NYJ,31,15,13,0,0,216.2,0,0,0,0,0,219,914,4.17,6,79,52,368,7.08,0,4,,6,,,33.2,39,TomlLa00
P0537,2010,48,Wes Welker,WR,18,NWE,29,15,11,1,0,213.8,0,0,0,0,0,0,0,,0,123,86,848,9.86,7,1,,7,,,30.6,41,WelkWe00
P0725,2010,49,Percy Harvin,WR,19,MIN,22,14,13,0,0,210.5,0,0,0,0,0,18,107,5.94,1,109,71,868,12.23,5,1,1,7,1,,27.3,43,HarvPe00
P0601,2010,50,Jay Cutler,QB,15,CHI,27,15,15,0,0,210.2,261,432,3274,23,16,50,232,4.64,1,0,0,0,,0,10,6,1,,1,-21.1,91,CutlJa00
P0462,2010,51,Ben Roethlisberger,QB,16,PIT,28,12,12,0,0,209.6,240,389,3200,17,5,34,176,5.18,2,0,0,0,,0,7,3,2,,,-21.7,92,RoetBe00
P0682,2010,52,DeSean Jackson,WR,20,PHI,24,14,14,1,0,209.0,0,0,0,0,0,16,104,6.5,1,95,47,1056,22.47,6,4,1,8,,,25.8,45,JackDe00
P0530,2010,53,Kyle Orton,QB,17,DEN,28,13,13,0,0,207.9,293,498,3653,20,9,22,98,4.45,0,0,0,0,,0,4,5,0,,,-23.4,95,OrtoKy00
P0729,2010,54,Mario Manningham,WR,21,NYG,24,16,8,0,0,206.6,0,0,0,0,0,1,2,2,0,93,60,944,15.73,9,1,1,9,,,23.4,47,MannMa01
P0600,2010,55,Brandon Marshall,WR,22,MIA,26,14,14,0,0,203.7,0,1,0,0,0,2,3,1.5,0,146,86,1014,11.79,3,2,1,3,,,20.5,49,MarsBr00
P0516,2010,56,Frank Gore,RB,16,SFO,27,11,11,0,0,202.5,0,0,0,0,0,203,853,4.2,3,72,46,452,9.83,2,4,2,5,,,19.5,50,GoreFr00
P0742,2010,57,Mark Sanchez,QB,18,NYJ,24,16,16,0,0,202.1,278,507,3291,17,13,30,105,3.5,3,0,0,0,,0,9,1,3,,1,-29.2,99,SancMa00
P0715,2010,58,BenJarvus Green-Ellis,RB,17,NWE,25,16,11,0,0,199.3,0,0,0,0,0,229,1008,4.4,13,16,12,85,7.08,0,0,,13,,,16.3,52,GreeBe00
P0559,2010,59,Ryan Fitzpatrick,QB,19,BUF,28,13,13,0,0,198.9,255,441,3000,23,15,40,269,6.73,0,0,0,0,,0,8,5,0,,,-32.4,102,FitzRy00
P0581,2010,60,Cedric Benson,RB,18,CIN,28,16,16,0,0,196.9,0,0,0,0,0,321,1111,3.46,7,37,28,178,6.36,1,7,5,8,1,,13.9,54,BensCe00
P0785,2010,61,Jahvid Best,RB,19,DET,21,16,9,0,0,196.2,0,1,0,0,0,171,555,3.25,4,80,58,487,8.4,2,1,1,6,,,13.2,55,BestJa00
P0726,2010,62,Knowshon Moreno,RB,20,DEN,23,13,13,0,0,196.1,0,0,0,0,0,182,779,4.28,5,48,37,372,10.05,3,3,2,8,,,13.1,56,MoreKn00
P0603,2010,63,Vernon Davis,TE,2,SFO,26,16,16,0,0,191.4,0,0,0,0,0,0,0,,0,93,56,914,16.32,7,0,,7,1,,32.9,40,DaviVe00
P0786,2010,64,Sam Bradford,QB,20,STL,23,16,16,0,0,190.8,354,590,3512,18,15,27,63,2.33,1,0,0,0,,0,7,2,1,,,-40.5,113,BradSa00
P0696,2010,65,Davone Bess,WR,23,MIA,25,16,8,0,0,188.7,0,0,0,0,0,2,-3,-1.5,0,125,79,820,10.38,5,3,1,5,,,5.5,60,BessDa00
P0427,2010,66,Antonio Gates,TE,3,SDG,30,10,10,1,0,188.2,0,0,0,0,0,0,0,,0,65,50,782,15.64,10,0,,10,,,29.7,42,GateAn00
P0403,2010,67,Anquan Boldin,WR,24,BAL,30,16,16,0,0,187.7,1,1,-6,0,0,2,2,1,0,109,64,837,13.08,7,1,1,7,,,4.5,61,BoldAn00
P0752,2010,68,Mike Thomas,WR,25,JAX,23,16,11,0,0,187.4,0,0,0,0,0,12,114,9.5,0,102,66,820,12.42,4,3,1,5,,,4.2,62,ThomMi01
P0646,2010,69,Lance Moore,WR,26,NOR,27,16,1,0,0,186.3,0,0,0,0,0,0,0,,0,94,66,763,11.56,8,2,2,8,,,3.1,64,MoorLa00
P0518,2010,70,Braylon Edwards,WR,27,NYJ,27,16,15,0,0,185.8,0,0,0,0,0,1,4,4,0,101,53,904,17.06,7,1,1,7,1,,2.6,65,EdwaBr00
P0642,2010,71,Marcedes Lewis,TE,4,JAX,26,16,16,1,0,184.0,0,0,0,0,0,0,0,,0,89,58,700,12.07,10,2,2,10,,,25.5,46,LewiMa00
P0062,2010,72,Derrick Mason,WR,28,BAL,36,16,15,0,0,183.2,0,0,0,0,0,0,0,,0,100,61,802,13.15,7,0,,7,,,0.0,67,MasoDe00
P0653,2010,73,Fred Jackson,RB,21,BUF,29,16,13,0,0,183.2,0,0,0,0,0,222,927,4.18,5,54,31,215,6.94,2,5,2,7,,,0.2,66,JackFr02
P0721,2010,74,Felix Jones,RB,22,DAL,23,16,7,0,0,183.0,0,0,0,0,0,185,800,4.32,1,52,48,450,9.38,1,2,1,2,,,0.0,68,JoneFe00
P0764,2010,75,Mike Tolbert,RB,23,SDG,25,15,4,0,0,182.1,0,0,0,0,0,182,735,4.04,11,29,25,216,8.64,0,5,3,11,1,,-0.9,71,TolbMi00
P0736,2010,76,Pierre Garcon,WR,29,IND,24,14,14,0,0,182.0,0,0,0,0,0,2,6,3,0,119,67,784,11.7,6,0,,6,,,-1.2,72,GarcPi00
P0756,2010,77,Danny Amendola,WR,30,STL,25,16,6,0,0,180.0,0,0,0,0,0,7,81,11.57,0,123,85,689,8.11,3,2,,3,,,-3.2,75,AmenDa00
P0471,2010,78,Chris Cooley,TE,5,WAS,28,16,16,0,0,179.9,0,0,0,0,0,0,0,,0,126,77,849,11.03,3,3,1,3,1,,21.4,48,CoolCh00
P0360,2010,79,Deion Branch,WR,31,2TM,31,15,12,0,0,178.8,0,0,0,0,0,0,0,,0,92,61,818,13.41,6,1,,6,,,-4.4,77,BranDe00
P0743,2010,80,Johnny Knox,WR,32,CHI,24,16,16,0,0,175.2,0,0,0,0,0,1,2,2,0,100,51,960,18.82,5,1,1,5,,,-8.0,81,KnoxJo00
P0018,2010,81,Donovan McNabb,QB,21,WAS,34,13,13,0,0,174.2,275,472,3377,14,15,29,151,5.21,0,0,0,0,,0,10,1,0,,,-57.1,139,McNaDo00
P0303,2010,82,Chad Johnson,WR,33,CIN,32,14,12,0,0,174.1,0,1,0,0,0,0,0,,0,126,67,831,12.4,4,0,,4,,,-9.1,82,JohnCh01
P0744,2010,83,Kenny Britt,WR,34,TEN,22,12,7,0,0,173.5,0,0,0,0,0,0,0,,0,73,42,775,18.45,9,1,1,9,1,,-9.7,83,BritKe00
P0027,2010,84,Tony Gonzalez,TE,6,ATL,34,16,16,1,0,171.6,0,0,0,0,0,0,0,,0,108,70,656,9.37,6,0,,6,,,13.1,57,GonzTo00
P0663,2010,85,Brandon Jackson,RB,24,GNB,25,16,13,0,0,171.5,0,0,0,0,0,190,703,3.7,3,50,43,342,7.95,1,1,,4,,,-11.5,85,JackBr00
P0568,2010,86,Kellen Winslow,TE,7,TAM,27,16,11,0,0,169.0,0,0,0,0,0,0,0,,0,98,66,730,11.06,5,1,,5,,,10.5,58,WinsKe01
P0728,2010,87,Austin Collie,WR,35,IND,25,9,6,0,0,168.9,0,0,0,0,0,0,0,,0,71,58,649,11.19,8,1,1,8,,,-14.3,86,CollAu00
P0759,2010,88,Brandon Pettigrew,TE,8,DET,25,16,16,0,0,167.2,0,0,0,0,0,0,0,,0,111,71,722,10.17,4,0,,4,,,8.7,59,PettBr00
P0746,2010,89,Michael Crabtree,WR,36,SFO,23,16,15,0,0,165.1,0,0,0,0,0,0,0,,0,101,55,741,13.47,6,0,,6,,,-18.1,88,CrabMi00
P0362,2010,90,Jabar Gaffney,WR,37,DEN,30,16,11,0,0,164.5,0,0,0,0,0,0,0,,0,112,65,875,13.46,2,1,,2,,,-18.7,89,GaffJa00
P0103,2010,91,Hines Ward,WR,38,PIT,34,16,15,0,0,162.3,0,0,0,0,0,1,-2,-2,0,95,59,755,12.8,5,1,1,5,,,-20.9,90,WardHi00
P0520,2010,92,Ben Watson,TE,9,CLE,30,16,16,0,0,162.2,0,0,0,0,0,1,-1,-1,0,102,68,763,11.22,3,0,,3,,,3.7,63,WatsBe00
P0787,2010,93,Danny Woodhead,RB,25,2TM,25,15,3,0,0,160.6,0,0,0,0,0,97,547,5.64,5,44,34,379,11.15,1,1,1,6,,,-22.4,93,WoodDa02
P0574,2010,94,Santonio Holmes,WR,39,NYJ,26,12,10,0,0,160.3,0,0,0,0,0,2,17,8.5,0,96,52,746,14.35,6,2,2,6,,,-22.9,94,HolmSa00
P0689,2010,95,Shaun Hill,QB,22,DET,30,11,10,0,0,159.7,257,416,2686,16,12,22,123,5.59,0,0,0,0,,0,3,1,0,,1,-71.6,159,HillSh00
P0634,2010,96,Zach Miller,TE,10,OAK,25,15,15,1,0,158.5,0,0,0,0,0,0,0,,0,92,60,685,11.42,5,1,,5,,,0.0,70,MillZa01
P0588,2010,97,Jason Campbell,QB,23,OAK,29,13,12,0,0,157.7,194,329,2387,13,8,47,222,4.72,1,0,0,0,,0,9,1,1,,,-73.6,163,CampJa00
P0421,2010,98,Nate Burleson,WR,40,DET,29,14,14,0,0,157.6,0,0,0,0,0,7,81,11.57,0,86,55,625,11.36,6,2,2,6,,,-25.6,96,BurlNa00
P0099,2010,99,Jon Kitna,QB,24,DAL,38,10,9,0,0,157.3,209,318,2365,16,12,31,147,4.74,1,0,0,0,,0,7,1,1,,2,-74.0,164,KitnJo00
P0504,2010,100,Ronnie Brown,RB,26,MIA,29,16,16,0,0,156.6,0,2,0,0,0,200,734,3.67,5,43,33,242,7.33,0,3,2,5,,,-26.4,97,BrowRo05
P0739,2010,101,Chad Henne,QB,25,MIA,25,15,14,0,0,155.2,301,490,3301,15,19,35,52,1.49,0,0,0,0,,0,5,2,0,,,-76.1,168,HennCh01
P0788,2010,102,Rob Gronkowski,TE,11,NWE,21,16,11,0,0,154.6,0,0,0,0,0,0,0,,0,59,42,546,13,10,1,1,10,,,-3.9,76,GronRo00
P0789,2010,103,Jacob Tamme,TE,12,IND,25,16,8,0,0,154.1,0,0,0,0,0,0,0,,0,93,67,631,9.42,4,0,,4,,,-4.4,78,TammJa00
P0694,2010,104,Dustin Keller,TE,13,NYJ,26,16,13,0,0,153.7,0,0,0,0,0,0,0,,0,100,55,687,12.49,5,0,,5,,,-4.8,79,KellDu00
P0543,2010,105,Mike Williams,WR,41,SEA,26,14,13,0,0,152.1,0,0,0,0,0,1,0,0,0,110,65,751,11.55,2,0,,2,,,-31.1,100,WillMi03
P0702,2010,106,Michael Bush,RB,27,OAK,26,14,3,0,0,150.9,0,0,0,0,0,158,655,4.15,8,24,18,194,10.78,0,0,,8,,,-32.1,101,BushMi00
P0147,2010,107,Thomas Jones,RB,28,KAN,32,16,10,0,0,149.8,0,0,0,0,0,245,896,3.66,6,20,14,122,8.71,0,3,1,6,,,-33.2,103,JoneTh00
P0278,2010,108,Matt Hasselbeck,QB,26,SEA,35,14,14,0,0,148.0,266,444,3001,12,17,23,60,2.61,3,0,0,0,,0,7,5,3,,,-83.3,178,HassMa00
P0790,2010,109,Anthony Armstrong,WR,42,WAS,27,15,11,0,0,147.1,0,0,0,0,0,0,0,,0,86,44,871,19.8,3,1,1,3,,,-36.1,105,ArmsAn00
P0791,2010,110,Dez Bryant,WR,43,DAL,22,12,2,0,0,147.1,0,0,0,0,0,1,0,0,0,73,45,561,12.47,6,1,1,8,,,-36.1,106,BryaDe01
P0629,2010,111,James Jones,WR,44,GNB,26,16,3,0,0,145.9,0,0,0,0,0,0,0,,0,87,50,679,13.58,5,3,1,5,,,-37.3,107,JoneJa04
P0580,2010,112,Nate Washington,WR,45,TEN,27,16,16,0,0,145.9,0,0,0,0,0,1,-8,-8,0,94,42,687,16.36,6,0,,6,,,-37.3,108,WashNa00
P0555,2010,113,Brandon Jacobs,RB,29,NYG,28,16,5,0,0,145.2,0,0,0,0,0,147,823,5.6,9,13,7,59,8.43,0,2,2,9,,,-37.8,109,JacoBr00
P0609,2010,114,Malcom Floyd,WR,46,SDG,29,11,9,0,0,144.7,0,0,0,0,0,0,0,,0,77,37,717,19.38,6,1,,6,,,-38.5,111,FloyMa00
P0623,2010,115,Kevin Walter,WR,47,HOU,29,16,16,0,0,143.1,0,0,0,0,0,0,0,,0,80,51,621,12.18,5,0,,5,,,-40.1,112,WaltKe00
P0792,2010,116,Aaron Hernandez,TE,14,NWE,21,14,7,0,0,142.0,0,0,0,0,0,3,47,15.67,0,64,45,563,12.51,6,0,,6,,,-16.5,87,HernAa00
P0675,2010,117,Eddie Royal,WR,48,DEN,24,16,10,0,0,141.8,0,0,0,0,0,6,61,10.17,0,105,59,627,10.63,3,4,2,3,,,-41.4,116,RoyaEd00
P0669,2010,118,Darren Sproles,RB,30,SDG,27,16,3,0,0,141.7,0,0,0,0,0,50,267,5.34,0,75,59,520,8.81,2,3,4,2,,,-41.3,114,SproDa00
P0503,2010,119,Cadillac Williams,RB,31,TAM,28,16,9,0,0,141.2,0,0,0,0,0,125,437,3.5,2,64,46,355,7.72,1,1,1,3,,,-41.8,117,WillCa02
P0793,2010,120,Ryan Mathews,RB,32,SDG,23,12,9,0,0,140.3,0,0,0,0,0,158,678,4.29,7,26,22,145,6.59,0,5,3,7,,,-42.7,120,MathRy00
P0727,2010,121,Mike Sims-Walker,WR,49,JAX,26,14,13,0,0,139.2,0,0,0,0,0,0,0,,0,80,43,562,13.07,7,1,1,7,,,-44.0,121,WalkMi01
P0713,2010,122,Robert Meachem,WR,50,NOR,26,16,7,0,0,139.2,0,0,0,0,0,4,14,3.5,0,66,44,638,14.5,5,0,,5,,,-44.0,122,MeacRo00
P0794,2010,123,Ryan Torain,RB,33,WAS,24,10,8,0,0,138.7,0,0,0,0,0,164,742,4.52,4,27,18,125,6.94,2,2,1,6,,,-44.3,123,ToraRy00
P0621,2010,124,Marshawn Lynch,RB,34,2TM,24,16,14,0,0,138.2,0,0,0,0,0,202,737,3.65,6,26,22,145,6.59,0,4,4,6,,,-44.8,124,LyncMa00
P0795,2010,125,LeGarrette Blount,RB,35,TAM,24,13,7,0,0,137.1,0,0,0,0,0,201,1007,5.01,6,7,5,14,2.8,0,4,3,6,,,-45.9,125,BlouLe00
P0738,2010,126,Jason Snelling,RB,36,ATL,27,14,0,0,0,136.7,0,0,0,0,0,87,324,3.72,2,51,44,303,6.89,3,2,,5,,,-46.3,126,SnelJa00
P0678,2010,127,Steve Breaston,WR,51,ARI,27,13,11,0,0,135.0,1,2,17,0,0,3,35,11.67,0,87,47,718,15.28,1,0,,2,,,-48.2,128,BreaSt00
P0571,2010,128,Alex Smith,QB,27,SFO,26,11,10,0,0,134.8,204,342,2370,14,10,18,60,3.33,0,0,0,0,,0,4,2,0,,1,-96.5,197,SmitAl03
P0687,2010,129,Devin Hester,WR,52,CHI,28,16,13,1,1,132.5,0,0,0,0,0,7,30,4.29,0,73,40,475,11.88,4,0,,7,,,-50.7,131,HestDe99
P0683,2010,130,Tim Hightower,RB,37,ARI,24,16,13,0,0,130.2,0,0,0,0,0,153,736,4.81,5,42,21,136,6.48,0,5,4,5,,,-52.8,132,HighTi00
P0796,2010,131,Jordan Shipley,WR,53,CIN,25,15,4,0,0,130.0,0,0,0,0,0,0,0,,0,74,52,600,11.54,3,0,,3,,,-53.2,133,ShipJo00
P0339,2010,132,Todd Heap,TE,15,BAL,30,13,13,0,0,129.9,0,0,0,0,0,0,0,,0,64,40,599,14.98,5,1,,5,,,-28.6,98,HeapTo00
P0766,2010,133,Brandon Gibson,WR,54,STL,23,14,12,0,0,129.8,0,0,0,0,0,3,28,9.33,0,91,53,620,11.7,2,0,,2,,,-53.4,134,GibsBr00
P0198,2010,134,Donald Driver,WR,55,GNB,35,15,15,1,0,129.5,0,0,0,0,0,0,0,,0,85,51,565,11.08,4,1,1,4,,,-53.7,135,DrivDo00
P0797,2010,135,Mike Goodson,RB,38,CAR,23,16,3,0,0,128.2,0,0,0,0,0,103,452,4.39,3,57,40,310,7.75,0,6,3,3,,,-54.8,136,GoodMi00
P0747,2010,136,Jacoby Jones,WR,56,HOU,26,15,7,0,0,127.9,0,0,0,0,0,2,7,3.5,0,78,51,562,11.02,3,1,,3,1,,-55.3,138,JoneJa03
P0798,2010,137,Jacoby Ford,WR,57,OAK,23,16,9,0,0,125.5,0,0,0,0,0,10,155,15.5,2,54,25,470,18.8,2,3,2,7,,,-57.7,140,FordJa01
P0712,2010,138,Josh Morgan,WR,58,SFO,25,16,11,0,0,125.5,0,0,0,0,0,2,17,8.5,0,80,44,698,15.86,2,2,1,2,,,-57.7,141,MorgJo00
P0799,2010,139,Keiland Williams,RB,39,WAS,24,15,3,0,0,124.0,0,0,0,0,0,65,261,4.02,3,58,39,309,7.92,2,1,1,5,,,-59.0,143,WillKe03
P0800,2010,140,Jermaine Gresham,TE,16,CIN,22,15,10,0,0,123.1,0,0,0,0,0,0,0,,0,83,52,471,9.06,4,2,1,4,1,,-35.4,104,GresJe00
P0730,2010,141,Justin Forsett,RB,40,SEA,25,16,5,0,0,122.5,0,0,0,0,0,118,523,4.43,2,51,33,252,7.64,0,0,,2,,,-60.5,144,ForsJu00
P0737,2010,142,Earl Bennett,WR,59,CHI,23,14,3,0,0,121.0,0,0,0,0,0,2,9,4.5,0,71,46,561,12.2,3,1,,3,,,-62.2,147,BennEa00
P0801,2010,143,Tony Moeaki,TE,17,KAN,23,15,15,0,0,120.6,0,0,0,0,0,0,0,,0,73,47,556,11.83,3,0,,3,,,-37.9,110,MoeaTo00
P0693,2010,144,Steve Smith,WR,60,NYG,25,9,7,0,0,118.9,0,0,0,0,0,0,0,,0,75,48,529,11.02,3,0,,3,,,-64.3,148,SmitSt02
P0781,2010,145,Rashad Jennings,RB,41,JAX,25,13,3,0,0,118.2,0,0,0,0,0,84,459,5.46,4,35,26,223,8.58,0,0,,4,,,-64.8,149,JennRa00
P0459,2010,146,Roy Williams,WR,61,DAL,29,15,9,0,0,118.0,0,0,0,0,0,0,0,,0,64,37,530,14.32,5,3,2,5,1,,-65.2,150,WillRo04
P0714,2010,147,Brent Celek,TE,18,PHI,25,16,15,0,0,117.1,0,0,0,0,0,0,0,,0,79,42,511,12.17,4,0,,4,,,-41.4,115,CeleBr00
P0457,2010,148,Lee Evans,WR,62,BUF,29,13,13,0,0,116.8,0,0,0,0,0,0,0,,0,84,37,578,15.62,4,2,1,4,,,-66.4,152,EvanLe00
P0662,2010,149,Jason Avant,WR,63,PHI,27,16,3,0,0,116.3,0,0,0,0,0,0,0,,0,76,51,573,11.24,1,0,,1,1,,-66.9,153,AvanJa00
P0748,2010,150,Louis Murphy,WR,64,OAK,23,14,9,0,0,116.2,0,0,0,0,0,1,43,43,0,78,41,609,14.85,2,2,1,2,,,-67.0,154,MurpLo00
P0697,2010,151,Kevin Boss,TE,19,NYG,26,15,13,0,0,116.1,0,0,0,0,0,0,0,,0,70,35,531,15.17,5,1,1,5,,,-42.4,118,BossKe00
P0692,2010,152,Anthony Fasano,TE,20,MIA,26,15,15,0,0,115.8,0,0,0,0,0,0,0,,0,60,39,528,13.54,4,0,,4,,,-42.7,119,FasaAn00
P0039,2010,153,Ricky Williams,RB,42,MIA,33,16,0,0,0,114.4,0,0,0,0,0,159,673,4.23,2,30,19,141,7.42,1,4,2,3,,,-68.6,155,WillRi00
P0776,2010,154,Shonn Greene,RB,43,NYJ,25,15,2,0,0,112.6,0,0,0,0,0,185,766,4.14,2,24,16,120,7.5,0,3,2,2,,,-70.4,158,GreeSh00
P0659,2010,155,Visanthe Shiancoe,TE,21,MIN,30,16,9,0,0,112.0,0,0,0,0,0,0,0,,0,79,47,530,11.28,2,0,,2,,,-46.5,127,ShiaVi00
P0751,2010,156,Brian Hartline,WR,65,MIA,24,12,11,0,0,111.2,0,0,0,0,0,2,27,13.5,0,73,43,615,14.3,1,1,1,1,,,-72.0,161,HartBr00
P0342,2010,157,Steve Smith Sr.,WR,66,CAR,31,14,14,0,0,110.3,0,0,0,0,0,1,9,9,0,100,46,554,12.04,2,3,2,2,,,-72.9,162,SmitSt01
P0772,2010,158,Joel Dreessen,TE,22,HOU,28,16,10,0,0,109.8,0,0,0,0,0,0,0,,0,55,36,518,14.39,4,1,1,4,,,-48.7,129,DreeJo00
P0638,2010,159,Greg Olsen,TE,23,CHI,25,16,13,0,0,109.4,0,0,0,0,0,0,0,,0,70,41,404,9.85,5,2,1,5,,,-49.1,130,OlseGr00
P0706,2010,160,Jordy Nelson,WR,67,GNB,25,16,4,0,0,109.2,0,0,0,0,0,0,0,,0,64,45,582,12.93,2,3,3,2,,,-74.0,165,NelsJo00
P0802,2010,161,Ben Obomanu,WR,68,SEA,27,15,6,0,0,109.1,0,0,0,0,0,2,17,8.5,0,49,30,494,16.47,4,0,,4,2,,-74.1,166,ObomBe00
P0046,2010,162,Kerry Collins,QB,28,TEN,38,10,7,0,0,109.0,160,278,1823,14,8,10,1,0.1,0,0,0,0,,0,5,3,0,,1,-122.3,225,CollKe00
P0803,2010,163,David Gettis,WR,69,CAR,23,15,13,0,0,106.0,0,0,0,0,0,3,2,0.67,0,67,37,508,13.73,3,0,,3,,,-77.2,169,GettDa00
P0595,2010,164,Maurice Morris,RB,44,DET,31,14,7,0,0,105.6,0,0,0,0,0,90,336,3.73,5,31,25,170,6.8,0,1,,5,,,-77.4,170,MorrMa00
P0684,2010,165,Jonathan Stewart,RB,45,CAR,23,14,7,0,0,105.3,0,0,0,0,0,178,770,4.33,2,14,8,103,12.88,1,4,4,3,,,-77.7,171,StewJo00
P0517,2010,166,Michael Jenkins,WR,70,ATL,28,11,9,0,0,103.5,0,0,0,0,0,0,0,,0,73,41,505,12.32,2,0,,2,,,-79.7,172,JenkMi00
P0507,2010,167,Heath Miller,TE,24,PIT,28,14,14,0,0,103.2,0,0,0,0,0,0,0,,0,67,42,512,12.19,2,1,1,2,,,-55.3,137,MillHe00
P0563,2010,168,Joseph Addai,RB,46,IND,27,8,7,0,0,102.9,0,0,0,0,0,116,495,4.27,4,26,19,124,6.53,0,2,1,4,,,-80.1,173,AddaJo00
P0765,2010,169,Donald Brown,RB,47,IND,23,13,8,0,0,102.2,0,0,0,0,0,129,497,3.85,2,28,20,205,10.25,0,0,,2,,,-80.8,174,BrowDo00
P0804,2010,170,Blair White,WR,71,IND,23,13,4,0,0,101.5,0,0,0,0,0,0,0,,0,57,36,355,9.86,5,1,,5,,,-81.7,175,WhitBl00
P0805,2010,171,Brandon Tate,WR,72,NWE,23,16,10,0,0,101.4,0,0,0,0,0,5,62,12.4,0,46,24,432,18,3,1,1,5,,,-81.8,176,TateBr00
P0806,2010,172,Chris Ivory,RB,48,NOR,22,12,4,0,0,100.3,0,0,0,0,0,137,716,5.23,5,1,1,17,17,0,4,2,5,,,-82.7,177,IvorCh00
P0341,2010,173,Jeremy Shockey,TE,25,NOR,30,13,11,0,0,99.8,0,0,0,0,0,0,0,,0,59,41,408,9.95,3,0,,3,,,-58.7,142,ShocJe00
P0749,2010,174,Mohamed Massaquoi,WR,73,CLE,24,15,14,0,0,99.2,1,1,29,1,0,1,-3,-3,0,73,36,483,13.42,2,1,1,2,,,-84.0,179,MassMo00
P0807,2010,175,Deon Butler,WR,74,SEA,24,13,8,0,0,99.1,0,0,0,0,0,2,6,3,0,70,36,385,10.69,4,0,,4,,,-84.1,180,ButlDe00
P0569,2010,176,Tony Romo,QB,29,DAL,30,6,6,0,0,99.1,148,213,1605,11,7,6,38,6.33,0,0,0,11,,0,0,,0,,,-132.2,241,RomoTo00
P0808,2010,177,Tim Tebow,QB,30,DEN,23,9,3,0,0,98.9,41,82,654,5,3,43,227,5.28,6,0,0,0,,0,1,,6,,,-132.4,242,TeboTi00
P0010,2010,178,Randy Moss,WR,75,3TM,33,16,11,0,0,97.3,0,0,0,0,0,0,0,,0,63,28,393,14.04,5,0,,5,,,-85.9,181,MossRa00
P0053,2010,179,Brett Favre,QB,31,MIN,41,13,13,0,0,97.2,217,358,2509,11,19,17,8,0.47,0,0,0,0,,0,7,5,0,,,-134.1,243,FavrBr00
P0584,2010,180,Owen Daniels,TE,26,HOU,28,11,10,0,0,97.1,0,0,0,0,0,0,0,,0,68,38,471,12.39,2,0,,2,,,-61.4,145,DaniOw00
P0809,2010,181,Jimmy Graham,TE,27,NOR,24,15,5,0,0,96.9,0,0,0,0,0,1,3,3,0,44,31,356,11.48,5,1,,5,,,-61.6,146,GrahJi00
P0810,2010,182,Brandon LaFell,WR,76,CAR,24,14,2,0,0,96.8,0,1,0,0,0,1,60,60,0,77,38,468,12.32,1,0,,1,,,-86.4,182,LaFeBr00
P0565,2010,183,Jerricho Cotchery,WR,77,NYJ,28,14,5,0,0,96.0,0,0,0,0,0,4,-3,-0.75,0,86,41,433,10.56,2,0,,2,,,-87.2,183,CotcJe00
P0405,2010,184,Brian Westbrook,RB,49,SFO,31,14,5,0,0,95.0,0,0,0,0,0,77,340,4.42,4,24,16,150,9.38,1,0,,5,,,-88.0,186,WestBr00
P0811,2010,185,Marcel Reece,FB,1,OAK,25,16,10,0,0,92.5,0,0,0,0,0,30,122,4.07,1,43,25,333,13.32,3,1,1,4,,,-90.5,188,ReecMa00
P0771,2010,186,Daniel Fells,TE,28,STL,27,16,6,0,0,92.1,0,0,0,0,0,0,0,,0,65,41,391,9.54,2,0,,2,,,-66.4,151,FellDa00
P0617,2010,187,Derek Anderson,QB,32,ARI,27,12,9,0,0,91.1,169,327,2065,7,10,5,25,5,0,0,0,0,,0,6,2,0,,1,-140.2,244,AndeDe00
P0812,2010,188,Colt McCoy,QB,33,CLE,24,8,8,0,0,90.9,135,222,1576,6,9,28,136,4.86,1,1,1,13,13,0,1,,1,,,-140.4,245,McCoCo00
P0532,2010,189,Bo Scaife,TE,29,TEN,29,14,13,0,0,89.8,0,0,0,0,0,0,0,,0,52,36,318,8.83,4,2,1,4,,,-68.7,156,ScaiBo00
P0430,2010,190,Dallas Clark,TE,30,IND,31,6,6,0,0,89.7,0,0,0,0,0,0,0,,0,53,37,347,9.38,3,0,,3,,,-68.8,157,ClarDa00
P0453,2010,191,Willis McGahee,RB,50,BAL,29,15,2,0,0,89.5,0,0,0,0,0,100,380,3.8,5,17,14,55,3.93,1,2,2,6,,,-93.5,189,McGaWi00
P0813,2010,192,John Kuhn,FB,2,GNB,28,16,2,0,0,88.8,0,0,0,0,0,84,281,3.35,4,18,15,97,6.47,2,1,,6,,,-94.2,190,KuhnJo00
P0285,2010,193,Correll Buckhalter,RB,51,DEN,32,15,0,0,0,88.7,0,0,0,0,0,59,147,2.49,2,39,28,240,8.57,2,1,1,4,,,-94.3,191,BuckCo00
P0567,2010,194,Vince Young,QB,34,TEN,27,9,8,0,0,88.7,93,156,1255,10,3,25,125,5,0,0,0,0,,0,6,4,0,,,-142.6,246,YounVi00
P0648,2010,195,Pierre Thomas,RB,52,NOR,26,6,3,0,0,88.0,0,0,0,0,0,83,269,3.24,2,29,29,201,6.93,0,0,,2,,,-95.0,193,ThomPi00
P0365,2010,196,T.J. Houshmandzadeh,WR,78,BAL,33,16,2,0,0,87.8,0,0,0,0,0,0,0,,0,57,30,398,13.27,3,1,,3,,,-95.4,194,HousTJ00
P0597,2010,197,Roscoe Parrish,WR,79,BUF,28,8,6,0,0,87.3,0,0,0,0,0,3,23,7.67,0,53,33,400,12.12,2,1,,2,,,-95.9,195,ParrRo00
P0534,2010,198,Devery Henderson,WR,80,NOR,28,16,11,0,0,87.2,0,0,0,0,0,3,8,2.67,0,59,34,464,13.65,1,0,,1,,,-96.0,196,HendDe00
P0599,2010,199,Tony Scheffler,TE,31,DET,27,15,4,0,0,86.8,0,0,0,0,0,0,0,,0,72,45,378,8.4,1,1,1,1,,,-71.7,160,ScheTo00
P0542,2010,200,Patrick Crayton,WR,81,SDG,31,9,2,0,0,85.4,0,1,0,0,0,0,0,,0,42,28,514,18.36,1,0,,1,,,-97.8,199,CrayPa00
P0814,2010,201,David Nelson,TE,32,BUF,24,15,3,0,0,84.3,0,0,0,0,0,0,0,,0,47,31,353,11.39,3,0,,3,,,-74.2,167,NelsDa01
P0815,2010,202,Arrelious Benn,WR,82,TAM,22,15,9,0,0,80.0,0,0,0,0,0,6,35,5.83,0,38,25,395,15.8,2,1,,2,,,-103.2,203,BennAr00
P0643,2010,203,Laurent Robinson,WR,83,STL,25,14,11,0,0,79.0,0,0,0,0,0,2,-14,-7,0,75,34,344,10.12,2,0,,2,,,-104.2,204,RobiLa01
P0402,2010,204,Chester Taylor,RB,53,CHI,31,16,1,0,0,78.6,0,0,0,0,0,112,267,2.38,3,26,20,139,6.95,0,0,,3,,,-104.4,205,TaylCh01
P0816,2010,205,Brian Robiskie,WR,84,CLE,23,14,11,0,0,78.0,0,0,0,0,0,0,0,,0,49,29,310,10.69,3,0,,3,,,-105.2,206,RobiBr00
P0705,2010,206,Chansi Stuckey,WR,85,CLE,27,16,5,0,0,77.5,0,0,0,0,0,3,9,3,1,63,40,346,8.65,0,3,2,1,,,-105.7,207,StucCh20
P0510,2010,207,Marion Barber III,RB,54,DAL,27,13,10,0,0,77.3,0,1,0,0,0,113,374,3.31,4,16,11,49,4.45,0,0,,4,,,-105.7,208,BarbMa01
P0817,2010,208,Troy Smith,QB,35,SFO,26,6,6,0,0,77.1,73,145,1176,5,4,23,121,5.26,1,0,0,0,,0,6,,1,,,-154.2,247,SmitTr02
P0561,2010,209,Reggie Bush,RB,55,NOR,25,8,6,0,0,75.8,0,0,0,0,0,36,150,4.17,0,42,34,208,6.12,1,2,,1,,,-107.2,209,BushRe00
P0818,2010,210,Emmanuel Sanders,WR,86,PIT,23,13,1,0,0,75.6,0,0,0,0,0,0,0,,0,50,28,376,13.43,2,2,1,2,,,-107.6,210,SandEm00
P0819,2010,211,C.J. Spiller,RB,56,BUF,23,14,1,0,0,74.0,0,0,0,0,0,74,283,3.82,0,30,24,157,6.54,1,5,3,2,,,-109.0,211,SpilC.00
P0820,2010,212,Darrius Heyward-Bey,WR,87,OAK,23,15,14,0,0,71.4,0,0,0,0,0,4,48,12,0,65,26,366,14.08,1,1,1,1,,,-111.8,212,HeywDa00
P0821,2010,213,Jared Cook,TE,33,TEN,23,16,1,0,0,71.1,0,0,0,0,0,0,0,,0,45,29,361,12.45,1,0,,1,,,-87.4,184,CookJa02
P0741,2010,214,Fred Davis,TE,34,WAS,24,16,9,0,0,70.6,0,0,0,0,0,0,0,,0,30,21,316,15.05,3,0,,3,,,-87.9,185,DaviFr01
P0822,2010,215,Toby Gerhart,RB,57,MIN,23,15,1,0,0,69.9,0,0,0,0,0,81,322,3.98,1,29,21,167,7.95,0,3,3,1,,,-113.1,213,GerhTo00
P0686,2010,216,John Carlson,TE,35,SEA,26,15,13,0,0,68.8,0,0,0,0,0,0,0,,0,58,31,318,10.26,1,0,,1,,,-89.7,187,CarlJo00
P0628,2010,217,Derrick Ward,RB,58,HOU,30,16,0,0,0,68.6,0,0,0,0,0,50,315,6.3,4,11,7,61,8.71,0,0,,4,,,-114.4,214,WardDe01
P0701,2010,218,Tashard Choice,RB,59,DAL,26,16,0,0,0,68.2,0,0,0,0,0,66,243,3.68,3,22,17,109,6.41,0,1,1,3,,,-114.8,215,ChoiTa00
P0297,2010,219,Brandon Stokley,WR,88,SEA,34,11,0,0,0,66.4,0,0,0,0,0,0,0,,0,43,31,354,11.42,0,0,,0,,,-116.8,216,StokBr00
P0511,2010,220,Mark Clayton,WR,89,STL,28,5,5,0,0,66.2,0,0,0,0,0,1,6,6,0,42,23,306,13.3,2,0,,2,,,-117.0,217,ClayMa01
P0775,2010,221,Legedu Naanee,WR,90,SDG,27,10,9,0,0,65.9,0,0,0,0,0,3,-2,-0.67,0,46,23,371,16.13,1,1,1,1,1,,-117.3,218,NaanLe00
P0823,2010,222,Andre Roberts,WR,91,ARI,22,15,2,0,0,64.7,0,0,0,0,0,0,0,,0,49,24,307,12.79,2,2,1,2,,,-118.5,219,RobeAn00
P0740,2010,223,Beanie Wells,RB,60,ARI,22,13,2,0,0,64.1,0,0,0,0,0,116,397,3.42,2,8,5,74,14.8,0,1,,2,,,-118.9,220,WellCh00
P0760,2010,224,David Thomas,TE,36,NOR,27,13,8,0,0,63.9,0,0,0,0,0,0,0,,0,46,30,219,7.3,2,0,,2,,,-94.6,192,ThomDa02
P0753,2010,225,Josh Cribbs,WR,92,CLE,27,15,5,0,0,63.6,2,3,19,0,0,20,66,3.3,0,39,23,292,12.7,1,7,1,1,,,-119.6,221,CribJo01
P0824,2010,226,Kevin Kolb,QB,36,PHI,26,7,5,0,0,62.4,115,189,1197,7,7,15,65,4.33,0,0,0,0,,0,6,3,0,,,-168.9,248,KolbKe00
P0383,2010,227,Ladell Betts,RB,61,NOR,31,8,1,0,0,62.1,0,0,0,0,0,45,150,3.33,2,31,23,141,6.13,0,1,1,2,,,-120.9,222,BettLa00
P0825,2010,228,Delanie Walker,TE,37,SFO,26,14,8,0,0,61.9,0,0,0,0,0,3,18,6,0,45,29,331,11.41,0,1,1,0,,,-96.6,198,WalkHu00
P0826,2010,229,Jerome Simpson,WR,93,CIN,24,5,3,0,0,61.9,0,0,0,0,0,1,2,2,0,25,20,277,13.85,3,2,2,3,,,-121.3,223,SimpJe00
P0827,2010,230,Early Doucet,WR,94,ARI,25,10,5,0,0,61.6,0,0,0,0,0,2,5,2.5,0,59,26,291,11.19,1,0,,1,,,-121.6,224,DoucEa00
P0828,2010,231,Javarris James,RB,62,IND,23,10,0,0,0,60.5,0,0,0,0,0,46,112,2.43,6,11,9,63,7,0,1,1,6,,,-122.5,226,JameJa00
P0475,2010,232,Mewelde Moore,RB,63,PIT,28,15,0,0,0,60.4,0,0,0,0,0,33,99,3,0,31,26,205,7.88,0,0,,0,2,,-122.6,227,MoorMe00
P0829,2010,233,Dexter McCluster,WR,95,KAN,21,11,7,0,0,59.0,0,0,0,0,0,18,71,3.94,0,39,21,209,9.95,1,2,1,2,,,-124.2,228,McClDe00
P0711,2010,234,Martellus Bennett,TE,38,DAL,23,16,11,0,0,59.0,0,0,0,0,0,0,0,,0,47,33,260,7.88,0,1,,0,,,-99.5,200,BennMa00
P0645,2010,235,Brad Smith,WR,96,NYJ,27,16,2,0,0,58.5,2,3,6,1,0,38,299,7.87,1,7,4,44,11,0,1,1,3,,,-124.7,229,SmitBr01
P0830,2010,236,Demaryius Thomas,WR,97,DEN,23,10,2,0,0,58.4,0,0,0,0,0,2,1,0.5,0,39,22,283,12.86,2,3,2,2,,,-124.8,230,ThomDe03
P0768,2010,237,Dante Rosario,TE,39,CAR,26,16,6,0,0,58.2,0,0,0,0,0,1,-2,-2,0,58,32,264,8.25,0,0,,0,,,-100.3,201,RosaDa00
P0582,2010,238,Vincent Jackson,WR,98,SDG,27,5,5,0,0,58.2,0,0,0,0,0,1,14,14,0,24,14,248,17.71,3,0,,3,,,-125.0,231,JackVi00
P0831,2010,239,Jimmy Clausen,QB,37,CAR,23,13,10,0,0,58.0,157,299,1558,3,9,23,57,2.48,0,0,0,0,,0,9,2,0,,,-173.3,249,ClauJi00
P0832,2010,240,Micheal Spurlock,WR,99,TAM,27,16,1,0,0,58.0,0,3,0,0,0,0,0,,0,33,17,250,14.71,2,2,1,3,,,-125.2,232,SpurMi00
P0717,2010,241,Jerome Harrison,RB,64,2TM,27,12,2,0,0,57.5,0,0,0,0,0,71,330,4.65,1,13,12,85,7.08,0,2,1,1,,,-125.5,233,HarrJe00
P0750,2010,242,Andre Caldwell,WR,100,CIN,25,15,5,0,0,57.3,0,0,0,0,0,1,-2,-2,0,37,25,345,13.8,0,1,1,0,,,-125.9,235,CaldAn00
P0351,2010,243,Antwaan Randle El,WR,101,PIT,31,16,0,0,0,57.2,2,2,42,2,0,1,2,2,0,39,22,253,11.5,0,2,,0,,,-126.0,236,RandAn00
P0577,2010,244,DeAngelo Williams,RB,65,CAR,27,6,6,0,0,57.2,0,0,0,0,0,87,361,4.15,1,13,11,61,5.55,0,1,1,1,,,-125.8,234,WillDe02
P0735,2010,245,Jermichael Finley,TE,40,GNB,23,5,5,0,0,57.1,0,0,0,0,0,0,0,,0,26,21,301,14.33,1,0,,1,,,-101.4,202,FinlJe00
P0635,2010,246,Sidney Rice,WR,102,MIN,24,6,5,0,0,57.0,0,0,0,0,0,0,0,,0,42,17,280,16.47,2,0,,2,,,-126.2,237,RiceSi01
P0708,2010,247,Harry Douglas,WR,103,ATL,26,16,4,0,0,56.9,0,0,0,0,0,2,-5,-2.5,0,53,22,294,13.36,1,0,,1,,,-126.3,238,DougHa00
P0833,2010,248,Danario Alexander,WR,104,STL,24,8,2,0,0,56.6,0,0,0,0,0,0,0,,0,37,20,306,15.3,1,0,,1,,,-126.6,239,AlexDa00
P0834,2010,249,Drew Stanton,QB,38,DET,26,6,3,0,0,56.5,69,119,780,4,3,18,113,6.28,1,0,0,0,,0,3,1,1,,,-174.8,250,StanDr00
P0835,2010,250,LaRod Stephens-Howling,RB,66,ARI,23,13,2,0,0,56.4,0,0,0,0,0,23,113,4.91,1,23,16,111,6.94,0,0,,3,,,-126.6,240,StepLa00
P0671,2011,1,Aaron Rodgers,QB,1,GNB,28,15,15,1,1,397.4,343,502,4643,45,6,60,257,4.28,3,0,0,0,,0,4,,3,,,160.1,3,RodgAa00
P0340,2011,2,Drew Brees,QB,2,NOR,32,16,16,1,0,393.6,468,657,5476,46,14,21,86,4.1,1,0,0,0,,0,1,1,1,,3,156.3,5,BreeDr00
P0698,2011,3,Ray Rice,RB,1,BAL,24,16,16,1,0,372.8,1,1,1,1,0,291,1364,4.69,12,104,76,704,9.26,3,2,2,15,,,190.1,1,RiceRa00
P0836,2011,4,Cam Newton,QB,3,CAR,22,16,16,1,0,370.3,310,517,4051,21,17,126,706,5.6,14,1,1,27,27,0,5,2,14,,2,133.0,8,NewtCa00
P0260,2011,5,Tom Brady,QB,4,NWE,34,16,16,1,0,366.3,401,611,5235,39,12,43,109,2.53,3,0,0,0,,0,6,2,3,,,129.0,9,BradTo00
P0625,2011,6,Calvin Johnson,WR,1,DET,26,16,16,1,1,359.2,0,0,0,0,0,1,11,11,0,158,96,1681,17.51,16,1,1,16,,,177.0,2,JohnCa00
P0745,2011,7,Matthew Stafford,QB,5,DET,23,16,16,0,0,343.3,421,663,5038,41,16,22,78,3.55,0,0,0,0,,0,5,1,0,,2,106.0,13,StafMa00
P0537,2011,8,Wes Welker,WR,2,NWE,30,16,15,1,1,335.9,0,0,0,0,0,4,30,7.5,0,173,122,1569,12.86,9,1,,9,,,153.7,6,WelkWe00
P0788,2011,9,Rob Gronkowski,TE,1,NWE,22,16,16,1,1,330.9,0,0,0,0,0,1,2,2,1,124,90,1327,14.74,17,0,,18,,,156.4,4,GronRo00
P0732,2011,10,LeSean McCoy,RB,2,PHI,23,15,15,1,1,328.4,0,0,0,0,0,273,1309,4.79,17,69,48,315,6.56,3,1,1,20,,,145.7,7,McCoLe01
P0778,2011,11,Arian Foster,RB,3,HOU,25,13,13,1,0,305.1,0,0,0,0,0,278,1224,4.4,10,72,53,617,11.64,2,5,2,12,,,122.4,10,FostAr00
P0560,2011,12,Maurice Jones-Drew,RB,4,JAX,26,16,16,1,1,305.0,0,0,0,0,0,343,1606,4.68,8,64,43,374,8.7,3,6,1,11,,,122.3,11,DrewMa00
P0809,2011,13,Jimmy Graham,TE,2,NOR,25,16,11,1,0,294.0,0,0,0,0,0,0,0,,0,149,99,1310,13.23,11,1,1,11,,,119.5,12,GrahJi00
P0837,2011,14,Victor Cruz,WR,3,NYG,25,16,7,0,0,287.9,0,0,0,0,0,1,3,3,0,131,82,1536,18.73,9,1,1,9,,,105.7,14,CruzVi00
P0706,2011,15,Jordy Nelson,WR,4,GNB,26,16,9,0,0,284.3,0,0,0,0,0,0,0,,0,96,68,1263,18.57,15,0,,15,,,102.1,15,NelsJo00
P0499,2011,16,Eli Manning,QB,6,NYG,30,16,16,1,0,280.8,359,589,4933,29,16,35,15,0.43,1,0,0,0,,0,8,4,1,,,43.5,30,MannEl00
P0522,2011,17,Roddy White,WR,5,ATL,30,16,16,1,0,277.6,0,0,0,0,0,0,0,,0,180,100,1296,12.96,8,0,,8,,,95.4,16,WhitRo00
P0669,2011,18,Darren Sproles,RB,5,NOR,28,16,4,0,0,277.3,0,0,0,0,0,87,603,6.93,2,111,86,710,8.26,7,0,,10,,,94.6,17,SproDa00
P0569,2011,19,Tony Romo,QB,7,DAL,31,16,16,0,0,276.0,346,522,4184,31,10,22,46,2.09,1,0,0,0,,0,6,3,1,,,38.7,36,RomoTo00
P0679,2011,20,Matt Ryan,QB,8,ATL,26,16,16,0,0,273.5,347,566,4177,29,12,37,84,2.27,2,0,0,0,,0,5,3,2,,,36.2,39,RyanMa00
P0458,2011,21,Larry Fitzgerald,WR,6,ARI,28,16,16,1,0,269.1,0,0,0,0,0,0,0,,0,154,80,1411,17.64,8,0,,8,,,86.9,18,FitzLa00
P0725,2011,22,Percy Harvin,WR,7,MIN,23,16,14,0,0,268.2,0,0,0,0,0,52,345,6.63,2,121,87,967,11.11,6,2,2,9,,,86.0,19,HarvPe00
P0342,2011,23,Steve Smith Sr.,WR,8,CAR,32,16,16,1,0,264.0,0,0,0,0,0,6,56,9.33,0,129,79,1394,17.65,7,3,2,7,1,,81.8,20,SmitSt01
P0566,2011,24,Philip Rivers,QB,9,SDG,30,16,16,1,0,254.6,366,582,4624,27,20,26,36,1.38,1,0,0,0,,0,9,5,1,,1,17.3,52,RivePh00
P0621,2011,25,Marshawn Lynch,RB,6,SEA,25,15,15,1,0,243.6,0,2,0,0,0,285,1204,4.22,12,41,28,212,7.57,1,3,2,13,,,60.9,21,LyncMa00
P0734,2011,26,Mike Wallace,WR,9,PIT,25,16,14,1,0,243.0,0,0,0,0,0,5,57,11.4,0,114,72,1193,16.57,8,1,1,8,,,60.8,22,WallMi00
P0564,2011,27,Marques Colston,WR,10,NOR,28,14,7,0,0,240.3,0,0,0,0,0,0,0,,0,107,80,1143,14.29,8,1,1,8,,,58.1,23,ColsMa00
P0600,2011,28,Brandon Marshall,WR,11,MIA,27,16,16,1,0,237.7,0,0,0,0,0,1,13,13,0,141,81,1214,14.99,6,1,1,6,,,55.5,24,MarsBr00
P0742,2011,29,Mark Sanchez,QB,10,NYJ,25,16,16,0,0,237.3,308,543,3474,26,18,37,103,2.78,6,0,0,0,,0,10,8,6,,,0.0,69,SancMa00
P0731,2011,30,Hakeem Nicks,WR,12,NYG,23,15,15,0,0,237.2,0,0,0,0,0,0,0,,0,133,76,1192,15.68,7,0,,7,,,55.0,25,NickHa01
P0793,2011,31,Ryan Mathews,RB,7,SDG,24,14,14,1,0,236.6,0,0,0,0,0,222,1091,4.91,6,59,50,455,9.1,0,5,2,6,,,53.9,26,MathRy00
P0310,2011,32,Michael Vick,QB,11,PHI,31,13,13,0,0,233.0,253,423,3303,18,14,76,589,7.75,1,0,0,0,,0,10,4,1,,,-4.3,73,VickMi00
P0553,2011,33,Michael Turner,RB,8,ATL,29,16,15,0,0,229.8,0,0,0,0,0,301,1340,4.45,11,26,17,168,9.88,0,3,2,11,,,47.1,28,TurnMi00
P0582,2011,34,Vincent Jackson,WR,13,SDG,28,16,16,1,0,229.7,0,0,0,0,0,3,51,17,0,115,60,1106,18.43,9,0,,9,,,47.5,27,JackVi00
P0620,2011,35,Dwayne Bowe,WR,14,KAN,27,16,14,0,0,228.1,0,0,0,0,0,1,12,12,0,142,81,1159,14.31,5,1,,5,,,45.9,29,BoweDw00
P0673,2011,36,Chris Johnson,RB,9,TEN,26,16,16,0,0,225.5,0,0,0,0,0,262,1047,4,4,79,57,418,7.33,0,3,1,4,,,42.8,31,JohnCh04
P0580,2011,37,Nate Washington,WR,15,TEN,28,16,15,0,0,224.8,0,0,0,0,0,2,5,2.5,1,121,74,1023,13.82,7,0,,8,,,42.6,32,WashNa00
P0468,2011,38,Steven Jackson,RB,10,STL,28,15,15,0,0,223.8,0,0,0,0,0,260,1145,4.4,5,58,42,333,7.93,1,2,1,6,,,41.1,33,JackSt00
P0559,2011,39,Ryan Fitzpatrick,QB,12,BUF,29,16,16,0,0,222.8,353,569,3832,24,23,56,215,3.84,0,0,0,0,,0,7,2,0,1,,-14.5,79,FitzRy00
P0702,2011,40,Michael Bush,RB,11,OAK,27,16,9,0,0,222.5,0,0,0,0,0,256,977,3.82,7,47,37,418,11.3,1,1,1,8,,,39.8,35,BushMi00
P0670,2011,41,Matt Forte,RB,12,CHI,26,12,12,1,0,220.7,0,1,0,0,0,203,997,4.91,3,76,52,490,9.42,1,2,2,4,,,38.0,37,FortMa00
P0561,2011,42,Reggie Bush,RB,13,MIA,26,15,15,0,0,219.2,0,0,0,0,0,216,1086,5.03,6,52,43,296,6.88,1,4,2,7,,,36.5,38,BushRe00
P0783,2011,43,Stevie Johnson,WR,16,BUF,25,16,16,0,0,218.4,0,0,0,0,0,0,0,,0,134,76,1004,13.21,7,0,,7,,,36.2,40,JohnSt00
P0838,2011,44,A.J. Green,WR,17,CIN,23,15,15,1,0,218.0,0,0,0,0,0,5,53,10.6,0,115,65,1057,16.26,7,1,,7,,,35.8,41,GreeA.00
P0462,2011,45,Ben Roethlisberger,QB,13,PIT,29,15,15,1,0,216.1,324,513,4077,21,14,31,70,2.26,0,0,0,0,,0,8,5,0,,,-21.2,88,RoetBe00
P0578,2011,46,Greg Jennings,WR,18,GNB,28,13,13,1,0,215.9,0,0,0,0,0,0,0,,0,101,67,949,14.16,9,0,,9,,,33.7,43,JennGr00
P0792,2011,47,Aaron Hernandez,TE,3,NWE,22,14,12,0,0,214.5,0,0,0,0,0,5,45,9,0,113,79,910,11.52,7,1,1,7,,,40.0,34,HernAa00
P0571,2011,48,Alex Smith,QB,14,SFO,27,16,16,0,0,211.7,273,445,3144,17,5,52,179,3.44,2,0,0,0,,0,7,2,2,,1,-25.6,94,SmitAl03
P0027,2011,49,Tony Gonzalez,TE,4,ATL,35,16,16,1,0,209.5,0,0,0,0,0,0,0,,0,116,80,875,10.94,7,0,,7,,,35.0,42,GonzTo00
P0653,2011,50,Fred Jackson,RB,14,BUF,30,10,10,0,0,208.6,0,0,0,0,0,170,934,5.49,6,50,39,442,11.33,0,2,2,6,,,25.9,45,JackFr02
P0839,2011,51,Andy Dalton,QB,15,CIN,24,16,16,1,0,207.1,300,516,3398,20,13,37,152,4.11,1,1,0,0,,0,4,2,1,,,-30.2,101,DaltAn00
P0618,2011,52,Adrian Peterson,RB,15,MIN,26,12,12,0,0,206.9,0,0,0,0,0,208,970,4.66,12,24,18,139,7.72,1,1,,13,,,24.2,46,PeteAd01
P0791,2011,53,Dez Bryant,WR,19,DAL,23,15,13,0,0,206.3,0,0,0,0,0,1,5,5,0,103,63,928,14.73,9,3,2,9,,,24.1,47,BryaDe01
P0643,2011,54,Laurent Robinson,WR,20,DAL,26,14,4,0,0,205.8,0,0,0,0,0,0,0,,0,80,54,858,15.89,11,0,,11,,,23.6,48,RobiLa01
P0754,2011,55,Josh Freeman,QB,16,TAM,23,15,15,0,0,205.1,346,551,3592,16,22,55,238,4.33,4,1,0,-4,,0,9,5,4,,2,-32.2,103,FreeJo00
P0764,2011,56,Mike Tolbert,RB,16,SDG,26,15,1,0,0,204.3,0,0,0,0,0,121,490,4.05,8,79,54,433,8.02,2,2,1,10,,,21.6,49,TolbMi00
P0681,2011,57,Joe Flacco,QB,17,BAL,26,16,16,0,0,203.4,312,542,3610,20,12,39,88,2.26,1,1,1,-8,-8,0,11,6,1,,,-33.9,104,FlacJo00
P0425,2011,58,Jason Witten,TE,5,DAL,29,16,16,0,0,203.2,0,0,0,0,0,0,0,,0,117,79,942,11.92,5,1,,5,,,28.7,44,WittJa00
P0840,2011,59,Antonio Brown,WR,21,PIT,23,16,3,1,0,201.9,0,0,0,0,0,7,41,5.86,0,124,69,1108,16.06,2,0,,3,,,19.7,50,BrowAn04
P0841,2011,60,Julio Jones,WR,22,ATL,22,13,13,0,0,201.5,0,0,0,0,0,6,56,9.33,0,95,54,959,17.76,8,1,1,8,,,19.3,51,JoneJu02
P0736,2011,61,Pierre Garcon,WR,23,IND,25,16,16,0,0,199.5,0,0,0,0,0,4,28,7,0,134,70,947,13.53,6,2,2,6,,,17.3,53,GarcPi00
P0808,2011,62,Tim Tebow,QB,18,DEN,24,14,11,0,0,199.2,126,271,1729,12,6,122,660,5.41,6,0,0,0,,0,13,6,6,2,,-38.1,112,TeboTi00
P0451,2011,63,Brandon Lloyd,WR,24,2TM,30,15,14,0,0,196.6,0,1,0,0,0,0,0,,0,148,70,966,13.8,5,1,,5,,,14.4,55,LloyBr00
P0308,2011,64,Reggie Wayne,WR,25,IND,33,16,16,0,0,195.0,0,0,0,0,0,0,0,,0,132,75,960,12.8,4,0,,4,,,12.8,56,WaynRe00
P0684,2011,65,Jonathan Stewart,RB,17,CAR,24,16,3,0,0,194.4,0,0,0,0,0,142,761,5.36,4,61,47,413,8.79,1,1,,5,,,11.7,57,StewJo00
P0516,2011,66,Frank Gore,RB,18,SFO,28,16,15,1,0,193.5,0,0,0,0,0,282,1211,4.29,8,31,17,114,6.71,0,2,2,8,,,10.8,58,GoreFr00
P0719,2011,67,Ahmad Bradshaw,RB,19,NYG,25,12,9,0,0,192.6,0,0,0,0,0,171,659,3.85,9,44,34,267,7.85,2,1,1,11,1,,9.9,59,BradAh00
P0776,2011,68,Shonn Greene,RB,20,NYJ,26,16,15,0,0,192.5,0,0,0,0,0,253,1054,4.17,6,41,30,211,7.03,0,1,,6,,,9.8,60,GreeSh00
P0759,2011,69,Brandon Pettigrew,TE,6,DET,26,16,16,0,0,190.7,0,0,0,0,0,0,0,,0,126,83,777,9.36,5,0,,5,,,16.2,54,PettBr00
P0362,2011,70,Jabar Gaffney,WR,26,WAS,31,16,15,0,0,190.7,0,0,0,0,0,0,0,,0,114,68,947,13.93,5,1,1,5,,,8.5,62,GaffJa00
P0278,2011,71,Matt Hasselbeck,QB,19,TEN,36,16,16,0,0,190.0,319,518,3571,18,14,20,52,2.6,0,0,0,0,,0,4,1,0,,,-47.3,119,HassMa00
P0746,2011,72,Michael Crabtree,WR,27,SFO,24,15,14,0,0,186.0,0,0,0,0,0,1,6,6,0,115,72,874,12.14,4,0,,4,1,,3.8,65,CrabMi00
P0427,2011,73,Antonio Gates,TE,7,SDG,31,13,13,1,0,183.8,0,0,0,0,0,0,0,,0,88,64,778,12.16,7,0,,7,,,9.3,61,GateAn00
P0820,2011,74,Darrius Heyward-Bey,WR,28,OAK,24,15,14,0,0,183.5,0,0,0,0,0,0,0,,0,115,64,975,15.23,4,1,1,4,,,1.3,66,HeywDa00
P0648,2011,75,Pierre Thomas,RB,21,NOR,27,16,7,0,0,182.7,0,0,0,0,0,110,562,5.11,5,59,50,425,8.5,1,1,1,6,,,0.0,70,ThomPi00
P0682,2011,76,DeSean Jackson,WR,29,PHI,25,15,15,0,0,182.2,0,0,0,0,0,7,41,5.86,0,104,58,961,16.57,4,1,,4,,,0.0,67,JackDe00
P0842,2011,77,Torrey Smith,WR,30,BAL,22,16,14,0,0,180.0,0,0,0,0,0,4,39,9.75,0,95,50,841,16.82,7,1,,7,,,-2.2,72,SmitTo02
P0735,2011,78,Jermichael Finley,TE,8,GNB,24,16,13,0,0,179.7,0,0,0,0,0,0,0,,0,92,55,767,13.95,8,0,,8,,,5.2,63,FinlJe00
P0603,2011,79,Vernon Davis,TE,9,SFO,27,16,16,0,0,179.7,0,0,0,0,0,2,-5,-2.5,0,95,67,792,11.82,6,3,1,6,,,5.2,64,DaviVe00
P0724,2011,80,Rashard Mendenhall,RB,22,PIT,24,15,15,0,0,178.2,0,0,0,0,0,228,928,4.07,9,28,18,154,8.56,0,1,1,9,,,-4.5,74,MendRa00
P0733,2011,81,Jeremy Maclin,WR,31,PHI,23,13,13,0,0,177.0,0,0,0,0,0,1,1,1,0,96,63,859,13.63,5,1,1,5,,,-5.2,75,MaclJe00
P0740,2011,82,Beanie Wells,RB,23,ARI,23,14,14,0,0,175.9,0,0,0,0,0,245,1047,4.27,10,16,10,52,5.2,0,4,2,10,,,-6.8,76,WellCh00
P0694,2011,83,Dustin Keller,TE,10,NYJ,27,16,12,0,0,174.5,0,0,0,0,0,0,0,,0,115,65,815,12.54,5,1,1,5,,,0.0,68,KellDu00
P0421,2011,84,Nate Burleson,WR,32,DET,30,16,11,0,0,173.2,0,0,0,0,0,11,85,7.73,0,110,73,757,10.37,3,1,1,3,,,-9.0,77,BurlNa00
P0714,2011,85,Brent Celek,TE,11,PHI,26,16,16,0,0,173.1,0,0,0,0,0,0,0,,0,98,62,811,13.08,5,0,,5,,,-1.4,71,CeleBr00
P0646,2011,86,Lance Moore,WR,33,NOR,28,14,7,0,0,166.7,0,0,0,0,0,0,0,,0,73,52,627,12.06,8,0,,8,2,,-15.5,80,MoorLa00
P0568,2011,87,Kellen Winslow,TE,12,TAM,28,16,15,0,0,165.3,0,0,0,0,0,0,0,,0,123,75,763,10.17,2,2,1,2,2,,-9.2,78,WinsKe01
P0574,2011,88,Santonio Holmes,WR,34,NYJ,27,16,16,0,0,165.1,0,0,0,0,0,3,27,9,0,101,51,654,12.82,8,2,1,8,,,-17.1,81,HolmSa00
P0843,2011,89,Roy Helu,RB,24,WAS,23,15,5,0,0,164.9,0,0,0,0,0,151,640,4.24,2,59,49,379,7.73,1,2,2,3,,,-17.8,83,HeluRo00
P0403,2011,90,Anquan Boldin,WR,35,BAL,31,14,14,0,0,163.7,0,0,0,0,0,0,0,,0,106,57,887,15.56,3,0,,3,,,-18.5,84,BoldAn00
P0453,2011,91,Willis McGahee,RB,25,DEN,30,15,14,1,0,163.0,0,0,0,0,0,249,1199,4.82,4,20,12,51,4.25,1,4,3,5,1,,-19.7,85,McGaWi00
P0767,2011,92,Matt Moore,QB,20,MIA,27,13,12,0,0,162.4,210,347,2497,16,9,32,65,2.03,2,0,0,0,,0,14,1,2,,,-74.9,152,MoorMa01
P0627,2011,93,Tarvaris Jackson,QB,21,SEA,28,15,14,0,0,162.4,271,450,3091,14,13,40,108,2.7,1,0,0,0,,0,9,4,1,,,-74.9,153,JackTa00
P0581,2011,94,Cedric Benson,RB,26,CIN,29,15,15,0,0,161.9,0,0,0,0,0,273,1067,3.91,6,22,15,82,5.47,0,5,2,6,,,-20.8,87,BensCe00
P0812,2011,95,Colt McCoy,QB,22,CLE,25,13,13,0,0,161.0,265,463,2733,14,11,61,212,3.48,0,1,1,-5,-5,0,11,2,0,,,-76.3,157,McCoCo00
P0609,2011,96,Malcom Floyd,WR,36,SDG,30,12,9,0,0,158.6,0,0,0,0,0,0,0,,0,70,43,856,19.91,5,0,,5,,,-23.6,89,FloyMa00
P0633,2011,97,Matt Schaub,QB,23,HOU,30,10,10,0,0,158.1,178,292,2479,15,6,15,9,0.6,2,0,0,0,,0,3,1,2,,,-79.2,159,SchaMa00
P0819,2011,98,C.J. Spiller,RB,27,BUF,24,16,11,0,0,158.0,0,0,0,0,0,107,561,5.24,4,54,39,269,6.9,2,2,,6,,,-24.7,90,SpilC.00
P0715,2011,99,BenJarvus Green-Ellis,RB,28,NWE,26,16,6,0,0,157.6,0,0,0,0,0,181,667,3.69,11,13,9,159,17.67,0,0,,11,,,-25.1,93,GreeBe00
P0844,2011,100,Eric Decker,WR,37,DEN,24,16,13,0,0,157.3,0,1,0,0,0,1,1,1,0,96,44,612,13.91,8,1,1,9,,,-24.9,91,DeckEr00
P0814,2011,101,David Nelson,TE,13,BUF,25,16,13,0,0,156.8,0,0,0,0,0,0,0,,0,97,61,658,10.79,5,0,,5,,,-17.7,82,NelsDa01
P0784,2011,102,Mike Williams,WR,38,TAM,24,16,15,0,0,156.4,0,0,0,0,0,1,3,3,0,124,65,771,11.86,3,2,2,3,,,-25.8,95,WillMi04
P0577,2011,103,DeAngelo Williams,RB,29,CAR,28,16,14,0,0,155.1,0,0,0,0,0,155,836,5.39,7,25,16,135,8.44,0,0,,7,,,-27.6,96,WillDe02
P0741,2011,104,Fred Davis,TE,14,WAS,25,12,12,0,0,154.6,0,0,0,0,0,0,0,,0,88,59,796,13.49,3,1,1,3,,,-19.9,86,DaviFr01
P0224,2011,105,Plaxico Burress,WR,39,NYJ,34,16,13,0,0,154.2,0,0,0,0,0,0,0,,0,96,45,612,13.6,8,0,,8,,,-28.0,97,BurrPl00
P0678,2011,106,Steve Breaston,WR,40,KAN,28,16,13,0,0,154.0,0,0,0,0,0,1,25,25,0,98,61,785,12.87,2,0,,2,,,-28.2,98,BreaSt00
P0845,2011,107,Doug Baldwin,WR,41,SEA,23,16,1,0,0,153.6,0,0,0,0,0,1,-2,-2,0,85,51,788,15.45,4,0,,4,,,-28.6,99,BaldDo00
P0827,2011,108,Early Doucet,WR,42,ARI,26,16,6,0,0,152.9,0,0,0,0,0,0,0,,0,97,54,689,12.76,5,1,,5,,,-29.3,100,DoucEa00
P0360,2011,109,Deion Branch,WR,43,NWE,32,15,15,0,0,151.2,0,0,0,0,0,0,0,,0,90,51,702,13.76,5,0,,5,,,-31.0,102,BranDe00
P0800,2011,110,Jermaine Gresham,TE,15,CIN,23,14,13,1,0,149.6,0,0,0,0,0,0,0,,0,92,56,596,10.64,6,1,1,6,,,-24.9,92,GresJe00
P0570,2011,111,Rex Grossman,QB,24,WAS,31,13,13,0,0,149.1,265,458,3151,16,20,20,11,0.55,1,0,0,0,,0,8,4,1,,,-88.2,175,GrosRe00
P0846,2011,112,Titus Young,WR,44,DET,22,16,9,0,0,148.2,0,0,0,0,0,2,15,7.5,0,86,48,607,12.65,6,1,,6,1,,-34.0,105,YounTi00
P0826,2011,113,Jerome Simpson,WR,45,CIN,25,16,14,0,0,146.5,0,0,0,0,0,0,0,,0,105,50,725,14.5,4,0,,4,,,-35.7,108,SimpJe00
P0847,2011,114,DeMarco Murray,RB,30,DAL,23,13,7,0,0,146.0,0,0,0,0,0,164,897,5.47,2,35,26,183,7.04,0,1,,2,,,-36.7,109,MurrDe00
P0848,2011,115,Greg Little,WR,46,CLE,22,16,12,0,0,145.4,0,0,0,0,0,3,15,5,0,119,61,709,11.62,2,0,,2,,,-36.8,110,LittGr00
P0629,2011,116,James Jones,WR,47,GNB,27,16,0,0,0,143.5,0,0,0,0,0,0,0,,0,55,38,635,16.71,7,1,,7,,,-38.7,113,JoneJa04
P0718,2011,117,Miles Austin,WR,48,DAL,27,10,10,0,0,143.2,0,0,0,0,0,2,3,1.5,0,73,43,579,13.47,7,1,,7,,,-39.0,114,AustMi00
P0713,2011,118,Robert Meachem,WR,49,NOR,27,16,8,0,0,139.8,0,0,0,0,0,4,18,4.5,0,60,40,620,15.5,6,0,,6,,,-42.4,115,MeacRo00
P0584,2011,119,Owen Daniels,TE,16,HOU,29,15,15,0,0,139.7,0,0,0,0,0,0,0,,0,85,54,677,12.54,3,0,,3,,,-34.8,106,DaniOw00
P0821,2011,120,Jared Cook,TE,17,TEN,24,16,5,0,0,138.9,0,0,0,0,0,0,0,,0,81,49,759,15.49,3,2,2,3,,,-35.6,107,CookJa02
P0849,2011,121,Denarius Moore,WR,50,OAK,23,13,10,0,0,136.9,0,0,0,0,0,5,61,12.2,1,76,33,618,18.73,5,1,,6,,,-45.3,116,MoorDe02
P0850,2011,122,Ed Dickson,TE,18,BAL,24,16,16,0,0,136.8,0,0,0,0,0,0,0,,0,89,54,528,9.78,5,0,,5,,,-37.7,111,DickEd00
P0829,2011,123,Dexter McCluster,WR,51,KAN,22,16,4,0,0,136.4,0,0,0,0,0,114,516,4.53,1,64,46,328,7.13,1,4,3,2,,,-45.8,118,McClDe00
P0601,2011,124,Jay Cutler,QB,25,CHI,28,10,10,0,0,136.3,182,314,2319,13,7,18,55,3.06,1,0,0,0,,0,7,3,1,,,-101.0,192,CutlJa00
P0464,2011,125,Carson Palmer,QB,26,OAK,32,10,9,0,0,136.1,199,328,2753,13,16,16,20,1.25,1,0,0,0,,0,2,1,1,,,-101.2,194,PalmCa00
P0851,2011,126,Ben Tate,RB,31,HOU,23,15,2,0,0,135.0,0,0,0,0,0,175,942,5.38,4,19,13,98,7.54,0,4,3,4,,,-47.7,120,TateBe00
P0555,2011,127,Brandon Jacobs,RB,32,NYG,29,14,6,0,0,134.9,0,0,0,0,0,152,571,3.76,7,23,15,128,8.53,1,3,,8,1,,-47.8,121,JacoBr00
P0852,2011,128,Damian Williams,WR,52,TEN,23,15,13,0,0,134.2,0,0,0,0,0,0,0,,0,94,45,592,13.16,5,0,,5,,,-48.0,122,WillDa04
P0251,2011,129,LaDainian Tomlinson,RB,33,NYJ,32,14,1,0,0,132.9,0,0,0,0,0,75,280,3.73,1,61,42,449,10.69,2,0,,3,,,-49.8,124,TomlLa00
P0795,2011,130,LeGarrette Blount,RB,34,TAM,25,14,14,0,0,131.9,0,0,0,0,0,184,781,4.24,5,25,15,148,9.87,0,5,3,5,,,-50.8,125,BlouLe00
P0638,2011,131,Greg Olsen,TE,19,CAR,26,16,13,0,0,129.0,0,0,0,0,0,0,0,,0,89,45,540,12,5,1,1,5,1,,-45.5,117,OlseGr00
P0356,2011,132,Santana Moss,WR,53,WAS,32,12,12,0,0,128.4,0,0,0,0,0,0,0,,0,95,46,584,12.7,4,0,,4,,,-53.8,127,MossSa00
P0753,2011,133,Josh Cribbs,WR,54,CLE,28,16,7,0,0,125.3,0,0,0,0,0,7,25,3.57,0,67,41,518,12.63,4,3,,5,,,-56.9,128,CribJo01
P0507,2011,134,Heath Miller,TE,20,PIT,29,16,16,0,0,124.7,0,0,0,0,0,1,6,6,0,74,51,631,12.37,2,1,1,2,,,-49.8,123,MillHe00
P0823,2011,135,Andre Roberts,WR,55,ARI,23,16,16,0,0,124.3,0,0,0,0,0,3,27,9,0,98,51,586,11.49,2,1,,2,,,-57.9,129,RobeAn00
P0662,2011,136,Jason Avant,WR,56,PHI,28,16,7,0,0,123.9,0,0,0,0,0,0,0,,0,81,52,679,13.06,1,2,1,1,,,-58.3,130,AvanJa00
P0690,2011,137,Darren McFadden,RB,35,OAK,24,7,7,0,0,123.8,0,0,0,0,0,113,614,5.43,4,23,19,154,8.11,1,1,1,5,,,-58.9,131,McFaDa00
P0853,2011,138,Jake Ballard,TE,21,NYG,24,14,13,0,0,122.4,0,0,0,0,0,0,0,,0,61,38,604,15.89,4,0,,4,,,-52.1,126,BallJa21
P0743,2011,139,Johnny Knox,WR,57,CHI,25,14,11,0,0,119.7,0,0,0,0,0,0,0,,0,69,37,727,19.65,2,1,1,2,,,-62.5,132,KnoxJo00
P0696,2011,140,Davone Bess,WR,58,MIA,26,16,4,0,0,119.6,0,0,0,0,0,2,9,4.5,0,86,51,537,10.53,3,5,2,3,,,-62.6,133,BessDa00
P0765,2011,141,Donald Brown,RB,36,IND,24,16,2,0,0,119.1,0,0,0,0,0,134,645,4.81,5,19,16,86,5.38,0,0,,5,,,-63.6,134,BrowDo00
P0822,2011,142,Toby Gerhart,RB,37,MIN,24,16,5,0,0,119.1,0,0,0,0,0,109,531,4.87,1,28,23,190,8.26,3,1,,4,,,-63.6,136,GerhTo00
P0854,2011,143,Christian Ponder,QB,27,MIN,23,11,10,0,0,118.0,158,291,1853,13,13,28,219,7.82,0,0,0,0,,0,6,2,0,,,-119.3,231,PondCh00
P0622,2011,144,Ryan Grant,RB,38,GNB,29,15,14,0,0,117.7,0,0,0,0,0,134,559,4.17,2,24,19,268,14.11,1,1,1,3,,,-65.0,138,GranRy00
P0198,2011,145,Donald Driver,WR,59,GNB,36,16,15,0,0,117.5,0,0,0,0,0,0,0,,0,56,37,445,12.03,6,0,,6,,,-64.7,137,DrivDo00
P0855,2011,146,Blaine Gabbert,QB,28,JAX,22,15,14,0,0,116.4,210,413,2214,12,11,48,98,2.04,0,0,0,0,,0,14,4,0,,,-120.9,237,GabbBl00
P0677,2011,147,Kevin Smith,RB,39,DET,25,7,4,0,0,115.5,0,0,0,0,0,72,356,4.94,4,28,22,179,8.14,3,1,1,7,,,-67.2,141,SmitKe02
P0810,2011,148,Brandon LaFell,WR,60,CAR,25,16,6,0,0,115.3,0,0,0,0,0,0,0,,0,56,36,613,17.03,3,0,,3,,,-66.9,139,LaFeBr00
P0729,2011,149,Mario Manningham,WR,61,NYG,25,12,10,0,0,115.3,0,0,0,0,0,0,0,,0,77,39,523,13.41,4,0,,4,,,-66.9,140,MannMa01
P0721,2011,150,Felix Jones,RB,40,DAL,24,12,8,0,0,114.6,0,0,0,0,0,127,575,4.53,1,45,33,221,6.7,0,5,2,1,,,-68.1,143,JoneFe00
P0785,2011,151,Jahvid Best,RB,41,DET,22,6,6,0,0,112.7,0,0,0,0,0,84,390,4.64,2,40,27,287,10.63,1,0,,3,,,-70.0,144,BestJa00
P0856,2011,152,James Starks,RB,42,GNB,25,13,2,0,0,112.4,0,0,0,0,0,133,578,4.35,1,37,29,216,7.45,0,2,1,1,,,-70.3,146,StarJa00
P0830,2011,153,Demaryius Thomas,WR,62,DEN,24,11,5,0,0,111.6,0,1,0,0,0,1,5,5,0,70,32,551,17.22,4,0,,4,,,-70.6,147,ThomDe03
P0728,2011,154,Austin Collie,WR,63,IND,26,16,5,0,0,111.4,0,0,0,0,0,0,0,,0,96,54,514,9.52,1,0,,1,,,-70.8,148,CollAu00
P0857,2011,155,Preston Parker,WR,64,TAM,24,16,0,0,0,111.1,0,0,0,0,0,1,-3,-3,0,65,40,554,13.85,3,8,1,3,,,-71.1,149,ParkPr00
P0858,2011,156,Scott Chandler,TE,22,BUF,26,14,9,0,0,110.9,0,0,0,0,0,0,0,,0,46,38,389,10.24,6,1,1,6,,,-63.6,135,ChanSc00
P0859,2011,157,Dezmon Briscoe,WR,65,TAM,22,16,2,0,0,109.7,0,0,0,0,0,0,0,,0,51,35,387,11.06,6,0,,6,,,-72.5,150,BrisDe00
P0699,2011,158,Peyton Hillis,RB,43,CLE,25,10,9,0,0,109.7,0,0,0,0,0,161,587,3.65,3,34,22,130,5.91,0,2,1,3,,,-73.0,151,HillPe00
P0692,2011,159,Anthony Fasano,TE,23,MIA,27,15,15,0,0,107.1,0,0,0,0,0,0,0,,0,54,32,451,14.09,5,0,,5,,,-67.4,142,FasaAn00
P0341,2011,160,Jeremy Shockey,TE,24,CAR,31,15,13,0,0,104.5,0,0,0,0,0,0,0,,0,62,37,455,12.3,4,2,1,4,,,-70.0,145,ShocJe00
P0623,2011,161,Kevin Walter,WR,66,HOU,30,15,14,0,0,104.4,0,0,0,0,0,0,0,,0,59,39,474,12.15,3,0,,3,,,-77.8,158,WaltKe00
P0860,2011,162,John Skelton,QB,29,ARI,23,8,7,0,0,103.3,151,275,1913,11,14,28,128,4.57,0,0,0,0,,0,4,1,0,,,-134.0,241,SkelJo00
P0747,2011,163,Jacoby Jones,WR,67,HOU,27,16,10,0,0,101.9,0,0,0,0,0,4,17,4.25,0,65,31,512,16.52,2,0,,3,,,-80.3,161,JoneJa03
P0861,2011,164,Lavelle Hawkins,WR,68,TEN,25,16,2,0,0,100.0,0,0,0,0,0,0,0,,0,77,47,470,10,1,1,,1,,,-82.2,162,HawkLa00
P0459,2011,165,Roy Williams,WR,69,CHI,30,15,9,0,0,99.7,0,0,0,0,0,0,0,,0,63,37,507,13.7,2,0,,2,,,-82.5,163,WillRo04
P0772,2011,166,Joel Dreessen,TE,25,HOU,29,16,10,0,0,99.3,0,0,0,0,0,0,0,,0,39,28,353,12.61,6,0,,6,,,-75.2,154,DreeJo00
P0599,2011,167,Tony Scheffler,TE,26,DET,28,15,5,0,0,99.2,0,0,0,0,0,1,5,5,0,43,26,347,13.35,6,1,,6,1,,-75.3,155,ScheTo00
P0824,2011,168,Kevin Kolb,QB,30,ARI,27,9,9,0,0,98.7,146,253,1955,9,8,17,65,3.82,0,0,0,0,,0,8,3,0,,,-138.6,242,KolbKe00
P0862,2011,169,Dennis Pitta,TE,27,BAL,26,16,2,0,0,98.5,0,0,0,0,0,0,0,,0,56,40,405,10.13,3,0,,3,,,-76.0,156,PittDe00
P0775,2011,170,Legedu Naanee,WR,70,CAR,28,15,10,0,0,97.8,1,1,27,0,0,0,0,,0,76,44,467,10.61,1,0,,1,,,-84.4,165,NaanLe00
P0674,2011,171,Matt Cassel,QB,31,KAN,29,9,9,0,0,97.0,160,269,1713,10,9,25,99,3.96,0,1,1,-4,-4,0,5,2,0,,,-140.3,243,CassMa00
P0751,2011,172,Brian Hartline,WR,71,MIA,25,16,10,0,0,96.8,0,0,0,0,0,1,9,9,0,66,35,549,15.69,1,0,,1,,,-85.4,167,HartBr00
P0517,2011,173,Michael Jenkins,WR,72,MIN,29,11,7,0,0,96.6,0,0,0,0,0,0,0,,0,55,38,466,12.26,3,2,3,3,,,-85.6,168,JenkMi00
P0534,2011,174,Devery Henderson,WR,73,NOR,29,16,13,0,0,95.2,0,0,0,0,0,1,9,9,0,50,32,503,15.72,2,1,,2,,,-87.0,169,HendDe00
P0708,2011,175,Harry Douglas,WR,74,ATL,27,16,4,0,0,95.1,0,0,0,0,0,1,3,3,0,62,39,498,12.77,1,0,,1,,,-87.1,170,DougHa00
P0406,2011,176,Andre Johnson,WR,75,HOU,30,7,7,0,0,95.0,0,0,0,0,0,1,8,8,0,51,33,492,14.91,2,0,,2,,,-87.2,171,JohnAn02
P0635,2011,177,Sidney Rice,WR,76,SEA,25,9,9,0,0,94.9,1,1,55,0,0,2,3,1.5,0,57,32,484,15.13,2,1,,2,,,-87.3,172,RiceSi01
P0659,2011,178,Visanthe Shiancoe,TE,28,MIN,31,16,14,0,0,94.9,0,0,0,0,0,0,0,,0,70,36,409,11.36,3,0,,3,,,-79.6,160,ShiaVi00
P0863,2011,179,Kendall Hunter,RB,44,SFO,23,16,1,0,0,94.8,0,0,0,0,0,112,473,4.22,2,26,16,195,12.19,0,0,,2,,,-87.9,173,HuntKe00
P0103,2011,180,Hines Ward,WR,77,PIT,35,15,9,0,0,94.1,0,0,0,0,0,0,0,,0,63,46,381,8.28,2,1,1,2,,,-88.1,174,WardHi00
P0802,2011,181,Ben Obomanu,WR,78,SEA,28,16,7,0,0,93.9,0,0,0,0,0,1,13,13,0,61,37,436,11.78,2,0,,2,,,-88.3,176,ObomBe00
P0864,2011,182,Golden Tate,WR,79,SEA,23,16,5,0,0,92.6,0,0,0,0,0,5,14,2.8,0,58,35,382,10.91,3,1,,3,,,-89.6,178,TateGo00
P0595,2011,183,Maurice Morris,RB,45,DET,32,16,5,0,0,92.6,0,0,0,0,0,80,316,3.95,1,35,26,230,8.85,1,1,,2,,,-90.1,180,MorrMa00
P0752,2011,184,Mike Thomas,WR,80,JAX,24,15,13,0,0,92.6,0,0,0,0,0,3,11,3.67,0,91,44,415,9.43,1,1,,1,,,-89.6,179,ThomMi01
P0815,2011,185,Arrelious Benn,WR,81,TAM,23,14,14,0,0,91.4,0,0,0,0,0,6,-7,-1.17,0,51,30,441,14.7,3,0,,3,,,-90.8,181,BennAr00
P0865,2011,186,Mark Ingram,RB,46,NOR,22,10,4,0,0,91.0,0,0,0,0,0,122,474,3.89,5,13,11,46,4.18,0,1,1,5,,,-91.7,183,IngrMa01
P0866,2011,187,Evan Moore,TE,29,CLE,26,16,4,0,0,90.4,0,0,0,0,0,0,0,,0,46,34,324,9.53,4,0,,4,,,-84.1,164,MoorEv00
P0520,2011,188,Ben Watson,TE,30,CLE,31,13,11,0,0,90.0,0,0,0,0,0,0,0,,0,70,37,410,11.08,2,0,,2,,,-84.5,166,WatsBe00
P0786,2011,189,Sam Bradford,QB,32,STL,24,10,10,0,0,89.2,191,357,2164,6,6,18,26,1.44,0,0,0,0,,0,10,6,0,,,-148.1,244,BradSa00
P0867,2011,190,Isaac Redman,RB,47,PIT,27,16,1,0,0,87.7,0,0,0,0,0,110,479,4.35,3,22,18,78,4.33,0,2,2,3,,,-95.0,184,RedmIs20
P0868,2011,191,Jackie Battle,RB,48,KAN,28,15,4,0,0,87.5,0,0,0,0,0,149,597,4.01,2,13,9,68,7.56,0,0,,2,,,-95.2,185,BattJa00
P0750,2011,192,Andre Caldwell,WR,82,CIN,26,13,2,0,0,86.7,0,0,0,0,0,0,0,,0,68,37,317,8.57,3,0,,3,,,-95.5,187,CaldAn00
P0766,2011,193,Brandon Gibson,WR,83,STL,24,15,9,0,0,86.7,0,0,0,0,0,2,16,8,0,71,36,431,11.97,1,0,,1,,,-95.5,188,GibsBr00
P0687,2011,194,Devin Hester,WR,84,CHI,29,16,8,0,0,86.3,0,0,0,0,0,1,-6,-6,0,56,26,369,14.19,1,5,,4,,,-95.9,189,HestDe99
P0510,2011,195,Marion Barber III,RB,49,CHI,28,11,1,0,0,86.2,0,0,0,0,0,114,422,3.7,6,9,5,50,10,0,1,1,6,,,-96.5,190,BarbMa01
P0530,2011,196,Kyle Orton,QB,33,2TM,29,9,8,0,0,85.6,150,252,1758,9,9,11,13,1.18,0,0,0,0,,0,2,2,0,,,-151.7,245,OrtoKy00
P0642,2011,197,Marcedes Lewis,TE,31,JAX,27,15,15,0,0,85.0,0,0,0,0,0,0,0,,0,85,39,460,11.79,0,0,,0,,,-89.5,177,LewiMa00
P0697,2011,198,Kevin Boss,TE,32,OAK,27,14,11,0,0,82.8,0,0,0,0,0,0,0,,0,40,28,368,13.14,3,0,,3,,,-91.7,182,BossKe00
P0749,2011,199,Mohamed Massaquoi,WR,85,CLE,25,14,13,0,0,81.4,0,0,0,0,0,0,0,,0,74,31,384,12.39,2,0,,2,,,-100.8,191,MassMo00
P0869,2011,200,Daniel Thomas,RB,50,MIA,24,13,2,0,0,81.3,0,0,0,0,0,165,581,3.52,0,16,12,72,6,1,2,1,1,,,-101.4,195,ThomDa03
P0833,2011,201,Danario Alexander,WR,86,STL,25,10,5,0,0,81.1,0,0,0,0,0,0,0,,0,60,26,431,16.58,2,0,,2,,,-101.1,193,AlexDa00
P0870,2011,202,Kregg Lumpkin,RB,51,TAM,27,16,0,0,0,80.6,0,0,0,0,0,31,105,3.39,0,53,41,291,7.1,0,0,,0,,,-102.1,196,LumpKr00
P0709,2011,203,Jason Hill,WR,87,JAX,26,10,10,0,0,79.7,0,0,0,0,0,0,0,,0,55,25,367,14.68,3,0,,3,,,-102.5,198,HillJa00
P0430,2011,204,Dallas Clark,TE,33,IND,32,11,10,0,0,79.2,0,0,0,0,0,0,0,,0,65,34,352,10.35,2,1,1,2,,,-95.3,186,ClarDa00
P0871,2011,205,Lance Ball,RB,52,DEN,26,16,0,0,0,79.0,0,0,0,0,0,96,402,4.19,1,32,16,148,9.25,1,2,2,2,,,-103.7,200,BallLa00
P0787,2011,206,Danny Woodhead,RB,53,NWE,26,15,4,0,0,78.8,0,0,0,0,0,77,351,4.56,1,31,18,157,8.72,0,0,,1,2,,-103.9,201,WoodDa02
P0758,2011,207,Devin Aromashodu,WR,88,MIN,27,16,6,0,0,78.8,0,0,0,0,0,0,0,,0,84,26,468,18,1,1,,1,,,-103.4,199,AromDe00
P0588,2011,208,Jason Campbell,QB,34,OAK,30,6,6,0,0,78.8,100,165,1170,6,4,18,60,3.33,2,0,0,0,,0,3,1,2,,,-158.5,246,CampJa00
P0811,2011,209,Marcel Reece,FB,1,OAK,26,12,6,0,0,78.3,0,0,0,0,0,17,112,6.59,0,36,27,301,11.15,2,1,1,2,,,-104.4,202,ReecMa00
P0872,2011,210,Chris Ogbonnaya,RB,54,2TM,25,13,4,0,0,77.5,0,0,0,0,0,76,340,4.47,1,31,23,165,7.17,0,2,1,1,,,-105.2,203,OgboCh00
P0873,2011,211,Randall Cobb,WR,89,GNB,21,15,0,0,0,75.0,0,1,0,0,0,2,5,2.5,0,31,25,375,15,1,3,3,3,,,-107.2,206,CobbRa00
P0039,2011,212,Ricky Williams,RB,55,BAL,34,16,0,0,0,73.7,0,0,0,0,0,108,444,4.11,2,20,13,83,6.38,0,2,2,2,,,-109.0,207,WillRi00
P0563,2011,213,Joseph Addai,RB,56,IND,28,12,11,0,0,73.6,0,0,0,0,0,118,433,3.67,1,22,15,93,6.2,0,1,,1,,,-109.1,208,AddaJo00
P0874,2011,214,Bernard Scott,RB,57,CIN,27,16,1,0,0,72.8,0,1,0,0,0,112,380,3.39,3,17,13,38,2.92,0,0,,3,,,-109.9,209,ScotBe00
P0875,2011,215,Curtis Painter,QB,35,IND,26,9,8,0,0,72.3,132,243,1541,6,9,17,107,6.29,0,0,0,0,,0,5,3,0,,,-165.0,247,PainCu00
P0876,2011,216,Dane Sanzenbacher,WR,90,CHI,23,16,1,0,0,72.2,0,0,0,0,0,1,-4,-4,0,54,27,276,10.22,3,0,,3,,,-110.0,210,SanzDa00
P0637,2011,217,Jeff King,TE,34,ARI,28,16,10,0,0,72.1,0,0,0,0,0,0,0,,0,34,27,271,10.04,3,0,,3,,,-102.4,197,KingJe00
P0877,2011,218,Jacquizz Rodgers,RB,58,ATL,21,16,0,0,0,70.3,0,0,0,0,0,57,205,3.6,1,27,21,188,8.95,1,1,1,2,,,-112.4,211,RodgJa00
P0878,2011,219,Kahlil Bell,RB,59,CHI,25,13,3,0,0,70.0,0,0,0,0,0,79,337,4.27,0,23,19,133,7,1,3,1,1,,,-112.7,212,BellKa00
P0879,2011,220,Javon Ringer,RB,60,TEN,24,12,0,0,0,69.2,0,0,0,0,0,59,185,3.14,1,36,28,187,6.68,0,1,1,1,,,-113.5,214,RingJa00
P0880,2011,221,Kyle Rudolph,TE,35,MIN,22,15,8,0,0,68.9,0,0,0,0,0,0,0,,0,39,26,249,9.58,3,0,,3,,,-105.6,204,RudoKy00
P0881,2011,222,Jeremy Kerley,WR,91,NYJ,23,14,1,0,0,68.8,1,1,41,0,0,5,28,5.6,0,47,29,314,10.83,1,3,1,1,,,-113.4,213,KerlJe00
P0882,2011,223,Kellen Davis,TE,36,CHI,26,16,15,0,0,68.6,0,0,0,0,0,0,0,,0,35,18,206,11.44,5,0,,5,,,-105.9,205,DaviKe01
P0813,2011,224,John Kuhn,FB,2,GNB,29,16,3,1,0,66.5,0,0,0,0,0,30,78,2.6,4,18,15,77,5.13,2,0,,6,,,-116.2,218,KuhnJo00
P0737,2011,225,Earl Bennett,WR,92,CHI,24,11,4,0,0,66.1,0,0,0,0,0,0,0,,0,43,24,381,15.88,1,1,1,1,,,-116.1,217,BennEa00
P0645,2011,226,Brad Smith,WR,93,BUF,28,15,5,0,0,65.7,0,1,0,0,1,20,87,4.35,1,42,23,240,10.43,1,0,,2,,,-116.5,220,SmitBr01
P0883,2011,227,Kyle Williams,WR,94,SFO,23,13,1,0,0,65.3,0,0,0,0,0,2,32,16,0,31,20,241,12.05,3,0,,3,,,-116.9,221,WillKy01
P0835,2011,228,LaRod Stephens-Howling,RB,61,ARI,24,14,1,0,0,65.1,0,0,0,0,0,43,167,3.88,0,17,13,234,18,2,0,,2,,,-117.6,225,StepLa00
P0346,2011,229,Donte' Stallworth,WR,95,WAS,31,11,0,0,0,65.0,0,0,0,0,0,2,1,0.5,0,38,22,309,14.05,2,0,,2,,,-117.2,223,StalDo00
P0738,2011,230,Jason Snelling,RB,62,ATL,28,15,0,0,0,65.0,0,0,0,0,0,44,151,3.43,0,32,26,179,6.88,1,0,,1,,,-117.7,226,SnelJa00
P0018,2011,231,Donovan McNabb,QB,36,MIN,35,6,6,0,0,64.9,94,156,1026,4,2,14,59,4.21,1,0,0,0,,0,2,,1,,,-172.4,248,McNaDo00
P0884,2011,232,Danny Ware,RB,63,NYG,26,16,1,0,0,64.3,0,0,0,0,0,46,163,3.54,0,37,27,170,6.3,0,0,,0,2,,-118.4,228,WareDa00
P0885,2011,233,Vincent Brown,WR,96,SDG,22,14,4,0,0,63.9,0,0,0,0,0,0,0,,0,40,19,329,17.32,2,0,,2,,,-118.3,227,BrowVi00
P0503,2011,234,Cadillac Williams,RB,64,STL,29,11,1,0,0,63.4,0,0,0,0,0,87,361,4.15,1,23,14,93,6.64,0,1,1,1,,,-119.3,230,WillCa02
P0818,2011,235,Emmanuel Sanders,WR,97,PIT,24,11,0,0,0,63.4,1,1,15,0,0,0,0,,0,43,22,288,13.09,2,0,,2,,,-118.8,229,SandEm00
P0619,2011,236,Earnest Graham,RB,65,TAM,31,7,2,0,0,62.9,0,0,0,0,0,37,206,5.57,0,31,26,163,6.27,0,1,,0,,,-119.8,232,GrahEa00
P0886,2011,237,Jarett Dillard,WR,98,JAX,26,14,5,0,0,62.2,0,0,0,0,0,0,0,,0,50,29,292,10.07,1,1,1,1,,,-120.0,233,DillJa00
P0722,2011,238,Chaz Schilens,WR,99,OAK,26,15,5,0,0,62.1,0,0,0,0,0,0,0,,0,34,23,271,11.78,2,0,,2,,,-120.1,234,SchiCh00
P0744,2011,239,Kenny Britt,WR,100,TEN,23,3,3,0,0,61.9,0,0,0,0,0,0,0,,0,26,17,289,17,3,1,1,3,,,-120.3,235,BritKe00
P0683,2011,240,Tim Hightower,RB,66,WAS,25,5,5,0,0,61.9,0,0,0,0,0,84,321,3.82,1,15,10,78,7.8,1,0,,2,,,-120.8,236,HighTi00
P0771,2011,241,Daniel Fells,TE,37,DEN,28,16,15,0,0,60.6,0,0,0,0,0,0,0,,0,31,19,256,13.47,3,2,1,3,,,-113.9,215,FellDa00
P0887,2011,242,Lance Kendricks,TE,38,STL,23,15,10,0,0,60.4,0,0,0,0,0,1,-8,-8,0,58,28,352,12.57,0,1,1,0,,,-114.1,216,KendLa00
P0798,2011,243,Jacoby Ford,WR,101,OAK,24,8,3,0,0,60.0,0,0,0,0,0,4,31,7.75,0,33,19,279,14.68,1,3,1,2,,,-122.2,238,FordJa01
P0739,2011,244,Chad Henne,QB,37,MIA,26,4,4,0,0,59.9,64,112,868,4,4,15,112,7.47,1,0,0,0,,0,1,,1,,,-177.4,249,HennCh01
P0640,2011,245,Ted Ginn Jr.,WR,102,SFO,26,14,3,0,0,59.8,0,0,0,0,0,8,68,8.5,0,33,19,220,11.58,0,0,,2,,,-122.4,239,GinnTe00
P0704,2011,246,Dan Orlovsky,QB,38,IND,28,8,5,0,0,58.5,122,193,1201,6,4,6,5,0.83,0,0,0,0,,0,7,3,0,,,-178.8,250,OrloDa00
P0339,2011,247,Todd Heap,TE,39,ARI,31,10,4,0,0,58.3,0,0,0,0,0,0,0,,0,36,24,283,11.79,1,0,,1,,,-116.2,219,HeapTo00
P0888,2011,248,Charles Clay,TE,40,MIA,22,14,9,0,0,57.3,0,0,0,0,0,0,0,,0,25,16,233,14.56,3,0,,3,,,-117.2,222,ClayCh00
P0825,2011,249,Delanie Walker,FB,3,SFO,27,15,7,0,0,57.3,0,0,0,0,0,3,5,1.67,0,35,19,198,10.42,3,0,,3,,,-125.4,240,WalkHu00
P0357,2011,250,Randy McMichael,TE,41,SDG,32,16,14,0,0,57.1,0,0,0,0,0,0,0,,0,44,30,271,9.03,0,0,,0,,,-117.4,224,McMiRa01
P0618,2012,1,Adrian Peterson,RB,1,MIN,27,16,16,1,1,347.4,0,0,0,0,0,348,2097,6.03,12,51,40,217,5.43,1,4,2,13,1,,168.4,1,PeteAd01
P0340,2012,2,Drew Brees,QB,1,NOR,33,16,16,1,0,345.6,422,670,5177,43,19,15,5,0.33,1,0,0,0,,0,5,1,1,,,69.0,24,BreeDr00
P0671,2012,3,Aaron Rodgers,QB,2,GNB,29,16,16,1,0,344.6,371,552,4295,39,8,54,259,4.8,2,1,1,-1,-1,0,5,4,2,,1,68.0,26,RodgAa00
P0625,2012,4,Calvin Johnson,WR,1,DET,27,16,16,1,1,342.4,0,0,0,0,0,0,0,,0,204,122,1964,16.1,5,3,3,5,,,159.0,2,JohnCa00
P0260,2012,5,Tom Brady,QB,3,NWE,35,16,16,1,0,340.3,401,637,4827,34,8,23,32,1.39,4,0,0,0,,0,2,0,4,,,63.7,29,BradTo00
P0600,2012,6,Brandon Marshall,WR,2,CHI,28,16,16,1,1,334.6,0,0,0,0,0,1,-2,-2,0,192,118,1508,12.78,11,2,0,11,,,151.2,3,MarsBr00
P0836,2012,7,Cam Newton,QB,4,CAR,23,16,16,0,0,323.5,280,485,3869,19,12,127,741,5.83,8,1,0,6,,0,10,3,8,,,46.9,33,NewtCa00
P0889,2012,8,Robert Griffin III,QB,5,WAS,22,15,15,1,0,317.5,258,393,3200,20,5,120,815,6.79,7,1,0,0,,0,12,2,7,,,40.9,36,GrifRo01
P0890,2012,9,Doug Martin,RB,2,TAM,23,16,16,1,0,311.6,0,0,0,0,0,319,1454,4.56,11,70,49,472,9.63,1,1,1,12,,,132.6,4,MartDo00
P0015,2012,10,Peyton Manning,QB,6,DEN,36,16,16,1,1,311.0,400,583,4659,37,11,23,6,0.26,0,0,0,0,,0,2,2,0,,1,34.4,39,MannPe00
P0679,2012,11,Matt Ryan,QB,7,ATL,27,16,16,1,0,304.9,422,615,4719,32,14,34,141,4.15,1,0,0,0,,0,3,2,1,,,28.3,45,RyanMa00
P0778,2012,12,Arian Foster,RB,3,HOU,26,16,16,1,0,302.1,0,0,0,0,0,351,1424,4.06,15,58,40,217,5.43,2,3,2,17,,,123.1,5,FostAr00
P0838,2012,13,A.J. Green,WR,3,CIN,24,16,16,1,0,299.8,0,0,0,0,0,4,38,9.5,0,164,97,1350,13.92,11,2,1,11,,,116.4,6,GreeA.00
P0791,2012,14,Dez Bryant,WR,4,DAL,24,16,14,0,0,299.7,0,0,0,0,0,2,-5,-2.5,0,138,92,1382,15.02,12,5,2,12,1,,116.3,7,BryaDe01
P0406,2012,15,Andre Johnson,WR,5,HOU,31,16,16,1,0,295.8,0,0,0,0,0,0,0,,0,162,112,1598,14.27,4,0,0,4,,,112.4,8,JohnAn02
P0830,2012,16,Demaryius Thomas,WR,6,DEN,25,16,16,1,0,291.4,0,0,0,0,0,0,0,,0,143,94,1434,15.26,10,3,3,10,,,108.0,9,ThomDe03
P0537,2012,17,Wes Welker,WR,7,NWE,31,16,12,1,0,289.4,0,0,0,0,0,2,20,10,0,174,118,1354,11.47,6,3,1,6,,,106.0,10,WelkWe00
P0698,2012,18,Ray Rice,RB,4,BAL,25,16,16,1,0,283.1,0,0,0,0,0,257,1143,4.45,9,83,61,478,7.84,1,1,0,10,,,104.1,11,RiceRa00
P0569,2012,19,Tony Romo,QB,8,DAL,32,16,16,0,0,279.9,425,648,4903,28,19,30,49,1.63,1,1,1,-1,-1,0,6,3,1,1,1,3.3,63,RomoTo00
P0891,2012,20,Russell Wilson,QB,9,SEA,24,16,16,1,0,277.6,252,393,3118,26,10,94,489,5.2,4,0,0,0,,0,6,3,4,,1,1.0,66,WilsRu00
P0745,2012,21,Matthew Stafford,QB,10,DET,24,16,16,0,0,276.6,435,727,4967,20,17,35,126,3.6,4,1,1,3,3,0,6,4,4,,1,0.0,70,StafMa00
P0892,2012,22,Andrew Luck,QB,11,IND,23,16,16,1,0,276.5,339,627,4374,23,18,62,255,4.11,5,0,0,0,,0,10,5,5,,,-0.1,72,LuckAn00
P0621,2012,23,Marshawn Lynch,RB,5,SEA,26,16,15,1,1,269.6,0,0,0,0,0,315,1590,5.05,11,30,23,196,8.52,1,5,2,12,,,90.6,12,LyncMa00
P0844,2012,24,Eric Decker,WR,8,DEN,25,16,15,0,0,269.4,0,0,0,0,0,0,0,,0,122,85,1064,12.52,13,0,0,13,,,86.0,13,DeckEr00
P0522,2012,25,Roddy White,WR,9,ATL,31,16,15,0,0,269.1,0,0,0,0,0,0,0,,0,142,92,1351,14.68,7,1,0,7,,,85.7,14,WhitRo00
P0308,2012,26,Reggie Wayne,WR,10,IND,34,16,15,1,0,269.0,0,0,0,0,0,1,-5,-5,0,195,106,1355,12.78,5,1,1,5,,,85.6,15,WaynRe00
P0841,2012,27,Julio Jones,WR,11,ATL,23,16,15,1,0,261.8,0,0,0,0,0,6,30,5,0,128,79,1198,15.16,10,0,0,10,,,78.4,16,JoneJu02
P0582,2012,28,Vincent Jackson,WR,12,TAM,29,16,16,1,0,260.4,0,0,0,0,0,0,0,,0,147,72,1384,19.22,8,0,0,8,1,,77.0,17,JackVi00
P0819,2012,29,C.J. Spiller,RB,6,BUF,25,16,9,1,0,255.3,0,0,0,0,0,207,1244,6.01,6,57,43,459,10.67,2,3,3,8,,,76.3,18,SpilC.00
P0837,2012,30,Victor Cruz,WR,13,NYG,26,16,16,1,0,255.2,0,0,0,0,0,0,0,,0,143,86,1092,12.7,10,0,0,10,,,71.8,21,CruzVi00
P0893,2012,31,Trent Richardson,RB,7,CLE,22,15,15,0,0,254.7,0,0,0,0,0,267,950,3.56,11,70,51,367,7.2,1,3,0,12,,,75.7,19,RichTr00
P0564,2012,32,Marques Colston,WR,14,NOR,29,16,13,0,0,254.4,0,0,0,0,0,0,0,,0,130,83,1154,13.9,10,4,2,10,,,71.0,23,ColsMa00
P0894,2012,33,Alfred Morris,RB,8,WAS,24,16,16,0,0,252.0,0,0,0,0,0,335,1613,4.81,13,16,11,77,7,0,4,3,13,,,73.0,20,MorrAl00
P0839,2012,34,Andy Dalton,QB,12,CIN,25,16,16,0,0,250.8,329,528,3669,27,16,47,120,2.55,4,0,0,0,,0,4,4,4,,,-25.8,90,DaltAn00
P0746,2012,35,Michael Crabtree,WR,15,SFO,25,16,16,0,0,250.3,0,0,0,0,0,1,8,8,0,127,85,1105,13,9,0,0,9,,,66.9,27,CrabMi00
P0754,2012,36,Josh Freeman,QB,13,TAM,24,16,16,0,0,248.5,306,558,4065,27,17,39,139,3.56,0,0,0,0,,0,10,2,0,,1,-28.1,94,FreeJo00
P0873,2012,37,Randall Cobb,WR,16,GNB,22,15,8,0,0,240.6,0,0,0,0,0,10,132,13.2,0,104,80,954,11.93,8,4,1,9,,,57.2,31,CobbRa00
P0703,2012,38,Jamaal Charles,RB,9,KAN,26,16,15,1,0,239.5,0,0,0,0,0,285,1509,5.29,5,49,35,236,6.74,1,5,3,6,,,60.5,30,CharJa00
P0809,2012,39,Jimmy Graham,TE,1,NOR,26,15,9,0,0,237.2,0,0,0,0,0,0,0,,0,135,85,982,11.55,9,1,0,9,,,71.5,22,GrahJi00
P0681,2012,40,Joe Flacco,QB,14,BAL,27,16,16,0,0,234.9,317,531,3817,22,10,32,22,0.69,3,0,0,0,,0,9,4,3,,1,-41.7,115,FlacJo00
P0027,2012,41,Tony Gonzalez,TE,2,ATL,36,16,16,1,1,234.0,0,0,0,0,0,0,0,,0,124,93,930,10,8,0,0,8,,,68.3,25,GonzTo00
P0499,2012,42,Eli Manning,QB,15,NYG,31,16,16,1,0,232.9,321,536,3948,26,15,20,30,1.5,0,0,0,0,,0,5,1,0,,,-43.7,118,MannEl00
P0425,2012,43,Jason Witten,TE,3,DAL,30,16,16,1,0,231.9,0,0,0,0,0,0,0,,0,147,110,1039,9.45,3,0,0,3,,,66.2,28,WittJa00
P0516,2012,44,Frank Gore,RB,10,SFO,29,16,16,1,0,230.8,0,0,0,0,0,258,1214,4.71,8,36,28,234,8.36,1,2,1,10,,,51.8,32,GoreFr00
P0786,2012,45,Sam Bradford,QB,16,STL,25,16,16,0,0,230.5,328,551,3702,21,13,36,124,3.44,1,0,0,0,,0,7,1,1,,4,-46.1,124,BradSa00
P0629,2012,46,James Jones,WR,17,GNB,28,16,16,0,0,226.4,0,0,0,0,0,0,0,,0,98,64,784,12.25,14,0,0,14,,,43.0,34,JoneJa04
P0633,2012,47,Matt Schaub,QB,17,HOU,31,16,16,1,0,225.8,350,544,4008,22,12,21,-9,-0.43,0,1,1,-6,-6,0,4,0,0,,1,-50.8,132,SchaMa00
P0464,2012,48,Carson Palmer,QB,18,OAK,33,15,15,0,0,224.3,345,565,4018,22,14,18,36,2,1,0,0,0,,0,7,5,1,,2,-52.3,135,PalmCa00
P0462,2012,49,Ben Roethlisberger,QB,19,PIT,30,13,13,0,0,223.8,284,449,3265,26,8,26,92,3.54,0,0,0,0,,0,6,3,0,,1,-52.8,136,RoetBe00
P0670,2012,50,Matt Forte,RB,11,CHI,27,15,15,0,0,221.4,0,0,0,0,0,248,1094,4.41,5,59,44,340,7.73,1,2,1,6,,,42.4,35,FortMa00
P0784,2012,51,Mike Williams,WR,18,TAM,25,16,16,0,0,217.7,1,1,28,0,0,0,0,,0,126,63,996,15.81,9,0,0,9,,,34.3,40,WillMi04
P0783,2012,52,Stevie Johnson,WR,19,BUF,26,16,16,0,0,217.6,0,0,0,0,0,0,0,,0,148,79,1046,13.24,6,1,1,6,,,34.2,41,JohnSt00
P0669,2012,53,Darren Sproles,RB,12,NOR,29,13,6,0,0,216.1,0,0,0,0,0,48,244,5.08,1,104,75,667,8.89,7,0,0,8,1,,37.1,37,SproDa00
P0342,2012,54,Steve Smith Sr.,WR,20,CAR,33,16,16,0,0,215.1,0,0,0,0,0,3,27,9,0,137,73,1174,16.08,4,1,1,4,,,31.7,44,SmitSt01
P0559,2012,55,Ryan Fitzpatrick,QB,20,BUF,30,16,16,0,0,213.7,306,505,3400,24,16,48,197,4.1,1,0,0,0,,0,8,6,1,,,-62.9,143,FitzRy00
P0673,2012,56,Chris Johnson,RB,13,TEN,27,16,15,0,0,211.5,0,0,0,0,0,276,1243,4.5,6,49,36,232,6.44,0,5,4,6,,,32.5,42,JohnCh04
P0566,2012,57,Philip Rivers,QB,21,SDG,31,16,16,0,0,208.2,338,527,3606,26,15,27,40,1.48,0,1,0,0,,0,15,7,0,,,-68.4,151,RivePh00
P0561,2012,58,Reggie Bush,RB,14,MIA,27,16,16,0,0,206.8,0,0,0,0,0,227,986,4.34,6,52,35,292,8.34,2,4,2,8,,,27.8,46,BushRe00
P0895,2012,59,Stevan Ridley,RB,15,NWE,23,16,12,0,0,205.4,0,0,0,0,0,290,1263,4.36,12,14,6,51,8.5,0,4,2,12,,,26.4,47,RidlSt00
P0646,2012,60,Lance Moore,WR,21,NOR,29,15,7,0,0,205.1,0,0,0,0,0,0,0,,0,104,65,1041,16.02,6,0,0,6,,,21.7,48,MoorLa00
P0507,2012,61,Heath Miller,TE,4,PIT,30,15,15,1,0,202.6,0,0,0,0,0,0,0,,0,101,71,816,11.49,8,0,0,8,1,,36.9,38,MillHe00
P0468,2012,62,Steven Jackson,RB,16,STL,29,16,16,0,0,200.6,0,0,0,0,0,258,1045,4.05,4,53,38,321,8.45,0,0,0,4,1,,21.6,49,JackSt00
P0732,2012,63,LeSean McCoy,RB,17,PHI,24,12,12,0,0,199.3,0,0,0,0,0,200,840,4.2,2,67,54,373,6.91,3,4,3,5,,,20.3,50,McCoLe01
P0788,2012,64,Rob Gronkowski,TE,5,NWE,23,11,11,1,0,198.0,0,0,0,0,0,0,0,,0,79,55,790,14.36,11,1,1,11,,,32.3,43,GronRo00
P0451,2012,65,Brandon Lloyd,WR,22,NWE,31,16,15,0,0,195.1,0,0,0,0,0,0,0,,0,131,74,911,12.31,4,0,0,5,,,11.7,53,LloyBr00
P0733,2012,66,Jeremy Maclin,WR,23,PHI,24,15,15,0,0,194.7,0,0,0,0,0,0,0,,0,122,69,857,12.42,7,1,1,7,,,11.3,54,MaclJe00
P0734,2012,67,Mike Wallace,WR,24,PIT,26,15,14,0,0,194.3,0,0,0,0,0,5,7,1.4,0,119,64,836,13.06,8,2,1,8,,,10.9,55,WallMi00
P0718,2012,68,Miles Austin,WR,25,DAL,28,16,15,0,0,194.3,0,0,0,0,0,0,0,,0,119,66,943,14.29,6,1,1,6,,,10.9,56,AustMi00
P0854,2012,69,Christian Ponder,QB,22,MIN,24,16,16,0,0,194.2,300,483,2935,18,12,60,253,4.22,2,1,1,-15,-15,0,7,5,2,,1,-82.4,167,PondCh00
P0896,2012,70,Cecil Shorts,WR,26,JAX,25,14,9,0,0,192.5,0,0,0,0,0,1,-4,-4,0,105,55,979,17.8,7,1,1,7,,,9.1,57,ShorCe00
P0897,2012,71,T.Y. Hilton,WR,27,IND,23,15,1,0,0,187.0,0,1,0,0,0,5,29,5.8,0,90,50,861,17.22,7,1,0,8,,,3.6,62,HiltT.00
P0776,2012,72,Shonn Greene,RB,18,NYJ,27,16,14,0,0,186.4,0,0,0,0,0,276,1063,3.85,8,30,19,151,7.95,0,4,1,8,,,7.4,58,GreeSh00
P0751,2012,73,Brian Hartline,WR,28,MIA,26,16,15,0,0,186.3,0,0,0,0,0,0,0,,0,131,74,1083,14.64,1,1,1,1,,,2.9,64,HartBr00
P0898,2012,74,Justin Blackmon,WR,29,JAX,22,16,14,0,0,184.8,0,0,0,0,0,2,23,11.5,0,132,64,865,13.52,5,1,0,5,1,,1.4,65,BlacJu00
P0601,2012,75,Jay Cutler,QB,23,CHI,29,15,15,0,0,184.6,255,434,3033,19,14,41,233,5.68,0,0,0,0,,0,8,4,0,,,-92.0,178,CutlJa00
P0899,2012,76,Brandon Myers,TE,6,OAK,27,16,16,0,0,183.6,0,0,0,0,0,0,0,,0,105,79,806,10.2,4,0,0,4,,,17.9,51,MyerBr00
P0403,2012,77,Anquan Boldin,WR,30,BAL,32,15,15,0,0,183.4,0,0,0,0,0,1,3,3,0,112,65,921,14.17,4,0,0,4,1,,0.0,68,BoldAn00
P0842,2012,78,Torrey Smith,WR,31,BAL,23,16,16,0,0,183.4,0,0,0,0,0,3,9,3,0,110,49,855,17.45,8,0,0,8,,,0.0,71,SmitTo02
P0638,2012,79,Greg Olsen,TE,7,CAR,27,16,16,0,0,183.3,0,0,0,0,0,0,0,,0,104,69,843,12.22,5,0,0,5,,,17.6,52,OlseGr00
P0900,2012,80,Mikel Leshoure,RB,19,DET,22,14,14,0,0,183.2,0,0,0,0,0,215,798,3.71,9,49,34,214,6.29,0,3,3,9,,,4.2,60,LeshMi00
P0901,2012,81,Ryan Tannehill,QB,24,MIA,24,16,16,0,0,182.9,282,484,3294,12,13,49,211,4.31,2,0,0,0,,0,9,4,2,,2,-93.7,182,TannRy00
P0719,2012,82,Ahmad Bradshaw,RB,20,NYG,26,14,12,0,0,179.0,0,0,0,0,0,221,1015,4.59,6,31,23,245,10.65,0,3,3,6,,,0.0,67,BradAh00
P0553,2012,83,Michael Turner,RB,21,ATL,30,16,16,0,0,175.8,0,0,0,0,0,222,800,3.6,10,30,19,128,6.74,1,3,1,11,,,-3.2,73,TurnMi00
P0458,2012,84,Larry Fitzgerald,WR,32,ARI,29,16,16,1,0,174.8,0,0,0,0,0,0,0,,0,156,71,798,11.24,4,0,0,4,,,-8.6,76,FitzLa00
P0902,2012,85,Colin Kaepernick,QB,25,SFO,25,13,7,0,0,174.1,136,218,1814,10,3,63,415,6.59,5,0,0,0,,0,9,2,5,,,-102.5,195,KaepCo00
P0715,2012,86,BenJarvus Green-Ellis,RB,22,CIN,27,15,15,0,0,173.8,0,0,0,0,0,278,1094,3.94,6,30,22,104,4.73,0,3,2,6,,,-5.2,74,GreeBe00
P0823,2012,87,Andre Roberts,WR,33,ARI,24,15,15,0,0,172.8,0,0,0,0,0,4,29,7.25,0,114,64,759,11.86,5,1,0,5,,,-10.6,77,RobeAn00
P0840,2012,88,Antonio Brown,WR,34,PIT,24,13,10,0,0,171.1,0,2,0,0,1,7,24,3.43,0,106,66,787,11.92,5,4,2,5,,,-12.3,78,BrowAn04
P0862,2012,89,Dennis Pitta,TE,8,BAL,27,16,5,0,0,169.9,0,0,0,0,0,0,0,,0,94,61,669,10.97,7,0,0,7,,,4.2,59,PittDe00
P0584,2012,90,Owen Daniels,TE,9,HOU,30,15,14,1,0,169.6,0,0,0,0,0,0,0,,0,104,62,716,11.55,6,0,0,6,,,3.9,61,DaniOw00
P0635,2012,91,Sidney Rice,WR,35,SEA,26,16,16,0,0,168.4,1,2,25,0,0,2,6,3,0,82,50,748,14.96,7,0,0,7,,,-15.0,79,RiceSi01
P0706,2012,92,Jordy Nelson,WR,36,GNB,27,12,10,0,0,167.5,0,0,0,0,0,0,0,,0,73,49,745,15.2,7,0,0,7,1,,-15.9,80,NelsJo00
P0609,2012,93,Malcom Floyd,WR,37,SDG,31,14,14,0,0,167.4,0,0,0,0,0,0,0,,0,85,56,814,14.54,5,0,0,5,,,-16.0,81,FloyMa00
P0725,2012,94,Percy Harvin,WR,38,MIN,24,9,8,0,0,167.3,0,0,0,0,0,22,96,4.36,1,85,62,677,10.92,3,2,1,5,,,-16.1,82,HarvPe00
P0849,2012,95,Denarius Moore,WR,39,OAK,24,15,15,0,0,166.6,0,0,0,0,0,1,-5,-5,0,114,51,741,14.53,7,3,0,7,,,-16.8,83,MoorDe02
P0800,2012,96,Jermaine Gresham,TE,10,CIN,24,16,15,1,0,165.7,0,0,0,0,0,0,0,,0,94,64,737,11.52,5,2,1,5,,,0.0,69,GresJe00
P0903,2012,97,Brandon Weeden,QB,26,CLE,29,15,15,0,0,165.6,297,517,3385,14,17,27,111,4.11,0,1,0,-9,,0,6,1,0,,,-111.0,210,WeedBr00
P0864,2012,98,Golden Tate,WR,40,SEA,24,15,15,0,0,160.7,1,1,23,1,0,3,20,6.67,0,68,45,688,15.29,7,1,1,7,,,-22.7,87,TateGo00
P0904,2012,99,Josh Gordon,WR,41,CLE,21,16,13,0,0,158.5,0,0,0,0,0,0,0,,0,96,50,805,16.1,5,1,1,5,,,-24.9,89,GordJo02
P0880,2012,100,Kyle Rudolph,TE,11,MIN,23,16,16,1,0,158.3,0,0,0,0,0,0,0,,0,93,53,493,9.3,9,0,0,9,1,,-7.4,75,RudoKy00
P0685,2012,101,Donnie Avery,WR,42,IND,28,16,15,0,0,157.0,0,0,0,0,0,4,9,2.25,0,124,60,781,13.02,3,1,0,3,,,-26.4,91,AverDo00
P0787,2012,102,Danny Woodhead,RB,23,NWE,27,16,2,0,0,156.7,0,0,0,0,0,76,301,3.96,4,55,40,446,11.15,3,1,0,7,,,-22.3,86,WoodDa02
P0905,2012,103,Joique Bell,RB,24,DET,26,16,0,0,0,155.9,0,0,0,0,0,82,414,5.05,3,68,52,485,9.33,0,2,2,3,,,-23.1,88,BellJo01
P0620,2012,104,Dwayne Bowe,WR,43,KAN,28,13,12,0,0,155.1,0,0,0,0,0,0,0,,0,114,59,801,13.58,3,1,1,3,,,-28.3,95,BoweDw00
P0881,2012,105,Jeremy Kerley,WR,44,NYJ,24,16,7,0,0,153.2,1,1,42,0,0,5,8,1.6,0,95,56,827,14.77,2,4,3,3,,,-30.2,96,KerlJe00
P0690,2012,106,Darren McFadden,RB,25,OAK,25,12,12,0,0,152.5,0,0,0,0,0,216,707,3.27,2,63,42,258,6.14,1,2,2,3,,,-26.5,92,McFaDa00
P0310,2012,107,Michael Vick,QB,27,PHI,32,10,10,0,0,151.7,204,351,2362,12,10,62,332,5.35,1,0,0,0,,0,11,5,1,,,-124.9,236,VickMi00
P0766,2012,108,Brandon Gibson,WR,45,STL,25,16,13,0,0,150.1,0,0,0,0,0,0,0,,0,82,51,691,13.55,5,0,0,5,,,-33.3,99,GibsBr00
P0906,2012,109,Kendall Wright,WR,46,TEN,23,15,5,0,0,149.0,0,0,0,0,0,1,4,4,0,104,64,626,9.78,4,1,1,4,,,-34.4,100,WrigKe01
P0711,2012,110,Martellus Bennett,TE,12,NYG,25,16,16,0,0,147.6,0,0,0,0,0,0,0,,0,89,55,626,11.38,5,0,0,5,,,-18.1,84,BennMa00
P0756,2012,111,Danny Amendola,WR,47,STL,27,11,8,0,0,146.4,0,0,0,0,0,2,8,4,0,101,63,666,10.57,3,3,2,3,1,,-37.0,106,AmenDa00
P0847,2012,112,DeMarco Murray,RB,26,DAL,24,10,10,0,0,146.4,0,0,0,0,0,161,663,4.12,4,42,35,251,7.17,0,3,2,4,,,-32.6,98,MurrDe00
P0356,2012,113,Santana Moss,WR,48,WAS,33,16,1,0,0,145.7,0,0,0,0,0,3,14,4.67,0,62,41,573,13.98,8,2,1,8,,,-37.7,108,MossSa00
P0427,2012,114,Antonio Gates,TE,13,SDG,32,15,15,0,0,144.8,0,0,0,0,0,0,0,,0,80,49,538,10.98,7,0,0,7,,,-20.9,85,GateAn00
P0833,2012,115,Danario Alexander,WR,49,SDG,26,10,6,0,0,144.8,0,1,0,0,0,0,0,,0,62,37,658,17.78,7,0,0,7,,,-38.6,109,AlexDa00
P0696,2012,116,Davone Bess,WR,50,MIA,27,13,13,0,0,144.8,0,0,0,0,0,0,0,,0,104,61,778,12.75,1,1,0,1,,,-38.6,110,BessDa00
P0580,2012,117,Nate Washington,WR,51,TEN,29,16,14,0,0,144.6,0,0,0,0,0,0,0,,0,89,46,746,16.22,4,1,0,4,,,-38.8,111,WashNa00
P0577,2012,118,DeAngelo Williams,RB,27,CAR,29,16,10,0,0,143.4,0,0,0,0,0,173,737,4.26,5,20,13,187,14.38,2,2,2,7,,,-35.6,101,WillDe02
P0848,2012,119,Greg Little,WR,52,CLE,23,16,16,0,0,143.2,0,0,0,0,0,2,15,7.5,0,94,53,647,12.21,4,0,0,4,,,-40.2,114,LittGr00
P0877,2012,120,Jacquizz Rodgers,RB,28,ATL,22,16,0,0,0,141.4,0,0,0,0,0,94,362,3.85,1,59,53,402,7.58,1,0,0,2,,,-37.6,107,RodgJa00
P0731,2012,121,Hakeem Nicks,WR,53,NYG,24,13,11,0,0,140.2,0,0,0,0,0,0,0,,0,100,53,692,13.06,3,0,0,3,,,-43.2,117,NickHa01
P0810,2012,122,Brandon LaFell,WR,54,CAR,26,14,12,0,0,139.2,0,0,0,0,0,3,35,11.67,0,76,44,677,15.39,4,1,0,4,,,-44.2,119,LaFeBr00
P0453,2012,123,Willis McGahee,RB,29,DEN,31,10,9,0,0,139.2,0,0,0,0,0,167,731,4.38,4,33,26,221,8.5,0,5,4,4,1,,-39.8,112,McGaWi00
P0736,2012,124,Pierre Garcon,WR,55,WAS,26,10,10,0,0,138.2,0,0,0,0,0,2,9,4.5,0,68,44,633,14.39,4,0,0,5,,,-45.2,121,GarcPi00
P0735,2012,125,Jermichael Finley,TE,14,GNB,25,16,14,0,0,137.7,0,0,0,0,0,0,0,,0,87,61,667,10.93,2,1,1,2,,,-28.0,93,FinlJe00
P0793,2012,126,Ryan Mathews,RB,30,SDG,25,12,9,0,0,136.9,0,0,0,0,0,184,707,3.84,1,56,39,252,6.46,0,2,2,1,,,-42.1,116,MathRy00
P0811,2012,127,Marcel Reece,FB,1,OAK,27,16,14,1,0,134.7,0,0,0,0,0,59,271,4.59,0,73,52,496,9.54,1,2,0,1,,,-44.3,120,ReecMa00
P0858,2012,128,Scott Chandler,TE,15,BUF,27,15,13,0,0,134.1,0,0,0,0,0,0,0,,0,74,43,571,13.28,6,2,1,6,,,-31.6,97,ChanSc00
P0648,2012,129,Pierre Thomas,RB,31,NOR,28,15,4,0,0,133.7,0,0,0,0,0,105,473,4.5,1,53,39,354,9.08,1,0,0,2,,,-45.3,122,ThomPi00
P0820,2012,130,Darrius Heyward-Bey,WR,56,OAK,25,15,14,0,0,133.2,0,0,0,0,0,2,16,8,0,80,41,606,14.78,5,0,0,5,,,-50.2,130,HeywDa00
P0907,2012,131,Chris Givens,WR,57,STL,23,15,12,0,0,133.0,0,0,0,0,0,3,12,4,0,80,42,698,16.62,3,0,0,3,1,,-50.4,131,GiveCh00
P0908,2012,132,Jake Locker,QB,28,TEN,24,11,11,0,0,132.1,177,314,2176,10,11,41,291,7.1,1,1,0,0,,0,4,4,1,,,-144.5,242,LockJa00
P0909,2012,133,Vick Ballard,RB,32,IND,22,16,12,0,0,131.6,0,0,0,0,0,211,814,3.86,2,27,17,152,8.94,1,3,0,3,,,-47.4,127,BallVi00
P0910,2012,134,Andrew Hawkins,WR,58,CIN,26,14,2,0,0,131.3,0,0,0,0,0,6,30,5,0,80,51,533,10.45,4,1,0,4,,,-52.1,134,HawkAn00
P0642,2012,135,Marcedes Lewis,TE,16,JAX,28,16,15,0,0,130.0,0,0,0,0,0,0,0,,0,77,52,540,10.38,4,0,0,4,,,-35.7,102,LewiMa00
P0792,2012,136,Aaron Hernandez,TE,17,NWE,23,10,10,0,0,129.8,0,0,0,0,0,1,5,5,0,83,51,483,9.47,5,0,0,5,,,-35.9,103,HernAa00
P0759,2012,137,Brandon Pettigrew,TE,18,DET,27,14,11,0,0,129.7,0,0,0,0,0,0,0,,0,102,59,567,9.61,3,4,2,3,,,-36.0,104,PettBr00
P0297,2012,138,Brandon Stokley,WR,59,DEN,36,15,9,0,0,129.4,0,0,0,0,0,0,0,,0,58,45,544,12.09,5,0,0,5,,,-54.0,137,StokBr00
P0714,2012,139,Brent Celek,TE,19,PHI,27,15,14,0,0,129.4,0,0,0,0,0,0,0,,0,88,57,684,12,1,1,1,1,,,-36.3,105,CeleBr00
P0744,2012,140,Kenny Britt,WR,60,TEN,24,14,11,0,0,127.9,0,0,0,0,0,0,0,,0,90,45,589,13.09,4,2,1,4,1,,-55.5,138,BritKe00
P0682,2012,141,DeSean Jackson,WR,61,PHI,26,11,11,0,0,126.3,0,0,0,0,0,3,-7,-2.33,0,87,45,700,15.56,2,1,0,2,,,-57.1,139,JackDe00
P0603,2012,142,Vernon Davis,TE,20,SFO,28,16,16,0,0,125.8,0,0,0,0,0,0,0,,0,61,41,548,13.37,5,0,0,5,,,-39.9,113,DaviVe00
P0571,2012,143,Alex Smith,QB,29,SFO,28,10,9,0,0,122.7,153,218,1737,13,5,31,132,4.26,0,0,0,0,,0,4,1,0,,,-153.9,243,SmitAl03
P0887,2012,144,Lance Kendricks,TE,21,STL,24,16,14,0,0,119.9,0,0,0,0,0,0,0,,0,64,42,519,12.36,4,1,0,4,1,,-45.8,123,KendLa00
P0789,2012,145,Jacob Tamme,TE,22,DEN,27,16,8,0,0,119.5,0,0,0,0,0,0,0,,0,85,52,555,10.67,2,0,0,2,,,-46.2,125,TammJa00
P0712,2012,146,Josh Morgan,WR,62,WAS,27,16,15,0,0,119.5,0,1,0,0,0,3,25,8.33,0,73,48,510,10.63,2,1,0,3,,,-63.9,145,MorgJo00
P0821,2012,147,Jared Cook,TE,23,TEN,25,13,5,0,0,118.3,0,0,0,0,0,0,0,,0,73,44,523,11.89,4,1,1,4,,,-47.4,126,CookJa02
P0742,2012,148,Mark Sanchez,QB,30,NYJ,26,15,15,0,0,118.1,246,453,2883,13,18,22,28,1.27,0,0,0,0,,0,14,8,0,,,-158.5,244,SancMa00
P0662,2012,149,Jason Avant,WR,63,PHI,29,14,6,0,0,117.8,0,0,0,0,0,0,0,,0,76,53,648,12.23,0,1,0,0,,,-65.6,147,AvanJa00
P0721,2012,150,Felix Jones,RB,33,DAL,25,16,7,0,0,117.4,0,0,0,0,0,111,402,3.62,3,36,25,262,10.48,2,2,2,5,,,-61.6,142,JoneFe00
P0520,2012,151,Ben Watson,TE,24,CLE,32,16,14,0,0,117.1,0,0,0,0,0,0,0,,0,82,49,501,10.22,3,1,0,3,,,-48.6,128,WatsBe00
P0911,2012,152,Dwayne Allen,TE,25,IND,22,16,16,0,0,115.6,0,0,0,0,0,3,5,1.67,0,66,45,521,11.58,3,1,0,3,,,-50.1,129,AlleDw00
P0653,2012,153,Fred Jackson,RB,34,BUF,31,10,8,0,0,115.4,0,0,0,0,0,115,437,3.8,3,42,34,217,6.38,1,5,4,4,,,-63.6,144,JackFr02
P0912,2012,154,Rod Streater,WR,64,OAK,24,16,2,0,0,115.4,0,0,0,0,0,0,0,,0,74,39,584,14.97,3,1,1,3,1,,-68.0,150,StreRo00
P0430,2012,155,Dallas Clark,TE,26,TAM,33,16,7,0,0,114.5,0,0,0,0,0,0,0,,0,75,47,435,9.26,4,0,0,4,,,-51.2,133,ClarDa00
P0739,2012,156,Chad Henne,QB,31,JAX,27,10,6,0,0,114.2,166,308,2084,11,11,19,64,3.37,1,0,1,-6,-6,0,4,2,1,,,-162.4,245,HennCh01
P0764,2012,157,Mike Tolbert,RB,35,CAR,27,16,5,0,0,114.1,0,0,0,0,0,54,183,3.39,7,39,27,268,9.93,0,0,0,7,,,-64.9,146,TolbMi00
P0726,2012,158,Knowshon Moreno,RB,36,DEN,25,8,6,0,0,112.2,0,0,0,0,0,138,525,3.8,4,26,21,167,7.95,0,1,1,4,,,-66.8,148,MoreKn00
P0913,2012,159,Michael Floyd,WR,65,ARI,23,16,3,0,0,111.2,0,0,0,0,0,0,0,,0,86,45,562,12.49,2,1,1,2,,,-72.2,155,FloyMi00
P0914,2012,160,Leonard Hankerson,WR,66,WAS,23,16,5,0,0,110.8,0,0,0,0,0,2,5,2.5,0,57,38,543,14.29,3,0,0,3,,,-72.6,156,HankLe00
P0915,2012,161,Donald Jones,WR,67,BUF,25,12,10,0,0,109.3,0,0,0,0,0,0,0,,0,67,41,443,10.8,4,1,0,4,,,-74.1,158,JoneDo00
P0916,2012,162,Andre Brown,RB,37,NYG,26,10,2,0,0,109.1,0,0,0,0,0,73,385,5.27,8,17,12,86,7.17,0,0,0,8,1,,-69.9,152,BrowAn03
P0818,2012,163,Emmanuel Sanders,WR,68,PIT,25,16,7,0,0,109.0,0,0,0,0,0,1,4,4,0,75,44,626,14.23,1,3,2,1,,,-74.4,159,SandEm00
P0504,2012,164,Ronnie Brown,RB,38,SDG,31,14,1,0,0,108.1,0,0,0,0,0,46,220,4.78,0,59,49,371,7.57,0,0,0,0,,,-70.9,153,BrowRo05
P0695,2012,165,Domenik Hixon,WR,69,NYG,28,13,3,0,0,107.7,0,0,0,0,0,0,0,,0,59,39,567,14.54,2,0,0,2,,,-75.7,160,HixoDo00
P0772,2012,166,Joel Dreessen,TE,27,DEN,30,16,15,0,0,106.6,0,0,0,0,0,0,0,,0,58,41,356,8.68,5,0,0,5,,,-59.1,140,DreeJo00
P0692,2012,167,Anthony Fasano,TE,28,MIA,28,16,16,0,0,106.2,0,0,0,0,0,0,0,,0,69,41,332,8.1,5,0,0,5,1,,-59.5,141,FasaAn00
P0829,2012,168,Dexter McCluster,RB,39,KAN,23,16,6,0,0,106.2,0,0,0,0,0,12,70,5.83,0,77,52,452,8.69,1,2,2,1,,,-72.8,157,McClDe00
P0623,2012,169,Kevin Walter,WR,70,HOU,31,16,14,0,0,104.8,0,0,0,0,0,0,0,,0,68,41,518,12.63,2,0,0,2,,,-78.6,161,WaltKe00
P0917,2012,170,Kevin Ogletree,WR,71,DAL,25,15,1,0,0,100.5,0,0,0,0,0,2,9,4.5,0,55,32,436,13.63,4,0,0,4,,,-82.9,169,OgleKe00
P0865,2012,171,Mark Ingram,RB,40,NOR,23,16,5,0,0,99.1,0,0,0,0,0,156,602,3.86,5,10,6,29,4.83,0,0,0,5,,,-79.9,163,IngrMa01
P0918,2012,172,Jonathan Dwyer,RB,41,PIT,23,13,6,0,0,98.9,0,0,0,0,0,156,623,3.99,2,25,18,106,5.89,0,2,2,2,,,-80.1,164,DwyeJo00
P0919,2012,173,Bilal Powell,RB,42,NYJ,24,14,2,0,0,98.7,0,0,0,0,0,110,437,3.97,4,36,17,140,8.24,0,0,0,4,,,-80.3,165,PoweBi00
P0599,2012,174,Tony Scheffler,TE,29,DET,29,15,4,0,0,98.4,0,0,0,0,0,0,0,,0,85,42,504,12,1,0,0,1,,,-67.3,149,ScheTo00
P0729,2012,175,Mario Manningham,WR,72,SFO,26,12,10,0,0,97.3,0,0,0,0,0,3,64,21.33,0,57,42,449,10.69,1,2,1,1,,,-86.1,171,MannMa01
P0517,2012,176,Michael Jenkins,WR,73,MIN,30,16,8,0,0,96.9,0,0,0,0,0,0,0,,0,72,40,449,11.23,2,0,0,2,,,-86.5,172,JenkMi00
P0846,2012,177,Titus Young,WR,74,DET,23,10,8,0,0,96.9,0,0,0,0,0,2,16,8,0,56,33,383,11.61,4,0,0,4,,,-86.5,173,YounTi00
P0578,2012,178,Greg Jennings,WR,75,GNB,29,8,5,0,0,96.6,0,0,0,0,0,0,0,,0,62,36,366,10.17,4,0,0,4,,,-86.8,174,JennGr00
P0747,2012,179,Jacoby Jones,WR,76,BAL,28,16,3,1,1,95.2,0,0,0,0,0,1,6,6,0,55,30,406,13.53,1,2,0,4,,,-88.2,175,JoneJa03
P0855,2012,180,Blaine Gabbert,QB,32,JAX,23,10,10,0,0,94.1,162,278,1662,9,6,18,56,3.11,0,0,0,0,,0,5,3,0,,2,-182.5,246,GabbBl00
P0634,2012,181,Zach Miller,TE,30,SEA,27,16,15,0,0,93.6,0,0,0,0,0,0,0,,0,53,38,396,10.42,3,1,1,3,,,-72.1,154,MillZa01
P0920,2012,182,Bryce Brown,RB,43,PHI,21,16,4,0,0,93.0,0,0,0,0,0,115,564,4.9,4,19,13,56,4.31,0,4,3,4,,,-86.0,170,BrowBr02
P0867,2012,183,Isaac Redman,RB,44,PIT,28,14,5,0,0,90.4,0,0,0,0,0,110,410,3.73,2,23,19,244,12.84,0,3,3,2,,,-88.6,176,RedmIs20
P0010,2012,184,Randy Moss,WR,77,SFO,35,16,2,0,0,89.4,0,0,0,0,0,0,0,,0,50,28,434,15.5,3,1,0,3,,,-94.0,184,MossRa00
P0835,2012,185,LaRod Stephens-Howling,RB,45,ARI,25,14,5,0,0,87.2,0,0,0,0,0,110,356,3.24,4,30,17,106,6.24,0,0,0,4,,,-91.8,177,StepLa00
P0921,2012,186,Rob Housler,TE,31,ARI,24,15,9,0,0,86.7,0,0,0,0,0,0,0,,0,68,45,417,9.27,0,0,0,0,,,-79.0,162,HousRo01
P0702,2012,187,Michael Bush,RB,46,CHI,28,13,1,0,0,86.4,0,0,0,0,0,114,411,3.61,5,11,9,83,9.22,0,1,1,5,,,-92.6,179,BushMi00
P0922,2012,188,Nick Foles,QB,33,PHI,23,7,6,0,0,86.2,161,265,1699,6,5,11,42,3.82,1,0,0,0,,0,8,3,1,,,-190.4,247,FoleNi00
P0923,2012,189,Daryl Richardson,RB,47,STL,22,16,0,0,0,85.8,0,0,0,0,0,98,475,4.85,0,36,24,163,6.79,0,3,2,0,1,,-93.2,180,RichDa00
P0924,2012,190,James Casey,FB,2,HOU,28,16,9,0,0,85.6,0,0,0,0,0,1,6,6,0,45,34,330,9.71,3,0,0,3,,,-93.4,181,CaseJa00
P0824,2012,191,Kevin Kolb,QB,34,ARI,28,6,5,0,0,84.8,109,183,1169,8,3,16,100,6.25,1,0,0,0,,0,2,2,1,,,-191.8,248,KolbKe00
P0801,2012,192,Tony Moeaki,TE,32,KAN,25,15,14,0,0,84.3,0,0,0,0,0,0,0,,0,56,33,453,13.73,1,0,0,1,,,-81.4,166,MoeaTo00
P0708,2012,193,Harry Douglas,WR,78,ATL,28,15,1,0,0,83.9,0,0,0,0,0,2,4,2,0,59,38,395,10.39,1,1,0,1,,,-99.5,187,DougHa00
P0845,2012,194,Doug Baldwin,WR,79,SEA,24,14,4,0,0,83.6,0,0,0,0,0,0,0,,0,50,29,366,12.62,3,0,0,3,,,-99.8,189,BaldDo00
P0869,2012,195,Daniel Thomas,RB,48,MIA,25,12,0,0,0,83.1,0,0,0,0,0,91,325,3.57,4,22,15,156,10.4,0,3,2,4,,,-95.9,185,ThomDa03
P0925,2012,196,Jeff Cumberland,TE,33,NYJ,25,15,12,0,0,82.9,0,0,0,0,0,0,0,,0,53,29,359,12.38,3,0,0,3,,,-82.8,168,CumbJe00
P0926,2012,197,Tiquan Underwood,WR,80,TAM,25,14,3,0,0,82.6,0,0,0,0,0,1,1,1,0,55,28,425,15.18,2,0,0,2,,,-100.8,192,UndeTi00
P0868,2012,198,Jackie Battle,RB,49,SDG,29,16,5,0,0,80.9,0,0,0,0,0,95,311,3.27,3,15,15,108,7.2,1,0,0,4,,,-98.1,186,BattJa00
P0927,2012,199,Austin Pettis,WR,81,STL,24,14,2,0,0,80.1,0,0,0,0,0,0,0,,0,48,30,261,8.7,4,0,0,4,,,-103.3,197,PettAu00
P0928,2012,200,Alshon Jeffery,WR,82,CHI,22,10,6,0,0,78.7,0,0,0,0,0,0,0,,0,48,24,367,15.29,3,0,0,3,,,-104.7,199,JeffAl00
P0737,2012,201,Earl Bennett,WR,83,CHI,25,12,4,0,0,78.5,0,0,0,0,0,0,0,,0,49,29,375,12.93,2,0,0,2,,,-104.9,200,BennEa00
P0684,2012,202,Jonathan Stewart,RB,50,CAR,25,9,6,0,0,78.3,0,0,0,0,0,93,336,3.61,1,23,17,157,9.24,1,2,0,2,,,-100.7,191,StewJo00
P0674,2012,203,Matt Cassel,QB,35,KAN,30,9,8,0,0,78.3,161,277,1796,6,12,27,145,5.37,1,0,0,0,,0,9,7,1,,,-198.3,249,CassMa00
P0929,2012,204,David Wilson,RB,51,NYG,21,16,2,0,0,77.2,0,0,0,0,0,71,358,5.04,4,9,4,34,8.5,1,1,1,6,,,-101.8,193,WilsDa01
P0757,2012,205,Julian Edelman,WR,84,NWE,26,9,3,0,0,77.0,0,0,0,0,0,4,45,11.25,0,32,21,235,11.19,3,1,1,5,,,-106.4,202,EdelJu00
P0930,2012,206,Alex Green,RB,52,GNB,24,12,4,0,0,76.9,0,0,0,0,0,135,464,3.44,0,30,18,125,6.94,0,1,0,0,,,-102.1,194,GreeAl00
P0278,2012,207,Matt Hasselbeck,QB,36,TEN,37,8,5,0,0,76.5,138,221,1367,7,5,13,38,2.92,0,0,0,0,,0,3,1,0,,1,-200.1,250,HassMa00
P0560,2012,208,Maurice Jones-Drew,RB,53,JAX,27,6,5,0,0,76.0,0,0,0,0,0,86,414,4.81,1,18,14,86,6.14,1,2,0,2,,,-103.0,196,DrewMa00
P0931,2012,209,Shaun Draughn,RB,54,KAN,25,16,0,0,0,73.1,0,0,0,0,0,59,233,3.95,2,30,24,158,6.58,0,2,1,2,,,-105.9,201,DrauSh00
P0932,2012,210,Robert Turbin,RB,55,SEA,23,16,0,0,0,72.5,0,0,0,0,0,80,354,4.43,0,23,19,181,9.53,0,0,0,0,,,-106.5,203,TurbRo00
P0933,2012,211,Garrett Graham,FB,3,HOU,26,15,9,0,0,72.3,0,0,0,0,0,0,0,,0,39,28,263,9.39,3,0,0,3,,,-106.7,204,GrahGa00
P0781,2012,212,Rashad Jennings,RB,56,JAX,27,10,6,0,0,72.3,0,0,0,0,0,101,283,2.8,2,26,19,130,6.84,0,3,1,2,1,,-106.7,205,JennRa00
P0694,2012,213,Dustin Keller,TE,34,NYJ,28,8,5,0,0,71.7,0,0,0,0,0,0,0,,0,36,28,317,11.32,2,0,0,2,,,-94.0,183,KellDu00
P0825,2012,214,Delanie Walker,WR,85,SFO,28,16,4,0,0,71.4,0,0,0,0,0,0,0,,0,39,21,344,16.38,3,1,1,3,,,-112.0,212,WalkHu00
P0934,2012,215,Bernard Pierce,RB,57,BAL,21,16,0,0,0,70.9,0,0,0,0,0,108,532,4.93,1,11,7,47,6.71,0,0,0,1,,,-108.1,206,PierBe00
P0748,2012,216,Louis Murphy,WR,86,CAR,25,16,5,0,0,70.9,0,0,0,0,0,1,3,3,0,61,25,336,13.44,1,1,0,2,,,-112.5,213,MurpLo00
P0935,2012,217,Travis Benjamin,WR,87,CLE,23,14,3,0,0,70.4,0,0,0,0,0,6,66,11,0,37,18,298,16.56,2,1,1,3,,,-113.0,214,BenjTr00
P0936,2012,218,Shane Vereen,RB,58,NWE,23,13,1,0,0,70.0,0,0,0,0,0,62,251,4.05,3,13,8,149,18.63,1,1,1,4,,,-109.0,207,VereSh00
P0421,2012,219,Nate Burleson,WR,88,DET,31,6,5,0,0,69.8,0,0,0,0,0,8,48,6,0,43,27,240,8.89,2,0,0,2,1,,-113.6,215,BurlNa00
P0937,2012,220,T.J. Graham,WR,89,BUF,23,15,11,0,0,69.7,0,0,0,0,0,1,5,5,0,58,31,322,10.39,1,0,0,1,,,-113.7,216,GrahT.00
P0765,2012,221,Donald Brown,RB,59,IND,25,10,4,0,0,68.0,0,0,0,0,0,108,417,3.86,1,13,9,93,10.33,0,0,0,1,1,,-111.0,211,BrowDo00
P0722,2012,222,Chaz Schilens,WR,90,NYJ,27,15,6,0,0,66.9,0,0,0,0,0,0,0,,0,41,28,289,10.32,2,1,1,2,,,-116.5,218,SchiCh00
P0938,2012,223,Rueben Randle,WR,91,NYG,21,16,1,0,0,66.8,0,0,0,0,0,0,0,,0,32,19,298,15.68,3,1,0,3,,,-116.6,219,RandRu00
P0939,2012,224,Coby Fleener,TE,35,IND,24,12,10,0,0,66.1,0,0,0,0,0,0,0,,0,48,26,281,10.81,2,0,0,2,,,-99.6,188,FleeCo00
P0940,2012,225,Jarius Wright,WR,92,MIN,23,7,1,0,0,66.1,0,0,0,0,0,2,11,5.5,0,36,22,310,14.09,2,0,0,2,,,-117.3,221,WrigJa02
P0941,2012,226,Joe Morgan,WR,93,NOR,24,14,5,0,0,66.0,0,0,0,0,0,1,1,1,0,21,10,379,37.9,3,0,0,3,,,-117.4,223,MorgJo01
P0942,2012,227,Riley Cooper,WR,94,PHI,25,11,5,0,0,65.8,0,0,0,0,0,0,0,,0,47,23,248,10.78,3,0,0,3,,,-117.6,224,CoopRi00
P0943,2012,228,Anthony McCoy,TE,36,SEA,25,16,5,0,0,65.1,0,0,0,0,0,0,0,,0,28,18,291,16.17,3,0,0,3,,,-100.6,190,McCoAn00
P0944,2012,229,Ryan Broyles,WR,95,DET,24,10,3,0,0,65.0,0,0,0,0,0,0,0,,0,32,22,310,14.09,2,0,0,2,,,-118.4,225,BroyRy00
P0945,2012,230,Stephen Hill,WR,96,NYJ,21,11,8,0,0,64.2,0,0,0,0,0,0,0,,0,47,21,252,12,3,0,0,3,,,-119.2,226,HillSt00
P0946,2012,231,Mohamed Sanu,WR,97,CIN,23,9,3,0,0,63.8,1,1,73,1,0,5,15,3,0,25,16,154,9.63,4,0,0,4,,,-119.6,227,SanuMo00
P0797,2012,232,Mike Goodson,RB,60,OAK,25,12,0,0,0,63.6,0,0,0,0,0,35,221,6.31,0,16,16,195,12.19,1,0,0,1,,,-115.4,217,GoodMi00
P0645,2012,233,Brad Smith,WR,98,BUF,29,15,2,0,0,62.8,0,1,0,0,1,14,116,8.29,1,22,14,152,10.86,2,1,0,4,,,-120.6,228,SmitBr01
P0852,2012,234,Damian Williams,WR,99,TEN,24,13,2,0,0,62.4,0,0,0,0,0,0,0,,0,45,30,324,10.8,0,0,0,0,,,-121.0,229,WillDa04
P0863,2012,235,Kendall Hunter,RB,61,SFO,24,11,0,0,0,62.1,0,0,0,0,0,72,371,5.15,2,12,9,60,6.67,0,1,1,2,,,-116.9,220,HuntKe00
P0947,2012,236,Logan Paulsen,TE,37,WAS,25,16,10,0,0,61.8,0,0,0,0,0,0,0,,0,38,25,308,12.32,1,0,0,1,,,-103.9,198,PaulLo00
P0738,2012,237,Jason Snelling,RB,62,ATL,29,16,2,0,0,61.6,0,0,0,0,0,18,63,3.5,0,35,31,203,6.55,1,1,1,1,,,-117.4,222,SnelJa00
P0832,2012,238,Micheal Spurlock,WR,100,2TM,29,14,1,0,0,61.0,0,0,0,0,0,0,0,,0,29,23,200,8.7,1,1,0,3,,,-122.4,230,SpurMi00
P0534,2012,239,Devery Henderson,WR,101,NOR,30,15,9,0,0,60.9,0,0,0,0,0,1,13,13,0,47,22,316,14.36,1,1,0,1,,,-122.5,231,HendDe00
P0948,2012,240,Jonathan Baldwin,WR,102,KAN,23,15,7,0,0,58.5,0,0,0,0,0,0,0,,0,47,20,325,16.25,1,0,0,1,,,-124.9,235,BaldJo00
P0741,2012,241,Fred Davis,TE,38,WAS,26,7,7,0,0,56.6,0,0,0,0,0,1,1,1,0,31,24,325,13.54,0,0,0,0,,,-109.1,208,DaviFr01
P0949,2012,242,Craig Stevens,TE,39,TEN,28,15,15,0,0,56.5,0,0,0,0,0,0,0,,0,33,23,275,11.96,1,2,0,1,,,-109.2,209,StevCr00
P0950,2012,243,Armon Binns,WR,103,2TM,23,11,5,0,0,55.7,0,0,0,0,0,0,0,,0,40,24,277,11.54,1,1,1,1,,,-127.7,239,BinnAr00
P0740,2012,244,Beanie Wells,RB,63,ARI,24,8,7,0,0,54.8,0,0,0,0,0,88,234,2.66,5,1,1,24,24,0,1,1,5,,,-124.2,232,WellCh00
P0675,2012,245,Eddie Royal,WR,104,SDG,26,10,2,0,0,54.6,0,0,0,0,0,3,22,7.33,0,44,23,234,10.17,1,1,0,1,,,-128.8,240,RoyaEd00
P0581,2012,246,Cedric Benson,RB,64,GNB,30,5,5,0,0,54.5,0,0,0,0,0,71,248,3.49,1,15,14,97,6.93,0,1,0,1,,,-124.5,233,BensCe00
P0822,2012,247,Toby Gerhart,RB,65,MIN,25,16,0,0,0,54.4,0,0,0,0,0,50,169,3.38,1,27,20,155,7.75,0,2,2,1,,,-124.6,234,GerhTo00
P0951,2012,248,Aldrick Robinson,WR,105,WAS,24,15,2,0,0,54.1,0,0,0,0,0,1,14,14,0,19,11,237,21.55,3,0,0,3,,,-129.3,241,RobiAl00
P0952,2012,249,William Powell,RB,66,ARI,24,13,1,0,0,53.9,0,0,0,0,0,60,217,3.62,0,25,19,132,6.95,0,2,0,0,,,-125.1,237,PoweWi00
P0851,2012,250,Ben Tate,RB,67,HOU,24,11,0,0,0,53.8,0,0,0,0,0,65,279,4.29,2,11,11,49,4.45,0,1,1,2,,,-125.2,238,TateBe00
P0015,2013,1,Peyton Manning,QB,1,DEN,37,16,16,1,1,410.0,450,659,5477,55,10,32,-31,-0.97,1,0,0,0,,0,10,6,1,,,149.1,3,MannPe00
P0703,2013,2,Jamaal Charles,RB,1,KAN,27,15,15,1,1,378.0,0,0,0,0,0,259,1287,4.97,12,104,70,693,9.9,7,4,2,19,,,194.6,1,CharJa00
P0340,2013,3,Drew Brees,QB,2,NOR,34,16,16,1,0,357.7,446,650,5162,39,12,35,52,1.49,3,0,0,0,,0,6,2,3,,,96.8,14,BreeDr00
P0670,2013,4,Matt Forte,RB,2,CHI,28,16,16,1,0,337.3,0,0,0,0,0,289,1339,4.63,9,95,74,594,8.03,3,2,2,12,1,,153.9,2,FortMa00
P0732,2013,5,LeSean McCoy,RB,3,PHI,25,16,16,1,1,330.6,0,0,0,0,0,314,1607,5.12,9,64,52,539,10.37,2,1,1,11,,,147.2,4,McCoLe01
P0830,2013,6,Demaryius Thomas,WR,1,DEN,26,16,16,1,0,319.0,0,0,0,0,0,0,0,,0,142,92,1430,15.54,14,1,0,14,,,132.1,6,ThomDe03
P0840,2013,7,Antonio Brown,WR,2,PIT,25,16,14,1,0,314.9,1,1,15,0,0,7,4,0.57,0,167,110,1499,13.63,8,1,0,9,,,128.0,7,BrowAn04
P0904,2013,8,Josh Gordon,WR,3,CLE,22,14,14,1,1,314.4,0,0,0,0,0,5,88,17.6,0,159,87,1646,18.92,9,0,0,9,,,127.5,8,GordJo02
P0838,2013,9,A.J. Green,WR,4,CIN,25,16,16,1,0,306.6,0,0,0,0,0,0,0,,0,178,98,1426,14.55,11,1,0,11,,,119.7,9,GreeA.00
P0600,2013,10,Brandon Marshall,WR,5,CHI,29,16,16,1,0,305.5,0,0,0,0,0,0,0,,0,164,100,1295,12.95,12,0,0,12,2,,118.6,10,MarsBr00
P0809,2013,11,Jimmy Graham,TE,1,NOR,27,16,12,1,1,303.5,0,0,0,0,0,0,0,,0,142,86,1215,14.13,16,0,0,16,,,134.6,5,GrahJi00
P0625,2013,12,Calvin Johnson,WR,6,DET,28,14,14,1,1,303.2,0,0,0,0,0,0,0,,0,156,84,1492,17.76,12,1,1,12,,,116.3,11,JohnCa00
P0836,2013,13,Cam Newton,QB,3,CAR,24,16,16,1,0,297.7,292,473,3379,24,13,111,585,5.27,6,0,0,0,,0,3,1,6,,,36.8,39,NewtCa00
P0726,2013,14,Knowshon Moreno,RB,4,DEN,26,16,15,0,0,296.6,0,0,0,0,0,241,1038,4.31,10,74,60,548,9.13,3,1,0,13,,,113.2,12,MoreKn00
P0892,2013,15,Andrew Luck,QB,4,IND,24,16,16,1,0,292.6,343,570,3822,23,9,63,377,5.98,4,0,0,0,,0,6,2,4,,4,31.7,44,LuckAn00
P0791,2013,16,Dez Bryant,WR,7,DAL,25,16,16,1,0,292.4,0,0,0,0,0,1,1,1,0,159,93,1233,13.26,13,3,1,13,,,105.5,13,BryaDe01
P0839,2013,17,Andy Dalton,QB,5,CIN,26,16,16,0,0,288.0,363,586,4293,33,20,61,183,3,2,0,0,0,,0,4,3,2,,,27.1,46,DaltAn00
P0566,2013,18,Philip Rivers,QB,6,SDG,32,16,16,1,0,287.4,378,544,4478,32,11,28,72,2.57,0,1,0,-9,,0,3,2,0,,,26.5,49,RivePh00
P0928,2013,19,Alshon Jeffery,WR,8,CHI,23,16,14,1,0,283.6,0,0,0,0,0,16,105,6.56,0,148,89,1421,15.97,7,3,1,7,1,,96.7,15,JeffAl00
P0844,2013,20,Eric Decker,WR,9,DEN,26,16,16,0,0,279.8,0,0,0,0,0,0,0,,0,136,87,1288,14.8,11,2,1,11,,,92.9,16,DeckEr00
P0406,2013,21,Andre Johnson,WR,10,HOU,32,16,16,1,0,279.7,0,0,0,0,0,0,0,,0,181,109,1407,12.91,5,0,0,5,,,92.8,17,JohnAn02
P0745,2013,22,Matthew Stafford,QB,7,DET,25,16,16,0,0,278.9,371,634,4650,29,19,37,69,1.86,2,0,0,0,,0,12,4,2,,2,18.0,53,StafMa00
P0736,2013,23,Pierre Garcon,WR,11,WAS,27,16,16,0,0,277.5,0,0,0,0,0,2,19,9.5,0,181,113,1346,11.91,5,1,1,5,,,90.6,19,GarcPi00
P0621,2013,24,Marshawn Lynch,RB,5,SEA,27,16,16,1,0,275.3,0,0,0,0,0,301,1257,4.18,12,44,36,316,8.78,2,4,1,14,,,91.9,18,LyncMa00
P0891,2013,25,Russell Wilson,QB,8,SEA,25,16,16,1,0,270.2,257,407,3357,26,9,96,539,5.61,1,0,0,0,,0,10,5,1,,,9.3,61,WilsRu00
P0682,2013,26,DeSean Jackson,WR,12,PHI,27,16,16,1,0,269.4,0,0,0,0,0,3,2,0.67,0,126,82,1332,16.24,9,1,0,9,,,82.5,20,JackDe00
P0706,2013,27,Jordy Nelson,WR,13,GNB,28,16,16,0,0,264.4,0,0,0,0,0,0,0,,0,127,85,1314,15.46,8,0,0,8,,,77.5,21,NelsJo00
P0902,2013,28,Colin Kaepernick,QB,9,SFO,26,16,16,0,0,264.3,243,416,3197,21,8,92,524,5.7,4,0,0,0,,0,6,4,4,,,3.4,65,KaepCo00
P0569,2013,29,Tony Romo,QB,10,DAL,33,15,15,0,0,260.9,342,535,3828,31,10,20,38,1.9,0,0,0,0,,0,4,1,0,,1,0.0,69,RomoTo00
P0922,2013,30,Nick Foles,QB,11,PHI,24,13,10,1,0,259.7,203,317,2891,27,2,57,221,3.88,3,0,0,0,,0,4,2,3,,2,-1.2,71,FoleNi00
P0462,2013,31,Ben Roethlisberger,QB,12,PIT,31,16,16,0,0,258.8,375,584,4261,28,14,27,99,3.67,1,0,0,5,,0,9,6,1,,,-2.1,72,RoetBe00
P0847,2013,32,DeMarco Murray,RB,6,DAL,25,14,14,1,0,258.1,0,0,0,0,0,217,1121,5.17,9,66,53,350,6.6,1,3,1,10,,,74.7,22,MurrDe00
P0571,2013,33,Alex Smith,QB,13,KAN,29,15,15,1,0,254.2,308,508,3313,23,7,76,431,5.67,1,1,1,-4,-4,0,7,3,1,,,-6.7,77,SmitAl03
P0757,2013,34,Julian Edelman,WR,14,NWE,27,16,11,0,0,251.7,0,0,0,0,0,2,11,5.5,0,151,105,1056,10.06,6,6,0,6,2,,64.8,23,EdelJu00
P0260,2013,35,Tom Brady,QB,14,NWE,36,16,16,1,0,251.5,380,628,4343,25,11,32,18,0.56,0,0,0,0,,0,9,3,0,,2,-9.4,79,BradTo00
P0679,2013,36,Matt Ryan,QB,15,ATL,28,16,16,0,0,248.1,439,651,4515,26,17,17,55,3.24,0,0,0,0,,0,5,4,0,,,-12.8,81,RyanMa00
P0403,2013,37,Anquan Boldin,WR,15,SFO,33,16,16,0,0,246.0,0,0,0,0,0,2,11,5.5,0,129,85,1179,13.87,7,0,0,7,,,59.1,24,BoldAn00
P0953,2013,38,Eddie Lacy,RB,7,GNB,23,15,15,1,0,242.5,0,0,0,0,0,284,1178,4.15,11,44,35,257,7.34,0,1,1,11,,,59.1,25,LacyEd00
P0582,2013,39,Vincent Jackson,WR,16,TAM,30,16,16,0,0,242.4,0,0,0,0,0,1,0,0,0,160,78,1224,15.69,7,1,0,7,,,55.5,28,JackVi00
P0673,2013,40,Chris Johnson,RB,8,TEN,28,16,16,0,0,240.2,0,0,0,0,0,279,1077,3.86,6,52,42,345,8.21,4,3,2,10,,,56.8,26,JohnCh04
P0561,2013,41,Reggie Bush,RB,9,DET,28,14,14,0,0,239.2,0,0,0,0,0,223,1006,4.51,4,80,54,506,9.37,3,5,4,7,,,55.8,27,BushRe00
P0901,2013,42,Ryan Tannehill,QB,16,MIA,25,16,16,0,0,238.3,355,588,3913,24,17,40,238,5.95,1,0,0,0,,0,9,5,1,,,-22.6,89,TannRy00
P0458,2013,43,Larry Fitzgerald,WR,17,ARI,30,16,16,1,0,236.2,0,1,0,0,0,2,8,4,0,135,82,954,11.63,10,1,1,10,,,49.3,32,FitzLa00
P0653,2013,44,Fred Jackson,RB,10,BUF,32,16,6,0,0,234.7,0,0,0,0,0,206,890,4.32,9,65,47,387,8.23,1,3,0,10,,,51.3,29,JackFr02
P0618,2013,45,Adrian Peterson,RB,11,MIN,28,14,14,1,0,232.7,0,0,0,0,0,279,1266,4.54,10,40,29,171,5.9,1,5,3,11,,,49.3,31,PeteAd01
P0787,2013,46,Danny Woodhead,RB,12,SDG,28,16,2,0,0,223.4,0,0,0,0,0,106,429,4.05,2,88,76,605,7.96,6,2,2,8,,,40.0,36,WoodDa02
P0954,2013,47,Giovani Bernard,RB,13,CIN,22,16,0,0,0,222.9,0,0,0,0,0,170,695,4.09,5,71,56,514,9.18,3,1,1,8,,,39.5,37,BernGi00
P0897,2013,48,T.Y. Hilton,WR,18,IND,24,16,10,0,0,220.9,0,0,0,0,0,2,6,3,0,139,82,1083,13.21,5,1,0,5,,,34.0,40,HiltT.00
P0955,2013,49,Keenan Allen,WR,19,SDG,21,15,14,0,0,219.6,0,0,0,0,0,0,0,,0,105,71,1046,14.73,8,2,2,8,,,32.7,43,AlleKe00
P0027,2013,50,Tony Gonzalez,TE,2,ATL,37,16,16,1,0,218.9,0,0,0,0,0,0,0,,0,121,83,859,10.35,8,0,0,8,1,,50.0,30,GonzTo00
P0464,2013,51,Carson Palmer,QB,17,ARI,34,16,16,0,0,217.3,362,572,4274,24,22,27,3,0.11,0,0,0,0,,0,6,3,0,,,-43.6,114,PalmCa00
P0956,2013,52,Le'Veon Bell,RB,14,PIT,21,13,13,0,0,216.9,0,0,0,0,0,244,860,3.52,8,66,45,399,8.87,0,1,1,8,,,33.5,41,BellLe00
P0905,2013,53,Joique Bell,RB,15,DET,27,16,4,0,0,216.7,0,0,0,0,0,166,650,3.92,8,69,53,547,10.32,0,4,3,8,1,,33.3,42,BellJo01
P0957,2013,54,Julius Thomas,TE,3,DEN,25,14,14,1,0,215.8,0,0,0,0,0,0,0,,0,90,65,788,12.12,12,0,0,12,,,46.9,33,ThomJu00
P0906,2013,55,Kendall Wright,WR,20,TEN,24,16,12,0,0,213.9,0,0,0,0,0,0,0,,0,139,94,1079,11.48,2,2,0,2,,,27.0,47,WrigKe01
P0958,2013,56,Jordan Cameron,TE,4,CLE,25,15,14,1,0,213.7,0,0,0,0,0,0,0,,0,118,80,917,11.46,7,1,0,7,,,44.8,34,CameJo00
P0889,2013,57,Robert Griffin III,QB,18,WAS,23,13,13,0,0,213.0,274,456,3203,16,12,86,489,5.69,0,0,0,0,,0,11,4,0,1,1,-47.9,121,GrifRo01
P0603,2013,58,Vernon Davis,TE,5,SFO,29,15,15,1,0,213.0,0,0,0,0,0,0,0,,0,84,52,850,16.35,13,1,1,13,,,44.1,35,DaviVe00
P0648,2013,59,Pierre Thomas,RB,16,NOR,29,16,9,0,0,211.2,0,0,0,0,0,147,549,3.73,2,84,77,513,6.66,3,2,1,5,,,27.8,45,ThomPi00
P0793,2013,60,Ryan Mathews,RB,17,SDG,26,16,14,0,0,210.4,0,0,0,0,0,285,1255,4.4,6,33,26,189,7.27,1,2,1,7,,,27.0,48,MathRy00
P0537,2013,61,Wes Welker,WR,21,DEN,32,13,13,0,0,208.8,0,0,0,0,0,0,0,,0,111,73,778,10.66,10,1,1,10,,,21.9,50,WelkWe00
P0681,2013,62,Joe Flacco,QB,19,BAL,28,16,16,0,0,207.6,362,614,3912,19,22,27,131,4.85,1,0,0,0,,0,8,2,1,,2,-53.3,126,FlacJo00
P0425,2013,63,Jason Witten,TE,6,DAL,31,16,16,1,0,206.1,0,0,0,0,0,0,0,,0,111,73,851,11.66,8,0,0,8,,,37.2,38,WittJa00
P0842,2013,64,Torrey Smith,WR,22,BAL,24,16,16,0,0,203.8,0,0,0,0,0,0,0,,0,137,65,1128,17.35,4,1,0,4,1,,16.9,54,SmitTo02
P0751,2013,65,Brian Hartline,WR,23,MIA,27,16,15,0,0,201.6,0,0,0,0,0,0,0,,0,133,76,1016,13.37,4,0,0,4,,,14.7,56,HartBr00
P0708,2013,66,Harry Douglas,WR,24,ATL,29,16,11,0,0,199.7,0,0,0,0,0,0,0,,0,132,85,1067,12.55,2,3,2,2,,,12.8,57,DougHa00
P0564,2013,67,Marques Colston,WR,25,NOR,30,15,11,0,0,199.3,0,0,0,0,0,0,0,,0,111,75,943,12.57,5,0,0,5,,,12.4,58,ColsMa00
P0734,2013,68,Mike Wallace,WR,26,MIA,27,16,16,0,0,199.3,0,0,0,0,0,3,33,11,0,141,73,930,12.74,5,0,0,5,,,12.4,59,WallMi00
P0913,2013,69,Michael Floyd,WR,27,ARI,24,16,16,0,0,199.1,0,0,0,0,0,0,0,,0,113,65,1041,16.02,5,0,0,5,,,12.2,60,FloyMi00
P0837,2013,70,Victor Cruz,WR,28,NYG,27,14,12,0,0,194.8,0,0,0,0,0,0,0,,0,122,73,998,13.67,4,1,1,4,,,7.9,62,CruzVi00
P0959,2013,71,Geno Smith,QB,20,NYJ,23,16,16,0,0,194.7,247,443,3046,12,21,72,366,5.08,6,1,1,13,13,0,8,4,6,,,-66.2,142,SmitGe00
P0516,2013,72,Frank Gore,RB,18,SFO,30,16,16,1,0,190.9,0,0,0,0,0,276,1128,4.09,9,27,16,141,8.81,0,3,3,9,,,7.5,63,GoreFr00
P0638,2013,73,Greg Olsen,TE,7,CAR,28,16,16,0,0,190.6,0,0,0,0,0,0,0,,0,111,73,816,11.18,6,0,0,6,,,21.7,51,OlseGr00
P0960,2013,74,Marvin Jones,WR,29,CIN,23,16,3,0,0,188.7,0,0,0,0,0,8,65,8.13,0,80,51,712,13.96,10,0,0,10,,,1.8,66,JoneMa02
P0888,2013,75,Charles Clay,TE,8,MIA,24,16,15,0,0,188.4,0,0,0,0,0,7,15,2.14,1,102,69,759,11,6,0,0,7,,,19.5,52,ClayCh00
P0560,2013,76,Maurice Jones-Drew,RB,19,JAX,28,15,15,0,0,187.0,1,1,8,1,0,234,803,3.43,5,60,43,314,7.3,0,1,1,5,,,3.6,64,DrewMa00
P0864,2013,77,Golden Tate,WR,30,SEA,25,16,13,0,0,186.9,0,0,0,0,0,3,31,10.33,0,99,64,898,14.03,5,3,0,5,,,0.0,67,TateGo00
P0942,2013,78,Riley Cooper,WR,31,PHI,26,16,15,0,0,184.3,0,0,0,0,0,0,18,,0,84,47,835,17.77,8,0,0,8,2,,-2.6,73,CoopRi00
P0427,2013,79,Antonio Gates,TE,9,SDG,33,16,15,0,0,184.2,0,0,0,0,0,0,0,,0,114,77,872,11.32,4,2,2,4,,,15.3,55,GateAn00
P0961,2013,80,Zac Stacy,RB,20,STL,22,14,12,0,0,183.4,0,0,0,0,0,250,973,3.89,7,35,26,141,5.42,1,1,1,8,,,0.0,70,StacZa00
P0818,2013,81,Emmanuel Sanders,WR,32,PIT,26,16,10,0,0,181.5,0,0,0,0,0,1,25,25,0,113,67,740,11.04,6,1,0,6,1,,-5.4,76,SandEm00
P0894,2013,82,Alfred Morris,RB,21,WAS,25,16,16,1,0,178.3,0,0,0,0,0,276,1275,4.62,7,12,9,78,8.67,0,5,4,7,,,-5.1,74,MorrAl00
P0698,2013,83,Ray Rice,RB,22,BAL,26,15,15,0,0,178.1,0,0,0,0,0,214,660,3.08,4,72,58,321,5.53,0,2,2,4,1,,-5.3,75,RiceRa00
P0781,2013,84,Rashad Jennings,RB,23,OAK,28,15,8,0,0,174.5,0,0,0,0,0,163,733,4.5,6,48,36,292,8.11,0,0,0,6,,,-8.9,78,JennRa00
P0669,2013,85,Darren Sproles,RB,24,NOR,30,15,4,0,0,173.4,0,0,0,0,0,53,220,4.15,2,89,71,604,8.51,2,2,2,4,,,-10.0,80,SproDa00
P0912,2013,86,Rod Streater,WR,33,OAK,25,16,14,0,0,172.5,0,0,0,0,0,2,17,8.5,0,100,60,888,14.8,4,1,1,4,,,-14.4,82,StreRo00
P0578,2013,87,Greg Jennings,WR,34,MIN,30,15,15,0,0,172.4,0,0,0,0,0,0,0,,0,106,68,804,11.82,4,0,0,4,,,-14.5,83,JennGr00
P0499,2013,88,Eli Manning,QB,21,NYG,32,16,16,0,0,170.3,317,551,3818,18,27,18,36,2,0,0,0,0,,0,7,2,0,,,-90.6,182,MannEl00
P0671,2013,89,Aaron Rodgers,QB,22,GNB,30,9,9,0,0,169.4,193,290,2536,17,6,30,120,4,0,0,0,0,,0,4,0,0,,,-91.5,184,RodgAa00
P0711,2013,90,Martellus Bennett,TE,10,CHI,26,16,15,0,0,168.9,0,0,0,0,0,0,0,,0,94,65,759,11.68,5,1,1,5,,,0.0,68,BennMa00
P0601,2013,91,Jay Cutler,QB,23,CHI,30,11,11,0,0,168.6,224,355,2621,19,12,23,118,5.13,0,0,0,0,,0,5,3,0,,3,-92.3,185,CutlJa00
P0580,2013,92,Nate Washington,WR,35,TEN,30,16,15,0,0,167.9,0,0,0,0,0,0,0,,0,105,58,919,15.84,3,0,0,3,,,-19.0,86,WashNa00
P0559,2013,93,Ryan Fitzpatrick,QB,24,TEN,31,11,9,0,0,167.7,217,350,2454,14,12,43,225,5.23,3,1,1,0,0,0,9,2,3,,,-93.2,188,FitzRy00
P0565,2013,94,Jerricho Cotchery,WR,36,PIT,31,16,6,0,0,165.7,0,0,0,0,0,1,-5,-5,0,76,46,602,13.09,10,0,0,10,,,-21.2,88,CotcJe00
P0962,2013,95,Andre Ellington,RB,25,ARI,24,15,1,0,0,165.3,0,0,0,0,0,118,652,5.53,3,57,39,371,9.51,1,1,0,4,,,-18.1,85,ElliAn00
P0577,2013,96,DeAngelo Williams,RB,26,CAR,30,15,15,0,0,163.6,0,0,0,0,0,201,843,4.19,3,36,26,333,12.81,1,3,2,4,,,-19.8,87,WillDe02
P0342,2013,97,Steve Smith Sr.,WR,37,CAR,34,15,15,0,0,162.5,0,0,0,0,0,0,0,,0,110,64,745,11.64,4,0,0,4,,,-24.4,91,SmitSt01
P0896,2013,98,Cecil Shorts,WR,38,JAX,26,13,13,0,0,161.7,0,0,0,0,0,0,0,,0,123,66,777,11.77,3,0,0,3,,,-25.2,92,ShorCe00
P0963,2013,99,Cordarrelle Patterson,WR,39,MIN,22,16,6,1,1,161.7,0,0,0,0,0,12,158,13.17,3,77,45,469,10.42,4,0,0,9,,,-25.2,93,PattCo00
P0739,2013,100,Chad Henne,QB,25,JAX,28,15,13,0,0,161.3,305,503,3241,13,14,27,77,2.85,0,0,0,0,,0,2,0,0,,,-99.6,202,HennCh01
P0845,2013,101,Doug Baldwin,WR,40,SEA,25,16,9,0,0,158.4,0,0,0,0,0,2,6,3,0,72,50,778,15.56,5,0,0,5,,,-28.5,96,BaldDo00
P0675,2013,102,Eddie Royal,WR,41,SDG,27,15,3,0,0,158.2,0,0,0,0,0,3,21,7,0,68,47,631,13.43,8,1,1,8,,,-28.7,98,RoyaEd00
P0964,2013,103,Mike Glennon,QB,26,TAM,24,13,13,0,0,158.0,247,416,2608,19,9,27,37,1.37,0,0,0,0,,0,7,4,0,,,-102.9,209,GlenMi00
P0629,2013,104,James Jones,WR,42,GNB,29,14,14,0,0,156.7,0,0,0,0,0,0,0,,0,93,59,817,13.85,3,2,1,3,,,-30.2,99,JoneJa04
P0819,2013,105,C.J. Spiller,RB,27,BUF,26,15,10,0,0,154.8,0,0,0,0,0,202,933,4.62,2,41,33,185,5.61,0,4,1,2,,,-28.6,97,SpilC.00
P0620,2013,106,Dwayne Bowe,WR,43,KAN,29,15,15,0,0,154.3,0,0,0,0,0,0,0,,0,103,57,673,11.81,5,0,0,5,,,-32.6,100,BoweDw00
P0825,2013,107,Delanie Walker,TE,11,TEN,29,15,11,0,0,153.1,0,0,0,0,0,0,0,,0,86,60,571,9.52,6,1,0,6,,,-15.8,84,WalkHu00
P0765,2013,108,Donald Brown,RB,28,IND,26,16,5,0,0,150.1,0,0,0,0,0,102,537,5.26,6,35,27,214,7.93,2,0,0,8,,,-33.3,101,BrowDo00
P0522,2013,109,Roddy White,WR,44,ATL,32,13,13,0,0,150.1,0,0,0,0,0,0,0,,0,97,63,711,11.29,3,2,1,3,,,-36.8,103,WhitRo00
P0468,2013,110,Steven Jackson,RB,29,ATL,30,12,12,0,0,148.4,0,0,0,0,0,157,543,3.46,6,49,33,191,5.79,1,0,0,7,,,-35.0,102,JackSt00
P0821,2013,111,Jared Cook,TE,12,STL,26,16,13,0,0,146.1,0,0,0,0,0,0,0,,0,85,51,671,13.16,5,1,1,5,,,-22.8,90,CookJa02
P0965,2013,112,Terrance Williams,WR,45,DAL,24,16,8,0,0,146.0,0,0,0,0,0,3,4,1.33,0,74,44,736,16.73,5,2,2,5,1,,-40.9,108,WillTe01
P0731,2013,113,Hakeem Nicks,WR,46,NYG,25,15,15,0,0,145.6,0,0,0,0,0,0,0,,0,101,56,896,16,0,0,0,0,,,-41.3,109,NickHa01
P0849,2013,114,Denarius Moore,WR,47,OAK,25,13,10,0,0,145.5,0,0,0,0,0,0,0,,0,86,46,695,15.11,5,0,0,5,,,-41.4,110,MoorDe02
P0966,2013,115,Marlon Brown,WR,48,BAL,22,14,12,0,0,145.2,0,0,0,0,0,1,-2,-2,0,82,49,524,10.69,7,0,0,7,1,,-41.7,111,BrowMa00
P0851,2013,116,Ben Tate,RB,30,HOU,25,14,7,0,0,145.1,0,0,0,0,0,181,771,4.26,4,49,34,140,4.12,0,5,2,4,,,-38.3,104,TateBe00
P0893,2013,117,Trent Richardson,RB,31,2TM,23,16,10,0,0,144.9,0,0,0,0,0,188,563,2.99,3,52,35,316,9.03,1,2,1,4,,,-38.5,105,RichTr00
P0724,2013,118,Rashard Mendenhall,RB,32,ARI,26,15,15,0,0,144.1,0,0,0,0,0,217,687,3.17,8,21,18,134,7.44,0,4,3,8,1,,-39.3,106,MendRa00
P0967,2013,119,Terrelle Pryor,QB,27,OAK,24,11,9,0,0,143.5,156,272,1798,7,11,83,576,6.94,2,0,0,0,,0,7,2,2,,,-117.4,226,PryoTe00
P0810,2013,120,Brandon LaFell,WR,49,CAR,27,16,16,0,0,143.2,0,0,0,0,0,2,15,7.5,0,85,49,627,12.8,5,1,0,5,,,-43.7,115,LaFeBr00
P0968,2013,121,DeAndre Hopkins,WR,50,HOU,21,16,16,0,0,142.2,0,0,0,0,0,0,0,,0,91,52,802,15.42,2,1,1,2,,,-44.7,116,HopkDe00
P0877,2013,122,Jacquizz Rodgers,RB,33,ATL,23,15,4,0,0,141.3,0,0,0,0,0,96,332,3.46,2,63,52,341,6.56,2,1,1,4,,,-42.1,112,RodgJa00
P0969,2013,123,Tim Wright,TE,13,TAM,23,16,8,0,0,141.3,0,0,0,0,0,1,2,2,0,76,54,571,10.57,5,0,0,5,,,-27.6,94,WrigTi01
P0970,2013,124,Jarrett Boykin,WR,51,GNB,24,16,8,0,0,141.1,0,0,0,0,0,0,0,,0,83,49,681,13.9,3,0,0,4,,,-45.8,118,BoykJa00
P0939,2013,125,Coby Fleener,TE,14,IND,25,16,12,0,0,140.8,0,0,0,0,0,0,0,,0,87,52,608,11.69,4,1,0,4,2,,-28.1,95,FleeCo00
P0919,2013,126,Bilal Powell,RB,34,NYJ,25,16,11,0,0,140.1,1,1,30,0,0,176,697,3.96,1,57,36,272,7.56,0,1,0,1,,,-43.3,113,PoweBi00
P0431,2013,127,Josh McCown,QB,28,CHI,34,8,5,0,0,136.1,149,224,1829,13,1,13,69,5.31,1,0,0,0,,0,3,1,1,,1,-124.8,235,McCoJo01
P0938,2013,128,Rueben Randle,WR,52,NYG,22,16,3,0,0,136.1,0,0,0,0,0,0,0,,0,78,41,611,14.9,6,3,1,6,,,-50.8,123,RandRu00
P0936,2013,129,Shane Vereen,RB,35,NWE,24,8,1,0,0,134.5,0,0,0,0,0,44,208,4.73,1,69,47,427,9.09,3,1,0,4,,,-48.9,122,VereSh00
P0971,2013,130,EJ Manuel,QB,29,BUF,23,10,10,0,0,133.5,180,306,1972,11,9,53,186,3.51,2,0,0,0,,0,6,3,2,,2,-127.4,238,ManuEJ00
P0933,2013,131,Garrett Graham,FB,1,HOU,27,13,11,0,0,131.5,0,0,0,0,0,0,0,,0,89,49,545,11.12,5,2,1,5,,,-51.9,124,GrahGa00
P0972,2013,132,Tavon Austin,WR,53,STL,23,13,3,0,0,130.9,0,1,0,0,0,9,151,16.78,1,69,40,418,10.45,4,4,1,6,,,-56.0,129,AustTa00
P0783,2013,133,Stevie Johnson,WR,54,BUF,27,12,12,0,0,130.7,0,0,0,0,0,1,10,10,0,101,52,597,11.48,3,1,1,3,1,,-56.2,130,JohnSt00
P0756,2013,134,Danny Amendola,WR,55,NWE,28,12,6,0,0,129.4,0,0,0,0,0,1,1,1,0,83,54,633,11.72,2,0,0,2,,,-57.5,131,AmenDa00
P0829,2013,135,Dexter McCluster,WR,56,KAN,24,15,6,1,0,128.6,0,0,0,0,0,8,5,0.63,0,83,53,511,9.64,2,2,0,4,,,-58.3,132,McClDe00
P0858,2013,136,Scott Chandler,TE,15,BUF,28,16,7,0,0,128.5,0,0,0,0,0,0,0,,0,81,53,655,12.36,2,1,1,2,,,-40.4,107,ChanSc00
P0895,2013,137,Stevan Ridley,RB,36,NWE,24,14,6,0,0,127.5,0,0,0,0,0,178,773,4.34,7,12,10,62,6.2,0,4,4,7,,,-55.9,128,RidlSt00
P0973,2013,138,Kenny Stills,WR,57,NOR,21,16,10,0,0,127.1,0,0,0,0,0,3,10,3.33,0,50,32,641,20.03,5,0,0,5,,,-59.8,135,StilKe00
P0826,2013,139,Jerome Simpson,WR,58,MIN,27,16,8,0,0,126.6,0,0,0,0,0,0,0,,0,100,48,726,15.13,1,1,0,1,,,-60.3,137,SimpJe00
P0640,2013,140,Ted Ginn Jr.,WR,59,CAR,28,16,2,0,0,124.5,0,0,0,0,0,4,29,7.25,0,68,36,556,15.44,5,0,0,5,,,-62.4,140,GinnTe00
P0974,2013,141,Lamar Miller,RB,37,MIA,22,16,15,0,0,123.9,0,0,0,0,0,177,709,4.01,2,35,26,170,6.54,0,1,1,2,,,-59.5,134,MillLa01
P0764,2013,142,Mike Tolbert,RB,38,CAR,28,16,13,1,1,123.5,0,0,0,0,0,101,361,3.57,5,33,27,184,6.81,2,0,0,7,,,-59.9,136,TolbMi00
P0899,2013,143,Brandon Myers,TE,16,NYG,28,16,14,0,0,123.2,0,0,0,0,0,0,0,,0,76,47,522,11.11,4,0,0,4,,,-45.7,117,MyerBr00
P0788,2013,144,Rob Gronkowski,TE,17,NWE,24,7,6,0,0,122.2,0,0,0,0,0,0,0,,0,66,39,592,15.18,4,0,0,4,,,-46.7,119,GronRo00
P0507,2013,145,Heath Miller,TE,18,PIT,31,14,14,0,0,121.3,0,0,0,0,0,0,0,,0,79,58,593,10.22,1,1,1,1,,,-47.6,120,MillHe00
P0795,2013,146,LeGarrette Blount,RB,39,NWE,27,16,7,0,0,121.0,0,0,0,0,0,153,772,5.05,7,5,2,38,19,0,3,2,7,,,-62.4,139,BlouLe00
P0975,2013,147,Robert Woods,WR,60,BUF,21,14,14,0,0,120.3,0,0,0,0,0,2,16,8,0,85,40,587,14.68,3,0,0,3,1,,-66.6,144,WoodRo02
P0715,2013,148,BenJarvus Green-Ellis,RB,40,CIN,28,16,16,0,0,119.8,0,0,0,0,0,220,756,3.44,7,8,4,22,5.5,0,2,2,7,,,-63.6,141,GreeBe00
P0786,2013,149,Sam Bradford,QB,30,STL,26,7,7,0,0,118.6,159,262,1687,14,4,15,31,2.07,0,0,0,0,,0,3,1,0,1,,-142.3,239,BradSa00
P0714,2013,150,Brent Celek,TE,19,PHI,28,16,15,0,0,116.2,0,0,0,0,0,0,0,,0,51,32,502,15.69,6,1,1,6,,,-52.7,125,CeleBr00
P0588,2013,151,Jason Campbell,QB,31,CLE,32,9,8,0,0,115.3,180,317,2015,11,8,14,107,7.64,0,0,0,0,,0,3,2,0,,,-145.6,240,CampJa00
P0976,2013,152,Jordan Reed,TE,20,WAS,23,9,4,0,0,114.7,0,0,0,0,0,1,18,18,0,59,45,499,11.09,3,0,0,3,,,-54.2,127,ReedJo02
P0881,2013,153,Jeremy Kerley,WR,61,NYJ,25,12,8,0,0,114.4,0,1,0,0,0,4,11,2.75,0,72,43,523,12.16,3,0,0,3,,,-72.5,149,KerlJe00
P0872,2013,154,Chris Ogbonnaya,RB,41,CLE,27,16,7,0,0,114.3,0,0,0,0,0,49,240,4.9,0,74,48,343,7.15,2,2,2,2,,,-69.1,146,OgboCh00
P0977,2013,155,Aaron Dobson,WR,62,NWE,22,12,9,0,0,112.9,0,0,0,0,0,0,0,,0,72,37,519,14.03,4,1,0,4,,,-74.0,152,DobsAa00
P0811,2013,156,Marcel Reece,FB,2,OAK,28,16,15,1,0,111.8,1,1,22,0,0,46,218,4.74,2,54,32,331,10.34,2,0,0,4,,,-71.6,148,ReecMa00
P0978,2013,157,Ace Sanders,WR,63,JAX,22,15,4,0,0,110.6,1,1,21,1,0,2,4,2,0,87,51,484,9.49,1,0,0,1,,,-76.3,156,SandAc00
P0979,2013,158,Bobby Rainey,RB,42,2TM,26,15,6,0,0,110.2,0,1,0,0,0,150,566,3.77,5,19,15,46,3.07,1,1,1,6,,,-73.2,150,RainBo00
P0685,2013,159,Donnie Avery,WR,64,KAN,29,16,14,0,0,110.2,0,0,0,0,0,2,6,3,0,71,40,596,14.9,2,1,1,2,,,-76.7,158,AverDo00
P0800,2013,160,Jermaine Gresham,TE,21,CIN,25,14,14,0,0,109.8,0,0,0,0,0,0,0,,0,68,46,458,9.96,4,3,3,4,,,-59.1,133,GresJe00
P0841,2013,161,Julio Jones,WR,65,ATL,24,5,5,0,0,109.7,0,0,0,0,0,1,7,7,0,59,41,580,14.15,2,2,1,2,,,-77.2,159,JoneJu02
P0778,2013,162,Arian Foster,RB,43,HOU,27,8,8,0,0,108.5,0,0,0,0,0,121,542,4.48,1,35,22,183,8.32,1,0,0,2,1,,-74.9,153,FostAr00
P0980,2013,163,Montee Ball,RB,44,DEN,23,16,0,0,0,108.4,0,0,0,0,0,120,559,4.66,4,27,20,145,7.25,0,3,3,4,,,-75.0,154,BallMo00
P0674,2013,164,Matt Cassel,QB,32,MIN,31,9,6,0,0,108.0,153,254,1807,11,9,18,57,3.17,1,0,0,0,,0,3,1,1,,,-152.9,241,CassMa00
P0843,2013,165,Roy Helu,RB,45,WAS,25,16,0,0,0,107.5,0,0,0,0,0,62,274,4.42,4,42,31,251,8.1,0,2,0,4,,,-75.9,155,HeluRo00
P0854,2013,166,Christian Ponder,QB,33,MIN,25,9,9,0,0,107.0,152,239,1648,7,9,34,151,4.44,4,0,0,0,,0,7,4,4,,,-153.9,242,PondCh00
P0981,2013,167,Zach Ertz,TE,22,PHI,23,16,3,0,0,106.9,0,0,0,0,0,0,0,,0,57,36,469,13.03,4,0,0,4,,,-62.0,138,ErtzZa00
P0873,2013,168,Randall Cobb,WR,66,GNB,23,6,4,0,0,106.1,0,0,0,0,0,4,78,19.5,0,47,31,433,13.97,4,0,0,4,,,-80.8,163,CobbRa00
P0946,2013,169,Mohamed Sanu,WR,67,CIN,24,16,14,0,0,105.1,1,1,25,0,0,4,16,4,0,77,47,455,9.68,2,1,1,2,,,-81.8,164,SanuMo00
P0633,2013,170,Matt Schaub,QB,34,HOU,32,10,8,0,0,104.8,219,358,2310,10,14,5,24,4.8,0,0,0,0,,0,2,1,0,,,-156.1,243,SchaMa00
P0806,2013,171,Chris Ivory,RB,46,NYJ,25,15,6,0,0,104.3,0,0,0,0,0,182,833,4.58,3,7,2,10,5,0,2,0,3,,,-79.1,161,IvorCh00
P0982,2013,172,Case Keenum,QB,35,HOU,25,8,8,0,0,103.6,137,253,1760,9,6,14,72,5.14,1,0,0,0,,0,6,2,1,,,-157.3,244,KeenCa00
P0308,2013,173,Reggie Wayne,WR,68,IND,35,7,7,0,0,102.8,0,0,0,0,0,1,5,5,0,58,38,503,13.24,2,0,0,2,1,,-84.1,165,WaynRe00
P0983,2013,174,Mychal Rivera,TE,23,OAK,23,16,3,0,0,102.7,0,0,0,0,0,0,0,,0,60,38,407,10.71,4,0,0,4,,,-66.2,143,RiveMy00
P0984,2013,175,Kenbrell Thompkins,WR,69,NWE,25,12,8,0,0,102.6,0,0,0,0,0,0,0,,0,69,32,466,14.56,4,0,0,4,,,-84.3,166,ThomKe02
P0823,2013,176,Andre Roberts,WR,70,ARI,25,16,2,0,0,102.1,0,0,0,0,0,0,0,,0,76,43,471,10.95,2,0,0,2,,,-84.8,167,RobeAn00
P0927,2013,177,Austin Pettis,WR,71,STL,25,16,6,0,0,101.9,0,0,0,0,0,0,0,,0,63,38,399,10.5,4,1,0,4,,,-85.0,168,PettAu00
P0634,2013,178,Zach Miller,TE,24,SEA,28,14,12,0,0,101.7,0,0,0,0,0,0,0,,0,56,33,387,11.73,5,0,0,5,,,-67.2,145,MillZa01
P0310,2013,179,Michael Vick,QB,36,PHI,33,7,6,0,0,101.0,77,141,1215,5,3,36,306,8.5,2,0,0,-2,,0,4,2,2,,,-159.9,245,VickMi00
P0747,2013,180,Jacoby Jones,WR,72,BAL,29,12,9,0,0,100.5,0,0,0,0,0,2,0,0,0,68,37,455,12.3,2,0,0,3,,,-86.4,174,JoneJa03
P0908,2013,181,Jake Locker,QB,37,TEN,25,7,7,0,0,99.7,111,183,1256,8,4,24,155,6.46,2,0,0,0,,0,3,1,2,,,-161.2,246,LockJa00
P0848,2013,182,Greg Little,WR,73,CLE,24,16,13,0,0,99.5,0,0,0,0,0,0,0,,0,99,41,465,11.34,2,0,0,2,,,-87.4,177,LittGr00
P0690,2013,183,Darren McFadden,RB,47,OAK,26,10,7,0,0,98.3,1,1,16,1,0,114,379,3.32,5,25,17,108,6.35,0,1,1,5,,,-85.1,169,McFaDa00
P0869,2013,184,Daniel Thomas,RB,48,MIA,26,15,1,0,0,97.9,0,0,0,0,0,109,406,3.72,4,17,15,63,4.2,2,0,0,6,,,-85.5,170,ThomDa03
P0985,2013,185,Rishard Matthews,TE,25,MIA,24,16,5,0,0,97.8,0,0,0,0,0,0,0,,0,67,41,448,10.93,2,0,0,2,,,-71.1,147,MattRi00
P0356,2013,186,Santana Moss,WR,74,WAS,34,16,1,0,0,97.7,0,0,0,0,0,3,25,8.33,0,79,42,452,10.76,2,2,2,2,,,-89.2,178,MossSa00
P0986,2013,187,Kris Durham,WR,75,DET,25,16,13,0,0,97.0,0,0,0,0,0,0,0,,0,85,38,490,12.89,2,1,1,2,,,-89.9,181,DurhKr00
P0987,2013,188,Tyler Eifert,TE,26,CIN,23,15,15,0,0,95.5,0,0,0,0,0,0,0,,0,60,39,445,11.41,2,0,0,2,,,-73.4,151,EifeTy00
P0885,2013,189,Vincent Brown,WR,76,SDG,24,16,12,0,0,94.2,0,0,0,0,0,0,0,,0,70,41,472,11.51,1,0,0,1,,,-92.7,187,BrowVi00
P0916,2013,190,Andre Brown,RB,49,NYG,27,8,8,0,0,93.5,0,0,0,0,0,139,492,3.54,3,29,20,103,5.15,0,3,3,3,1,,-89.9,180,BrowAn03
P0662,2013,191,Jason Avant,WR,77,PHI,30,16,13,0,0,92.7,0,0,0,0,0,0,0,,0,77,38,447,11.76,2,1,1,2,,,-94.2,190,AvanJa00
P0646,2013,192,Lance Moore,WR,78,NOR,30,13,5,0,0,92.7,0,0,0,0,0,0,0,,0,54,37,457,12.35,2,1,1,2,,,-94.2,191,MoorLa00
P0759,2013,193,Brandon Pettigrew,TE,27,DET,28,14,14,0,0,92.6,0,0,0,0,0,0,0,,0,63,41,416,10.15,2,1,1,2,,,-76.3,157,PettBr00
P0856,2013,194,James Starks,RB,50,GNB,27,13,1,0,0,92.2,0,0,0,0,0,89,493,5.54,3,13,10,89,8.9,1,1,0,4,,,-91.2,183,StarJa00
P0926,2013,195,Tiquan Underwood,WR,79,TAM,26,12,7,0,0,92.0,0,0,0,0,0,0,0,,0,46,24,440,18.33,4,0,0,4,,,-94.9,192,UndeTi00
P0738,2013,196,Jason Snelling,RB,51,ATL,30,14,1,0,0,91.0,0,0,0,0,0,44,164,3.73,1,34,29,216,7.45,3,0,0,4,,,-92.4,186,SnelJa00
P0921,2013,197,Rob Housler,TE,28,ARI,25,13,10,0,0,90.4,0,0,0,0,0,0,0,,0,57,39,454,11.64,1,1,0,1,,,-78.5,160,HousRo01
P0814,2013,198,David Nelson,WR,80,NYJ,27,12,6,0,0,90.3,0,0,0,0,0,0,0,,0,60,36,423,11.75,2,0,0,2,,,-96.6,194,NelsDa01
P0421,2013,199,Nate Burleson,WR,81,DET,32,9,8,0,0,90.3,0,0,0,0,0,2,-8,-4,0,55,39,461,11.82,1,1,0,1,,,-96.6,195,BurlNa00
P0696,2013,200,Davone Bess,WR,82,CLE,28,14,3,0,0,90.2,0,0,0,0,0,0,0,,0,86,42,362,8.62,2,1,1,2,1,,-96.7,196,BessDa00
P0925,2013,201,Jeff Cumberland,TE,29,NYJ,26,15,12,0,0,89.8,0,0,0,0,0,0,0,,0,40,26,398,15.31,4,0,0,4,,,-79.1,162,CumbJe00
P0907,2013,202,Chris Givens,WR,83,STL,24,16,13,0,0,89.7,0,0,0,0,0,3,8,2.67,0,83,34,569,16.74,0,1,1,0,,,-97.2,197,GiveCh00
P0903,2013,203,Brandon Weeden,QB,38,CLE,30,8,5,0,0,89.6,141,267,1731,9,9,12,44,3.67,0,0,0,0,,0,6,2,0,,1,-171.3,247,WeedBr00
P0988,2013,204,Cole Beasley,WR,84,DAL,24,14,3,0,0,87.8,0,0,0,0,0,0,0,,0,54,39,368,9.44,2,1,0,2,,,-99.1,200,BeasCo00
P0940,2013,205,Jarius Wright,WR,85,MIN,24,16,3,0,0,87.4,0,0,0,0,0,0,0,,0,43,26,434,16.69,3,0,0,3,,,-99.5,201,WrigJa02
P0989,2013,206,Mike Brown,WR,86,JAX,24,11,6,0,0,86.6,0,0,0,0,0,0,0,,0,56,32,446,13.94,2,2,1,2,,,-100.3,204,BrowMi00
P0934,2013,207,Bernard Pierce,RB,52,BAL,22,16,1,0,0,86.0,0,0,0,0,0,152,436,2.87,2,25,20,104,5.2,0,0,0,2,,,-97.4,198,PierBe00
P0914,2013,208,Leonard Hankerson,WR,87,WAS,24,10,7,0,0,85.5,0,0,0,0,0,0,0,,0,50,30,375,12.5,3,0,0,3,,,-101.4,206,HankLe00
P0650,2013,209,Kellen Clemens,QB,39,STL,30,10,9,0,0,85.3,142,242,1673,8,7,23,64,2.78,0,0,0,0,,0,7,4,0,,1,-175.6,248,ClemKe00
P0990,2013,210,Jerrel Jernigan,WR,88,NYG,24,15,3,0,0,83.6,0,0,0,0,0,2,57,28.5,1,45,29,329,11.34,2,1,1,3,,,-103.3,210,JernJe00
P0430,2013,211,Dallas Clark,TE,30,BAL,34,12,0,0,0,83.3,0,0,0,0,0,0,0,,0,52,31,343,11.06,3,0,0,3,,,-85.6,171,ClarDa00
P0642,2013,212,Marcedes Lewis,TE,31,JAX,29,11,11,0,0,82.9,0,0,0,0,0,0,0,,0,47,25,359,14.36,4,1,1,4,,,-86.0,172,LewiMa00
P0991,2013,213,Joseph Fauria,TE,32,DET,23,16,2,0,0,82.7,0,0,0,0,0,0,0,,0,30,18,207,11.5,7,0,0,7,1,,-86.2,173,FaurJo00
P0737,2013,214,Earl Bennett,WR,89,CHI,26,15,3,0,0,82.3,0,0,0,0,0,0,0,,0,43,32,243,7.59,4,0,0,4,1,,-104.6,211,BennEa00
P0568,2013,215,Kellen Winslow,TE,33,NYJ,30,12,3,0,0,81.8,0,0,0,0,0,0,0,,0,47,31,388,12.52,2,0,0,2,,,-87.1,175,WinsKe01
P0887,2013,216,Lance Kendricks,TE,34,STL,25,15,13,0,0,81.8,0,0,0,0,0,0,0,,0,46,32,258,8.06,4,0,0,4,,,-87.1,176,KendLa00
P0992,2013,217,Brandon Bolden,RB,53,NWE,23,12,2,0,0,81.3,0,0,0,0,0,55,271,4.93,3,29,21,152,7.24,0,0,0,3,,,-102.1,208,BoldBr00
P0766,2013,218,Brandon Gibson,WR,90,MIA,26,7,3,0,0,80.6,0,0,0,0,0,0,0,,0,43,30,326,10.87,3,0,0,3,,,-106.3,213,GibsBr00
P0880,2013,219,Kyle Rudolph,TE,35,MIN,24,8,8,0,0,79.3,0,0,0,0,0,0,0,,0,46,30,313,10.43,3,0,0,3,,,-89.6,179,RudoKy00
P0993,2013,220,Jermaine Kearse,WR,91,SEA,23,15,5,0,0,78.6,0,0,0,0,0,0,0,,0,38,22,346,15.73,4,1,1,4,,,-108.3,215,KearJe01
P0994,2013,221,Matt McGloin,QB,40,OAK,24,7,6,0,0,78.6,118,211,1547,8,8,11,27,2.45,0,0,0,0,,0,4,1,0,,,-182.3,249,McGlMa01
P0995,2013,222,Justin Hunter,WR,92,TEN,22,14,0,0,0,77.4,0,0,0,0,0,0,0,,0,42,18,354,19.67,4,0,0,4,,,-109.5,216,HuntJu00
P0898,2013,223,Justin Blackmon,WR,93,JAX,23,4,4,0,0,76.4,0,0,0,0,0,1,-1,-1,0,48,29,415,14.31,1,0,0,1,,,-110.5,217,BlacJu00
P0996,2013,224,Andrew Quarless,TE,36,GNB,25,16,10,0,0,75.2,0,0,0,0,0,0,0,,0,53,32,312,9.75,2,0,0,2,,,-93.7,189,QuarAn00
P0574,2013,225,Santonio Holmes,WR,94,NYJ,29,11,11,0,0,74.6,0,0,0,0,0,0,0,,0,59,23,456,19.83,1,0,0,1,,,-112.3,218,HolmSa00
P0997,2013,226,Andre Holmes,WR,95,OAK,25,10,4,0,0,74.1,0,0,0,0,0,0,0,,0,52,25,431,17.24,1,0,0,1,,,-112.8,220,HolmAn00
P0735,2013,227,Jermichael Finley,TE,37,GNB,26,6,5,0,0,73.0,0,0,0,0,0,0,0,,0,34,25,300,12,3,0,0,3,,,-95.9,193,FinlJe00
P0998,2013,228,Ladarius Green,WR,96,SDG,23,16,10,0,0,72.6,0,0,0,0,0,0,0,,0,30,17,376,22.12,3,0,0,3,,,-114.3,222,GreeLa00
P0999,2013,229,Matt Flynn,QB,41,2TM,28,7,5,0,0,72.2,124,200,1392,8,5,20,65,3.25,0,0,0,0,,0,7,6,0,,,-188.7,250,FlynMa00
P1000,2013,230,Knile Davis,RB,54,KAN,22,16,1,0,0,70.7,0,0,0,0,0,70,242,3.46,4,15,11,75,6.82,0,3,1,5,,,-112.7,219,DaviKn00
P0820,2013,231,Darrius Heyward-Bey,WR,97,IND,26,16,11,0,0,70.5,0,0,0,0,0,3,26,8.67,0,64,29,309,10.66,1,0,0,1,1,,-116.4,224,HeywDa00
P0937,2013,232,T.J. Graham,WR,98,BUF,24,16,6,0,0,70.5,0,0,0,0,0,4,14,3.5,0,58,23,361,15.7,2,1,1,2,,,-116.4,225,GrahT.00
P0686,2013,233,John Carlson,TE,38,MIN,29,13,8,0,0,70.4,0,0,0,0,0,0,0,,0,48,32,344,10.75,1,1,1,1,,,-98.5,199,CarlJo00
P1001,2013,234,Jordan Todman,RB,55,JAX,23,16,2,0,0,69.2,0,0,0,0,0,76,256,3.37,2,26,14,116,8.29,1,0,0,3,,,-114.2,221,TodmJo00
P0947,2013,235,Logan Paulsen,TE,39,WAS,26,16,14,0,0,68.7,0,0,0,0,0,0,0,,0,50,28,267,9.54,3,2,2,3,,,-100.2,203,PaulLo00
P0890,2013,236,Doug Martin,RB,56,TAM,24,6,6,0,0,68.2,0,0,0,0,0,127,456,3.59,1,24,12,66,5.5,0,2,1,1,,,-115.2,223,MartDo00
P1002,2013,237,Sean McGrath,TE,40,KAN,26,16,9,0,0,68.2,0,0,0,0,0,0,0,,0,40,26,302,11.62,2,0,0,2,,,-100.7,205,McGrSe00
P0584,2013,238,Owen Daniels,TE,41,HOU,31,5,5,0,0,67.2,0,0,0,0,0,0,0,,0,41,24,252,10.5,3,0,0,3,,,-101.7,207,DaniOw00
P0951,2013,239,Aldrick Robinson,WR,99,WAS,25,16,1,0,0,66.1,0,0,0,0,0,3,-4,-1.33,0,46,18,365,20.28,2,0,0,2,,,-120.8,229,RobiAl00
P0647,2013,240,Brian Leonard,RB,57,TAM,29,16,1,0,0,65.1,0,0,0,0,0,47,182,3.87,0,37,29,179,6.17,0,0,0,0,,,-118.3,227,LeonBr00
P0776,2013,241,Shonn Greene,RB,58,TEN,28,11,0,0,0,63.4,0,0,0,0,0,77,295,3.83,4,8,6,39,6.5,0,0,0,4,,,-120.0,228,GreeSh00
P1003,2013,242,Keshawn Martin,WR,100,HOU,23,16,1,0,0,63.3,0,0,0,0,0,0,0,,0,40,22,253,11.5,2,2,1,3,,,-123.6,232,MartKe01
P1004,2013,243,Clay Harbor,TE,42,JAX,26,16,7,0,0,63.2,0,0,0,0,0,0,0,,0,35,24,292,12.17,2,2,1,2,,,-105.7,212,HarbCl00
P1005,2013,244,Marquise Goodwin,WR,101,BUF,23,12,1,0,0,62.6,0,0,0,0,0,3,13,4.33,0,32,17,283,16.65,3,1,1,3,,,-124.3,233,GoodMa00
P0945,2013,245,Stephen Hill,WR,102,NYJ,22,12,11,0,0,62.2,0,0,0,0,0,0,0,,0,59,24,342,14.25,1,1,1,1,,,-124.7,234,HillSt00
P1006,2013,246,Griff Whalen,WR,103,IND,23,9,3,0,0,61.9,0,0,0,0,0,0,0,,0,40,24,259,10.79,2,0,0,2,,,-125.0,236,WhalGr00
P0920,2013,247,Bryce Brown,RB,59,PHI,22,16,1,0,0,61.8,0,0,0,0,0,75,314,4.19,2,13,8,84,10.5,0,0,0,2,1,,-121.6,230,BrowBr02
P0863,2013,248,Kendall Hunter,RB,60,SFO,25,16,0,0,0,61.1,0,0,0,0,0,78,358,4.59,3,4,2,13,6.5,0,1,1,4,,,-122.3,231,HuntKe00
P0692,2013,249,Anthony Fasano,TE,43,KAN,29,9,9,0,0,61.0,0,0,0,0,0,0,0,,0,33,23,200,8.7,3,0,0,3,,,-107.9,214,FasaAn00
P0713,2013,250,Robert Meachem,WR,104,NOR,29,15,5,0,0,60.3,0,0,0,0,0,2,-1,-0.5,0,30,16,324,20.25,2,0,0,2,,,-126.6,237,MeacRo00
P0840,2014,1,Antonio Brown,WR,1,PIT,26,16,16,1,1,386.9,2,2,20,1,0,4,13,3.25,0,181,129,1698,13.16,13,2,2,14,1,,204.1,2,BrowAn04
P0956,2014,2,Le'Veon Bell,RB,1,PIT,22,16,16,1,1,370.5,0,0,0,0,0,290,1361,4.69,8,105,83,854,10.29,3,0,0,11,,,204.7,1,BellLe00
P0671,2014,3,Aaron Rodgers,QB,1,GNB,31,16,16,1,1,354.1,341,520,4381,38,5,43,269,6.26,2,0,0,0,,0,10,2,2,,1,84.6,17,RodgAa00
P0892,2014,4,Andrew Luck,QB,2,IND,25,16,16,1,0,351.7,380,616,4761,40,16,64,273,4.27,3,0,0,0,,0,13,6,3,,,82.2,19,LuckAn00
P0847,2014,5,DeMarco Murray,RB,2,DAL,26,16,16,1,1,351.1,0,0,0,0,0,392,1845,4.71,13,64,57,416,7.3,0,5,5,13,,,185.3,3,MurrDe00
P0670,2014,6,Matt Forte,RB,3,CHI,29,16,16,0,0,346.6,0,0,0,0,0,266,1038,3.9,6,130,102,808,7.92,4,2,2,10,2,,180.8,4,FortMa00
P0830,2014,7,Demaryius Thomas,WR,2,DEN,27,16,16,1,0,340.9,0,0,0,0,0,0,0,,0,184,111,1619,14.59,11,0,0,11,1,,158.1,5,ThomDe03
P0891,2014,8,Russell Wilson,QB,3,SEA,26,16,16,1,0,330.6,285,452,3475,20,7,118,849,7.19,6,1,1,17,17,0,11,0,6,,1,61.1,26,WilsRu00
P0706,2014,9,Jordy Nelson,WR,3,GNB,29,16,16,1,0,327.9,0,0,0,0,0,0,0,,0,151,98,1519,15.5,13,0,0,13,,,145.1,6,NelsJo00
P0791,2014,10,Dez Bryant,WR,4,DAL,26,16,16,1,1,316.0,0,0,0,0,0,0,0,,0,136,88,1320,15,16,0,0,16,,,133.2,8,BryaDe01
P0015,2014,11,Peyton Manning,QB,4,DEN,38,16,16,1,0,312.7,395,597,4727,39,15,24,-24,-1,0,0,0,0,,0,5,2,0,,2,43.2,36,MannPe00
P0462,2014,12,Ben Roethlisberger,QB,5,PIT,32,16,16,1,0,306.2,408,608,4952,32,9,33,27,0.82,0,0,0,-6,,0,9,5,0,,3,36.7,39,RoetBe00
P0340,2014,13,Drew Brees,QB,6,NOR,35,16,16,1,0,304.0,456,659,4952,33,17,27,68,2.52,1,1,1,1,1,0,7,3,1,,,34.5,41,BreeDr00
P0621,2014,14,Marshawn Lynch,RB,4,SEA,28,16,14,1,0,302.3,0,0,0,0,0,280,1306,4.66,13,48,37,367,9.92,4,3,2,17,,,136.5,7,LyncMa00
P0818,2014,15,Emmanuel Sanders,WR,5,DEN,27,16,16,1,0,301.8,0,0,0,0,0,8,44,5.5,0,141,101,1404,13.9,9,1,0,9,1,,119.0,9,SandEm00
P0841,2014,16,Julio Jones,WR,6,ATL,25,15,15,1,0,297.4,0,0,0,0,0,1,1,1,0,163,104,1593,15.32,6,2,1,6,,,114.6,10,JoneJu02
P1007,2014,17,Odell Beckham Jr.,WR,7,NYG,22,12,11,1,0,295.0,0,1,0,0,0,7,35,5,0,130,91,1305,14.34,12,1,1,12,,,112.2,11,BeckOd00
P0873,2014,18,Randall Cobb,WR,8,GNB,24,16,16,1,0,293.4,0,0,0,0,0,11,37,3.36,0,127,91,1287,14.14,12,3,2,12,1,,110.6,12,CobbRa00
P0679,2014,19,Matt Ryan,QB,7,ATL,29,16,16,1,0,284.3,415,628,4694,28,14,29,145,5,0,0,0,0,,0,5,2,0,,1,14.8,58,RyanMa00
P0901,2014,20,Ryan Tannehill,QB,8,MIA,26,16,16,0,0,279.5,392,590,4045,27,12,56,311,5.55,1,1,1,-4,-4,0,9,2,1,,,10.0,62,TannRy00
P0260,2014,21,Tom Brady,QB,9,NWE,37,16,16,1,0,278.1,373,582,4109,33,9,36,57,1.58,0,0,0,0,,0,6,3,0,,,8.6,64,BradTo00
P0733,2014,22,Jeremy Maclin,WR,9,PHI,26,16,16,0,0,276.8,0,0,0,0,0,0,0,,0,143,85,1318,15.51,10,0,0,10,,,94.0,16,MaclJe00
P0778,2014,23,Arian Foster,RB,5,HOU,28,13,13,1,0,273.5,1,1,5,1,0,260,1246,4.79,8,59,38,327,8.61,5,2,2,13,,,107.7,13,FostAr00
P0953,2014,24,Eddie Lacy,RB,6,GNB,24,16,16,0,0,272.6,0,0,0,0,0,246,1139,4.63,9,55,42,427,10.17,4,3,2,13,,,106.8,14,LacyEd00
P0499,2014,25,Eli Manning,QB,10,NYG,33,16,16,0,0,269.5,379,601,4410,30,14,12,31,2.58,1,0,0,0,,0,7,4,1,,,0.0,67,MannEl00
P0788,2014,26,Rob Gronkowski,TE,1,NWE,25,15,10,1,1,266.4,0,0,0,0,0,0,0,,0,131,82,1124,13.71,12,0,0,12,,,102.5,15,GronRo00
P0569,2014,27,Tony Romo,QB,11,DAL,34,15,15,1,0,266.3,304,435,3705,34,9,26,61,2.35,0,0,0,0,,0,7,3,0,,,-3.2,74,RomoTo00
P0566,2014,28,Philip Rivers,QB,12,SDG,33,16,16,0,0,265.6,379,570,4286,31,18,37,102,2.76,0,0,0,0,,0,8,2,0,,,-3.9,78,RivePh00
P0681,2014,29,Joe Flacco,QB,13,BAL,29,16,16,0,0,262.4,344,554,3986,27,12,39,70,1.79,2,0,0,0,,0,5,0,2,,,-7.1,81,FlacJo00
P0928,2014,30,Alshon Jeffery,WR,10,CHI,24,16,16,0,0,261.6,0,0,0,0,0,6,33,5.5,0,145,85,1133,13.33,10,1,0,10,,,78.8,21,JeffAl00
P0864,2014,31,Golden Tate,WR,11,DET,26,16,16,1,0,259.1,0,0,0,0,0,5,30,6,0,144,99,1331,13.44,4,1,0,4,,,76.3,22,TateGo00
P0897,2014,32,T.Y. Hilton,WR,12,IND,25,15,15,1,0,258.5,0,0,0,0,0,2,20,10,0,131,82,1345,16.4,7,3,1,7,,,75.7,23,HiltT.00
P0601,2014,33,Jay Cutler,QB,14,CHI,31,15,15,0,0,255.6,370,561,3812,28,18,39,191,4.9,2,0,0,0,,0,12,6,2,,4,-13.9,91,CutlJa00
P0745,2014,34,Matthew Stafford,QB,15,DET,26,16,16,1,0,251.6,363,602,4257,22,12,43,93,2.16,2,0,0,0,,0,8,3,2,,1,-17.9,95,StafMa00
P0902,2014,35,Colin Kaepernick,QB,16,SFO,27,16,16,0,0,250.7,289,478,3369,19,10,104,639,6.14,1,0,0,0,,0,8,5,1,,,-18.8,97,KaepCo00
P0703,2014,36,Jamaal Charles,RB,7,KAN,28,15,15,1,0,250.4,0,0,0,0,0,206,1033,5.01,9,59,40,291,7.28,5,5,3,14,,,84.6,18,CharJa00
P0836,2014,37,Cam Newton,QB,17,CAR,25,14,14,0,0,249.0,262,448,3127,18,12,103,539,5.23,5,0,0,0,,0,9,5,5,,1,-20.5,101,NewtCa00
P0730,2014,38,Justin Forsett,RB,8,BAL,29,16,14,1,0,246.9,0,0,0,0,0,235,1266,5.39,8,59,44,263,5.98,0,1,0,8,1,,81.1,20,ForsJu00
P1008,2014,39,Mike Evans,WR,13,TAM,21,15,15,0,0,245.1,0,0,0,0,0,0,0,,0,122,68,1051,15.46,12,0,0,12,,,62.3,25,EvanMi00
P0968,2014,40,DeAndre Hopkins,WR,14,HOU,22,16,16,0,0,231.0,0,0,0,0,0,0,0,,0,127,76,1210,15.92,6,2,1,6,,,48.2,31,HopkDe00
P0809,2014,41,Jimmy Graham,TE,2,NOR,28,16,13,1,0,229.9,0,0,0,0,0,0,0,,0,125,85,889,10.46,10,2,2,10,,,66.0,24,GrahJi00
P0757,2014,42,Julian Edelman,WR,15,NWE,28,14,13,0,0,228.6,0,0,0,0,0,10,94,9.4,0,134,92,972,10.57,4,3,0,5,,,45.8,32,EdelJu00
P0625,2014,43,Calvin Johnson,WR,16,DET,29,13,13,1,0,226.7,0,0,0,0,0,0,0,,0,128,71,1077,15.17,8,0,0,8,,,43.9,35,JohnCa00
P1009,2014,44,Kelvin Benjamin,WR,17,CAR,23,16,15,0,0,225.8,0,0,0,0,0,0,0,,0,145,73,1008,13.81,9,1,1,9,,,43.0,37,BenjKe00
P0839,2014,45,Andy Dalton,QB,18,CIN,27,16,16,1,0,225.6,309,481,3398,19,17,60,169,2.82,4,1,1,18,18,1,3,2,5,,1,-43.9,126,DaltAn00
P0974,2014,46,Lamar Miller,RB,9,MIA,23,16,16,0,0,223.4,0,0,0,0,0,216,1099,5.09,8,52,38,275,7.24,1,3,3,9,,,57.6,29,MillLa01
P0427,2014,47,Antonio Gates,TE,3,SDG,34,16,14,0,0,223.1,0,0,0,0,0,0,0,,0,98,69,821,11.9,12,1,0,12,,,59.2,27,GateAn00
P0711,2014,48,Martellus Bennett,TE,4,CHI,27,16,15,1,0,221.6,0,0,0,0,0,0,0,,0,128,90,916,10.18,6,0,0,6,2,,57.7,28,BennMa00
P0638,2014,49,Greg Olsen,TE,5,CAR,29,16,16,1,0,220.8,0,0,0,0,0,0,0,,0,123,84,1008,12,6,1,0,6,,,56.9,30,OlseGr00
P0571,2014,50,Alex Smith,QB,19,KAN,30,15,15,0,0,220.0,303,464,3265,18,6,49,254,5.18,1,0,0,0,,0,4,1,1,,,-49.5,133,SmitAl03
P0403,2014,51,Anquan Boldin,WR,18,SFO,34,16,16,0,0,219.6,0,1,0,0,0,1,4,4,0,130,83,1062,12.8,5,0,0,5,,,36.8,38,BoldAn00
P0342,2014,52,Steve Smith Sr.,WR,19,BAL,35,16,16,0,0,219.5,0,0,0,0,0,0,0,,0,134,79,1065,13.48,6,2,1,6,,,36.7,40,SmitSt01
P0734,2014,53,Mike Wallace,WR,20,MIA,28,16,16,0,0,212.8,0,1,0,0,0,4,16,4,0,115,67,862,12.87,10,2,1,10,,,30.0,44,WallMi00
P0522,2014,54,Roddy White,WR,21,ATL,33,14,14,0,0,212.1,0,0,0,0,0,0,0,,0,125,80,921,11.51,7,3,1,7,,,29.3,45,WhitRo00
P1010,2014,55,C.J. Anderson,RB,10,DEN,23,15,7,1,0,211.3,0,0,0,0,0,179,849,4.74,8,44,34,324,9.53,2,1,0,10,,,45.5,33,AndeC.00
P1011,2014,56,Jeremy Hill,RB,11,CIN,22,16,8,0,0,210.9,0,0,0,0,0,222,1124,5.06,9,32,27,215,7.96,0,5,2,9,,,45.1,34,HillJe01
P0810,2014,57,Brandon LaFell,WR,22,NWE,28,16,13,0,0,210.6,0,0,0,0,0,2,13,6.5,0,119,74,953,12.88,7,1,1,7,,,27.8,47,LaFeBr00
P0682,2014,58,DeSean Jackson,WR,23,WAS,28,15,13,0,0,209.6,0,0,0,0,0,4,7,1.75,0,95,56,1169,20.88,6,0,0,6,,,26.8,48,JackDe00
P0838,2014,59,A.J. Green,WR,24,CIN,26,13,13,1,0,205.3,0,0,0,0,0,2,2,1,0,117,69,1041,15.09,6,3,2,6,,,22.5,51,GreeA.00
P1012,2014,60,Jordan Matthews,WR,25,PHI,22,16,10,0,0,202.2,0,0,0,0,0,0,0,,0,103,67,872,13.01,8,0,0,8,,,19.4,54,MattJo00
P0844,2014,61,Eric Decker,WR,26,NYJ,27,15,15,0,0,200.2,0,0,0,0,0,0,0,,0,115,74,962,13,5,0,0,5,,,17.4,56,DeckEr00
P0732,2014,62,LeSean McCoy,RB,12,PHI,26,16,16,1,0,199.4,0,0,0,0,0,312,1319,4.23,5,37,28,155,5.54,0,4,3,5,,,33.6,42,McCoLe01
P0905,2014,63,Joique Bell,RB,13,DET,28,15,6,0,0,198.2,0,0,0,0,0,223,860,3.86,7,53,34,322,9.47,1,5,1,8,,,32.4,43,BellJo01
P1013,2014,64,Sammy Watkins,WR,27,BUF,21,16,16,0,0,198.0,0,0,0,0,0,2,8,4,0,128,65,982,15.11,6,1,1,6,,,15.2,57,WatkSa00
P1014,2014,65,Matt Asiata,RB,14,MIN,27,15,9,0,0,194.2,0,0,0,0,0,164,570,3.48,9,63,44,312,7.09,1,1,1,10,2,,28.4,46,AsiaMa00
P1015,2014,66,Derek Carr,QB,20,OAK,23,16,16,0,0,192.0,348,599,3270,21,12,29,92,3.17,0,1,0,0,,0,10,4,0,,,-77.5,160,CarrDe02
P0865,2014,67,Mark Ingram,RB,15,NOR,25,13,9,1,0,191.9,0,0,0,0,0,226,964,4.27,9,36,29,145,5,0,3,1,9,,,26.1,49,IngrMa01
P0842,2014,68,Torrey Smith,WR,28,BAL,25,16,16,0,0,191.7,0,0,0,0,0,0,0,,0,92,49,767,15.65,11,0,0,11,,,8.9,63,SmitTo02
P0406,2014,69,Andre Johnson,WR,29,HOU,33,15,15,0,0,190.6,0,0,0,0,0,0,0,,0,146,85,936,11.01,3,3,3,3,,,7.8,65,JohnAn02
P0653,2014,70,Fred Jackson,RB,16,BUF,33,14,9,0,0,188.6,0,1,0,0,0,141,525,3.72,2,90,66,501,7.59,1,5,0,3,1,,22.8,50,JackFr02
P0894,2014,71,Alfred Morris,RB,17,WAS,26,16,16,1,0,187.9,0,0,0,0,0,265,1074,4.05,8,26,17,155,9.12,0,2,0,8,,,22.1,52,MorrAl00
P0954,2014,72,Giovani Bernard,RB,18,CIN,23,13,9,0,0,187.9,0,0,0,0,0,168,680,4.05,5,59,43,349,8.12,2,0,0,7,,,22.1,53,BernGi00
P1016,2014,73,Travis Kelce,TE,6,KAN,25,16,11,0,0,183.2,0,0,0,0,0,0,0,,0,87,67,862,12.87,5,4,3,6,,,19.3,55,KelcTr00
P0938,2014,74,Rueben Randle,WR,30,NYG,23,16,13,0,0,182.8,0,0,0,0,0,0,0,,0,127,71,938,13.21,3,0,0,3,,,0.0,69,RandRu00
P1017,2014,75,Jarvis Landry,WR,31,MIA,22,16,11,0,0,181.4,0,0,0,0,0,2,-4,-2,0,112,84,758,9.02,5,7,4,5,,,-1.4,71,LandJa00
P0675,2014,76,Eddie Royal,WR,32,SDG,28,16,11,0,0,181.2,0,0,0,0,0,3,14,4.67,0,91,62,778,12.55,7,1,1,7,,,-1.6,72,RoyaEd00
P0582,2014,77,Vincent Jackson,WR,33,TAM,31,16,16,0,0,180.2,0,0,0,0,0,0,0,,0,142,70,1002,14.31,2,1,1,2,,,-2.6,73,JackVi00
P0559,2014,78,Ryan Fitzpatrick,QB,21,HOU,32,12,12,0,0,179.7,197,312,2483,17,8,50,184,3.68,2,0,0,0,,0,5,1,2,,,-89.8,189,FitzRy00
P1018,2014,79,Teddy Bridgewater,QB,22,MIN,22,13,12,0,0,179.7,259,402,2919,14,12,47,209,4.45,1,0,0,0,,0,3,0,1,,2,-89.8,190,BridTe00
P0946,2014,80,Mohamed Sanu,WR,34,CIN,25,16,13,0,0,179.3,3,3,79,1,0,7,51,7.29,0,98,56,790,14.11,5,0,0,5,1,,-3.5,75,SanuMo00
P0600,2014,81,Brandon Marshall,WR,35,CHI,30,13,13,0,0,179.1,0,0,0,0,0,0,0,,0,106,61,721,11.82,8,1,1,8,,,-3.7,76,MarsBr00
P0962,2014,82,Andre Ellington,RB,19,ARI,25,12,12,0,0,177.5,0,0,0,0,0,201,660,3.28,3,64,46,395,8.59,2,2,2,5,,,11.7,61,ElliAn00
P0564,2014,83,Marques Colston,WR,36,NOR,31,16,13,0,0,177.2,0,0,0,0,0,0,0,,0,100,59,902,15.29,5,1,1,5,,,-5.6,79,ColsMa00
P0939,2014,84,Coby Fleener,TE,7,IND,26,16,12,0,0,176.4,0,0,0,0,0,0,0,,0,92,51,774,15.18,8,0,0,8,,,12.5,59,FleeCo00
P0530,2014,85,Kyle Orton,QB,23,BUF,32,12,12,0,0,176.1,287,447,3018,18,10,15,14,0.93,1,0,0,0,,0,3,3,1,,1,-93.4,201,OrtoKy00
P0825,2014,86,Delanie Walker,TE,8,TEN,30,15,14,0,0,176.0,0,0,0,0,0,0,0,,0,106,63,890,14.13,4,2,0,4,,,12.1,60,WalkHu00
P0955,2014,87,Keenan Allen,WR,37,SDG,22,14,14,0,0,175.3,0,0,0,0,0,0,0,,0,121,77,783,10.17,4,2,2,4,,,-7.5,82,AlleKe00
P0973,2014,88,Kenny Stills,WR,38,NOR,22,15,7,0,0,173.9,0,0,0,0,0,1,-2,-2,0,83,63,931,14.78,3,1,0,3,,,-8.9,84,StilKe00
P0629,2014,89,James Jones,WR,39,OAK,30,16,10,0,0,173.6,0,0,0,0,0,0,0,,0,112,73,666,9.12,6,3,1,6,,,-9.2,85,JoneJa04
P0609,2014,90,Malcom Floyd,WR,40,SDG,33,16,16,0,0,173.6,0,0,0,0,0,0,0,,0,92,52,856,16.46,6,0,0,6,,,-9.2,86,FloyMa00
P0578,2014,91,Greg Jennings,WR,41,MIN,31,16,13,0,0,169.2,0,0,0,0,0,0,0,,0,92,59,742,12.58,6,1,0,6,,,-13.6,90,JennGr00
P1019,2014,92,Blake Bortles,QB,24,JAX,22,14,13,0,0,168.2,280,475,2908,11,17,56,419,7.48,0,0,0,0,,0,7,1,0,,1,-101.3,215,BortBl00
P0906,2014,93,Kendall Wright,WR,42,TEN,25,14,11,0,0,167.9,0,0,0,0,0,4,54,13.5,0,93,57,715,12.54,6,1,1,6,,,-14.9,92,WrigKe01
P0845,2014,94,Doug Baldwin,WR,43,SEA,26,16,16,0,0,167.3,0,0,0,0,0,1,8,8,0,98,66,825,12.5,3,0,0,3,,,-15.5,93,BaldDo00
P0936,2014,95,Shane Vereen,RB,20,NWE,25,16,6,0,0,165.8,0,0,0,0,0,96,391,4.07,2,77,52,447,8.6,3,0,0,5,,,0.0,70,VereSh00
P0913,2014,96,Michael Floyd,WR,44,ARI,25,16,14,0,0,165.3,0,0,0,0,0,1,2,2,0,99,47,841,17.89,6,3,1,6,,,-17.5,94,FloyMi00
P0975,2014,97,Robert Woods,WR,45,BUF,22,16,15,0,0,164.9,0,0,0,0,0,0,0,,0,104,65,699,10.75,5,1,1,5,1,,-17.9,96,WoodRo02
P0425,2014,98,Jason Witten,TE,9,DAL,32,16,16,1,0,164.3,0,0,0,0,0,0,0,,0,90,64,703,10.98,5,0,0,5,,,0.4,66,WittJa00
P0957,2014,99,Julius Thomas,TE,10,DEN,26,13,10,1,0,163.9,0,0,0,0,0,0,0,,0,62,43,489,11.37,12,1,0,12,,,0.0,68,ThomJu00
P0746,2014,100,Michael Crabtree,WR,46,SFO,27,16,16,0,0,162.2,0,0,0,0,0,1,4,4,0,108,68,698,10.26,4,0,0,4,,,-20.6,102,CrabMi00
P0736,2014,101,Pierre Garcon,WR,47,WAS,28,16,14,0,0,161.2,0,1,0,0,0,0,0,,0,105,68,752,11.06,3,0,0,3,,,-21.6,104,GarcPi00
P0507,2014,102,Heath Miller,TE,11,PIT,32,16,16,0,0,160.1,0,0,0,0,0,0,0,,0,91,66,761,11.53,3,1,1,3,1,,-3.8,77,MillHe00
P0910,2014,103,Andrew Hawkins,WR,48,CLE,28,15,15,0,0,158.9,0,0,0,0,0,3,15,5,0,112,63,824,13.08,2,0,0,2,,,-23.9,105,HawkAn00
P0516,2014,104,Frank Gore,RB,21,SFO,31,16,16,0,0,158.7,0,0,0,0,0,255,1106,4.34,4,19,11,111,10.09,1,2,2,5,,,-7.1,80,GoreFr00
P0669,2014,105,Darren Sproles,RB,22,PHI,31,15,0,1,0,157.6,0,0,0,0,0,57,329,5.77,6,62,40,387,9.68,0,4,1,8,,,-8.2,83,SproDa00
P1020,2014,106,Brian Hoyer,QB,25,CLE,29,14,13,0,0,156.9,242,438,3326,12,13,24,39,1.63,0,0,0,0,,0,4,1,0,,,-112.6,228,HoyeBr00
P1021,2014,107,Allen Hurns,WR,49,JAX,23,16,8,0,0,154.7,0,0,0,0,0,0,0,,0,97,51,677,13.27,6,0,0,6,,,-28.1,110,HurnAl01
P0719,2014,108,Ahmad Bradshaw,RB,23,IND,28,10,1,0,0,154.5,0,0,0,0,0,90,425,4.72,2,47,38,300,7.89,6,3,2,8,,,-11.3,88,BradAh00
P1022,2014,109,Larry Donnell,TE,12,NYG,26,16,12,0,0,153.3,0,0,0,0,0,0,0,,0,92,63,623,9.89,6,4,4,6,,,-10.6,87,DonnLa00
P0806,2014,110,Chris Ivory,RB,24,NYJ,26,16,10,0,0,152.4,0,0,0,0,0,198,821,4.15,6,27,18,123,6.83,1,2,1,7,,,-13.4,89,IvorCh00
P0308,2014,111,Reggie Wayne,WR,50,IND,36,15,15,0,0,151.9,0,0,0,0,0,0,0,,0,116,64,779,12.17,2,1,1,2,,,-30.9,114,WaynRe00
P0458,2014,112,Larry Fitzgerald,WR,51,ARI,31,14,13,0,0,151.4,0,0,0,0,0,0,0,,0,103,63,784,12.44,2,1,1,2,,,-31.4,115,FitzLa00
P0959,2014,113,Geno Smith,QB,26,NYJ,24,14,13,0,0,150.8,219,367,2525,13,13,59,238,4.03,1,1,0,0,,0,8,3,1,,,-118.7,232,SmitGe00
P0965,2014,114,Terrance Williams,WR,52,DAL,25,16,16,0,0,147.1,0,0,0,0,0,0,0,,0,66,37,621,16.78,8,0,0,8,,,-35.7,116,WillTe01
P1023,2014,115,John Brown,WR,53,ARI,24,16,5,0,0,147.0,0,0,0,0,0,3,-6,-2,0,102,48,696,14.5,5,0,0,5,,,-35.8,117,BrowJo02
P0684,2014,116,Jonathan Stewart,RB,25,CAR,27,13,8,0,0,146.0,0,0,0,0,0,175,809,4.62,3,31,25,181,7.24,1,2,1,4,,,-19.8,99,StewJo00
P1024,2014,117,Branden Oliver,RB,26,SDG,23,14,7,0,0,145.3,0,0,0,0,0,160,582,3.64,3,45,36,271,7.53,1,0,0,4,,,-20.5,100,OlivBr01
P1025,2014,118,Andre Williams,RB,27,NYG,22,16,7,0,0,145.1,0,0,0,0,0,217,721,3.32,7,37,18,130,7.22,0,1,0,7,,,-20.7,103,WillAn00
P0981,2014,119,Zach Ertz,TE,13,PHI,24,16,5,0,0,144.2,0,0,0,0,0,0,0,,0,89,58,702,12.1,3,1,1,3,,,-19.7,98,ErtzZa00
P0744,2014,120,Kenny Britt,WR,54,STL,26,16,13,0,0,142.2,0,0,0,0,0,2,14,7,0,84,48,748,15.58,3,0,0,3,,,-40.6,120,BritKe00
P0468,2014,121,Steven Jackson,RB,28,ATL,31,15,15,0,0,141.5,0,0,0,0,0,190,707,3.72,6,27,20,148,7.4,0,0,0,6,,,-24.3,106,JackSt00
P0997,2014,122,Andre Holmes,WR,55,OAK,26,16,13,0,0,140.3,0,0,0,0,0,0,0,,0,99,47,693,14.74,4,0,0,4,,,-42.5,122,HolmAn00
P0742,2014,123,Mark Sanchez,QB,27,PHI,28,9,8,0,0,139.4,198,309,2418,14,11,34,87,2.56,1,0,0,0,,0,7,3,1,,,-130.1,237,SancMa00
P1026,2014,124,Brandin Cooks,WR,56,NOR,21,10,7,0,0,139.3,0,0,0,0,0,7,73,10.43,1,69,53,550,10.38,3,1,0,4,,,-43.5,125,CookBr00
P0781,2014,125,Rashad Jennings,RB,29,NYG,29,11,9,0,0,138.5,0,0,0,0,0,167,639,3.83,4,41,30,226,7.53,0,1,1,4,,,-27.3,108,JennRa00
P0800,2014,126,Jermaine Gresham,TE,14,CIN,26,15,15,0,0,138.0,0,0,0,0,0,0,0,,0,79,62,460,7.42,5,3,0,5,,,-25.9,107,GresJe00
P0888,2014,127,Charles Clay,TE,15,MIA,25,14,14,0,0,136.5,0,0,0,0,0,0,0,,0,84,58,605,10.43,3,0,0,3,,,-27.4,109,ClayCh00
P0620,2014,128,Dwayne Bowe,WR,57,KAN,30,15,15,0,0,135.4,0,0,0,0,0,0,0,,0,95,60,754,12.57,0,2,0,0,,,-47.4,130,BoweDw00
P1027,2014,129,Tre Mason,RB,30,STL,21,12,9,0,0,135.3,0,0,0,0,0,179,765,4.27,4,26,16,148,9.25,1,2,1,5,,,-30.5,113,MasoTr00
P0821,2014,130,Jared Cook,TE,16,STL,27,16,6,0,0,133.4,0,0,0,0,0,1,0,0,0,99,52,634,12.19,3,0,0,3,,,-30.5,111,CookJa02
P0983,2014,131,Mychal Rivera,TE,17,OAK,24,16,10,0,0,133.4,0,0,0,0,0,0,0,,0,99,58,534,9.21,4,3,1,4,,,-30.5,112,RiveMy00
P1028,2014,132,Markus Wheaton,WR,58,PIT,23,16,11,0,0,131.3,0,0,0,0,0,4,19,4.75,0,86,53,644,12.15,2,0,0,2,,,-51.5,135,WheaMa00
P1029,2014,133,Martavis Bryant,WR,59,PIT,23,10,3,0,0,130.1,0,0,0,0,0,3,12,4,0,48,26,549,21.12,8,0,0,8,,,-52.7,137,BryaMa00
P0725,2014,134,Percy Harvin,WR,60,2TM,26,13,12,0,0,129.5,0,0,0,0,0,33,202,6.12,1,78,51,483,9.47,1,3,1,2,,,-53.3,139,HarvPe00
P0942,2014,135,Riley Cooper,WR,61,PHI,27,16,16,0,0,128.7,0,0,0,0,0,0,0,,0,95,55,577,10.49,3,1,1,3,,,-54.1,140,CoopRi00
P0843,2014,136,Roy Helu,RB,31,WAS,26,14,0,0,0,127.3,0,0,0,0,0,40,216,5.4,1,47,42,477,11.36,2,2,1,3,,,-38.5,118,HeluRo00
P0431,2014,137,Josh McCown,QB,28,TAM,35,11,11,0,0,126.9,184,327,2206,11,14,25,127,5.08,3,0,0,0,,0,10,4,3,,,-142.6,238,McCoJo01
P1030,2014,138,Benny Cunningham,RB,32,STL,24,16,2,0,0,124.8,0,0,0,0,0,66,246,3.73,3,52,45,352,7.82,1,2,2,4,,,-41.0,121,CunnBe01
P0584,2014,139,Owen Daniels,TE,18,BAL,32,15,13,0,0,124.7,0,0,0,0,0,0,0,,0,79,48,527,10.98,4,0,0,4,,,-39.2,119,DaniOw00
P0648,2014,140,Pierre Thomas,RB,33,NOR,30,11,3,0,0,123.0,0,0,0,0,0,45,222,4.93,2,55,45,378,8.4,1,0,0,3,,,-42.8,123,ThomPi00
P1031,2014,141,Isaiah Crowell,RB,34,CLE,21,16,4,0,0,122.4,0,0,0,0,0,148,607,4.1,8,14,9,87,9.67,0,3,2,8,,,-43.4,124,CrowIs00
P1000,2014,142,Knile Davis,RB,35,KAN,23,16,1,0,0,121.0,0,0,0,0,0,134,463,3.46,6,25,16,147,9.19,1,4,2,8,,,-44.8,127,DaviKn00
P0690,2014,143,Darren McFadden,RB,36,OAK,27,16,12,0,0,120.6,0,1,0,0,0,155,534,3.45,2,56,36,212,5.89,0,1,1,2,,,-45.2,128,McFaDa00
P0708,2014,144,Harry Douglas,WR,62,ATL,30,12,6,0,0,120.6,0,0,0,0,0,0,0,,0,74,51,556,10.9,2,0,0,2,1,,-62.2,143,DougHa00
P0940,2014,145,Jarius Wright,WR,63,MIN,25,16,7,0,0,119.9,0,0,0,0,0,5,71,14.2,0,62,42,588,14,2,0,0,2,,,-62.9,144,WrigJa02
P0922,2014,146,Nick Foles,QB,29,PHI,25,8,8,0,0,119.3,186,311,2163,13,10,16,68,4.25,0,0,0,0,,0,4,3,0,,,-150.2,239,FoleNi00
P0896,2014,147,Cecil Shorts,WR,64,JAX,27,13,12,0,0,118.0,2,2,32,1,0,0,0,,0,110,53,557,10.51,1,1,1,1,,,-64.8,146,ShorCe00
P0893,2014,148,Trent Richardson,RB,37,IND,24,15,12,0,0,117.8,0,0,0,0,0,159,519,3.26,3,34,27,229,8.48,0,2,1,3,,,-48.0,131,RichTr00
P1032,2014,149,Allen Robinson,WR,65,JAX,21,10,8,0,0,116.8,0,0,0,0,0,0,0,,0,81,48,548,11.42,2,0,0,2,1,,-66.0,147,RobiAl02
P0580,2014,150,Nate Washington,WR,66,TEN,31,16,11,0,0,116.7,0,0,0,0,0,0,0,,0,72,40,647,16.18,2,0,0,2,,,-66.1,148,WashNa00
P0911,2014,151,Dwayne Allen,TE,19,IND,24,13,13,0,0,116.5,0,0,0,0,0,0,0,,0,50,29,395,13.62,8,1,0,8,,,-47.4,129,AlleDw00
P0718,2014,152,Miles Austin,WR,67,CLE,30,12,11,0,0,115.8,0,0,0,0,0,0,0,,0,73,47,568,12.09,2,0,0,2,,,-67.0,149,AustMi00
P0673,2014,153,Chris Johnson,RB,38,NYJ,29,16,6,0,0,115.4,0,0,0,0,0,155,663,4.28,1,34,24,151,6.29,1,1,1,2,,,-50.4,134,JohnCh04
P0858,2014,154,Scott Chandler,TE,20,BUF,29,16,5,0,0,114.7,0,0,0,0,0,0,0,,0,70,47,497,10.57,3,0,0,3,,,-49.2,132,ChanSc00
P0565,2014,155,Jerricho Cotchery,WR,68,CAR,32,15,13,0,0,114.0,0,0,0,0,0,0,0,,0,78,48,580,12.08,1,0,0,1,1,,-68.8,152,CotcJe00
P1033,2014,156,Denard Robinson,RB,39,JAX,24,13,9,0,0,113.6,0,1,0,0,0,135,582,4.31,4,31,23,124,5.39,0,2,2,4,,,-52.2,136,RobiDe00
P1034,2014,157,Terrance West,RB,40,CLE,23,14,6,0,0,112.7,0,0,0,0,0,171,673,3.94,4,13,11,64,5.82,1,2,1,5,,,-53.1,138,WestTe00
P0979,2014,158,Bobby Rainey,RB,41,TAM,27,15,5,0,0,111.1,0,1,0,0,0,94,406,4.32,1,45,33,315,9.55,1,3,3,2,,,-54.7,141,RainBo00
P1035,2014,159,Austin Davis,QB,30,STL,25,10,8,0,0,107.6,180,284,2001,12,9,16,36,2.25,0,0,0,0,,0,5,3,0,,,-161.9,240,DaviAu00
P0537,2014,160,Wes Welker,WR,69,DEN,33,14,8,0,0,107.4,0,0,0,0,0,0,0,,0,64,49,464,9.47,2,0,0,2,,,-75.4,158,WelkWe00
P0561,2014,161,Reggie Bush,RB,42,DET,29,11,9,0,0,107.0,0,0,0,0,0,76,297,3.91,2,56,40,253,6.33,0,0,0,2,,,-58.8,142,BushRe00
P1036,2014,162,Taylor Gabriel,WR,70,CLE,23,16,2,0,0,105.1,0,0,0,0,0,4,10,2.5,0,72,36,621,17.25,1,0,0,1,,,-77.7,161,GabrTa00
P1037,2014,163,Chris Hogan,WR,71,BUF,27,16,2,0,0,103.6,0,0,0,0,0,0,0,,0,61,41,426,10.39,4,2,2,4,,,-79.2,163,HogaCh00
P0464,2014,164,Carson Palmer,QB,31,ARI,35,6,6,0,0,103.5,141,224,1626,11,3,8,25,3.13,0,1,0,0,,0,3,1,0,,,-166.0,241,PalmCa00
P0731,2014,165,Hakeem Nicks,WR,72,IND,26,16,6,0,0,102.5,0,0,0,0,0,0,0,,0,68,38,405,10.66,4,0,0,4,,,-80.3,166,NickHa01
P1038,2014,166,Ronnie Hillman,RB,43,DEN,23,8,4,0,0,102.3,0,0,0,0,0,106,434,4.09,3,34,21,139,6.62,1,1,0,4,,,-63.5,145,HillRo00
P1039,2014,167,Davante Adams,WR,73,GNB,22,16,11,0,0,100.6,0,0,0,0,0,0,0,,0,66,38,446,11.74,3,0,0,3,,,-82.2,168,AdamDa01
P0993,2014,168,Jermaine Kearse,WR,74,SEA,24,15,14,0,0,99.9,1,1,17,0,0,2,15,7.5,0,69,38,537,14.13,1,0,0,1,,,-82.9,169,KearJe01
P0988,2014,169,Cole Beasley,WR,75,DAL,25,16,2,0,0,99.0,0,0,0,0,0,0,0,,0,49,37,420,11.35,4,2,2,4,,,-83.8,170,BeasCo00
P0751,2014,170,Brian Hartline,WR,76,MIA,28,16,16,0,0,98.4,0,0,0,0,0,0,0,,0,63,39,474,12.15,2,1,0,2,,,-84.4,171,HartBr00
P0795,2014,171,LeGarrette Blount,RB,44,2TM,28,16,1,0,0,98.1,0,0,0,0,0,125,547,4.38,5,12,10,54,5.4,0,1,1,5,,,-67.7,150,BlouLe00
P1040,2014,172,Alfred Blue,RB,45,HOU,23,16,3,0,0,97.1,0,0,0,0,0,169,528,3.12,2,18,15,113,7.53,1,0,0,3,,,-68.7,151,BlueAl00
P0783,2014,173,Stevie Johnson,WR,77,SFO,28,13,1,0,0,96.5,0,0,0,0,0,0,0,,0,50,35,435,12.43,3,0,0,3,,,-86.3,177,JohnSt00
P1041,2014,174,Bishop Sankey,RB,46,TEN,22,16,9,0,0,96.2,0,0,0,0,0,152,569,3.74,2,23,18,133,7.39,0,2,2,2,,,-69.6,154,SankBi00
P1042,2014,175,Donte Moncrief,WR,78,IND,21,16,2,0,0,96.1,0,0,0,0,0,4,17,4.25,0,49,32,444,13.88,3,0,0,3,,,-86.7,178,MoncDo00
P0995,2014,176,Justin Hunter,WR,79,TEN,23,12,8,0,0,95.8,0,0,0,0,0,0,0,,0,67,28,498,17.79,3,0,0,3,,,-87.0,179,HuntJu00
P0972,2014,177,Tavon Austin,WR,80,STL,24,15,8,0,0,95.6,0,0,0,0,0,36,224,6.22,2,44,31,242,7.81,0,5,0,3,,,-87.2,180,AustTa00
P0834,2014,178,Drew Stanton,QB,32,ARI,30,9,8,0,0,94.7,132,240,1711,7,5,25,63,2.52,0,0,0,0,,0,1,0,0,,1,-174.8,242,StanDr00
P1043,2014,179,Theo Riddick,RB,47,DET,23,14,2,0,0,94.7,0,0,0,0,0,20,51,2.55,0,50,34,316,9.29,4,0,0,4,,,-71.1,156,RiddTh00
P0976,2014,180,Jordan Reed,TE,21,WAS,24,11,2,0,0,94.5,0,0,0,0,0,0,0,,0,65,50,465,9.3,0,1,1,0,,,-69.4,153,ReedJo02
P1044,2014,181,Jerick McKinnon,RB,48,MIN,22,11,6,0,0,94.3,0,0,0,0,0,113,538,4.76,0,41,27,135,5,0,0,0,0,,,-71.5,157,McKiJe00
P1045,2014,182,Niles Paul,TE,22,WAS,25,16,7,0,0,93.7,0,0,0,0,0,0,0,,0,52,39,507,13,1,1,1,1,,,-70.2,155,PaulNi00
P0881,2014,183,Jeremy Kerley,WR,81,NYJ,26,16,7,0,0,93.5,0,1,0,0,0,4,86,21.5,0,75,38,409,10.76,1,1,0,1,,,-89.3,184,KerlJe00
P0963,2014,184,Cordarrelle Patterson,WR,82,MIN,23,16,7,0,0,93.1,0,0,0,0,0,10,117,11.7,1,67,33,384,11.64,1,1,1,2,,,-89.7,186,PattCo00
P0823,2014,185,Andre Roberts,WR,83,WAS,26,16,4,0,0,91.4,0,0,0,0,0,2,21,10.5,0,73,36,453,12.58,2,4,2,2,,,-91.4,194,RobeAn00
P1046,2014,186,Charles Johnson,WR,84,MIN,25,12,6,0,0,91.4,0,0,0,0,0,1,-11,-11,0,59,31,475,15.32,2,1,0,2,1,,-91.4,195,JohnCh08
P0689,2014,187,Shaun Hill,QB,33,STL,34,9,8,0,0,90.3,145,229,1657,8,7,10,10,1,1,1,1,0,0,0,7,1,1,,,-179.2,243,HillSh00
P0964,2014,188,Mike Glennon,QB,34,TAM,25,6,5,0,0,89.6,117,203,1417,10,6,10,49,4.9,0,0,0,0,,0,2,0,0,,,-179.9,244,GlenMi00
P1047,2014,189,Kirk Cousins,QB,35,WAS,26,6,5,0,0,88.4,126,204,1710,10,9,7,20,2.86,0,0,0,0,,0,2,2,0,,,-181.1,245,CousKi00
P0857,2014,190,Preston Parker,WR,85,NYG,27,16,7,0,0,87.8,0,0,0,0,0,0,0,,0,56,36,418,11.61,2,2,1,2,,,-95.0,204,ParkPr00
P0969,2014,191,Tim Wright,TE,23,NWE,24,16,2,0,0,87.7,0,0,0,0,0,1,-2,-2,0,33,26,259,9.96,6,0,0,6,,,-76.2,159,WrigTi01
P0889,2014,192,Robert Griffin III,QB,36,WAS,24,9,7,0,0,87.4,147,214,1694,4,6,38,176,4.63,1,0,0,0,,0,9,4,1,,,-182.1,246,GrifRo01
P1048,2014,193,Devonta Freeman,RB,49,ATL,22,16,0,0,0,87.3,0,0,0,0,0,65,248,3.82,1,37,30,225,7.5,1,1,1,2,,,-78.5,162,FreeDe00
P1049,2014,194,Charlie Whitehurst,QB,37,TEN,32,7,5,0,0,87.0,105,185,1326,7,2,20,90,4.5,0,0,0,10,,0,3,0,0,,,-182.5,247,WhitCh02
P1050,2014,195,Stedman Bailey,WR,86,STL,24,14,3,0,0,86.8,0,0,0,0,0,1,13,13,0,46,30,435,14.5,1,0,0,2,,,-96.0,206,BailSt01
P1051,2014,196,Marqise Lee,WR,87,JAX,23,13,8,0,0,86.1,0,0,0,0,0,3,9,3,0,69,37,422,11.41,1,0,0,1,,,-96.7,207,LeexMa00
P1052,2014,197,Latavius Murray,RB,50,OAK,24,15,3,0,0,85.7,0,0,0,0,0,82,424,5.17,2,23,17,143,8.41,0,1,0,2,,,-80.1,165,MurrLa00
P1053,2014,198,Jace Amaro,TE,24,NYJ,22,14,4,0,0,84.5,0,0,0,0,0,0,0,,0,53,38,345,9.08,2,1,0,2,,,-79.4,164,AmarJa00
P0887,2014,199,Lance Kendricks,TE,25,STL,26,16,14,0,0,82.9,0,0,0,0,0,0,0,,0,38,27,259,9.59,5,0,0,5,,,-81.0,167,KendLa00
P0822,2014,200,Toby Gerhart,RB,51,JAX,27,14,7,0,0,81.2,0,0,0,0,0,101,326,3.23,2,24,20,186,9.3,0,1,1,2,,,-84.6,173,GerhTo00
P0748,2014,201,Louis Murphy,WR,88,TAM,27,11,3,0,0,81.0,0,0,0,0,0,0,0,,0,56,31,380,12.26,2,1,0,2,,,-101.8,218,MurpLo00
P0890,2014,202,Doug Martin,RB,52,TAM,25,11,11,0,0,80.8,0,0,0,0,0,134,494,3.69,2,20,13,64,4.92,0,0,0,2,,,-85.0,174,MartDo00
P1054,2014,203,Brian Quick,WR,89,STL,25,7,7,0,0,80.5,0,0,0,0,0,0,0,,0,39,25,375,15,3,0,0,3,,,-102.3,219,QuicBr00
P0877,2014,204,Jacquizz Rodgers,RB,53,ATL,24,16,1,0,0,80.0,0,0,0,0,0,58,217,3.74,1,40,29,173,5.97,1,1,0,2,,,-85.8,176,RodgJa00
P0996,2014,205,Andrew Quarless,TE,26,GNB,26,16,11,0,0,79.3,0,0,0,0,0,0,0,,0,46,29,323,11.14,3,0,0,3,,,-84.6,172,QuarAn00
P0958,2014,206,Jordan Cameron,TE,27,CLE,26,10,9,0,0,78.4,0,0,0,0,0,0,0,,0,48,24,424,17.67,2,0,0,2,,,-85.5,175,CameJo00
P1055,2014,207,Antone Smith,RB,54,ATL,29,10,0,0,0,77.6,0,0,0,0,0,23,144,6.26,2,15,13,222,17.08,3,1,1,5,,,-88.2,182,SmitAn01
P0856,2014,208,James Starks,RB,55,GNB,28,16,0,0,0,77.3,0,0,0,0,0,85,333,3.92,2,29,18,140,7.78,0,1,0,2,,,-88.5,183,StarJa00
P1056,2014,209,Luke Willson,TE,28,SEA,24,15,10,0,0,76.2,0,0,0,0,0,0,0,,0,40,22,362,16.45,3,0,0,3,,,-87.7,181,WillLu00
P0851,2014,210,Ben Tate,RB,56,3TM,26,11,6,0,0,76.1,0,0,0,0,0,119,371,3.12,4,12,9,60,6.67,0,0,0,4,,,-89.7,185,TateBe00
P1057,2014,211,Corey Brown,WR,90,CAR,23,13,3,0,0,76.1,0,0,0,0,0,8,95,11.88,0,36,21,296,14.1,2,3,1,3,,,-106.7,225,BrowPh00
P0686,2014,212,John Carlson,RB,57,ARI,30,16,12,0,0,76.0,0,0,0,0,0,0,0,,0,55,33,350,10.61,1,0,0,1,1,,-89.8,187,CarlJo00
P0811,2014,213,Marcel Reece,FB,1,OAK,29,15,15,1,0,76.0,0,0,0,0,0,21,85,4.05,0,59,37,265,7.16,1,1,1,1,,,-89.8,188,ReecMa00
P0932,2014,214,Robert Turbin,RB,58,SEA,25,16,3,0,0,75.6,0,0,0,0,0,74,310,4.19,0,20,16,186,11.63,2,1,1,2,,,-90.2,191,TurbRo00
P1058,2014,215,Dan Herron,RB,59,IND,25,16,3,0,0,75.4,0,0,0,0,0,78,351,4.5,1,26,21,173,8.24,0,2,2,1,,,-90.4,192,HerrDa00
P0662,2014,216,Jason Avant,WR,91,2TM,31,16,0,0,0,75.4,0,0,0,0,0,1,1,1,0,62,34,353,10.38,1,0,0,1,,,-107.4,226,AvanJa00
P1001,2014,217,Jordan Todman,RB,60,JAX,24,16,1,0,0,75.4,0,0,0,0,0,32,186,5.81,1,37,25,198,7.92,1,0,0,2,,,-90.4,193,TodmJo00
P1059,2014,218,Carlos Hyde,RB,61,SFO,24,14,0,0,0,74.1,0,0,0,0,0,83,333,4.01,4,16,12,68,5.67,0,1,1,4,,,-91.7,196,HydeCa00
P1060,2014,219,Jonas Gray,RB,62,NWE,24,8,3,0,0,72.9,0,0,0,0,0,89,412,4.63,5,3,1,7,7,0,0,0,5,,,-92.9,198,GrayJo00
P1061,2014,220,Travaris Cadet,RB,63,NOR,25,15,1,0,0,72.8,0,0,0,0,0,10,32,3.2,0,51,38,296,7.79,1,2,2,1,,,-93.0,199,CadeTr00
P0765,2014,221,Donald Brown,RB,64,SDG,27,13,3,0,0,72.4,0,0,0,0,0,85,223,2.62,0,41,29,211,7.28,0,1,0,0,,,-93.4,200,BrowDo00
P1062,2014,222,Damaris Johnson,WR,92,HOU,25,16,8,0,0,72.0,0,0,0,0,0,5,19,3.8,0,49,31,331,10.68,1,2,0,1,,,-110.8,227,JohnDa04
P0692,2014,223,Anthony Fasano,TE,29,KAN,30,15,13,0,0,71.6,0,0,0,0,0,0,0,,0,36,25,226,9.04,4,0,0,4,,,-92.3,197,FasaAn00
P0819,2014,224,C.J. Spiller,RB,65,BUF,27,9,5,0,0,71.5,0,0,0,0,0,78,300,3.85,0,22,19,125,6.58,1,3,1,2,,,-94.3,203,SpilC.00
P1063,2014,225,Zach Mettenberger,QB,38,TEN,23,7,6,0,0,70.9,107,179,1412,8,7,5,4,0.8,0,0,0,0,,0,4,2,0,,,-198.6,248,MettZa00
P1064,2014,226,Lorenzo Taliaferro,RB,66,BAL,23,13,0,0,0,70.6,0,0,0,0,0,68,292,4.29,4,10,8,114,14.25,0,1,1,4,,,-95.2,205,TaliLo00
P0714,2014,227,Brent Celek,TE,30,PHI,29,16,15,0,0,70.0,0,0,0,0,0,0,0,,0,51,32,340,10.63,1,1,1,1,,,-93.9,202,CeleBr00
P1065,2014,228,Kamar Aiken,WR,93,BAL,25,16,0,0,0,68.7,0,0,0,0,0,0,0,,0,32,24,267,11.13,3,0,0,3,,,-114.1,229,AikeKa00
P0935,2014,229,Travis Benjamin,WR,94,CLE,25,16,0,0,0,68.5,0,0,0,0,0,3,11,3.67,0,46,18,314,17.44,3,2,0,3,,,-114.3,230,BenjTr00
P1066,2014,230,Anthony Dixon,RB,67,BUF,27,16,0,0,0,68.1,0,0,0,0,0,105,432,4.11,2,9,8,49,6.13,0,1,0,2,,,-97.7,208,DixoAn00
P0793,2014,231,Ryan Mathews,RB,68,SDG,27,6,6,0,0,66.9,0,0,0,0,0,74,330,4.46,3,10,9,69,7.67,0,1,0,3,,,-98.9,210,MathRy00
P0925,2014,232,Jeff Cumberland,TE,31,NYJ,27,16,14,0,0,65.7,0,0,0,0,0,0,0,,0,47,23,247,10.74,3,0,0,3,,,-98.2,209,CumbJe00
P1067,2014,233,Stepfan Taylor,RB,69,ARI,23,14,4,0,0,65.7,0,0,0,0,0,63,208,3.3,1,15,11,79,7.18,3,0,0,4,1,,-100.1,213,TaylSt00
P1068,2014,234,Levine Toilolo,TE,32,ATL,23,16,16,0,0,64.8,0,0,0,0,0,0,0,,0,54,31,238,7.68,2,1,1,2,,,-99.1,211,ToilLe00
P0766,2014,235,Brandon Gibson,WR,95,MIA,27,14,5,0,0,64.5,0,0,0,0,0,0,0,,0,51,29,295,10.17,1,2,0,1,,,-118.3,231,GibsBr00
P1069,2014,236,Khiry Robinson,RB,70,NOR,25,10,3,0,0,64.5,0,0,0,0,0,76,362,4.76,3,11,8,63,7.88,0,2,2,3,,,-101.3,216,RobiKh00
P0961,2014,237,Zac Stacy,RB,71,STL,23,13,5,0,0,64.5,0,0,0,0,0,76,293,3.86,1,23,18,152,8.44,0,2,2,1,,,-101.3,217,StacZa00
P1070,2014,238,Dion Sims,TE,33,MIA,23,14,2,0,0,64.4,0,0,0,0,0,0,0,,0,36,24,284,11.83,2,0,0,2,,,-99.5,212,SimsDi00
P0908,2014,239,Jake Locker,QB,39,TEN,26,7,5,0,0,63.9,86,146,993,5,7,22,142,6.45,1,0,0,0,,0,3,1,1,,,-205.6,249,LockJa00
P0812,2014,240,Colt McCoy,QB,40,WAS,28,5,4,0,0,62.9,91,128,1057,4,3,16,66,4.13,1,0,0,0,,0,6,1,1,,,-206.6,250,McCoCo00
P0603,2014,241,Vernon Davis,TE,34,SFO,30,14,14,0,0,62.9,0,0,0,0,0,1,4,4,0,50,26,245,9.42,2,0,0,2,,,-101.0,214,DaviVe00
P0829,2014,242,Dexter McCluster,WR,96,TEN,25,14,2,0,0,62.8,0,0,0,0,0,40,131,3.28,0,36,26,197,7.58,1,1,1,1,,,-120.0,233,McClDe00
P0837,2014,243,Victor Cruz,WR,97,NYG,28,6,6,0,0,62.7,0,0,0,0,0,0,0,,0,41,23,337,14.65,1,0,0,1,,,-120.1,234,CruzVi00
P1071,2014,244,Paul Richardson,WR,98,SEA,22,15,6,0,0,62.1,0,0,0,0,0,0,0,,0,44,29,271,9.34,1,1,0,1,,,-120.7,235,RichPa01
P1072,2014,245,De'Anthony Thomas,RB,72,KAN,21,12,3,0,0,61.9,0,0,0,0,0,14,113,8.07,1,31,23,156,6.78,0,0,0,2,,,-103.9,222,ThomDe05
P1073,2014,246,Josh Hill,TE,35,NOR,24,16,3,0,0,61.6,0,0,0,0,0,0,0,,0,20,14,176,12.57,5,0,0,5,,,-102.3,220,HillJo02
P1074,2014,247,Brice Butler,WR,99,OAK,24,15,0,0,0,61.0,0,0,0,0,0,0,0,,0,35,21,280,13.33,2,0,0,2,,,-121.8,236,ButlBr00
P1004,2014,248,Clay Harbor,TE,36,JAX,27,13,8,0,0,60.9,0,0,0,0,0,0,0,,0,35,26,289,11.12,1,0,0,1,,,-103.0,221,HarbCl00
P1075,2014,249,Charles Sims,RB,73,TAM,24,8,0,0,0,60.5,0,0,0,0,0,66,185,2.8,1,27,19,190,10,0,2,1,1,,,-105.3,224,SimsCh00
P0880,2014,250,Kyle Rudolph,TE,37,MIN,25,9,8,0,0,59.1,0,0,0,0,0,0,0,,0,34,24,231,9.63,2,1,0,2,,,-104.8,223,RudoKy00
P0836,2015,1,Cam Newton,QB,1,CAR,26,16,16,1,1,389.1,296,495,3837,35,10,132,636,4.82,10,0,0,0,,0,5,4,10,,,101.7,8,NewtCa00
P0840,2015,2,Antonio Brown,WR,1,PIT,27,16,16,1,1,388.2,0,0,0,0,0,3,28,9.33,0,193,136,1834,13.49,10,3,2,11,2,,197.2,1,BrowAn04
P0841,2015,3,Julio Jones,WR,2,ATL,26,16,16,1,1,375.1,0,0,0,0,0,0,0,,0,203,136,1871,13.76,8,3,1,9,,,184.1,2,JoneJu02
P0260,2015,4,Tom Brady,QB,2,NWE,38,16,16,1,0,344.7,402,624,4770,36,7,34,53,1.56,3,1,1,36,36,0,6,2,3,,,57.3,27,BradTo00
P0600,2015,5,Brandon Marshall,WR,3,NYJ,31,16,16,1,0,339.2,0,0,0,0,0,0,0,,0,173,109,1502,13.78,14,3,2,14,,,148.2,3,MarsBr00
P0891,2015,6,Russell Wilson,QB,3,SEA,27,16,16,1,0,336.3,329,483,4024,34,8,103,553,5.37,1,0,0,0,,0,7,3,1,,,48.9,29,WilsRu00
P0968,2015,7,DeAndre Hopkins,WR,4,HOU,23,16,16,1,0,331.1,0,0,0,0,0,0,0,,0,192,111,1521,13.7,11,1,0,11,1,,140.1,5,HopkDe00
P1007,2015,8,Odell Beckham Jr.,WR,5,NYG,23,15,15,1,0,319.3,0,0,0,0,0,1,3,3,0,158,96,1450,15.1,13,2,0,13,,,128.3,6,BeckOd00
P1048,2015,9,Devonta Freeman,RB,1,ATL,23,15,13,1,0,316.4,0,0,0,0,0,265,1056,3.98,11,97,73,578,7.92,3,3,2,14,,,146.1,4,FreeDe00
P1019,2015,10,Blake Bortles,QB,4,JAX,23,16,16,0,0,316.1,355,606,4428,35,18,52,310,5.96,2,0,0,0,,0,14,5,2,,1,28.7,40,BortBl00
P0464,2015,11,Carson Palmer,QB,5,ARI,36,16,16,1,0,309.2,342,537,4671,35,11,25,24,0.96,1,0,0,0,,0,6,2,1,,,21.8,47,PalmCa00
P0340,2015,12,Drew Brees,QB,6,NOR,36,15,15,0,0,304.2,428,627,4870,32,11,24,14,0.58,1,0,0,0,,0,5,2,1,,,16.8,53,BreeDr00
P1032,2015,13,Allen Robinson,WR,6,JAX,22,16,16,1,0,304.0,0,0,0,0,0,0,0,,0,151,80,1400,17.5,14,0,0,14,,,113.0,7,RobiAl02
P0671,2015,14,Aaron Rodgers,QB,7,GNB,32,16,16,1,0,301.2,347,572,3821,31,8,58,344,5.93,1,0,0,0,,0,8,4,1,,4,13.8,56,RodgAa00
P1047,2015,15,Kirk Cousins,QB,8,WAS,27,16,16,0,0,293.4,379,543,4166,29,11,26,48,1.85,5,0,0,0,,0,9,3,5,,2,6.0,64,CousKi00
P0745,2015,16,Matthew Stafford,QB,9,DET,27,16,16,0,0,290.8,398,592,4262,32,13,44,159,3.61,1,1,1,-6,-6,0,4,2,1,,,3.4,66,StafMa00
P0499,2015,17,Eli Manning,QB,10,NYG,34,16,16,1,0,287.4,387,618,4432,35,14,20,61,3.05,0,0,0,0,,0,11,4,0,,,0.0,67,MannEl00
P0559,2015,18,Ryan Fitzpatrick,QB,11,NYJ,33,16,16,0,0,285.2,335,562,3905,31,15,60,270,4.5,2,0,0,0,,0,5,2,2,,,-2.2,71,FitzRy00
P0566,2015,19,Philip Rivers,QB,12,SDG,34,16,16,0,0,284.5,437,661,4792,29,13,17,28,1.65,0,0,0,0,,0,4,2,0,,2,-2.9,72,RivePh00
P0458,2015,20,Larry Fitzgerald,WR,7,ARI,32,16,16,1,0,280.5,0,0,0,0,0,0,0,,0,145,109,1215,11.15,9,2,2,9,,,89.5,11,FitzLa00
P1017,2015,21,Jarvis Landry,WR,8,MIA,23,16,14,1,0,275.4,1,1,9,0,0,18,113,6.28,1,166,110,1157,10.52,4,1,0,6,1,,84.4,12,LandJa00
P1076,2015,22,Jameis Winston,QB,13,TAM,21,16,16,1,0,275.0,312,535,4042,22,15,54,213,3.94,6,0,0,0,,0,6,2,6,,1,-12.4,85,WinsJa00
P0838,2015,23,A.J. Green,WR,9,CIN,27,16,16,1,0,273.7,0,0,0,0,0,0,0,,0,132,86,1297,15.08,10,1,1,10,,,82.7,13,GreeA.00
P1077,2015,24,Tyrod Taylor,QB,14,BUF,26,14,14,1,0,271.6,242,380,3035,20,6,104,568,5.46,4,1,1,4,4,0,9,1,4,1,,-15.8,88,TaylTy00
P1015,2015,25,Derek Carr,QB,15,OAK,24,16,16,1,0,271.3,350,573,3987,32,13,33,138,4.18,0,0,0,0,,0,10,3,0,,1,-16.1,89,CarrDe02
P0571,2015,26,Alex Smith,QB,16,KAN,31,16,16,0,0,271.2,307,470,3486,20,7,84,498,5.93,2,0,0,0,,0,4,0,2,,2,-16.2,90,SmitAl03
P0845,2015,27,Doug Baldwin,WR,10,SEA,27,16,16,0,0,268.9,0,0,0,0,0,0,0,,0,103,78,1069,13.71,14,1,0,14,,,77.9,16,BaldDo00
P0830,2015,28,Demaryius Thomas,WR,11,DEN,28,16,16,1,0,267.4,0,0,0,0,0,0,0,,0,177,105,1304,12.42,6,2,2,6,,,76.4,17,ThomDe03
P0625,2015,29,Calvin Johnson,WR,12,DET,30,16,16,1,0,261.4,0,0,0,0,0,0,0,,0,149,88,1214,13.8,9,1,1,9,,,70.4,20,JohnCa00
P0618,2015,30,Adrian Peterson,RB,2,MIN,30,16,16,1,1,260.7,0,0,0,0,0,327,1485,4.54,11,36,30,222,7.4,0,7,3,11,,,90.4,10,PeteAd01
P0901,2015,31,Ryan Tannehill,QB,17,MIA,27,16,16,0,0,258.3,363,586,4208,24,12,32,141,4.41,1,1,1,9,9,0,10,3,1,,1,-29.1,101,TannRy00
P0788,2015,32,Rob Gronkowski,TE,1,NWE,26,15,15,1,1,255.6,0,0,0,0,0,0,0,,0,120,72,1176,16.33,11,0,0,11,,,91.3,9,GronRo00
P1026,2015,33,Brandin Cooks,WR,13,NOR,22,16,12,0,0,253.6,0,0,0,0,0,8,18,2.25,0,129,84,1138,13.55,9,1,0,9,,,62.6,22,CookBr00
P0844,2015,34,Eric Decker,WR,14,NYJ,28,15,13,0,0,252.7,0,0,0,0,0,0,0,,0,132,80,1027,12.84,12,1,1,12,,,61.7,24,DeckEr00
P0825,2015,35,Delanie Walker,TE,2,TEN,31,15,10,1,0,244.4,0,0,0,0,0,1,36,36,0,133,94,1088,11.57,6,0,0,6,1,,80.1,14,WalkHu00
P0839,2015,36,Andy Dalton,QB,18,CIN,28,13,13,0,0,244.2,255,386,3250,25,7,57,142,2.49,3,0,0,0,,0,5,2,3,,,-43.2,121,DaltAn00
P0976,2015,37,Jordan Reed,TE,3,WAS,25,14,8,0,0,244.2,0,0,0,0,0,0,0,,0,114,87,952,10.94,11,3,2,11,,,79.9,15,ReedJo02
P0733,2015,38,Jeremy Maclin,WR,15,KAN,27,15,15,0,0,243.2,0,0,0,0,0,3,14,4.67,0,124,87,1088,12.51,8,2,1,8,,,52.2,28,MaclJe00
P0787,2015,39,Danny Woodhead,RB,3,SDG,30,16,2,0,0,243.1,0,0,0,0,0,98,336,3.43,3,106,80,755,9.44,6,0,0,9,,,72.8,19,WoodDa02
P1078,2015,40,Gary Barnidge,TE,4,CLE,30,16,13,1,0,237.3,0,0,0,0,0,0,0,,0,125,79,1043,13.2,9,0,0,9,,,73.0,18,BarnGa01
P0679,2015,41,Matt Ryan,QB,19,ATL,30,16,16,0,0,233.9,407,614,4591,21,16,36,63,1.75,0,0,0,0,,0,12,5,0,,1,-53.5,133,RyanMa00
P0890,2015,42,Doug Martin,RB,4,TAM,26,16,16,1,1,232.3,0,0,0,0,0,288,1402,4.87,6,44,33,271,8.21,1,5,5,7,,,62.0,23,MartDo00
P0974,2015,43,Lamar Miller,RB,5,MIA,24,16,16,0,0,231.9,0,0,0,0,0,194,872,4.49,8,57,47,397,8.45,2,1,1,10,,,61.6,25,MillLa01
P0577,2015,44,DeAngelo Williams,RB,6,PIT,32,16,10,0,0,231.4,0,0,0,0,0,200,907,4.54,11,47,40,367,9.18,0,4,2,11,1,,61.1,26,WillDe02
P0746,2015,45,Michael Crabtree,WR,16,OAK,28,16,15,0,0,231.2,0,0,0,0,0,0,0,,0,146,85,922,10.85,9,1,0,9,,,40.2,32,CrabMi00
P1012,2015,46,Jordan Matthews,WR,17,PHI,23,16,12,0,0,230.7,0,0,0,0,0,0,0,,0,126,85,997,11.73,8,2,1,8,,,39.7,33,MattJo00
P0462,2015,47,Ben Roethlisberger,QB,20,PIT,33,12,11,1,0,228.1,319,469,3938,21,16,15,29,1.93,0,0,0,-3,,0,2,0,0,,8,-59.3,141,RoetBe00
P0638,2015,48,Greg Olsen,TE,5,CAR,30,16,16,1,0,227.4,0,0,0,0,0,0,0,,0,124,77,1104,14.34,7,1,1,7,,,63.1,21,OlseGr00
P0601,2015,49,Jay Cutler,QB,21,CHI,32,15,15,0,0,226.5,311,483,3659,21,11,38,201,5.29,1,0,0,0,,0,8,5,1,,1,-60.9,145,CutlJa00
P1021,2015,50,Allen Hurns,WR,18,JAX,24,15,15,0,0,225.1,0,0,0,0,0,0,0,,0,105,64,1031,16.11,10,2,1,10,,,34.1,36,HurnAl01
P0818,2015,51,Emmanuel Sanders,WR,19,DEN,28,15,15,0,0,224.4,0,0,0,0,0,3,29,9.67,0,136,76,1135,14.93,6,2,2,6,,,33.4,37,SandEm00
P1013,2015,52,Sammy Watkins,WR,20,BUF,22,13,13,0,0,218.8,0,0,0,0,0,1,1,1,0,96,60,1047,17.45,9,0,0,9,,,27.8,41,WatkSa00
P1079,2015,53,David Johnson,RB,7,ARI,24,16,5,0,0,215.8,0,0,0,0,0,125,581,4.65,8,57,36,457,12.69,4,4,1,13,,,45.5,30,JohnDa08
P0670,2015,54,Matt Forte,RB,8,CHI,30,13,13,0,0,214.7,0,0,0,0,0,218,898,4.12,4,58,44,389,8.84,3,2,1,7,1,,44.4,31,FortMa00
P1080,2015,55,Amari Cooper,WR,21,OAK,21,16,15,1,0,212.7,0,0,0,0,0,3,-3,-1,0,130,72,1070,14.86,6,1,1,6,,,21.7,48,CoopAm00
P0897,2015,56,T.Y. Hilton,WR,22,IND,26,16,15,1,0,211.4,0,0,0,0,0,0,0,,0,134,69,1124,16.29,5,1,0,5,,,20.4,49,HiltT.00
P1081,2015,57,Marcus Mariota,QB,22,TEN,22,12,12,0,0,211.0,230,370,2818,19,10,34,252,7.41,2,1,1,41,41,1,10,6,3,,3,-76.4,159,MariMa01
P1008,2015,58,Mike Evans,WR,23,TAM,22,15,14,0,0,210.6,0,0,0,0,0,0,0,,0,148,74,1206,16.3,3,1,1,3,,,19.6,50,EvanMi00
P0864,2015,59,Golden Tate,WR,24,DET,27,16,16,0,0,209.4,0,0,0,0,0,6,41,6.83,0,128,90,813,9.03,6,1,1,6,,,18.4,51,TateGo00
P0873,2015,60,Randall Cobb,WR,25,GNB,25,16,15,0,0,208.9,0,0,0,0,0,13,50,3.85,0,129,79,829,10.49,6,1,0,7,,,17.9,52,CobbRa00
P1082,2015,61,Todd Gurley,RB,9,STL,21,13,12,1,0,208.4,0,0,0,0,0,229,1106,4.83,10,26,21,188,8.95,0,3,1,10,,,38.1,34,GurlTo01
P1023,2015,62,John Brown,WR,26,ARI,25,15,11,0,0,207.5,0,0,0,0,0,3,22,7.33,0,101,65,1003,15.43,7,1,1,7,,,16.5,54,BrowJo02
P1052,2015,63,Latavius Murray,RB,10,OAK,25,16,16,1,0,204.8,0,0,0,0,0,266,1066,4.01,6,53,41,232,5.66,0,4,1,6,,,34.5,35,MurrLa00
P0865,2015,64,Mark Ingram,RB,11,NOR,26,12,10,0,0,203.4,0,0,0,0,0,166,769,4.63,6,60,50,405,8.1,0,2,1,6,1,,33.1,38,IngrMa01
P0806,2015,65,Chris Ivory,RB,12,NYJ,27,15,14,1,0,202.7,0,0,0,0,0,247,1070,4.33,7,37,30,217,7.23,1,4,2,8,,,32.4,39,IvorCh00
P1018,2015,66,Teddy Bridgewater,QB,23,MIN,23,16,16,1,0,200.4,292,447,3231,14,9,44,192,4.36,3,0,0,0,,0,8,3,3,1,,-87.0,182,BridTe00
P0972,2015,67,Tavon Austin,WR,27,STL,25,16,15,0,0,198.7,0,0,0,0,0,52,434,8.35,4,87,52,473,9.1,5,3,2,10,,,7.7,61,AustTa00
P0935,2015,68,Travis Benjamin,WR,28,CLE,26,16,15,0,0,197.8,0,0,0,0,0,4,12,3,0,125,68,966,14.21,5,3,2,6,,,6.8,62,BenjTr00
P1065,2015,69,Kamar Aiken,WR,29,BAL,26,16,14,0,0,197.4,0,0,0,0,0,0,0,,0,127,75,944,12.59,5,1,1,5,,,6.4,63,AikeKa00
P0690,2015,70,Darren McFadden,RB,13,DAL,28,16,10,0,0,195.7,0,1,0,0,0,239,1089,4.56,3,53,40,328,8.2,0,3,3,3,1,,25.4,44,McFaDa00
P0786,2015,71,Sam Bradford,QB,24,PHI,28,14,14,0,0,194.9,346,532,3725,19,14,26,39,1.5,0,0,0,0,,0,10,3,0,,,-92.5,196,BradSa00
P0516,2015,72,Frank Gore,RB,14,IND,32,16,16,0,0,193.4,0,0,0,0,0,260,967,3.72,6,58,34,267,7.85,1,4,3,7,,,23.1,46,GoreFr00
P0987,2015,73,Tyler Eifert,TE,6,CIN,25,13,12,1,0,191.5,0,0,0,0,0,0,0,,0,74,52,615,11.83,13,0,0,13,,,27.2,42,EifeTy00
P0629,2015,74,James Jones,WR,30,GNB,31,16,15,0,0,191.0,0,0,0,0,0,0,0,,0,99,50,890,17.8,8,1,0,8,2,,0.0,68,JoneJa04
P0520,2015,75,Ben Watson,TE,7,NOR,35,16,16,0,0,190.5,0,0,0,0,0,0,0,,0,110,74,825,11.15,6,1,1,6,,,26.2,43,WatsBe00
P1016,2015,76,Travis Kelce,TE,8,KAN,26,16,16,1,0,189.5,0,0,0,0,0,0,0,,0,103,72,875,12.15,5,2,2,5,2,,25.2,45,KelcTr00
P0736,2015,77,Pierre Garcon,WR,31,WAS,29,16,16,0,0,185.7,0,0,0,0,0,0,0,,0,111,72,777,10.79,6,0,0,6,,,-5.3,75,GarcPi00
P0938,2015,78,Rueben Randle,WR,32,NYG,24,16,16,0,0,184.7,0,0,0,0,0,0,0,,0,90,57,797,13.98,8,0,0,8,,,-6.3,78,RandRu00
P0847,2015,79,DeMarco Murray,RB,15,PHI,27,15,8,0,0,184.4,0,0,0,0,0,193,702,3.64,6,55,44,322,7.32,1,2,2,7,,,14.1,55,MurrDe00
P0640,2015,80,Ted Ginn Jr.,WR,33,CAR,30,15,13,0,0,183.9,0,0,0,0,0,4,60,15,0,97,44,739,16.8,10,0,0,10,,,-7.1,79,GinnTe00
P1083,2015,81,Willie Snead,WR,34,NOR,23,15,8,0,0,183.4,0,0,0,0,0,0,0,,0,101,69,984,14.26,3,2,1,3,,,-7.6,81,SneaWi00
P0954,2015,82,Giovani Bernard,RB,16,CIN,24,16,1,0,0,181.2,0,0,0,0,0,154,730,4.74,2,66,49,472,9.63,0,2,0,2,,,10.9,57,BernGi00
P1075,2015,83,Charles Sims,RB,17,TAM,25,16,0,0,0,180.0,0,0,0,0,0,107,529,4.94,0,70,51,561,11,4,2,2,4,,,9.7,58,SimsCh00
P1043,2015,84,Theo Riddick,RB,18,DET,24,16,1,0,0,179.0,0,0,0,0,0,43,133,3.09,0,99,80,697,8.71,3,1,1,3,,,8.7,59,RiddTh00
P0732,2015,85,LeSean McCoy,RB,19,BUF,27,12,12,1,0,178.7,0,0,0,0,0,203,895,4.41,3,50,32,292,9.13,2,2,2,5,1,,8.4,60,McCoLe01
P0960,2015,86,Marvin Jones,WR,35,CIN,25,16,13,0,0,173.9,0,0,0,0,0,5,33,6.6,0,103,65,816,12.55,4,0,0,4,,,-17.1,91,JoneMa02
P1042,2015,87,Donte Moncrief,WR,36,IND,22,16,10,0,0,173.3,0,0,0,0,0,0,0,,0,105,64,733,11.45,6,0,0,6,,,-17.7,92,MoncDo00
P0913,2015,88,Michael Floyd,WR,37,ARI,26,15,6,0,0,172.9,0,0,0,0,0,0,0,,0,89,52,849,16.33,6,0,0,6,,,-18.1,93,FloyMi00
P0757,2015,89,Julian Edelman,WR,38,NWE,29,9,9,0,0,172.5,0,0,0,0,0,3,23,7.67,0,88,61,692,11.34,7,1,1,7,,,-18.5,94,EdelJu00
P1011,2015,90,Jeremy Hill,RB,20,CIN,23,16,15,0,0,170.3,0,0,0,0,0,223,794,3.56,11,19,15,79,5.27,1,3,3,12,1,,0.0,70,HillJe01
P0981,2015,91,Zach Ertz,TE,9,PHI,25,15,7,0,0,170.3,0,0,0,0,0,0,0,,0,112,75,853,11.37,2,1,1,2,,,6.0,65,ErtzZa00
P1029,2015,92,Martavis Bryant,WR,39,PIT,24,11,5,0,0,170.2,0,0,0,0,0,5,37,7.4,1,92,50,765,15.3,6,1,1,7,,,-20.8,95,BryaMa00
P0403,2015,93,Anquan Boldin,WR,40,SFO,35,14,13,0,0,169.9,0,0,0,0,0,0,0,,0,111,69,789,11.43,4,1,1,4,,,-21.1,96,BoldAn00
P1020,2015,94,Brian Hoyer,QB,25,HOU,30,11,9,0,0,166.6,224,369,2606,19,7,15,44,2.93,0,0,0,0,,0,6,2,0,,,-120.8,229,HoyeBr00
P0856,2015,95,James Starks,RB,21,GNB,29,16,4,0,0,166.3,0,0,0,0,0,148,601,4.06,2,53,43,392,9.12,3,5,3,5,,,-4.0,73,StarJa00
P1084,2015,96,Tyler Lockett,WR,41,SEA,23,16,8,1,1,165.4,0,0,0,0,0,5,20,4,0,69,51,664,13.02,6,2,1,8,,,-25.6,99,LockTy00
P0781,2015,97,Rashad Jennings,RB,22,NYG,30,16,16,0,0,164.9,0,0,0,0,0,195,863,4.43,3,40,29,296,10.21,1,3,2,4,,,-5.4,76,JennRa00
P1085,2015,98,Duke Johnson,RB,23,CLE,22,16,7,0,0,164.3,0,0,0,0,0,104,379,3.64,0,74,61,534,8.75,2,1,0,2,,,-6.0,77,JohnDu00
P0425,2015,99,Jason Witten,TE,10,DAL,33,16,16,0,0,164.3,0,0,0,0,0,0,0,,0,104,77,713,9.26,3,1,1,3,,,0.0,69,WittJa00
P0684,2015,100,Jonathan Stewart,RB,24,CAR,28,13,13,1,0,162.8,0,0,0,0,0,242,989,4.09,6,21,16,99,6.19,1,3,2,7,,,-7.5,80,StewJo00
P0681,2015,101,Joe Flacco,QB,26,BAL,30,10,10,0,0,161.9,266,413,2791,14,12,13,23,1.77,3,0,0,0,,0,5,2,3,,1,-125.5,234,FlacJo00
P0669,2015,102,Darren Sproles,RB,25,PHI,32,16,4,1,0,161.5,0,0,0,0,0,83,317,3.82,3,83,55,388,7.05,1,2,0,6,,,-8.8,82,SproDa00
P0955,2015,103,Keenan Allen,WR,42,SDG,23,8,8,0,0,161.5,0,0,0,0,0,0,0,,0,89,67,725,10.82,4,1,1,4,,,-29.5,102,AlleKe00
P1038,2015,104,Ronnie Hillman,RB,26,DEN,24,16,10,0,0,161.4,0,0,0,0,0,207,863,4.17,7,35,24,111,4.63,0,3,1,7,,,-8.9,83,HillRo00
P1086,2015,105,Richard Rodgers,TE,11,GNB,23,16,12,0,0,160.1,0,0,0,0,0,1,11,11,0,85,58,510,8.79,8,0,0,8,1,,-4.2,74,RodgRi00
P0928,2015,106,Alshon Jeffery,WR,43,CHI,25,9,8,0,0,158.7,0,0,0,0,0,0,0,,0,94,54,807,14.94,4,1,0,4,,,-32.3,105,JeffAl00
P0936,2015,107,Shane Vereen,RB,27,NYG,26,16,0,0,0,158.4,0,0,0,0,0,61,260,4.26,0,81,59,494,8.37,4,1,0,4,,,-11.9,84,VereSh00
P1087,2015,108,T.J. Yeldon,RB,28,JAX,22,12,12,0,0,155.9,0,0,0,0,0,182,740,4.07,2,46,36,279,7.75,1,0,0,3,,,-14.4,86,YeldT.00
P0965,2015,109,Terrance Williams,WR,44,DAL,26,16,13,0,0,154.0,0,0,0,0,0,0,0,,0,93,52,840,16.15,3,0,0,3,,,-37.0,112,WillTe01
P1028,2015,110,Markus Wheaton,WR,45,PIT,24,16,8,0,0,150.9,0,0,0,0,0,0,0,,0,79,44,749,17.02,5,0,0,5,1,,-40.1,114,WheaMa00
P1088,2015,111,Stefon Diggs,WR,46,MIN,22,13,9,0,0,149.3,0,0,0,0,0,3,13,4.33,0,84,52,720,13.85,4,2,0,4,,,-41.7,116,DiggSt00
P0427,2015,112,Antonio Gates,TE,12,SDG,35,11,4,0,0,149.0,0,0,0,0,0,0,0,,0,85,56,630,11.25,5,0,0,5,,,-15.3,87,GateAn00
P0756,2015,113,Danny Amendola,WR,47,NWE,30,14,7,0,0,148.3,1,1,36,0,0,2,11,5.5,0,87,65,648,9.97,3,1,1,3,,,-42.7,118,AmenDa00
P1089,2015,114,Jeremy Langford,RB,29,CHI,24,16,2,0,0,147.6,0,0,0,0,0,148,537,3.63,6,42,22,279,12.68,1,0,0,7,1,,-22.7,97,LangJe00
P0993,2015,115,Jermaine Kearse,WR,48,SEA,25,16,16,0,0,147.5,0,0,0,0,0,0,0,,0,68,49,685,13.98,5,1,0,5,,,-43.5,122,KearJe01
P1090,2015,116,Javorius Allen,RB,30,BAL,24,16,6,0,0,145.7,0,0,0,0,0,137,514,3.75,1,62,45,353,7.84,2,2,2,3,,,-24.6,98,AlleJa01
P1010,2015,117,C.J. Anderson,RB,31,DEN,24,15,6,0,0,141.3,0,0,0,0,0,152,720,4.74,5,36,25,183,7.32,0,2,2,5,,,-29.0,100,AndeC.00
P0953,2015,118,Eddie Lacy,RB,32,GNB,25,15,12,0,0,140.6,0,0,0,0,0,187,758,4.05,3,28,20,188,9.4,2,4,2,5,,,-29.7,103,LacyEd00
P1031,2015,119,Isaiah Crowell,RB,33,CLE,22,16,9,0,0,137.8,0,0,0,0,0,185,706,3.82,4,22,19,182,9.58,1,0,0,5,,,-32.5,106,CrowIs00
P0580,2015,120,Nate Washington,WR,49,HOU,32,14,14,0,0,136.8,0,0,0,0,0,0,0,,0,94,47,658,14,4,0,0,4,,,-54.2,134,WashNa00
P0919,2015,121,Bilal Powell,RB,34,NYJ,27,11,2,0,0,135.1,0,0,0,0,0,70,313,4.47,1,63,47,388,8.26,2,2,0,3,,,-35.2,109,PoweBi00
P1091,2015,122,Jamison Crowder,WR,50,WAS,22,16,6,0,0,133.6,0,1,0,0,0,2,2,1,0,78,59,604,10.24,2,4,1,2,2,,-57.4,137,CrowJa00
P0985,2015,123,Rishard Matthews,TE,13,MIA,26,11,11,0,0,133.6,0,0,0,0,0,1,4,4,0,61,43,662,15.4,4,0,0,4,,,-30.7,104,MattRi00
P1092,2015,124,Charcandrick West,RB,35,KAN,24,15,9,0,0,132.8,0,0,0,0,0,160,634,3.96,4,34,20,214,10.7,1,1,1,5,,,-37.5,113,WestCh01
P0431,2015,125,Josh McCown,QB,27,CLE,36,8,8,0,0,132.2,186,292,2109,12,4,20,98,4.9,1,0,0,0,,0,9,6,1,,2,-155.2,239,McCoJo01
P0988,2015,126,Cole Beasley,WR,51,DAL,26,16,3,0,0,131.6,0,0,0,0,0,0,0,,0,75,52,536,10.31,5,2,2,5,,,-59.4,142,BeasCo00
P0342,2015,127,Steve Smith Sr.,WR,52,BAL,36,7,7,0,0,131.0,0,0,0,0,0,0,0,,0,73,46,670,14.57,3,0,0,3,,,-60.0,144,SmitSt01
P0892,2015,128,Andrew Luck,QB,28,IND,26,7,7,0,0,130.8,162,293,1881,15,12,33,196,5.94,0,0,0,0,,0,3,1,0,,1,-156.6,240,LuckAn00
P1093,2015,129,Eric Ebron,TE,14,DET,22,14,8,0,0,130.7,0,0,0,0,0,0,0,,0,70,47,537,11.43,5,0,0,5,,,-33.6,107,EbroEr00
P0789,2015,130,Jacob Tamme,TE,15,ATL,30,15,8,0,0,130.7,0,0,0,0,0,0,0,,0,81,59,657,11.14,1,0,0,1,,,-33.6,108,TammJa00
P0855,2015,131,Blaine Gabbert,QB,29,SFO,26,8,8,0,0,129.7,178,282,2031,10,7,32,185,5.78,1,0,0,0,,0,4,1,1,,,-157.7,241,GabbBl00
P0880,2015,132,Kyle Rudolph,TE,16,MIN,26,16,16,0,0,128.5,0,0,0,0,0,0,0,,0,73,49,495,10.1,5,0,0,5,,,-35.8,110,RudoKy00
P0507,2015,133,Heath Miller,TE,17,PIT,33,15,15,0,0,127.7,0,0,0,0,0,1,2,2,0,81,60,535,8.92,2,0,0,2,1,,-36.6,111,MillHe00
P1094,2015,134,Thomas Rawls,RB,36,SEA,22,13,7,0,0,127.6,0,0,0,0,0,147,830,5.65,4,11,9,76,8.44,1,1,1,5,,,-42.7,119,RawlTh00
P0842,2015,135,Torrey Smith,WR,53,SFO,26,16,12,0,0,125.3,0,0,0,0,0,0,0,,0,62,33,663,20.09,4,0,0,4,1,,-65.7,149,SmitTo02
P0793,2015,136,Ryan Mathews,RB,37,PHI,28,13,6,0,0,124.5,0,0,0,0,0,106,539,5.08,6,28,20,146,7.3,1,3,3,7,,,-45.8,124,MathRy00
P1095,2015,137,Karlos Williams,RB,38,BUF,22,11,3,0,0,124.3,0,0,0,0,0,93,517,5.56,7,14,11,96,8.73,2,2,1,9,,,-46.0,125,WillKa01
P0939,2015,138,Coby Fleener,TE,18,IND,27,16,11,0,0,123.1,0,0,0,0,0,0,0,,0,84,54,491,9.09,3,0,0,3,1,,-41.2,115,FleeCo00
P1096,2015,139,James White,RB,39,NWE,23,14,1,0,0,122.6,0,0,0,0,0,22,56,2.55,2,54,40,410,10.25,4,0,0,6,,,-47.7,126,WhitJa02
P0795,2015,140,LeGarrette Blount,RB,40,NWE,29,12,6,0,0,122.6,0,0,0,0,0,165,703,4.26,6,7,6,43,7.17,1,1,0,7,,,-47.7,127,BlouLe00
P0730,2015,141,Justin Forsett,RB,41,BAL,30,10,10,0,0,122.4,0,0,0,0,0,151,641,4.25,2,41,31,153,4.94,0,0,0,2,,,-47.9,128,ForsJu00
P0744,2015,142,Kenny Britt,WR,54,STL,27,16,14,0,0,122.1,0,0,0,0,0,0,0,,0,72,36,681,18.92,3,0,0,3,,,-68.9,151,BritKe00
P0888,2015,143,Charles Clay,TE,19,BUF,26,13,13,0,0,121.8,0,0,0,0,0,0,0,,0,77,51,528,10.35,3,1,0,3,,,-42.5,117,ClayCh00
P0957,2015,144,Julius Thomas,TE,20,JAX,27,12,10,0,0,121.5,0,0,0,0,0,0,0,,0,80,46,455,9.89,5,0,0,5,,,-42.8,120,ThomJu00
P0564,2015,145,Marques Colston,WR,55,NOR,32,13,5,0,0,121.0,0,0,0,0,0,0,0,,0,67,45,520,11.56,4,0,0,4,,,-70.0,153,ColsMa00
P0809,2015,146,Jimmy Graham,TE,21,SEA,29,11,11,0,0,120.5,0,0,0,0,0,0,0,,0,74,48,605,12.6,2,0,0,2,,,-43.8,123,GrahJi00
P1097,2015,147,Dion Lewis,RB,42,NWE,25,7,6,0,0,120.2,0,0,0,0,0,49,234,4.78,2,50,36,388,10.78,2,2,1,4,,,-50.1,131,LewiDi00
P0975,2015,148,Robert Woods,WR,56,BUF,23,14,9,0,0,118.2,0,0,0,0,0,1,0,0,0,80,47,552,11.74,3,2,1,3,,,-72.8,155,WoodRo02
P1098,2015,149,Ameer Abdullah,RB,43,DET,22,16,9,0,0,117.0,0,0,0,0,0,143,597,4.17,2,38,25,183,7.32,1,5,2,3,,,-53.3,132,AbduAm00
P1099,2015,150,Brock Osweiler,QB,30,DEN,25,8,7,0,0,116.8,170,275,1967,10,6,21,61,2.9,1,0,0,0,,0,4,1,1,,,-170.6,242,OsweBr00
P0584,2015,151,Owen Daniels,TE,22,DEN,33,16,16,0,0,115.7,0,0,0,0,0,0,0,,0,77,46,517,11.24,3,0,0,3,,,-48.6,129,DaniOw00
P0406,2015,152,Andre Johnson,WR,57,IND,34,16,14,0,0,115.3,0,0,0,0,0,0,0,,0,77,41,503,12.27,4,0,0,4,,,-75.7,158,JohnAn02
P0711,2015,153,Martellus Bennett,TE,23,CHI,28,11,11,0,0,114.9,0,0,0,0,0,0,0,,0,80,53,439,8.28,3,2,0,3,,,-49.4,130,BennMa00
P1100,2015,154,Matt Jones,RB,44,WAS,22,13,0,0,0,114.4,0,0,0,0,0,144,490,3.4,3,25,19,304,16,1,5,4,4,,,-55.9,135,JoneMa04
P1101,2015,155,Dorial Green-Beckham,WR,58,TEN,22,16,5,0,0,112.9,0,0,0,0,0,0,0,,0,67,32,549,17.16,4,0,0,4,1,,-78.1,162,GreeDo00
P1102,2015,156,Dwayne Harris,WR,59,NYG,28,15,6,0,0,112.8,0,0,0,0,0,2,12,6,0,57,36,396,11,4,3,0,6,,,-78.2,163,HarrDw00
P0783,2015,157,Stevie Johnson,WR,60,SDG,29,10,8,0,0,112.7,0,0,0,0,0,0,0,,0,65,45,497,11.04,3,1,0,3,,,-78.3,164,JohnSt00
P1103,2015,158,Antonio Andrews,RB,45,TEN,23,14,10,0,0,112.0,1,1,41,1,0,143,520,3.64,3,29,21,174,8.29,0,1,1,3,,,-58.3,138,AndrAn00
P1104,2015,159,Seth Roberts,WR,61,OAK,24,16,5,0,0,112.0,0,0,0,0,0,0,0,,0,55,32,480,15,5,0,0,5,1,,-79.0,165,RobeSe00
P1040,2015,160,Alfred Blue,RB,46,HOU,24,16,9,0,0,111.7,0,0,0,0,0,183,698,3.81,2,16,15,109,7.27,1,2,1,3,,,-58.6,139,BlueAl00
P0956,2015,161,Le'Veon Bell,RB,47,PIT,23,6,6,0,0,111.2,0,0,0,0,0,113,556,4.92,3,26,24,136,5.67,0,0,0,3,,,-59.1,140,BellLe00
P0751,2015,162,Brian Hartline,WR,62,CLE,29,12,4,0,0,110.3,0,0,0,0,0,0,0,,0,77,46,523,11.37,2,1,0,2,,,-80.7,167,HartBr00
P0902,2015,163,Colin Kaepernick,QB,31,SFO,28,9,8,0,0,110.2,144,244,1615,6,5,45,256,5.69,1,0,0,0,,0,5,1,1,,1,-177.2,243,KaepCo00
P0896,2015,164,Cecil Shorts,WR,63,HOU,28,11,4,0,0,109.9,1,1,21,1,0,10,47,4.7,0,75,42,484,11.52,2,2,1,2,,,-81.1,168,ShorCe00
P1105,2015,165,Melvin Gordon,RB,48,SDG,22,14,12,0,0,108.3,0,0,0,0,0,184,641,3.48,0,37,33,192,5.82,0,6,4,0,,,-62.0,146,GordMe00
P0998,2015,166,Ladarius Green,WR,64,SDG,25,13,11,0,0,107.9,0,0,0,0,0,0,0,,0,63,37,429,11.59,4,0,0,4,2,,-83.1,169,GreeLa00
P0780,2015,167,Zach Miller,TE,24,CHI,31,15,14,0,0,107.9,0,0,0,0,0,0,0,,0,46,34,439,12.91,5,0,0,5,,,-56.4,136,MillZa02
P0582,2015,168,Vincent Jackson,WR,65,TAM,32,10,9,0,0,107.3,0,0,0,0,0,0,0,,0,62,33,543,16.45,3,0,0,3,1,,-83.7,171,JackVi00
P0673,2015,169,Chris Johnson,RB,49,ARI,30,11,9,0,0,107.2,0,0,0,0,0,196,814,4.15,3,13,6,58,9.67,0,2,2,3,,,-63.1,147,JohnCh04
P0565,2015,170,Jerricho Cotchery,WR,66,CAR,33,14,3,0,0,107.1,0,0,0,0,0,1,16,16,0,54,39,485,12.44,3,0,0,3,,,-83.9,172,CotcJe00
P1039,2015,171,Davante Adams,WR,67,GNB,23,13,12,0,0,106.3,0,0,0,0,0,0,0,,0,94,50,483,9.66,1,0,0,1,1,,-84.7,174,AdamDa01
P1106,2015,172,Devin Funchess,WR,68,CAR,21,16,5,0,0,106.3,0,0,0,0,0,0,0,,0,63,31,473,15.26,5,1,1,5,,,-84.7,175,FuncDe00
P0905,2015,173,Joique Bell,RB,50,DET,29,13,5,0,0,105.7,0,0,0,0,0,90,311,3.46,4,27,22,286,13,0,1,0,4,,,-64.6,148,BellJo01
P0682,2015,174,DeSean Jackson,WR,69,WAS,29,9,9,0,0,104.8,0,0,0,0,0,0,0,,0,49,30,528,17.6,4,1,1,4,,,-86.2,179,JackDe00
P1107,2015,175,Will Tye,TE,25,NYG,24,13,7,0,0,104.4,0,0,0,0,0,0,0,,0,62,42,464,11.05,3,1,1,3,,,-59.9,143,TyexWi00
P1057,2015,176,Corey Brown,WR,70,CAR,24,14,11,0,0,103.5,0,0,0,0,0,6,38,6.33,0,54,31,447,14.42,4,0,0,4,,,-87.5,184,BrowPh00
P0609,2015,177,Malcom Floyd,WR,71,SDG,34,15,13,0,0,102.1,0,0,0,0,0,0,0,,0,68,30,561,18.7,3,1,1,3,,,-88.9,187,FloyMa00
P0703,2015,178,Jamaal Charles,RB,51,KAN,29,5,5,0,0,101.1,0,0,0,0,0,71,364,5.13,4,29,21,177,8.43,1,3,2,5,,,-69.2,152,CharJa00
P1108,2015,179,Dontrelle Inman,WR,72,SDG,26,14,7,0,0,99.6,0,0,0,0,0,0,0,,0,63,35,486,13.89,3,2,1,3,,,-91.4,190,InmaDo00
P0522,2015,180,Roddy White,WR,73,ATL,34,16,16,0,0,99.6,0,0,0,0,0,0,0,,0,70,43,506,11.77,1,0,0,1,,,-91.4,191,WhitRo00
P0734,2015,181,Mike Wallace,WR,74,MIN,29,16,12,0,0,98.9,0,0,0,0,0,1,6,6,0,72,39,473,12.13,2,0,0,2,,,-92.1,194,WallMi00
P1109,2015,182,Crockett Gillmore,TE,26,BAL,24,10,10,0,0,98.2,0,0,0,0,0,0,0,,0,47,33,412,12.48,4,0,0,4,,,-66.1,150,GillCr00
P1110,2015,183,Kyle Juszczyk,RB,52,BAL,24,16,11,0,0,97.4,0,0,0,0,0,2,3,1.5,0,56,41,321,7.83,4,0,0,4,,,-72.9,156,JuszKy00
P0894,2015,184,Alfred Morris,RB,53,WAS,27,16,16,0,0,96.6,0,0,0,0,0,202,751,3.72,1,13,10,55,5.5,0,0,0,1,,,-73.7,157,MorrAl00
P0906,2015,185,Kendall Wright,WR,75,TEN,26,10,9,0,0,96.5,0,0,0,0,0,5,17,3.4,0,60,36,408,11.33,3,0,0,3,,,-94.5,201,WrigKe01
P0922,2015,186,Nick Foles,QB,32,STL,26,11,11,0,0,96.1,190,337,2052,7,10,17,20,1.18,1,0,0,0,,0,5,2,1,,1,-191.3,244,FoleNi00
P1111,2015,187,Johnny Manziel,QB,33,CLE,23,9,6,0,0,95.0,129,223,1500,7,5,37,230,6.22,0,0,0,0,,0,6,3,0,,,-192.4,245,ManzJo00
P1112,2015,188,Albert Wilson,WR,76,KAN,23,14,12,0,0,94.7,0,0,0,0,0,5,26,5.2,0,57,35,451,12.89,2,0,0,2,,,-96.3,204,WilsAl02
P1037,2015,189,Chris Hogan,WR,77,BUF,28,16,4,0,0,93.6,1,1,4,0,0,1,4,4,0,59,36,450,12.5,2,0,0,2,,,-97.4,206,HogaCh00
P1113,2015,190,DeVante Parker,WR,78,MIA,22,14,4,0,0,93.4,0,0,0,0,0,0,0,,0,50,26,494,19,3,0,0,3,,,-97.6,207,ParkDe01
P1114,2015,191,Chris Thompson,RB,54,WAS,25,13,0,0,0,92.6,0,0,0,0,0,35,216,6.17,0,48,35,240,6.86,2,2,0,2,,,-77.7,161,ThomCh03
P0829,2015,192,Dexter McCluster,WR,79,TEN,26,11,2,0,0,91.7,0,0,0,0,0,55,247,4.49,1,41,31,260,8.39,1,2,2,2,1,,-99.3,210,McClDe00
P0958,2015,193,Jordan Cameron,TE,27,MIA,27,16,16,0,0,91.6,0,0,0,0,0,0,0,,0,70,35,386,11.03,3,1,0,3,,,-72.7,154,CameJo00
P0946,2015,194,Mohamed Sanu,WR,80,CIN,26,16,4,0,0,91.5,0,0,0,0,0,10,71,7.1,2,49,33,394,11.94,0,2,0,2,,,-99.5,212,SanuMo00
P0015,2015,195,Peyton Manning,QB,34,DEN,39,10,9,0,0,91.4,198,331,2249,9,17,6,-6,-1,0,0,0,0,,0,1,0,0,,,-196.0,246,MannPe00
P0278,2015,196,Matt Hasselbeck,QB,35,IND,40,8,8,0,0,91.1,156,256,1690,9,5,16,15,0.94,0,0,0,0,,0,3,2,0,,,-196.3,247,HassMa00
P0810,2015,197,Brandon LaFell,WR,81,NWE,29,11,7,0,0,89.4,0,0,0,0,0,2,9,4.5,0,74,37,515,13.92,0,0,0,0,,,-101.6,216,LaFeBr00
P0791,2015,198,Dez Bryant,WR,82,DAL,27,9,9,0,0,89.1,0,0,0,0,0,0,0,,0,72,31,401,12.94,3,0,0,3,,,-101.9,217,BryaDe01
P0973,2015,199,Kenny Stills,WR,83,MIA,23,16,8,0,0,89.0,0,0,0,0,0,0,0,,0,63,27,440,16.3,3,0,0,3,,,-102.0,218,StilKe00
P1115,2015,200,Brandon Coleman,WR,84,NOR,23,16,4,0,0,87.4,0,0,0,0,0,0,0,,0,49,30,454,15.13,2,0,0,2,,,-103.6,219,ColeBr00
P0821,2015,201,Jared Cook,TE,28,STL,28,16,12,0,0,87.1,0,0,0,0,0,0,0,,0,75,39,481,12.33,0,2,1,0,1,,-77.2,160,CookJa02
P0708,2015,202,Harry Douglas,WR,85,TEN,31,14,12,0,0,86.5,0,0,0,0,0,1,-6,-6,0,72,36,411,11.42,2,2,1,2,,,-104.5,220,DougHa00
P0683,2015,203,Tim Hightower,RB,55,NOR,29,8,3,0,0,86.4,0,0,0,0,0,96,375,3.91,4,13,12,129,10.75,0,0,0,4,,,-83.9,173,HighTi00
P1116,2015,204,Jonathan Grimes,RB,56,HOU,26,14,0,0,0,85.5,0,1,0,0,0,56,282,5.04,1,31,26,173,6.65,1,0,0,2,1,,-84.8,176,GrimJo01
P0714,2015,205,Brent Celek,TE,29,PHI,30,16,13,0,0,84.8,0,0,0,0,0,0,0,,0,35,27,398,14.74,3,1,0,3,,,-79.5,166,CeleBr00
P0646,2015,206,Lance Moore,WR,86,DET,32,14,8,0,0,84.7,0,0,0,0,0,0,0,,0,43,29,337,11.62,4,1,1,4,,,-106.3,222,MoorLa00
P1044,2015,207,Jerick McKinnon,RB,57,MIN,23,16,0,0,0,83.4,0,0,0,0,0,52,271,5.21,2,29,21,173,8.24,1,0,0,3,,,-86.9,181,McKiJe00
P0764,2015,208,Mike Tolbert,RB,58,CAR,30,16,3,1,1,83.0,0,0,0,0,0,62,256,4.13,1,23,18,154,8.56,3,0,0,4,,,-87.3,183,TolbMi00
P1117,2015,209,Spencer Ware,RB,59,KAN,24,11,2,0,0,82.8,0,0,0,0,0,72,403,5.6,6,6,6,5,0.83,0,0,0,6,,,-87.5,185,WareSp00
P0621,2015,210,Marshawn Lynch,RB,60,SEA,29,7,6,0,0,82.7,0,0,0,0,0,111,417,3.76,3,21,13,80,6.15,0,0,0,3,1,,-87.6,186,LyncMa00
P1059,2015,211,Carlos Hyde,RB,61,SFO,25,7,7,0,0,81.3,0,0,0,0,0,115,470,4.09,3,15,11,53,4.82,0,1,0,3,,,-89.0,188,HydeCa00
P0819,2015,212,C.J. Spiller,RB,62,NOR,28,13,2,0,0,81.1,0,0,0,0,0,36,112,3.11,0,44,34,239,7.03,2,1,0,2,,,-89.2,189,SpilC.00
P1118,2015,213,Vance McDonald,TE,30,SFO,25,14,11,0,0,80.6,0,0,0,0,0,0,0,,0,46,30,326,10.87,3,2,0,3,,,-83.7,170,McDoVa00
P1119,2015,214,Marquess Wilson,WR,87,CHI,23,11,6,0,0,80.4,0,0,0,0,0,0,0,,0,51,28,464,16.57,1,0,0,1,,,-110.6,223,WilsMa02
P0940,2015,215,Jarius Wright,WR,88,MIN,26,16,3,0,0,79.1,0,0,0,0,0,1,29,29,0,50,34,442,13,0,1,1,0,,,-111.9,224,WrigJa02
P1120,2015,216,Clive Walford,TE,31,OAK,24,16,2,0,0,78.9,0,0,0,0,0,0,0,,0,50,28,329,11.75,3,0,0,3,,,-85.4,177,WalfCl00
P1121,2015,217,Austin Seferian-Jenkins,TE,32,TAM,23,7,3,0,0,78.8,0,0,0,0,0,0,0,,0,39,21,338,16.1,4,0,0,4,,,-85.5,178,SefeAu00
P0811,2015,218,Marcel Reece,FB,1,OAK,30,15,7,0,0,78.5,0,0,0,0,0,10,36,3.6,0,37,30,269,8.97,3,0,0,3,,,-91.8,193,ReecMa00
P0931,2015,219,Shaun Draughn,RB,63,2TM,28,11,6,0,0,77.9,0,0,0,0,0,78,273,3.5,1,35,27,176,6.52,0,1,0,1,,,-92.4,195,DrauSh00
P0653,2015,220,Fred Jackson,RB,64,SEA,34,16,0,0,0,77.7,0,0,0,0,0,26,100,3.85,0,41,32,257,8.03,2,1,1,2,,,-92.6,197,JackFr02
P0603,2015,221,Vernon Davis,TE,33,2TM,31,15,9,0,0,77.5,0,0,0,0,0,0,0,,0,58,38,395,10.39,0,0,0,0,,,-86.8,180,DaviVe00
P0778,2015,222,Arian Foster,RB,65,HOU,29,4,4,0,0,77.0,0,0,0,0,0,63,163,2.59,1,28,22,227,10.32,2,2,1,3,,,-93.3,198,FostAr00
P0914,2015,223,Leonard Hankerson,WR,89,3TM,26,10,0,0,0,76.7,0,0,0,0,0,0,0,,0,46,26,327,12.58,3,0,0,3,,,-114.3,225,HankLe00
P1122,2015,224,Josh Huff,WR,90,PHI,24,15,4,0,0,76.2,0,0,0,0,0,0,0,,0,42,27,312,11.56,3,0,0,3,,,-114.8,226,HuffJo00
P1123,2015,225,Quinton Patton,WR,91,SFO,25,16,4,0,0,75.9,0,0,0,0,0,1,5,5,0,57,30,394,13.13,1,0,0,1,,,-115.1,227,PattQu00
P1124,2015,226,Bryan Walters,WR,92,JAX,28,11,1,0,0,74.8,0,1,0,0,0,0,0,,0,45,32,368,11.5,1,0,0,1,,,-116.2,228,WaltBr00
P0962,2015,227,Andre Ellington,RB,66,ARI,26,10,2,0,0,74.7,0,0,0,0,0,45,289,6.42,3,24,15,148,9.87,0,1,1,3,,,-95.6,202,ElliAn00
P1125,2015,228,Joseph Randle,RB,67,DAL,24,6,6,0,0,74.1,0,0,0,0,0,76,315,4.14,4,10,10,86,8.6,0,1,0,4,,,-96.2,203,RandJo01
P0858,2015,229,Scott Chandler,TE,34,NWE,30,15,4,0,0,72.9,0,0,0,0,0,0,0,,0,42,23,259,11.26,4,0,0,4,,,-91.4,192,ChanSc00
P1126,2015,230,Chris Polk,RB,68,HOU,26,15,2,0,0,72.3,0,0,0,0,0,99,334,3.37,1,28,16,109,6.81,1,0,0,2,,,-98.0,208,PolkCh00
P1127,2015,231,Ryan Mallett,QB,36,2TM,27,8,6,0,0,70.9,136,244,1336,5,6,5,15,3,1,0,0,0,,0,0,0,1,,1,-216.5,248,MallRy00
P1069,2015,232,Khiry Robinson,RB,69,NOR,26,8,0,0,0,70.5,0,0,0,0,0,56,180,3.21,4,20,17,115,6.76,0,0,0,4,,,-99.8,213,RobiKh00
P1128,2015,233,Darren Fells,TE,35,ARI,29,14,12,0,0,70.1,0,0,0,0,0,0,0,,0,28,21,311,14.81,3,0,0,3,,,-94.2,199,FellDa01
P1129,2015,234,Cameron Brate,TE,36,TAM,24,14,4,0,0,69.8,0,0,0,0,0,0,0,,0,30,23,288,12.52,3,0,0,3,,,-94.5,200,BratCa00
P0992,2015,235,Brandon Bolden,RB,70,NWE,25,15,2,0,0,69.7,0,0,0,0,0,63,207,3.29,0,30,19,180,9.47,2,0,0,2,,,-100.6,214,BoldBr00
P1033,2015,236,Denard Robinson,WR,93,JAX,25,13,3,0,0,68.0,0,0,0,0,0,67,266,3.97,1,30,21,164,7.81,0,3,1,1,,,-123.0,230,RobiDe00
P1130,2015,237,Jeremy Butler,WR,94,BAL,24,8,0,0,0,67.3,0,0,0,0,0,0,0,,0,44,31,363,11.71,0,1,0,0,,,-123.7,231,ButlJe01
P0692,2015,238,Anthony Fasano,TE,37,TEN,31,16,11,0,0,66.9,0,0,0,0,0,0,0,,0,42,26,289,11.12,2,0,0,2,,,-97.4,205,FasaAn00
P0674,2015,239,Matt Cassel,QB,37,2TM,33,9,8,0,0,66.8,119,204,1276,5,7,15,78,5.2,0,0,0,0,,0,4,0,0,,1,-220.6,249,CassMa00
P0675,2015,240,Eddie Royal,WR,95,CHI,29,9,9,0,0,66.7,0,0,0,0,0,1,-1,-1,0,50,37,238,6.43,1,0,0,1,,,-124.3,232,RoyaEd00
P0903,2015,241,Brandon Weeden,QB,38,2TM,32,6,4,0,0,66.4,97,140,1043,5,2,16,47,2.94,1,0,0,0,,0,2,1,1,,,-221.0,250,WeedBr00
P0983,2015,242,Mychal Rivera,TE,38,OAK,25,16,0,0,0,66.0,0,0,0,0,0,0,0,,0,46,32,280,8.75,1,2,0,1,,,-98.3,209,RiveMy00
P0942,2015,243,Riley Cooper,WR,96,PHI,28,16,13,0,0,65.7,0,0,0,0,0,0,0,,0,41,21,327,15.57,2,0,0,2,,,-125.3,233,CoopRi00
P1030,2015,244,Benny Cunningham,RB,71,STL,25,16,1,0,0,65.0,0,0,0,0,0,37,140,3.78,0,36,26,250,9.62,0,1,0,0,,,-105.3,221,CunnBe01
P1131,2015,245,Maxx Williams,TE,39,BAL,21,14,7,0,0,64.8,0,0,0,0,0,0,0,,0,48,32,268,8.38,1,1,0,1,,,-99.5,211,WillMa04
P0820,2015,246,Darrius Heyward-Bey,WR,97,PIT,28,16,4,0,0,64.4,0,0,0,0,0,0,0,,0,39,21,314,14.95,2,0,0,2,,,-126.6,235,HeywDa00
P1022,2015,247,Larry Donnell,TE,40,NYG,27,8,8,0,0,63.3,0,0,0,0,0,0,0,,0,41,29,223,7.69,2,0,0,2,,,-101.0,215,DonnLa00
P0907,2015,248,Chris Givens,WR,98,2TM,26,15,6,0,0,63.1,0,0,0,0,0,4,18,4.5,0,54,20,353,17.65,1,0,0,1,,,-127.9,236,GiveCh00
P1132,2015,249,Ryan Grant,WR,99,WAS,25,16,5,0,0,61.8,0,0,0,0,0,0,0,,0,42,23,268,11.65,2,0,0,2,,,-129.2,237,GranRy01
P1003,2015,250,Keshawn Martin,WR,100,NWE,25,9,8,0,0,61.5,0,0,0,0,0,1,6,6,0,37,24,269,11.21,2,1,1,2,,,-129.5,238,MartKe01
P1079,2016,1,David Johnson,RB,1,ARI,25,16,16,1,1,407.8,0,0,0,0,0,293,1239,4.23,16,120,80,879,10.99,4,5,3,20,1,,216.7,1,JohnDa08
P0671,2016,2,Aaron Rodgers,QB,1,GNB,33,16,16,1,0,380.0,401,610,4428,40,7,67,369,5.51,4,0,0,0,,0,8,4,4,1,1,109.9,5,RodgAa00
P0679,2016,3,Matt Ryan,QB,2,ATL,31,16,16,1,1,347.5,373,534,4944,38,7,35,117,3.34,0,0,0,0,,0,4,2,0,1,1,77.4,13,RyanMa00
P0340,2016,4,Drew Brees,QB,3,NOR,37,16,16,1,0,332.3,471,673,5208,37,15,23,20,0.87,2,0,0,0,,0,5,4,2,,,62.2,15,BreeDr00
P1133,2016,5,Ezekiel Elliott,RB,2,DAL,21,15,15,1,1,325.4,0,0,0,0,0,322,1631,5.07,15,39,32,363,11.34,1,5,1,16,,,134.3,2,ElliEz00
P0956,2016,6,Le'Veon Bell,RB,3,PIT,24,12,12,1,0,317.4,0,1,0,0,0,261,1268,4.86,7,94,75,616,8.21,2,4,1,9,1,,126.3,3,BellLe00
P0892,2016,7,Andrew Luck,QB,4,IND,27,15,15,0,0,307.7,346,545,4240,31,13,64,341,5.33,2,0,0,0,,0,6,5,2,,2,37.6,29,LuckAn00
P0840,2016,8,Antonio Brown,WR,1,PIT,28,15,15,1,1,307.3,0,0,0,0,0,3,9,3,0,154,106,1284,12.11,12,0,0,12,,,112.1,4,BrowAn04
P0706,2016,9,Jordy Nelson,WR,2,GNB,31,16,16,0,0,304.7,0,0,0,0,0,0,0,,0,152,97,1257,12.96,14,1,1,14,,,109.5,6,NelsJo00
P1008,2016,10,Mike Evans,WR,3,TAM,23,16,16,1,0,304.1,0,0,0,0,0,0,0,,0,173,96,1321,13.76,12,0,0,12,2,,108.9,7,EvanMi00
P1047,2016,11,Kirk Cousins,QB,5,WAS,28,16,16,1,0,300.3,406,606,4917,25,12,34,96,2.82,4,0,0,0,,0,9,3,4,,,30.2,34,CousKi00
P0732,2016,12,LeSean McCoy,RB,4,BUF,28,15,15,1,0,298.3,0,0,0,0,0,234,1267,5.41,13,57,50,356,7.12,1,3,0,14,1,,107.2,8,McCoLe01
P1007,2016,13,Odell Beckham Jr.,WR,4,NYG,24,16,16,1,0,296.6,0,0,0,0,0,1,9,9,0,169,101,1367,13.53,10,3,1,10,,,101.4,10,BeckOd00
P0847,2016,14,DeMarco Murray,RB,5,TEN,28,16,16,1,0,293.8,1,2,10,1,0,293,1287,4.39,9,67,53,377,7.11,3,3,1,12,,,102.7,9,MurrDe00
P1134,2016,15,Dak Prescott,QB,6,DAL,23,16,16,1,0,286.9,311,459,3667,23,4,57,282,4.95,6,0,0,0,,0,9,4,6,,,16.8,45,PresDa01
P1048,2016,16,Devonta Freeman,RB,6,ATL,24,16,16,1,0,284.1,0,0,0,0,0,227,1079,4.75,11,65,54,462,8.56,2,1,1,13,,,93.0,11,FreeDe00
P0745,2016,17,Matthew Stafford,QB,7,DET,28,16,16,0,0,279.8,388,594,4327,24,10,37,207,5.59,2,1,0,0,,0,3,2,2,,1,9.7,49,StafMa00
P0897,2016,18,T.Y. Hilton,WR,5,IND,27,16,16,1,0,273.8,0,0,0,0,0,0,0,,0,155,91,1448,15.91,6,0,0,6,1,,78.6,12,HiltT.00
P1019,2016,19,Blake Bortles,QB,8,JAX,24,16,16,0,0,271.1,368,625,3905,23,16,58,359,6.19,3,1,1,20,20,1,8,6,4,1,1,1.0,60,BortBl00
P1077,2016,20,Tyrod Taylor,QB,9,BUF,27,15,15,0,0,270.9,269,436,3023,17,6,95,580,6.11,6,0,0,0,,0,4,2,6,1,1,0.8,64,TaylTy00
P0891,2016,21,Russell Wilson,QB,10,SEA,28,16,16,0,0,270.1,353,546,4219,21,11,72,259,3.6,1,2,2,14,7,1,8,2,2,,1,0.0,69,WilsRu00
P1015,2016,22,Derek Carr,QB,11,OAK,25,15,15,1,0,268.5,357,560,3937,28,6,39,70,1.79,0,0,0,0,,0,5,3,0,,5,-1.6,71,CarrDe02
P0839,2016,23,Andy Dalton,QB,12,CIN,29,16,16,1,0,260.6,364,563,4206,18,8,46,184,4,4,0,0,0,,0,9,3,4,,,-9.5,78,DaltAn00
P0841,2016,24,Julio Jones,WR,6,ATL,27,14,14,1,1,259.9,0,0,0,0,0,0,0,,0,129,83,1409,16.98,6,0,0,6,,,64.7,14,JoneJu02
P1081,2016,25,Marcus Mariota,QB,13,TEN,23,15,15,0,0,259.9,276,451,3426,26,9,60,349,5.82,2,1,0,0,,0,10,5,2,,,-10.2,79,MariMa01
P0566,2016,26,Philip Rivers,QB,14,SDG,35,16,16,1,0,258.9,349,578,4386,33,21,14,35,2.5,0,0,0,0,,0,9,5,0,,,-11.2,81,RivePh00
P0260,2016,27,Tom Brady,QB,15,NWE,39,12,12,1,0,258.6,291,432,3554,28,2,28,64,2.29,0,0,0,0,,0,5,0,0,,1,-11.5,83,BradTo00
P1076,2016,28,Jameis Winston,QB,16,TAM,22,16,16,0,0,256.1,345,567,4090,28,18,53,165,3.11,1,0,0,0,,0,10,6,1,,3,-14.0,84,WinsJa00
P1135,2016,29,Michael Thomas,WR,7,NOR,23,15,12,0,0,255.7,0,0,0,0,0,0,0,,0,121,92,1137,12.36,9,2,2,9,,,60.5,16,ThomMi05
P0836,2016,30,Cam Newton,QB,17,CAR,27,15,14,0,0,254.3,270,510,3509,19,14,90,359,3.99,5,0,0,0,,0,3,2,5,1,1,-15.8,89,NewtCa00
P0845,2016,31,Doug Baldwin,WR,8,SEA,28,16,15,1,0,253.6,1,1,15,1,0,3,2,0.67,0,125,94,1128,12,7,1,0,7,,,58.4,18,BaldDo00
P0462,2016,32,Ben Roethlisberger,QB,18,PIT,34,14,14,1,0,252.2,328,509,3819,29,13,16,14,0.88,1,0,0,0,,0,8,2,1,,3,-17.9,92,RoetBe00
P1105,2016,33,Melvin Gordon,RB,7,SDG,23,13,11,1,0,250.6,0,0,0,0,0,254,997,3.93,10,57,41,419,10.22,2,2,2,12,,,59.5,17,GordMe00
P1039,2016,34,Davante Adams,WR,9,GNB,24,16,15,0,0,246.7,0,0,0,0,0,0,0,,0,121,75,997,13.29,12,2,1,12,1,,51.5,20,AdamDa01
P1026,2016,35,Brandin Cooks,WR,10,NOR,23,16,12,0,0,246.3,0,0,0,0,0,6,30,5,0,117,78,1173,15.04,8,1,0,8,,,51.1,21,CookBr00
P0458,2016,36,Larry Fitzgerald,WR,11,ARI,33,16,16,1,0,243.8,0,1,0,0,0,2,5,2.5,0,150,107,1023,9.56,6,2,1,6,,,48.6,23,FitzLa00
P0464,2016,37,Carson Palmer,QB,19,ARI,37,15,15,0,0,243.1,364,597,4233,26,14,14,38,2.71,0,0,0,0,,0,14,4,0,,1,-27.0,102,PalmCa00
P0681,2016,38,Joe Flacco,QB,20,BAL,31,16,16,0,0,242.5,436,672,4317,20,15,21,58,2.76,2,0,0,0,,0,5,3,2,,4,-27.6,103,FlacJo00
P0865,2016,39,Mark Ingram,RB,8,NOR,27,16,14,0,0,242.2,0,0,0,0,0,205,1043,5.09,6,58,46,319,6.93,4,2,2,10,2,,51.1,22,IngrMa01
P0746,2016,40,Michael Crabtree,WR,12,OAK,29,16,16,0,0,239.3,0,0,0,0,0,0,0,,0,145,89,1003,11.27,8,2,0,8,1,,44.1,24,CrabMi00
P0795,2016,41,LeGarrette Blount,RB,9,NWE,30,16,8,0,0,232.9,0,0,0,0,0,299,1161,3.88,18,8,7,38,5.43,0,2,1,18,,,41.8,25,BlouLe00
P1080,2016,42,Amari Cooper,WR,13,OAK,22,16,14,1,0,232.3,0,0,0,0,0,1,0,0,0,132,83,1153,13.89,5,2,0,5,2,,37.1,30,CoopAm00
P1017,2016,43,Jarvis Landry,WR,14,MIA,24,16,16,1,0,231.3,0,1,0,0,0,5,17,3.4,0,131,94,1136,12.09,4,2,2,4,1,,36.1,31,LandJa00
P0757,2016,44,Julian Edelman,WR,15,NWE,30,16,13,0,0,230.3,0,0,0,0,0,12,57,4.75,0,159,98,1106,11.29,3,3,2,3,1,,35.1,32,EdelJu00
P1136,2016,45,Jordan Howard,RB,10,CHI,22,15,13,1,0,230.1,0,0,0,0,0,252,1313,5.21,6,50,29,298,10.28,1,2,1,7,,,39.0,28,HowaJo00
P0830,2016,46,Demaryius Thomas,WR,16,DEN,29,16,16,1,0,226.3,0,0,0,0,0,0,0,,0,144,90,1083,12.03,5,2,2,5,,1,31.1,33,ThomDe03
P0571,2016,47,Alex Smith,QB,21,KAN,32,15,15,1,0,224.8,328,489,3502,15,8,48,134,2.79,5,1,1,3,3,0,7,4,5,,2,-45.3,119,SmitAl03
P0499,2016,48,Eli Manning,QB,22,NYG,35,16,16,0,0,224.2,377,598,4027,26,16,21,-9,-0.43,0,0,0,0,,0,7,4,0,,,-45.9,120,MannEl00
P0864,2016,49,Golden Tate,WR,17,DET,28,16,16,0,0,223.1,0,0,0,0,0,10,4,0.4,0,135,91,1077,11.84,4,2,1,4,1,,27.9,35,TateGo00
P1016,2016,50,Travis Kelce,TE,1,KAN,27,16,15,1,1,223.0,0,0,0,0,0,1,-5,-5,0,117,85,1125,13.24,4,0,0,4,1,,54.9,19,KelcTr00
P0786,2016,51,Sam Bradford,QB,23,MIN,29,15,15,0,0,221.9,395,552,3877,20,5,20,53,2.65,0,1,1,5,5,0,10,5,0,,,-48.2,125,BradSa00
P1137,2016,52,Tyreek Hill,WR,18,KAN,22,16,1,1,1,217.0,0,0,0,0,0,24,267,11.13,3,83,61,593,9.72,6,4,1,12,,,21.8,38,HillTy00
P1138,2016,53,Tyrell Williams,WR,19,SDG,24,16,12,0,0,216.9,0,0,0,0,0,0,0,,0,119,69,1059,15.35,7,0,0,7,,,21.7,39,WillTy00
P1139,2016,54,Jay Ajayi,RB,11,MIA,23,15,12,1,0,215.3,0,0,0,0,0,260,1272,4.89,8,35,27,151,5.59,0,4,1,8,,,24.2,36,AjayJa00
P0516,2016,55,Frank Gore,RB,12,IND,33,16,16,0,0,214.2,0,0,0,0,0,263,1025,3.9,4,47,38,277,7.29,4,2,1,8,,,23.1,37,GoreFr00
P1140,2016,56,Carson Wentz,QB,24,PHI,24,16,16,0,0,214.0,379,607,3782,16,14,46,150,3.26,2,1,1,7,7,0,14,3,2,1,1,-56.1,138,WentCa00
P0967,2016,57,Terrelle Pryor,WR,20,CLE,27,16,15,0,0,213.4,5,9,41,0,0,8,21,2.63,1,140,77,1007,13.08,4,1,0,5,1,,18.2,42,PryoTe00
P0818,2016,58,Emmanuel Sanders,WR,21,DEN,29,16,16,1,0,212.6,0,0,0,0,0,1,4,4,0,137,79,1032,13.06,5,1,0,5,,,17.4,43,SandEm00
P0985,2016,59,Rishard Matthews,WR,22,TEN,27,16,9,0,0,211.5,0,0,0,0,0,0,0,,0,108,65,945,14.54,9,1,1,9,,,16.3,46,MattRi00
P0880,2016,60,Kyle Rudolph,TE,2,MIN,27,16,16,0,0,209.0,0,0,0,0,0,0,0,,0,132,83,840,10.12,7,0,0,7,,,40.9,26,RudoKy00
P1052,2016,61,Latavius Murray,RB,13,OAK,26,14,12,0,0,208.2,0,0,0,0,0,195,788,4.04,12,43,33,264,8,0,2,1,12,,,17.1,44,MurrLa00
P0638,2016,62,Greg Olsen,TE,3,CAR,31,16,16,1,0,207.3,0,0,0,0,0,0,0,,0,129,80,1073,13.41,3,0,0,3,1,,39.2,27,OlseGr00
P1031,2016,63,Isaiah Crowell,RB,14,CLE,23,16,16,0,0,205.1,0,0,0,0,0,198,952,4.81,7,53,40,319,7.98,0,2,2,7,,,14.0,48,CrowIs00
P0734,2016,64,Mike Wallace,WR,23,BAL,30,16,16,0,0,202.8,0,0,0,0,0,5,31,6.2,0,116,72,1017,14.13,4,1,0,4,1,,7.6,50,WallMi00
P0736,2016,65,Pierre Garcon,WR,24,WAS,30,16,16,0,0,201.1,0,0,0,0,0,0,0,,0,114,79,1041,13.18,3,0,0,3,,,5.9,53,GarcPi00
P0902,2016,66,Colin Kaepernick,QB,25,SFO,29,12,11,0,0,200.4,196,331,2241,16,4,69,468,6.78,2,0,0,0,,0,9,3,2,1,,-69.7,152,KaepCo00
P1032,2016,67,Allen Robinson,WR,25,JAX,23,16,16,0,0,199.3,0,0,0,0,0,0,0,,0,151,73,883,12.1,6,1,0,6,1,,4.1,54,RobiAl02
P1082,2016,68,Todd Gurley,RB,15,LAR,22,16,16,0,0,198.2,0,0,0,0,0,278,885,3.18,6,58,43,327,7.6,0,2,1,6,,,7.1,51,GurlTo01
P1091,2016,69,Jamison Crowder,WR,26,WAS,23,16,9,0,0,197.5,0,0,0,0,0,2,-2,-1,0,99,67,847,12.64,7,2,1,8,,,2.3,57,CrowJa00
P0968,2016,70,DeAndre Hopkins,WR,27,HOU,24,16,16,0,0,197.4,0,0,0,0,0,0,0,,0,151,78,954,12.23,4,0,0,4,,,2.2,58,HopkDe00
P1009,2016,71,Kelvin Benjamin,WR,28,CAR,25,16,13,0,0,197.1,0,0,0,0,0,0,0,,0,118,63,941,14.94,7,1,1,7,,,1.9,59,BenjKe00
P0919,2016,72,Bilal Powell,RB,16,NYJ,28,16,4,0,0,197.0,0,0,0,0,0,131,722,5.51,3,74,58,388,6.69,2,1,1,5,,,5.9,52,PoweBi00
P0744,2016,73,Kenny Britt,WR,29,LAR,28,15,15,0,0,196.2,0,0,0,0,0,0,0,,0,111,68,1002,14.74,5,2,1,5,,,1.0,62,BritKe00
P1141,2016,74,Adam Thielen,WR,30,MIN,26,16,10,0,0,195.2,0,0,0,0,0,2,15,7.5,0,92,69,967,14.01,5,2,1,5,,,0.0,66,ThieAd00
P1117,2016,75,Spencer Ware,RB,17,KAN,25,14,14,0,0,193.8,0,0,0,0,0,214,921,4.3,3,42,33,447,13.55,2,4,3,5,,,2.7,56,WareSp00
P1088,2016,76,Stefon Diggs,WR,31,MIN,23,13,11,0,0,193.3,0,0,0,0,0,3,10,3.33,0,112,84,903,10.75,3,0,0,3,,,-1.9,72,DiggSt00
P1059,2016,77,Carlos Hyde,RB,18,SFO,26,13,13,0,0,192.1,0,0,0,0,0,217,988,4.55,6,33,27,163,6.04,3,5,3,9,1,,1.0,61,HydeCa00
P1142,2016,78,Trevor Siemian,QB,26,DEN,25,14,14,0,0,191.7,289,486,3401,18,10,28,57,2.04,0,0,0,0,,0,4,2,0,1,,-78.4,163,SiemTr00
P1083,2016,79,Willie Snead,WR,32,NOR,24,15,4,0,0,191.5,1,1,50,1,0,0,0,,0,104,72,895,12.43,4,2,0,4,,,-3.7,73,SneaWi00
P0974,2016,80,Lamar Miller,RB,19,HOU,25,14,14,0,0,191.1,0,0,0,0,0,268,1073,4,5,39,31,188,6.06,1,2,1,6,,,0.0,67,MillLa01
P1143,2016,81,Tevin Coleman,RB,20,ATL,23,13,0,0,0,191.1,0,0,0,0,0,118,520,4.41,8,40,31,421,13.58,3,1,0,11,,,0.0,70,ColeTe01
P0901,2016,82,Ryan Tannehill,QB,27,MIA,28,13,13,0,0,190.2,261,389,2995,19,12,39,164,4.21,1,0,0,0,,0,9,3,1,,1,-79.9,166,TannRy00
P0809,2016,83,Jimmy Graham,TE,4,SEA,30,16,15,1,0,189.3,0,0,0,0,0,1,0,0,0,95,65,923,14.2,6,2,2,6,,,21.2,40,GrahJi00
P0988,2016,84,Cole Beasley,WR,33,DAL,27,16,6,0,0,189.0,0,1,0,0,0,1,7,7,0,98,75,833,11.11,5,0,0,5,,,-6.2,74,BeasCo00
P0825,2016,85,Delanie Walker,TE,5,TEN,32,15,9,1,0,188.1,0,0,0,0,0,2,11,5.5,0,102,65,800,12.31,7,1,0,7,,,20.0,41,WalkHu00
P0838,2016,86,A.J. Green,WR,34,CIN,28,10,10,1,0,186.4,0,0,0,0,0,0,0,,0,100,66,964,14.61,4,0,0,4,,,-8.8,76,GreeA.00
P0810,2016,87,Brandon LaFell,WR,35,CIN,30,16,14,0,0,186.0,0,0,0,0,0,1,-2,-2,0,107,64,862,13.47,6,0,0,6,,,-9.2,77,LaFeBr00
P1144,2016,88,Sterling Shepard,WR,36,NYG,23,16,16,0,0,184.4,0,0,0,0,0,3,31,10.33,0,105,65,683,10.51,8,0,0,8,,,-10.8,80,ShepSt00
P0342,2016,89,Steve Smith Sr.,WR,37,BAL,37,14,14,0,0,183.9,0,0,0,0,0,0,0,,0,101,70,799,11.41,5,0,0,5,2,,-11.3,82,SmitSt01
P0670,2016,90,Matt Forte,RB,21,NYJ,31,14,13,0,0,183.6,0,0,0,0,0,218,813,3.73,7,43,30,263,8.77,1,1,1,8,,,-7.5,75,FortMa00
P0981,2016,91,Zach Ertz,TE,6,PHI,26,14,12,0,0,183.6,0,0,0,0,0,0,0,,0,106,78,816,10.46,4,0,0,4,,,15.5,47,ErtzZa00
P0682,2016,92,DeSean Jackson,WR,38,WAS,30,15,15,0,0,180.5,0,0,0,0,0,0,0,,0,100,56,1005,17.95,4,0,0,4,,,-14.7,85,JackDe00
P0791,2016,93,Dez Bryant,WR,39,DAL,28,13,13,1,0,180.0,1,1,10,1,0,0,0,,0,96,50,796,15.92,8,1,1,8,,,-15.2,87,BryaDe01
P1145,2016,94,Cameron Meredith,WR,40,CHI,24,14,10,0,0,179.5,1,1,2,1,0,1,6,6,0,97,66,888,13.45,4,3,2,4,,,-15.7,88,MereCa00
P1051,2016,95,Marqise Lee,WR,41,JAX,25,16,6,0,0,178.4,1,1,20,1,0,6,35,5.83,0,105,63,851,13.51,3,1,1,4,,,-16.8,91,LeexMa00
P1011,2016,96,Jeremy Hill,RB,22,CIN,24,15,13,0,0,176.3,0,0,0,0,0,222,839,3.78,9,27,21,174,8.29,0,0,0,9,,,-14.8,86,HillJe01
P0403,2016,97,Anquan Boldin,WR,42,DET,36,16,16,0,0,173.4,0,0,0,0,0,0,0,,0,95,67,584,8.72,8,0,0,8,,,-21.8,95,BoldAn00
P0960,2016,98,Marvin Jones,WR,43,DET,26,15,15,0,0,172.3,0,0,0,0,0,1,3,3,0,103,55,930,16.91,4,0,0,4,,,-22.9,97,JoneMa02
P1012,2016,99,Jordan Matthews,WR,44,PHI,24,14,13,0,0,171.4,0,0,0,0,0,0,0,,0,117,73,804,11.01,3,1,0,3,,,-23.8,98,MattJo00
P1129,2016,100,Cameron Brate,TE,7,TAM,25,15,10,0,0,171.0,0,0,0,0,0,0,0,,0,81,57,660,11.58,8,1,0,8,,,2.9,55,BratCa00
P1034,2016,101,Terrance West,RB,23,BAL,25,16,13,0,0,171.0,0,0,0,0,0,193,774,4.01,5,45,34,236,6.94,1,2,0,6,,,-20.1,93,WestTe00
P1099,2016,102,Brock Osweiler,QB,28,HOU,26,15,14,0,0,169.0,301,510,2957,15,16,30,131,4.37,2,1,1,-14,-14,0,5,1,2,,,-101.1,200,OsweBr00
P0862,2016,103,Dennis Pitta,TE,8,BAL,31,16,12,0,0,168.9,0,0,0,0,0,0,0,,0,121,86,729,8.48,2,1,1,2,,,0.8,63,PittDe00
P1146,2016,104,Quincy Enunwa,WR,45,NYJ,24,16,13,0,0,168.9,0,0,0,0,0,1,12,12,0,105,58,857,14.78,4,0,0,4,,,-26.3,100,EnunQu00
P0976,2016,105,Jordan Reed,TE,9,WAS,26,12,8,1,0,168.6,0,0,0,0,0,0,0,,0,89,66,686,10.39,6,1,1,6,,,0.5,65,ReedJo02
P0973,2016,106,Kenny Stills,WR,46,MIA,24,16,16,0,0,168.6,0,0,0,0,0,0,0,,0,81,42,726,17.29,9,0,0,9,,,-26.6,101,StilKe00
P0711,2016,107,Martellus Bennett,TE,10,NWE,29,16,12,0,0,168.1,0,0,0,0,0,2,10,5,0,73,55,701,12.75,7,0,0,7,,,0.0,68,BennMa00
P1108,2016,108,Dontrelle Inman,WR,47,SDG,27,16,16,0,0,163.0,0,0,0,0,0,0,0,,0,97,58,810,13.97,4,0,0,4,,,-32.2,109,InmaDo00
P0669,2016,109,Darren Sproles,RB,24,PHI,33,15,5,1,0,162.5,0,0,0,0,0,94,438,4.66,2,71,52,427,8.21,2,1,0,4,,,-28.6,104,SproDa00
P1043,2016,110,Theo Riddick,RB,25,DET,25,10,8,0,0,161.8,0,0,0,0,0,92,357,3.88,1,67,53,371,7,5,0,0,6,,,-29.3,105,RiddTh00
P1096,2016,111,James White,RB,26,NWE,24,16,4,0,0,161.7,0,0,0,0,0,39,166,4.26,0,86,60,551,9.18,5,0,0,5,,,-29.4,106,WhitJa02
P0640,2016,112,Ted Ginn Jr.,WR,48,CAR,31,16,8,0,0,159.0,0,0,0,0,0,14,98,7,0,95,54,752,13.93,4,3,2,4,,,-36.2,111,GinnTe00
P0600,2016,113,Brandon Marshall,WR,49,NYJ,32,15,15,0,0,155.8,0,0,0,0,0,0,0,,0,128,59,788,13.36,3,0,0,3,,,-39.4,114,MarsBr00
P1113,2016,114,DeVante Parker,WR,50,MIA,23,15,8,0,0,154.4,0,0,0,0,0,0,0,,0,87,56,744,13.29,4,0,0,4,,,-40.8,115,ParkDe01
P0425,2016,115,Jason Witten,TE,11,DAL,34,16,16,0,0,152.3,0,0,0,0,0,0,0,,0,95,69,673,9.75,3,1,1,3,,,-15.8,90,WittJa00
P0946,2016,116,Mohamed Sanu,WR,51,ATL,27,15,15,0,0,148.8,0,0,0,0,0,1,5,5,0,81,59,653,11.07,4,1,1,4,1,,-46.4,121,SanuMo00
P1044,2016,117,Jerick McKinnon,RB,27,MIN,24,15,7,0,0,148.4,0,1,0,0,0,159,539,3.39,2,53,43,255,5.93,2,0,0,4,1,,-42.7,116,McKiJe00
P0873,2016,118,Randall Cobb,WR,52,GNB,26,13,10,0,0,148.3,0,0,0,0,0,10,33,3.3,0,84,60,610,10.17,4,1,0,4,,,-46.9,124,CobbRa00
P0427,2016,119,Antonio Gates,TE,12,SDG,36,14,9,0,0,147.8,0,0,0,0,0,0,0,,0,93,53,548,10.34,7,1,1,7,,,-20.3,94,GateAn00
P1114,2016,120,Chris Thompson,RB,28,WAS,26,16,0,0,0,147.5,0,0,0,0,0,68,356,5.24,3,62,49,349,7.12,2,2,1,5,,,-43.6,117,ThomCh03
P0972,2016,121,Tavon Austin,WR,53,LAR,26,15,15,0,0,146.8,0,0,0,0,0,28,159,5.68,1,106,58,509,8.78,3,5,1,4,,,-48.4,127,AustTa00
P0881,2016,122,Jeremy Kerley,WR,54,SFO,28,16,13,0,0,146.7,0,0,0,0,0,0,0,,0,115,64,667,10.42,3,4,1,3,,,-48.5,128,KerlJe00
P0684,2016,123,Jonathan Stewart,RB,29,CAR,29,13,13,0,0,146.4,0,0,0,0,0,218,824,3.78,9,21,8,60,7.5,0,3,2,9,,,-44.7,118,StewJo00
P0928,2016,124,Alshon Jeffery,WR,55,CHI,26,12,12,0,0,146.1,0,0,0,0,0,0,0,,0,94,52,821,15.79,2,0,0,2,,,-49.1,130,JeffAl00
P1147,2016,125,Jack Doyle,TE,13,IND,26,16,14,0,0,145.4,0,0,0,0,0,0,0,,0,75,59,584,9.9,5,1,1,5,,,-22.7,96,DoylJa00
P0793,2016,126,Ryan Mathews,RB,30,PHI,29,13,8,0,0,144.6,0,0,0,0,0,155,661,4.26,8,14,13,115,8.85,1,3,2,9,2,,-46.5,122,MathRy00
P1085,2016,127,Duke Johnson,RB,31,CLE,23,16,1,0,0,144.2,0,1,0,0,0,73,358,4.9,1,74,53,514,9.7,0,2,1,1,,,-46.9,123,JohnDu00
P1093,2016,128,Eric Ebron,TE,14,DET,23,13,13,0,0,144.2,0,0,0,0,0,1,1,1,1,85,61,711,11.66,1,0,0,2,,,-23.9,99,EbroEr00
P1148,2016,129,Devontae Booker,RB,32,DEN,24,16,6,0,0,142.7,0,0,0,0,0,174,612,3.52,4,45,31,265,8.55,1,4,3,5,,,-48.4,126,BookDe00
P1149,2016,130,Ty Montgomery,RB,33,GNB,23,15,6,0,0,140.5,0,0,0,0,0,77,457,5.94,3,56,44,348,7.91,0,2,1,3,,,-50.6,131,MontTy01
P1036,2016,131,Taylor Gabriel,WR,56,ATL,25,13,3,0,0,140.0,0,0,0,0,0,4,51,12.75,1,50,35,579,16.54,6,0,0,7,,,-55.2,137,GabrTa00
P1150,2016,132,JJ Nelson,WR,57,ARI,24,15,6,0,0,139.1,0,0,0,0,0,4,83,20.75,1,74,34,568,16.71,6,1,1,7,,,-56.1,139,NelsJJ00
P0781,2016,133,Rashad Jennings,RB,34,NYG,31,13,12,0,0,138.4,0,0,0,0,0,181,593,3.28,3,42,35,201,5.74,1,1,0,4,,,-52.7,132,JennRa00
P1087,2016,134,T.J. Yeldon,RB,35,JAX,23,15,13,0,0,137.7,0,0,0,0,0,130,465,3.58,1,68,50,312,6.24,1,2,1,2,,,-53.4,133,YeldT.00
P0939,2016,135,Coby Fleener,TE,15,NOR,28,16,8,0,0,137.3,0,0,0,0,0,1,2,2,1,81,50,631,12.62,3,2,0,4,,,-30.8,107,FleeCo00
P1151,2016,136,Christine Michael,RB,36,2TM,26,15,7,0,0,137.0,0,0,0,0,0,148,583,3.94,7,29,22,107,4.86,1,2,1,8,,,-54.1,135,MichCh00
P0888,2016,137,Charles Clay,TE,16,BUF,27,15,15,0,0,136.2,0,0,0,0,0,0,0,,0,87,57,552,9.68,4,0,0,4,,,-31.9,108,ClayCh00
P1152,2016,138,C.J. Fiedorowicz,TE,17,HOU,25,15,15,0,0,133.9,0,0,0,0,0,0,0,,0,89,54,559,10.35,4,1,0,4,,,-34.2,110,FiedC.00
P0559,2016,139,Ryan Fitzpatrick,QB,29,NYJ,34,14,11,0,0,133.4,228,403,2710,12,17,33,130,3.94,0,0,0,0,,0,9,1,0,,,-136.7,240,FitzRy00
P1153,2016,140,Adam Humphries,WR,58,TAM,23,15,4,0,0,133.0,0,0,0,0,0,5,18,3.6,0,83,55,622,11.31,2,3,0,2,1,,-62.2,143,HumpAd00
P1154,2016,141,Robert Kelley,RB,37,WAS,24,15,9,0,0,132.6,0,0,0,0,0,168,704,4.19,6,18,12,82,6.83,1,0,0,7,,,-58.5,141,KellRo00
P1014,2016,142,Matt Asiata,RB,38,MIN,29,16,6,0,0,132.5,0,0,0,0,0,121,402,3.32,6,38,32,263,8.22,0,1,1,6,,,-58.6,142,AsiaMa00
P0935,2016,143,Travis Benjamin,WR,59,SDG,27,14,8,0,0,132.4,0,1,0,0,0,2,-3,-1.5,0,75,47,677,14.4,4,5,3,4,,,-62.8,144,BenjTr00
P1078,2016,144,Gary Barnidge,TE,18,CLE,31,16,16,0,0,130.2,0,0,0,0,0,0,0,,0,82,55,612,11.13,2,0,0,2,1,,-37.9,112,BarnGa01
P1155,2016,145,Hunter Henry,TE,19,SDG,22,15,10,0,0,129.8,0,0,0,0,0,0,0,,0,53,36,478,13.28,8,1,1,8,,,-38.3,113,HenrHu00
P1037,2016,146,Chris Hogan,WR,60,NWE,29,15,14,0,0,128.9,0,0,0,0,0,3,9,3,0,58,38,680,17.89,4,1,1,4,,,-66.3,148,HogaCh00
P1156,2016,147,Will Fuller,WR,61,HOU,22,14,13,0,0,128.2,0,0,0,0,0,1,-3,-3,0,92,47,635,13.51,2,2,0,3,,,-67.0,149,FullWi01
P0683,2016,148,Tim Hightower,RB,39,NOR,30,16,1,0,0,126.8,0,0,0,0,0,133,548,4.12,4,26,22,200,9.09,1,0,0,5,,,-64.3,146,HighTi00
P1157,2016,149,Eli Rogers,WR,62,PIT,24,13,8,0,0,126.0,0,0,0,0,0,1,6,6,0,66,48,594,12.38,3,2,0,3,,,-69.2,151,RogeEl00
P1158,2016,150,Mike Gillislee,RB,40,BUF,26,15,1,0,0,125.7,0,0,0,0,0,101,577,5.71,8,11,9,50,5.56,1,1,0,9,,,-65.4,147,GillMi00
P0965,2016,151,Terrance Williams,WR,63,DAL,27,16,15,0,0,125.4,0,0,0,0,0,0,0,,0,61,44,594,13.5,4,1,1,4,,,-69.8,154,WillTe01
P1159,2016,152,Tyler Boyd,WR,64,CIN,22,16,2,0,0,124.1,0,0,0,0,0,4,58,14.5,0,81,54,603,11.17,1,1,1,1,,,-71.1,156,BoydTy00
P1084,2016,153,Tyler Lockett,WR,65,SEA,24,15,9,0,0,124.1,0,0,0,0,0,6,114,19,1,66,41,597,14.56,1,0,0,2,,,-71.1,157,LockTy00
P0954,2016,154,Giovani Bernard,RB,41,CIN,25,10,2,0,0,122.3,0,0,0,0,0,91,337,3.7,2,51,39,336,8.62,1,1,1,3,,,-68.8,150,BernGi00
P0963,2016,155,Cordarrelle Patterson,WR,66,MIN,25,16,8,1,1,119.6,0,0,0,0,0,7,43,6.14,0,70,52,453,8.71,2,2,0,3,,,-75.6,159,PattCo00
P0780,2016,156,Zach Miller,TE,20,CHI,32,10,8,0,0,119.6,0,0,0,0,0,0,0,,0,64,47,486,10.34,4,0,0,4,,,-48.5,129,MillZa02
P0975,2016,157,Robert Woods,WR,67,BUF,24,13,10,0,0,118.9,0,0,0,0,0,1,6,6,0,76,51,613,12.02,1,0,0,1,,,-76.3,161,WoodRo02
P0913,2016,158,Michael Floyd,WR,68,2TM,27,15,8,0,0,115.8,0,0,0,0,0,0,0,,0,76,37,488,13.19,5,0,0,5,,,-79.4,164,FloyMi00
P1160,2016,159,Jalen Richard,RB,42,OAK,23,16,0,0,0,115.5,0,0,0,0,0,83,491,5.92,1,39,29,194,6.69,2,0,0,3,,,-75.6,160,RichJa01
P1054,2016,160,Brian Quick,WR,69,LAR,27,16,8,0,0,115.4,0,0,0,0,0,0,0,,0,77,41,564,13.76,3,0,0,3,,,-79.8,165,QuicBr00
P1161,2016,161,Robbie Chosen,WR,70,NYJ,23,16,8,0,0,114.9,0,0,0,0,0,3,42,14,0,78,42,587,13.98,2,1,1,2,,,-80.3,168,AndeRo04
P0603,2016,162,Vernon Davis,TE,21,WAS,32,16,14,0,0,114.3,0,0,0,0,0,0,0,,0,59,44,583,13.25,2,0,0,2,,,-53.8,134,DaviVe00
P0911,2016,163,Dwayne Allen,TE,22,IND,26,14,14,0,0,113.6,0,0,0,0,0,0,0,,0,52,35,406,11.6,6,1,0,6,1,,-54.5,136,AlleDw00
P1104,2016,164,Seth Roberts,WR,71,OAK,25,16,6,0,0,111.7,0,0,0,0,0,0,0,,0,77,38,397,10.45,5,0,0,5,2,,-83.5,172,RobeSe00
P0982,2016,165,Case Keenum,QB,30,LAR,28,10,9,0,0,111.1,196,322,2201,9,11,20,51,2.55,1,0,0,0,,0,5,1,1,,,-159.0,245,KeenCa00
P0887,2016,166,Lance Kendricks,TE,23,LAR,28,16,16,0,0,109.9,0,0,0,0,0,0,0,,0,87,50,499,9.98,2,1,1,2,,,-58.2,140,KendLa00
P0733,2016,167,Jeremy Maclin,WR,72,KAN,28,12,12,0,0,109.5,0,1,0,0,0,1,-1,-1,0,76,44,536,12.18,2,0,0,2,,,-85.7,174,MaclJe00
P0931,2016,168,Shaun Draughn,RB,43,SFO,29,16,1,0,0,108.9,0,0,0,0,0,74,196,2.65,4,39,29,263,9.07,2,1,1,6,,,-82.2,170,DrauSh00
P0932,2016,169,Robert Turbin,RB,44,IND,27,15,0,0,0,108.3,0,0,0,0,0,47,164,3.49,7,35,26,179,6.88,1,0,0,8,,,-82.8,171,TurbRo00
P1162,2016,170,Derrick Henry,RB,45,TEN,22,15,2,0,0,105.7,0,0,0,0,0,110,490,4.45,5,15,13,137,10.54,0,0,0,5,,,-85.4,173,HenrDe00
P1163,2016,171,Tajae Sharpe,WR,73,TEN,22,16,10,0,0,105.3,0,0,0,0,0,1,1,1,0,83,41,522,12.73,2,0,0,2,,,-89.9,179,SharTa00
P1164,2016,172,Ryan Griffin,TE,24,HOU,26,16,5,0,0,104.2,0,0,0,0,0,0,0,,0,74,50,442,8.84,2,1,1,2,,,-63.9,145,GrifRy00
P1023,2016,173,John Brown,WR,74,ARI,26,15,6,0,0,103.7,0,0,0,0,0,1,10,10,0,73,39,517,13.26,2,1,0,2,,,-91.5,181,BrowJo02
P1042,2016,174,Donte Moncrief,WR,75,IND,23,9,7,0,0,102.6,0,0,0,0,0,1,-1,-1,0,56,30,307,10.23,7,0,0,7,,,-92.6,184,MoncDo00
P1010,2016,175,C.J. Anderson,RB,46,DEN,25,7,7,0,0,102.5,0,0,0,0,0,110,437,3.97,4,24,16,128,8,1,0,0,5,,,-88.6,177,AndeC.00
P1165,2016,176,Kenneth Dixon,RB,47,BAL,22,12,0,0,0,102.4,0,0,0,0,0,88,382,4.34,2,41,30,162,5.4,1,1,0,3,,,-88.7,178,DixoKe00
P0837,2016,177,Victor Cruz,WR,76,NYG,30,15,12,0,0,101.6,0,0,0,0,0,0,0,,0,72,39,586,15.03,1,1,1,1,,,-93.6,185,CruzVi00
P1166,2016,178,Breshad Perriman,WR,77,BAL,23,16,1,0,0,101.1,0,0,0,0,0,1,2,2,0,66,33,499,15.12,3,0,0,3,,,-94.1,186,PerrBr02
P1021,2016,179,Allen Hurns,WR,78,JAX,25,11,11,0,0,100.7,0,0,0,0,0,0,0,,0,76,35,477,13.63,3,1,0,3,,,-94.5,187,HurnAl01
P0577,2016,180,DeAngelo Williams,RB,48,PIT,33,9,4,0,0,100.1,0,0,0,0,0,98,343,3.5,4,27,18,118,6.56,2,0,0,6,,,-91.0,180,WillDe02
P1167,2016,181,Phillip Dorsett,WR,79,IND,23,15,7,0,0,98.8,0,0,0,0,0,2,10,5,0,59,33,528,16,2,1,0,2,,,-96.4,189,DorsPh00
P0987,2016,182,Tyler Eifert,TE,25,CIN,26,8,2,0,0,98.4,0,0,0,0,0,0,0,,0,47,29,394,13.59,5,0,0,5,,,-69.7,153,EifeTy00
P0993,2016,183,Jermaine Kearse,WR,80,SEA,26,16,15,0,0,98.0,0,0,0,0,0,0,0,,0,89,41,510,12.44,1,0,0,1,,,-97.2,193,KearJe01
P1168,2016,184,Chris Conley,WR,81,KAN,24,16,11,0,0,97.0,0,0,0,0,0,0,0,,0,69,44,530,12.05,0,1,0,0,,,-98.2,196,ConlCh00
P0788,2016,185,Rob Gronkowski,TE,26,NWE,27,8,6,0,0,97.0,0,0,0,0,0,0,0,,0,38,25,540,21.6,3,0,0,3,,,-71.1,155,GronRo00
P1169,2016,186,Malcolm Mitchell,WR,82,NWE,24,14,6,0,0,96.1,0,0,0,0,0,0,0,,0,48,32,401,12.53,4,0,0,4,,,-99.1,198,MitcMa01
P0806,2016,187,Chris Ivory,RB,49,JAX,28,11,1,0,0,94.5,0,0,0,0,0,117,439,3.75,3,28,20,186,9.3,0,5,3,3,,,-96.6,190,IvorCh00
P1092,2016,188,Charcandrick West,RB,50,KAN,25,15,2,0,0,94.1,0,0,0,0,0,88,293,3.33,1,34,28,188,6.71,2,0,0,3,,,-97.0,191,WestCh01
P1061,2016,189,Travaris Cadet,RB,51,NOR,27,15,1,0,0,94.0,0,0,0,0,0,4,19,4.75,0,54,40,281,7.03,4,0,0,4,,,-97.1,192,CadeTr00
P1107,2016,190,Will Tye,TE,27,NYG,25,16,10,0,0,93.5,0,0,0,0,0,0,0,,0,70,48,395,8.23,1,0,0,1,,,-74.6,158,TyexWi00
P1170,2016,191,Damien Williams,RB,52,MIA,24,15,0,0,0,93.4,0,0,0,0,0,35,115,3.29,3,32,23,249,10.83,3,1,1,6,,,-97.7,194,WillDa05
P1171,2016,192,Corey Coleman,WR,83,CLE,22,10,10,0,0,93.3,0,0,0,0,0,2,10,5,0,73,33,413,12.52,3,0,0,3,,,-101.9,201,ColeCo00
P1172,2016,193,Zach Zenner,RB,53,DET,25,14,4,0,0,93.0,0,0,0,0,0,88,334,3.8,4,23,18,196,10.89,0,1,1,4,,,-98.1,195,ZennZa00
P0877,2016,194,Jacquizz Rodgers,RB,54,TAM,26,10,5,0,0,90.8,0,0,0,0,0,129,560,4.34,2,16,13,98,7.54,0,0,0,2,,,-100.3,199,RodgJa00
P1173,2016,195,Jesse James,TE,28,PIT,22,16,13,0,0,90.8,0,0,0,0,0,0,0,,0,60,39,338,8.67,3,0,0,3,,,-77.3,162,JameJe00
P0906,2016,196,Kendall Wright,WR,84,TEN,27,11,4,0,0,90.1,0,0,0,0,0,1,15,15,0,42,29,416,14.34,3,0,0,3,,,-105.1,203,WrigKe01
P1005,2016,197,Marquise Goodwin,WR,85,BUF,26,15,9,0,0,90.1,0,0,0,0,0,0,0,,0,68,29,431,14.86,3,0,0,3,,,-105.1,204,GoodMa00
P0800,2016,198,Jermaine Gresham,TE,29,ARI,28,16,14,0,0,88.1,0,0,0,0,0,0,0,,0,61,37,391,10.57,2,1,0,2,,,-80.0,167,GresJe00
P0675,2016,199,Eddie Royal,WR,86,CHI,30,9,1,0,0,87.9,0,0,0,0,0,0,0,,0,43,33,369,11.18,2,2,0,3,,,-107.3,208,RoyaEd00
P1174,2016,200,Nelson Agholor,WR,87,PHI,23,15,14,0,0,87.9,0,0,0,0,0,5,14,2.8,0,69,36,365,10.14,2,1,0,2,1,,-107.3,209,AghoNe00
P1101,2016,201,Dorial Green-Beckham,WR,88,PHI,23,15,7,0,0,87.2,0,0,0,0,0,0,0,,0,74,36,392,10.89,2,0,0,2,,,-108.0,210,GreeDo00
P1118,2016,202,Vance McDonald,WR,89,SFO,26,11,11,0,0,87.1,0,0,0,0,0,0,0,,0,45,24,391,16.29,4,0,0,4,,,-108.1,211,McDoVa00
P1120,2016,203,Clive Walford,TE,30,OAK,25,15,8,0,0,86.9,0,0,0,0,0,0,0,,0,52,33,359,10.88,3,0,0,3,,,-81.2,169,WalfCl00
P1106,2016,204,Devin Funchess,WR,90,CAR,22,15,7,0,0,86.1,0,0,0,0,0,0,0,,0,58,23,371,16.13,4,0,0,4,1,,-109.1,212,FuncDe00
P0890,2016,205,Doug Martin,RB,55,TAM,27,8,8,0,0,85.5,0,0,0,0,0,144,421,2.92,3,16,14,134,9.57,0,1,1,3,,,-105.6,205,MartDo00
P1175,2016,206,DeAndre Washington,RB,56,OAK,23,14,2,0,0,85.2,0,0,0,0,0,87,467,5.37,2,23,17,115,6.76,0,1,1,2,,,-105.9,206,WashDe00
P0910,2016,207,Andrew Hawkins,WR,91,CLE,30,16,5,0,0,83.4,0,0,0,0,0,2,0,0,0,54,33,324,9.82,3,0,0,3,,,-111.8,213,HawkAn00
P1013,2016,208,Sammy Watkins,WR,92,BUF,23,8,8,0,0,83.0,0,0,0,0,0,0,0,,0,52,28,430,15.36,2,0,0,2,,,-112.2,214,WatkSa00
P0957,2016,209,Julius Thomas,TE,31,JAX,28,9,6,0,0,82.1,0,0,0,0,0,0,0,,0,51,30,281,9.37,4,0,0,4,,,-86.0,175,ThomJu00
P1112,2016,210,Albert Wilson,WR,93,KAN,24,16,5,0,0,81.9,0,0,0,0,0,2,50,25,1,51,31,279,9,2,0,0,3,,,-113.3,215,WilsAl02
P1176,2016,211,Garrett Celek,TE,32,SFO,28,16,6,0,0,80.0,0,0,0,0,0,0,0,,0,50,29,350,12.07,3,2,1,3,,,-88.1,176,CeleGa00
P1020,2016,212,Brian Hoyer,QB,31,CHI,31,6,5,0,0,79.6,134,200,1445,6,0,7,-2,-0.29,0,0,0,0,,0,3,1,0,,,-190.5,246,HoyeBr00
P1177,2016,213,Sammie Coates,WR,94,PIT,23,14,5,0,0,77.9,0,0,0,0,0,4,14,3.5,0,49,21,435,20.71,2,0,0,2,,,-117.3,221,CoatSa00
P1123,2016,214,Quinton Patton,WR,95,SFO,26,14,14,0,0,77.8,0,0,0,0,0,0,0,,0,63,37,408,11.03,0,1,0,0,,,-117.4,222,PattQu00
P1178,2016,215,Cody Kessler,QB,32,CLE,23,9,8,0,0,77.0,128,195,1380,6,2,11,18,1.64,0,0,0,0,,0,4,1,0,,1,-193.1,247,KessCo00
P1179,2016,216,Paul Perkins,RB,57,NYG,22,14,1,0,0,76.8,0,0,0,0,0,112,456,4.07,0,24,15,162,10.8,0,1,0,0,,,-114.3,216,PerkPa00
P1180,2016,217,Rex Burkhead,RB,58,CIN,26,16,1,0,0,75.9,0,0,0,0,0,74,344,4.65,2,20,17,145,8.53,0,1,1,2,,,-115.2,217,BurkRe00
P1181,2016,218,Trey Burton,TE,33,PHI,25,15,4,0,0,75.7,0,0,0,0,0,0,0,,0,60,37,327,8.84,1,0,0,1,,,-92.4,182,BurtTr01
P1070,2016,219,Dion Sims,TE,34,MIA,25,14,11,0,0,75.6,0,0,0,0,0,0,0,,0,35,26,256,9.85,4,0,0,4,,,-92.5,183,SimsDi00
P1094,2016,220,Thomas Rawls,RB,59,SEA,23,9,7,0,0,75.5,0,0,0,0,0,109,349,3.2,3,17,13,96,7.38,0,0,0,3,,,-115.6,218,RawlTh00
P1100,2016,221,Matt Jones,RB,60,WAS,23,7,7,0,0,75.3,0,0,0,0,0,99,460,4.65,3,8,8,73,9.13,0,3,2,3,,,-115.8,219,JoneMa04
P1110,2016,222,Kyle Juszczyk,RB,61,BAL,25,16,7,1,0,73.8,0,0,0,0,0,5,22,4.4,1,49,37,266,7.19,0,0,0,1,1,,-117.3,220,JuszKy00
P0855,2016,223,Blaine Gabbert,QB,33,SFO,27,6,5,0,0,73.7,91,160,925,5,6,40,173,4.33,2,1,1,-16,-16,0,0,0,2,,,-196.4,248,GabbBl00
P1089,2016,224,Jeremy Langford,RB,62,CHI,25,12,3,0,0,73.2,0,0,0,0,0,62,200,3.23,4,27,19,142,7.47,0,2,2,4,,,-117.9,223,LangJe00
P1115,2016,225,Brandon Coleman,WR,96,NOR,24,16,4,0,0,72.1,0,0,0,0,0,0,0,,0,38,26,281,10.81,3,0,0,3,,,-123.1,225,ColeBr00
P1182,2016,226,Fozzy Whittaker,RB,63,CAR,27,16,0,0,0,72.1,0,0,0,0,0,57,265,4.65,0,33,25,226,9.04,0,1,1,0,,,-119.0,224,WhitFo00
P1183,2016,227,Matt Barkley,QB,34,CHI,26,7,6,0,0,71.8,129,216,1611,8,14,7,2,0.29,0,1,1,2,2,1,4,2,1,,,-198.3,249,BarkMa00
P0821,2016,228,Jared Cook,TE,35,GNB,29,10,5,0,0,71.7,0,0,0,0,0,0,0,,0,51,30,377,12.57,1,1,1,1,,,-96.4,188,CookJa02
P1184,2016,229,Russell Shepard,WR,97,TAM,26,14,4,0,0,70.0,0,0,0,0,0,1,9,9,0,40,23,341,14.83,2,0,0,2,,,-125.2,227,ShepRu00
P0756,2016,230,Danny Amendola,WR,98,NWE,31,12,4,0,0,69.3,0,0,0,0,0,0,0,,0,29,23,243,10.57,4,3,1,4,,,-125.9,228,AmenDa00
P1086,2016,231,Richard Rodgers,TE,36,GNB,24,16,6,0,0,69.1,0,0,0,0,0,0,0,,0,47,30,271,9.03,2,0,0,2,,,-99.0,197,RodgRi00
P1075,2016,232,Charles Sims,RB,64,TAM,26,7,2,0,0,67.9,0,0,0,0,0,51,149,2.92,1,32,24,190,7.92,1,1,1,2,,,-123.2,226,SimsCh00
P1065,2016,233,Kamar Aiken,WR,99,BAL,27,16,6,0,0,67.8,0,0,0,0,0,0,0,,0,50,29,328,11.31,1,0,0,1,,,-127.4,229,AikeKa00
P0889,2016,234,Robert Griffin III,QB,35,CLE,26,5,5,0,0,66.4,87,147,886,2,3,31,190,6.13,2,0,0,0,,0,4,1,2,,,-203.7,250,GrifRo01
P1185,2016,235,Justin Hardy,WR,100,ATL,25,16,3,0,0,65.3,0,0,0,0,0,0,0,,0,31,21,203,9.67,4,0,0,4,,,-129.9,232,HardJu00
P0842,2016,236,Torrey Smith,WR,101,SFO,27,12,12,0,0,64.7,0,0,0,0,0,0,0,,0,49,20,267,13.35,3,0,0,3,,,-130.5,234,SmitTo02
P0951,2016,237,Aldrick Robinson,WR,102,ATL,28,16,1,0,0,64.3,0,0,0,0,0,0,0,,0,32,20,323,16.15,2,0,0,2,,,-130.9,235,RobiAl00
P1186,2016,238,Austin Hooper,TE,37,ATL,22,14,3,0,0,64.1,0,0,0,0,0,0,0,,0,27,19,271,14.26,3,0,0,3,,,-104.0,202,HoopAu00
P1040,2016,239,Alfred Blue,RB,65,HOU,25,14,2,0,0,62.0,0,0,0,0,0,100,420,4.2,1,16,12,40,3.33,0,2,1,1,,,-129.1,230,BlueAl00
P0730,2016,240,Justin Forsett,RB,66,3TM,31,9,6,0,0,61.6,0,0,0,0,0,87,291,3.34,1,27,20,85,4.25,0,2,1,1,,,-129.5,231,ForsJu00
P1187,2016,241,C.J. Prosise,RB,67,SEA,22,6,2,0,0,61.0,0,0,0,0,0,30,172,5.73,1,19,17,208,12.24,0,0,0,1,,,-130.1,233,ProsC.00
P0789,2016,242,Jacob Tamme,TE,38,ATL,31,8,5,0,0,61.0,0,0,0,0,0,0,0,,0,31,22,210,9.55,3,0,0,3,,,-107.1,207,TammJa00
P1057,2016,243,Corey Brown,WR,103,CAR,25,16,8,0,0,59.2,0,0,0,0,0,2,6,3,0,53,27,276,10.22,1,1,1,1,,,-136.0,239,BrowPh00
P0856,2016,244,James Starks,RB,68,GNB,30,9,4,0,0,58.9,0,0,0,0,0,63,145,2.3,0,25,19,134,7.05,2,1,0,2,,,-132.2,236,StarJa00
P1124,2016,245,Bryan Walters,WR,104,JAX,29,10,3,0,0,57.5,0,0,0,0,0,1,4,4,0,34,24,231,9.63,2,1,1,2,,,-137.7,241,WaltBr00
P1188,2016,246,Jamize Olawale,RB,69,OAK,27,16,7,0,0,57.4,0,0,0,0,0,17,47,2.76,2,14,12,227,18.92,1,0,0,3,,,-133.7,237,OlawJa00
P1189,2016,247,Deonte Thompson,WR,105,CHI,27,16,6,0,0,56.9,0,0,0,0,0,0,0,,0,36,22,249,11.32,2,1,1,2,,,-138.3,242,ThomDe04
P1190,2016,248,Josh Bellamy,WR,106,CHI,27,16,2,0,0,56.9,0,0,0,0,0,4,37,9.25,0,38,19,282,14.84,1,0,0,1,,,-138.3,243,BellJo02
P0813,2016,249,John Kuhn,FB,1,NOR,34,16,3,0,0,56.7,0,0,0,0,0,18,37,2.06,4,20,16,70,4.38,1,0,0,5,,,-134.4,238,KuhnJo00
P1071,2016,250,Paul Richardson,WR,107,SEA,24,15,0,0,0,56.3,0,0,0,0,0,1,5,5,0,36,21,288,13.71,1,0,0,1,,,-138.9,244,RichPa01
P1082,2017,1,Todd Gurley,RB,1,LAR,23,15,15,1,1,383.3,0,0,0,0,0,279,1305,4.68,13,87,64,788,12.31,6,5,2,19,,,211.8,1,GurlTo01
P0891,2017,2,Russell Wilson,QB,1,SEA,29,16,16,1,0,347.9,339,553,3983,34,11,95,586,6.17,3,0,0,0,,0,14,3,3,,2,87.2,14,WilsRu00
P0956,2017,3,Le'Veon Bell,RB,2,PIT,25,15,15,1,1,341.6,0,0,0,0,0,321,1291,4.02,9,106,85,655,7.71,2,3,2,11,,,170.1,2,BellLe00
P1191,2017,4,Alvin Kamara,RB,3,NOR,22,16,3,1,0,320.4,0,0,0,0,0,120,728,6.07,8,100,81,826,10.2,5,1,1,14,1,,148.9,3,KamaAl00
P0840,2017,5,Antonio Brown,WR,1,PIT,29,14,14,1,1,310.3,0,0,0,0,0,0,0,,0,163,101,1533,15.18,9,4,0,9,1,,138.5,4,BrowAn04
P0968,2017,6,DeAndre Hopkins,WR,2,HOU,25,15,15,1,1,309.8,0,0,0,0,0,0,0,,0,174,96,1378,14.35,13,1,1,13,,,138.0,5,HopkDe00
P0836,2017,7,Cam Newton,QB,2,CAR,28,16,16,0,0,299.5,291,492,3302,22,16,139,754,5.42,6,0,0,0,,0,9,1,6,1,,38.8,31,NewtCa00
P0260,2017,8,Tom Brady,QB,3,NWE,40,16,16,1,1,295.9,385,581,4577,32,8,25,28,1.12,0,0,0,0,,0,7,3,0,,2,35.2,32,BradTo00
P0571,2017,9,Alex Smith,QB,4,KAN,33,15,15,1,0,295.2,341,505,4042,26,5,60,355,5.92,1,0,0,0,,0,1,1,1,,,34.5,33,SmitAl03
P1192,2017,10,Kareem Hunt,RB,4,KAN,22,16,16,1,0,295.2,0,0,0,0,0,272,1327,4.88,8,63,53,455,8.58,3,1,1,11,,,123.7,6,HuntKa00
P1105,2017,11,Melvin Gordon,RB,5,LAC,24,16,16,0,0,288.1,0,0,0,0,0,284,1105,3.89,8,83,58,476,8.21,4,1,0,12,,,116.6,7,GordMe00
P0955,2017,12,Keenan Allen,WR,3,LAC,25,16,15,1,0,284.2,0,0,0,0,0,2,9,4.5,0,159,102,1393,13.66,6,1,0,7,,,112.4,8,AlleKe00
P1140,2017,13,Carson Wentz,QB,5,PHI,25,13,13,1,0,281.7,265,440,3296,33,7,64,299,4.67,0,0,0,0,,0,9,3,0,,4,21.0,51,WentCa00
P0865,2017,14,Mark Ingram,RB,6,NOR,28,16,12,1,0,278.0,0,0,0,0,0,230,1124,4.89,12,71,58,416,7.17,0,3,3,12,,,106.5,9,IngrMa01
P1047,2017,15,Kirk Cousins,QB,6,WAS,29,16,16,0,0,277.6,347,540,4093,27,13,49,179,3.65,4,0,0,0,,0,13,5,4,,,16.9,52,CousKi00
P0745,2017,16,Matthew Stafford,QB,7,DET,29,16,16,0,0,273.6,371,565,4446,29,10,29,98,3.38,0,0,0,0,,0,12,7,0,1,1,12.9,55,StafMa00
P0566,2017,17,Philip Rivers,QB,8,LAC,36,16,16,1,0,270.4,360,575,4515,28,10,18,-2,-0.11,0,0,0,0,,0,8,1,0,,,9.7,56,RivePh00
P0732,2017,18,LeSean McCoy,RB,7,BUF,29,16,16,1,0,263.6,0,0,0,0,0,287,1138,3.97,6,77,59,448,7.59,2,3,1,8,,,92.1,10,McCoLe01
P0340,2017,19,Drew Brees,QB,9,NOR,38,16,16,1,0,262.6,386,536,4334,23,8,33,12,0.36,2,0,0,0,,0,5,0,2,,,1.9,66,BreeDr00
P0458,2017,20,Larry Fitzgerald,WR,4,ARI,34,16,16,1,0,261.4,1,1,21,0,0,0,0,,0,161,109,1156,10.61,6,1,1,6,1,,89.6,12,FitzLa00
P0462,2017,21,Ben Roethlisberger,QB,10,PIT,35,15,15,1,0,260.7,360,561,4251,28,14,28,47,1.68,0,0,0,0,,0,3,1,0,,2,0.0,67,RoetBe00
P1134,2017,22,Dak Prescott,QB,11,DAL,24,16,16,0,0,260.7,308,490,3324,22,13,57,357,6.26,6,0,0,0,,0,4,3,6,,,0.0,69,PresDa01
P1017,2017,23,Jarvis Landry,WR,5,MIA,25,16,16,1,0,260.0,0,1,0,0,0,1,-7,-7,0,161,112,987,8.81,9,4,2,9,,,88.2,13,LandJa00
P1135,2017,24,Michael Thomas,WR,6,NOR,24,16,14,1,0,258.5,0,0,0,0,0,0,0,,0,149,104,1245,11.97,5,0,0,5,,,86.7,15,ThomMi05
P1193,2017,25,Jared Goff,QB,12,LAR,23,15,15,1,0,255.3,296,477,3804,28,7,28,51,1.82,1,0,0,0,,0,8,3,1,,,-5.4,75,GoffJa00
P0841,2017,26,Julio Jones,WR,7,ATL,28,16,16,1,0,251.9,0,0,0,0,0,1,15,15,0,148,88,1444,16.41,3,0,0,3,,,80.1,17,JoneJu02
P1019,2017,27,Blake Bortles,QB,13,JAX,25,16,16,0,0,249.7,315,523,3687,21,13,57,322,5.65,2,0,0,0,,0,9,3,2,,3,-11.0,82,BortBl00
P1137,2017,28,Tyreek Hill,WR,8,KAN,23,15,13,1,0,245.2,0,1,0,0,1,17,59,3.47,0,105,75,1183,15.77,7,2,0,8,,,73.4,18,HillTy00
P1141,2017,29,Adam Thielen,WR,9,MIN,27,16,16,1,0,239.7,0,0,0,0,0,1,11,11,0,142,91,1276,14.02,4,3,2,4,,,67.9,19,ThieAd00
P0982,2017,30,Case Keenum,QB,14,MIN,29,15,14,0,0,237.9,325,481,3547,22,7,40,160,4,1,0,0,0,,0,1,1,1,,1,-22.8,98,KeenCa00
P1059,2017,31,Carlos Hyde,RB,8,SFO,27,16,16,0,0,233.8,0,0,0,0,0,240,938,3.91,8,88,59,350,5.93,0,2,1,8,,,62.3,20,HydeCa00
P1016,2017,32,Travis Kelce,TE,1,KAN,28,15,15,1,0,233.5,0,1,0,0,1,2,7,3.5,0,122,83,1038,12.51,8,0,0,8,,,90.4,11,KelcTr00
P1194,2017,33,Leonard Fournette,RB,9,JAX,22,13,13,0,0,230.2,0,0,0,0,0,268,1040,3.88,9,48,36,302,8.39,1,2,0,10,,,58.7,22,FourLe00
P1195,2017,34,Christian McCaffrey,RB,10,CAR,21,16,10,0,0,228.6,0,0,0,0,0,117,435,3.72,2,113,80,651,8.14,5,2,1,7,,,57.1,23,McCaCh01
P0679,2017,35,Matt Ryan,QB,15,ATL,32,16,16,0,0,228.1,342,529,4095,20,12,32,143,4.47,0,0,0,0,,0,4,3,0,,,-32.6,109,RyanMa00
P0788,2017,36,Rob Gronkowski,TE,2,NWE,28,14,14,1,1,227.4,0,0,0,0,0,0,0,,0,105,69,1084,15.71,8,1,0,8,1,,84.3,16,GronRo00
P0838,2017,37,A.J. Green,WR,10,CIN,29,16,16,1,0,226.8,0,0,0,0,0,0,0,,0,143,75,1078,14.37,8,2,2,8,,,55.0,24,GreeA.00
P0960,2017,38,Marvin Jones,WR,11,DET,27,16,16,0,0,225.1,0,0,0,0,0,0,0,,0,107,61,1101,18.05,9,0,0,9,,,53.3,25,JoneMa02
P0864,2017,39,Golden Tate,WR,12,DET,29,16,12,0,0,224.5,0,0,0,0,0,5,22,4.4,0,120,92,1003,10.9,5,1,1,5,,1,52.7,26,TateGo00
P0845,2017,40,Doug Baldwin,WR,13,SEA,29,16,16,1,0,223.3,0,0,0,0,0,2,-8,-4,0,116,75,991,13.21,8,0,0,8,1,,51.5,27,BaldDo00
P1077,2017,41,Tyrod Taylor,QB,16,BUF,28,15,14,0,0,222.7,263,420,2799,14,4,84,427,5.08,4,0,0,0,,0,4,2,4,,,-38.0,120,TaylTy00
P1039,2017,42,Davante Adams,WR,14,GNB,25,14,14,1,0,222.5,0,0,0,0,0,0,0,,0,117,74,885,11.96,10,0,0,10,,,50.7,28,AdamDa01
P1026,2017,43,Brandin Cooks,WR,15,NWE,24,16,15,0,0,221.2,0,0,0,0,0,9,40,4.44,0,114,65,1082,16.65,7,0,0,7,1,,49.4,29,CookBr00
P1085,2017,44,Duke Johnson,RB,11,CLE,24,16,0,0,0,216.1,0,0,0,0,0,82,348,4.24,4,93,74,693,9.36,3,4,2,7,,,44.6,30,JohnDu00
P0839,2017,45,Andy Dalton,QB,17,CIN,30,16,16,0,0,210.7,297,496,3320,25,12,38,99,2.61,0,0,0,0,,0,4,4,0,,,-50.0,137,DaltAn00
P1081,2017,46,Marcus Mariota,QB,18,TEN,24,15,15,0,0,210.5,281,453,3232,13,15,60,312,5.2,5,0,0,0,,0,2,1,5,,,-50.2,138,MariMa01
P1015,2017,47,Derek Carr,QB,19,OAK,26,15,15,1,0,206.4,323,515,3496,22,13,23,66,2.87,0,0,0,0,,0,8,3,0,,2,-54.3,141,CarrDe02
P0830,2017,48,Demaryius Thomas,WR,16,DEN,30,16,16,0,0,205.9,0,0,0,0,0,0,0,,0,140,83,949,11.43,5,1,1,5,,,34.1,34,ThomDe03
P1196,2017,49,Jacoby Brissett,QB,20,IND,25,16,15,0,0,205.9,276,469,3098,13,7,63,260,4.13,4,0,0,0,,0,8,3,4,,,-54.8,143,BrisJa00
P0431,2017,50,Josh McCown,QB,21,NYJ,38,13,13,0,0,205.4,267,397,2926,18,9,37,124,3.35,5,0,0,0,,0,11,4,5,,,-55.3,144,McCoJo01
P1133,2017,51,Ezekiel Elliott,RB,12,DAL,22,10,10,0,0,203.2,0,0,0,0,0,242,983,4.06,7,38,26,269,10.35,2,1,1,9,,,31.7,35,ElliEz00
P1008,2017,52,Mike Evans,WR,17,TAM,24,15,15,0,0,203.1,0,0,0,0,0,0,0,,0,136,71,1001,14.1,5,1,0,5,1,,31.3,38,EvanMi00
P1097,2017,53,Dion Lewis,RB,13,NWE,27,16,8,0,0,203.0,0,0,0,0,0,180,896,4.98,6,35,32,214,6.69,3,0,0,10,,,31.5,36,LewiDi00
P0981,2017,54,Zach Ertz,TE,3,PHI,27,14,13,1,0,202.4,0,0,0,0,0,0,0,,0,110,74,824,11.14,8,1,1,8,,,59.3,21,ErtzZa00
P1076,2017,55,Jameis Winston,QB,22,TAM,23,13,13,0,0,201.7,282,442,3504,19,11,33,135,4.09,1,0,0,0,,0,15,7,1,,1,-59.0,150,WinsJa00
P1048,2017,56,Devonta Freeman,RB,14,ATL,25,14,14,0,0,200.2,0,0,0,0,0,196,865,4.41,7,47,36,317,8.81,1,4,1,8,,,28.7,40,FreeDe00
P1161,2017,57,Robbie Chosen,WR,18,NYJ,24,16,15,0,0,200.0,0,0,0,0,0,3,9,3,0,114,63,941,14.94,7,0,0,7,,,28.2,42,AndeRo04
P1136,2017,58,Jordan Howard,RB,15,CHI,23,16,16,0,0,199.7,0,0,0,0,0,276,1122,4.07,9,32,23,125,5.43,0,1,1,9,,,28.2,41,HowaJo00
P1088,2017,59,Stefon Diggs,WR,19,MIN,24,14,14,0,0,198.2,0,0,0,0,0,8,13,1.63,0,95,64,849,13.27,8,0,0,8,,,26.4,44,DiggSt00
P1197,2017,60,JuJu Smith-Schuster,WR,20,PIT,21,14,7,0,0,197.7,0,0,0,0,0,0,0,,0,79,58,917,15.81,7,0,0,8,,,25.9,46,SmitJu00
P0928,2017,61,Alshon Jeffery,WR,21,PHI,27,16,16,0,0,195.9,0,0,0,0,0,0,0,,0,120,57,789,13.84,9,0,0,9,3,,24.1,47,JeffAl00
P1106,2017,62,Devin Funchess,WR,22,CAR,23,16,16,0,0,195.0,0,0,0,0,0,0,0,,0,111,63,840,13.33,8,0,0,8,,,23.2,48,FuncDe00
P0974,2017,63,Lamar Miller,RB,16,HOU,26,16,13,0,0,193.5,0,0,0,0,0,238,888,3.73,3,45,36,327,9.08,3,1,0,6,,,22.0,49,MillLa01
P1174,2017,64,Nelson Agholor,WR,23,PHI,24,16,10,0,0,193.5,0,0,0,0,0,1,7,7,0,95,62,768,12.39,8,0,0,9,,,21.7,50,AghoNe00
P0499,2017,65,Eli Manning,QB,23,NYG,36,15,15,0,0,187.3,352,571,3468,19,13,12,26,2.17,1,0,0,0,,0,11,5,1,,,-73.4,169,MannEl00
P0791,2017,66,Dez Bryant,WR,24,DAL,29,16,16,0,0,186.4,0,0,0,0,0,1,-4,-4,0,132,69,838,12.14,6,1,1,6,,,14.6,54,BryaDe01
P0681,2017,67,Joe Flacco,QB,24,BAL,32,16,16,0,0,185.0,352,549,3141,18,13,25,54,2.16,1,0,0,0,,0,6,0,1,,1,-75.7,171,FlacJo00
P1044,2017,68,Jerick McKinnon,RB,17,MIN,25,16,1,0,0,178.1,0,0,0,0,0,150,570,3.8,3,68,51,421,8.25,2,3,2,5,1,,6.6,57,McKiJe00
P1198,2017,69,Cooper Kupp,WR,25,LAR,24,15,6,0,0,176.9,0,1,0,0,0,0,0,,0,94,62,869,14.02,5,1,1,5,,,5.1,58,KuppCo00
P0993,2017,70,Jermaine Kearse,WR,26,NYJ,27,16,14,0,0,176.0,0,0,0,0,0,0,0,,0,102,65,810,12.46,5,1,0,5,,,4.2,59,KearJe01
P1199,2017,71,DeShone Kizer,QB,25,CLE,21,15,15,0,0,175.7,255,476,2894,11,22,77,419,5.44,5,0,0,0,,0,9,6,5,,,-85.0,193,KizeDe00
P0897,2017,72,T.Y. Hilton,WR,27,IND,28,16,16,1,0,175.6,0,0,0,0,0,0,0,,0,109,57,966,16.95,4,2,1,4,,,3.8,61,HiltT.00
P1010,2017,73,C.J. Anderson,RB,18,DEN,26,16,16,0,0,175.1,0,0,0,0,0,245,1007,4.11,3,40,28,224,8,1,1,1,4,1,,3.6,62,AndeC.00
P0973,2017,74,Kenny Stills,WR,28,MIA,25,16,16,0,0,174.7,0,0,0,0,0,0,0,,0,105,58,847,14.6,6,4,2,6,,,2.9,63,StilKe00
P0825,2017,75,Delanie Walker,TE,4,TEN,33,16,11,1,0,174.5,0,0,0,0,0,2,-2,-1,1,111,74,807,10.91,3,2,2,4,,,31.4,37,WalkHu00
P0946,2017,76,Mohamed Sanu,WR,29,ATL,28,15,15,0,0,174.3,1,1,51,1,0,4,10,2.5,0,96,67,703,10.49,5,0,0,5,,,2.5,64,SanuMo00
P1200,2017,77,Evan Engram,TE,5,NYG,23,15,11,0,0,173.6,0,0,0,0,0,1,14,14,0,115,64,722,11.28,6,0,0,6,,,30.5,39,EngrEv00
P0516,2017,78,Frank Gore,RB,19,IND,34,16,16,0,0,173.6,0,0,0,0,0,261,961,3.68,3,38,29,245,8.45,1,3,0,4,,,2.1,65,GoreFr00
P0746,2017,79,Michael Crabtree,WR,30,OAK,30,14,14,0,0,171.8,0,0,0,0,0,0,0,,0,101,58,618,10.66,8,1,0,8,2,,0.0,71,CrabMi00
P0847,2017,80,DeMarco Murray,RB,20,TEN,29,15,15,0,0,171.5,0,0,0,0,0,184,659,3.58,6,47,39,266,6.82,1,1,1,7,,,0.0,70,MurrDe00
P1201,2017,81,Alex Collins,RB,21,BAL,23,15,12,0,0,171.0,0,0,0,0,0,212,973,4.59,6,36,23,187,8.13,0,4,2,6,,,-0.5,72,CollAl00
P0809,2017,82,Jimmy Graham,TE,6,SEA,31,16,13,1,0,171.0,0,0,0,0,0,0,0,,0,96,57,520,9.12,10,0,0,10,1,,27.9,43,GrahJi00
P1147,2017,83,Jack Doyle,TE,7,IND,27,15,15,1,0,169.0,0,0,0,0,0,0,0,,0,108,80,690,8.63,4,2,2,4,,,25.9,45,DoylJa00
P1202,2017,84,Deshaun Watson,QB,26,HOU,22,7,6,0,0,168.9,126,204,1699,19,8,36,269,7.47,2,0,0,0,,0,3,1,2,1,1,-91.8,203,WatsDe00
P1005,2017,85,Marquise Goodwin,WR,31,SFO,27,16,16,0,0,168.6,0,0,0,0,0,4,44,11,0,105,56,962,17.18,2,0,0,2,,,-3.2,73,GoodMa00
P1143,2017,86,Tevin Coleman,RB,22,ATL,24,15,3,0,0,167.7,0,0,0,0,0,156,628,4.03,5,39,27,299,11.07,3,1,0,8,,,-3.8,74,ColeTe01
P1090,2017,87,Javorius Allen,RB,23,BAL,26,16,0,0,0,166.1,0,0,0,0,0,153,591,3.86,4,60,46,250,5.43,2,0,0,6,,,-5.4,76,AlleJa01
P0621,2017,88,Marshawn Lynch,RB,24,OAK,31,15,15,0,0,164.2,0,0,0,0,0,207,891,4.3,7,31,20,151,7.55,0,1,1,7,,,-7.3,78,LyncMa00
P0975,2017,89,Robert Woods,WR,32,LAR,25,12,11,0,0,163.3,0,0,0,0,0,2,12,6,0,85,56,781,13.95,5,1,1,5,,,-8.5,79,WoodRo02
P1091,2017,90,Jamison Crowder,WR,33,WAS,24,15,6,0,0,160.3,0,0,0,0,0,7,34,4.86,0,103,66,789,11.95,3,6,3,3,,,-11.5,83,CrowJa00
P0640,2017,91,Ted Ginn Jr.,WR,34,NOR,32,15,10,0,0,159.6,0,0,0,0,0,10,39,3.9,0,70,53,787,14.85,4,2,0,4,,,-12.2,84,GinnTe00
P0873,2017,92,Randall Cobb,WR,35,GNB,27,15,14,0,0,159.4,1,1,10,0,0,9,17,1.89,0,92,66,653,9.89,4,1,0,4,1,,-12.4,85,CobbRa00
P1080,2017,93,Amari Cooper,WR,36,OAK,23,14,12,0,0,158.4,0,0,0,0,0,1,4,4,0,96,48,680,14.17,7,1,0,7,,,-13.4,86,CoopAm00
P0880,2017,94,Kyle Rudolph,TE,8,MIN,28,16,16,1,0,158.2,0,0,0,0,0,0,0,,0,81,57,532,9.33,8,0,0,8,,,15.1,53,RudoKy00
P0601,2017,95,Jay Cutler,QB,27,MIA,34,14,14,0,0,157.8,266,429,2666,19,14,19,32,1.68,0,0,0,0,,0,6,0,0,,,-102.9,220,CutlJa00
P1052,2017,96,Latavius Murray,RB,25,MIN,27,16,11,0,0,157.5,0,0,0,0,0,216,842,3.9,8,17,15,103,6.87,0,1,0,8,,,-14.0,87,MurrLa00
P0985,2017,97,Rishard Matthews,WR,37,TEN,28,14,11,0,0,156.2,0,0,0,0,0,1,-3,-3,0,87,53,795,15,4,0,0,4,,,-15.6,88,MattRi00
P1043,2017,98,Theo Riddick,RB,26,DET,26,16,5,0,0,154.0,0,0,0,0,0,84,286,3.4,3,71,53,444,8.38,2,1,1,5,,,-17.5,90,RiddTh00
P0954,2017,99,Giovani Bernard,RB,27,CIN,26,16,2,0,0,151.7,0,0,0,0,0,105,458,4.36,2,60,43,389,9.05,2,0,0,4,,,-19.8,92,BernGi00
P1114,2017,100,Chris Thompson,RB,28,WAS,27,10,1,0,0,151.4,0,0,0,0,0,64,294,4.59,2,54,39,510,13.08,4,3,2,6,,,-20.1,93,ThomCh03
P0734,2017,101,Mike Wallace,WR,38,BAL,31,15,14,0,0,151.2,0,0,0,0,0,1,4,4,0,92,52,748,14.38,4,0,0,4,,,-20.6,94,WallMi00
P1071,2017,102,Paul Richardson,WR,39,SEA,25,16,13,0,0,150.3,0,0,0,0,0,0,0,,0,80,44,703,15.98,6,0,0,6,,,-21.5,97,RichPa01
P1203,2017,103,Tarik Cohen,RB,29,CHI,22,16,4,0,0,150.1,1,2,21,1,0,87,370,4.25,2,71,53,353,6.66,1,3,2,4,,,-21.4,96,CoheTa00
P1051,2017,104,Marqise Lee,WR,40,JAX,26,14,14,0,0,147.9,0,1,0,0,0,1,17,17,0,96,56,702,12.54,3,1,0,3,1,,-23.9,100,LeexMa00
P0425,2017,105,Jason Witten,TE,9,DAL,35,16,16,1,0,147.0,0,0,0,0,0,0,0,,0,87,63,560,8.89,5,1,1,5,,,3.9,60,WittJa00
P1013,2017,106,Sammy Watkins,WR,41,LAR,24,15,14,0,0,146.3,0,0,0,0,0,0,0,,0,70,39,593,15.21,8,0,0,8,,,-25.5,101,WatkSa00
P0919,2017,107,Bilal Powell,RB,30,NYJ,29,15,10,0,0,145.2,0,0,0,0,0,178,772,4.34,5,33,23,170,7.39,0,1,1,5,,,-26.3,102,PoweBi00
P1144,2017,108,Sterling Shepard,WR,42,NYG,24,11,10,0,0,144.5,0,0,0,0,0,4,4,1,0,84,59,731,12.39,2,1,0,2,,,-27.3,104,ShepSt00
P1031,2017,109,Isaiah Crowell,RB,31,CLE,24,16,16,0,0,143.5,0,0,0,0,0,206,853,4.14,2,42,28,182,6.5,0,1,1,2,1,,-28.0,105,CrowIs00
P1129,2017,110,Cameron Brate,TE,10,TAM,26,16,5,0,0,143.1,0,0,0,0,0,0,0,,0,77,48,591,12.31,6,1,0,6,,,0.0,68,BratCa00
P1204,2017,111,Jamaal Williams,RB,32,GNB,22,16,7,0,0,142.8,0,0,0,0,0,153,556,3.63,4,34,25,262,10.48,2,0,0,6,,,-28.7,106,WillJa06
P1205,2017,112,Kenyan Drake,RB,33,MIA,23,16,6,0,0,142.3,0,0,0,0,0,133,644,4.84,3,48,32,239,7.47,1,2,2,4,1,,-29.2,107,DrakKe00
P1206,2017,113,Joe Mixon,RB,34,CIN,21,14,7,0,0,141.3,0,0,0,0,0,178,626,3.52,4,34,30,287,9.57,0,3,2,4,,,-30.2,108,MixoJo00
P0756,2017,114,Danny Amendola,WR,43,NWE,32,15,8,0,0,138.9,0,0,0,0,0,0,0,,0,86,61,659,10.8,2,2,0,2,,,-32.9,110,AmenDa00
P0682,2017,115,DeSean Jackson,WR,44,TAM,31,14,13,0,0,138.6,0,0,0,0,0,3,38,12.67,0,90,50,668,13.36,3,0,0,3,,,-33.2,111,JackDe00
P1138,2017,116,Tyrell Williams,WR,45,LAC,25,16,15,0,0,137.8,0,0,0,0,0,0,0,,0,69,43,728,16.93,4,1,1,4,,,-34.0,113,WillTy00
P1207,2017,117,Orleans Darkwa,RB,35,NYG,25,15,11,0,0,137.7,0,0,0,0,0,171,751,4.39,5,28,19,116,6.11,0,1,0,5,1,,-33.8,112,DarkOr00
P0520,2017,118,Ben Watson,TE,11,BAL,37,16,12,0,0,137.2,0,0,0,0,0,0,0,,0,79,61,522,8.56,4,1,0,4,,,-5.9,77,WatsBe00
P0706,2017,119,Jordy Nelson,WR,46,GNB,32,15,15,0,0,137.2,0,0,0,0,0,0,0,,0,88,53,482,9.09,6,0,0,6,,,-34.6,114,NelsJo00
P1009,2017,120,Kelvin Benjamin,WR,47,2TM,26,14,14,0,0,135.2,0,0,0,0,0,0,0,,0,78,48,692,14.42,3,0,0,3,,,-36.6,118,BenjKe00
P1139,2017,121,Jay Ajayi,RB,36,2TM,24,14,8,0,0,135.1,0,0,0,0,0,208,873,4.2,1,34,24,158,6.58,1,3,2,2,,,-36.4,115,AjayJa00
P1162,2017,122,Derrick Henry,RB,37,TEN,23,16,2,0,0,135.0,0,0,0,0,0,176,744,4.23,5,17,11,136,12.36,1,1,0,6,,,-36.5,116,HenrDe00
P1208,2017,123,Mitchell Trubisky,QB,28,CHI,23,12,12,0,0,134.5,196,330,2193,7,7,41,248,6.05,2,0,0,0,,0,10,3,2,1,,-126.2,240,TrubMi00
P1096,2017,124,James White,RB,38,NWE,25,14,4,0,0,134.0,0,0,0,0,0,43,171,3.98,0,72,56,429,7.66,3,0,0,3,,,-37.5,119,WhitJa02
P0821,2017,125,Jared Cook,TE,12,OAK,30,16,16,0,0,132.8,0,0,0,0,0,0,0,,0,86,54,688,12.74,2,1,1,2,,,-10.3,80,CookJa02
P1209,2017,126,Keelan Cole,WR,48,JAX,24,16,6,0,0,132.8,0,0,0,0,0,0,0,,0,83,42,748,17.81,3,2,1,3,,,-39.0,121,ColeKe00
P1029,2017,127,Martavis Bryant,WR,49,PIT,26,15,8,0,0,132.5,0,0,0,0,0,6,22,3.67,0,84,50,603,12.06,3,0,0,3,1,,-39.3,122,BryaMa00
P1093,2017,128,Eric Ebron,TE,13,DET,24,16,9,0,0,132.4,0,0,0,0,0,0,0,,0,86,53,574,10.83,4,1,1,4,,,-10.7,81,EbroEr00
P0935,2017,129,Travis Benjamin,WR,50,LAC,28,16,3,0,0,130.3,0,0,0,0,0,13,96,7.38,0,62,34,567,16.68,4,2,0,5,,,-41.5,124,BenjTr00
P1113,2017,130,DeVante Parker,WR,51,MIA,24,13,12,0,0,130.0,0,0,0,0,0,0,0,,0,96,57,670,11.75,1,1,0,1,,,-41.8,126,ParkDe01
P1180,2017,131,Rex Burkhead,RB,39,NWE,27,10,3,0,0,129.8,0,0,0,0,0,64,264,4.13,5,36,30,254,8.47,3,1,0,8,,,-41.7,125,BurkRe00
P0671,2017,132,Aaron Rodgers,QB,29,GNB,34,7,7,0,0,129.6,154,238,1675,16,6,24,126,5.25,0,0,0,0,,0,1,1,0,,,-131.1,241,RodgAa00
P1153,2017,133,Adam Humphries,WR,52,TAM,24,16,3,0,0,128.7,0,0,0,0,0,1,6,6,0,83,61,631,10.34,1,1,1,1,,,-43.1,128,HumpAd00
P1155,2017,134,Hunter Henry,TE,14,LAC,23,14,13,0,0,126.9,0,0,0,0,0,0,0,,0,62,45,579,12.87,4,0,0,4,,,-16.2,89,HenrHu00
P0906,2017,135,Kendall Wright,WR,53,CHI,28,16,4,0,0,126.4,0,0,0,0,0,0,0,,0,91,59,614,10.41,1,0,0,1,,,-45.4,131,WrigKe01
P1132,2017,136,Ryan Grant,WR,54,WAS,27,16,7,0,0,126.3,0,0,0,0,0,0,0,,0,65,45,573,12.73,4,0,0,4,,,-45.5,132,GranRy01
P1142,2017,137,Trevor Siemian,QB,30,DEN,26,11,10,0,0,126.1,206,349,2285,12,14,31,127,4.1,1,0,0,0,,0,5,2,1,,,-134.6,242,SiemTr00
P0810,2017,138,Brandon LaFell,WR,55,CIN,31,16,15,0,0,124.8,0,0,0,0,0,0,0,,0,89,52,548,10.54,3,1,0,3,,,-47.0,133,LaFeBr00
P1098,2017,139,Ameer Abdullah,RB,40,DET,24,14,11,0,0,124.4,0,0,0,0,0,165,552,3.35,4,35,25,162,6.48,1,2,1,5,,,-47.1,134,AbduAm00
P1210,2017,140,Brett Hundley,QB,31,GNB,24,11,9,0,0,124.4,192,316,1836,9,12,36,270,7.5,2,1,1,10,10,0,4,2,2,,1,-136.3,243,HundBr00
P1211,2017,141,Tyler Kroft,TE,15,CIN,25,16,16,0,0,124.4,0,0,0,0,0,0,0,,0,62,42,404,9.62,7,0,0,7,,,-18.7,91,KrofTy00
P1084,2017,142,Tyler Lockett,WR,56,SEA,25,16,8,0,0,124.3,0,0,0,0,0,10,58,5.8,0,71,45,555,12.33,2,0,0,3,,,-47.5,135,LockTy00
P0603,2017,143,Vernon Davis,TE,16,WAS,33,16,16,0,0,121.8,0,0,0,0,0,0,0,,0,69,43,648,15.07,3,2,2,3,,,-21.3,95,DaviVe00
P0670,2017,144,Matt Forte,RB,41,NYJ,32,12,4,0,0,120.4,0,0,0,0,0,103,381,3.7,2,45,37,293,7.92,1,1,1,3,,,-51.1,139,FortMa00
P1212,2017,145,Josh Doctson,WR,57,WAS,25,16,14,0,0,119.8,0,0,0,0,0,1,-14,-14,0,78,35,502,14.34,6,0,0,6,,,-52.0,140,DoctJo00
P1186,2017,146,Austin Hooper,TE,17,ATL,23,16,8,0,0,119.6,0,0,0,0,0,0,0,,0,65,49,526,10.73,3,0,0,3,,,-23.5,99,HoopAu00
P0684,2017,147,Jonathan Stewart,RB,42,CAR,30,15,10,0,0,117.2,0,0,0,0,0,198,680,3.43,6,15,8,52,6.5,1,3,3,7,,,-54.3,142,StewJo00
P0888,2017,148,Charles Clay,TE,18,BUF,28,13,13,0,0,116.8,0,0,0,0,0,0,0,,0,74,49,558,11.39,2,1,0,2,,,-26.3,103,ClayCh00
P0844,2017,149,Eric Decker,WR,58,TEN,30,16,8,0,0,116.3,0,1,0,0,0,0,0,,0,83,54,563,10.43,1,0,0,1,,,-55.5,146,DeckEr00
P1112,2017,150,Albert Wilson,WR,59,KAN,25,13,7,0,0,116.0,0,0,0,0,0,3,6,2,0,62,42,554,13.19,3,0,0,3,,,-55.8,147,WilsAl02
P0818,2017,151,Emmanuel Sanders,WR,60,DEN,30,12,11,0,0,114.5,0,0,0,0,0,0,0,,0,92,47,555,11.81,2,0,0,2,,,-57.3,148,SandEm00
P1156,2017,152,Will Fuller,WR,61,HOU,23,10,10,0,0,113.2,0,0,0,0,0,2,9,4.5,0,50,28,423,15.11,7,0,0,7,,,-58.6,149,FullWi01
P0965,2017,153,Terrance Williams,WR,62,DAL,28,16,14,0,0,111.3,0,0,0,0,0,2,15,7.5,0,78,53,568,10.72,0,0,0,0,,,-60.5,151,WillTe01
P1037,2017,154,Chris Hogan,WR,63,NWE,30,9,7,0,0,109.6,0,0,0,0,0,3,17,5.67,0,59,34,439,12.91,5,0,0,5,,,-62.2,152,HogaCh00
P1213,2017,155,Samaje Perine,RB,43,WAS,22,16,8,0,0,108.5,0,0,0,0,0,175,603,3.45,1,24,22,182,8.27,1,2,2,2,,,-63.0,153,PeriSa00
P0795,2017,156,LeGarrette Blount,RB,44,PHI,31,16,11,0,0,107.6,0,0,0,0,0,173,766,4.43,2,8,8,50,6.25,1,1,1,3,1,,-63.9,157,BlouLe00
P1214,2017,157,Austin Ekeler,RB,45,LAC,22,16,0,0,0,106.9,0,0,0,0,0,47,260,5.53,2,35,27,279,10.33,3,2,2,5,,,-64.6,159,EkelAu00
P1215,2017,158,George Kittle,TE,19,SFO,24,15,7,0,0,106.5,0,0,0,0,0,0,0,,0,63,43,515,11.98,2,0,0,2,,,-36.6,117,KittGe00
P1189,2017,159,Deonte Thompson,WR,64,2TM,28,16,10,0,0,105.0,0,0,0,0,0,2,-5,-2.5,0,69,38,555,14.61,2,1,0,2,,,-66.8,163,ThomDe04
P1216,2017,160,Wayne Gallman,RB,46,NYG,23,13,1,0,0,104.9,0,0,0,0,0,111,476,4.29,0,48,34,193,5.68,1,3,1,1,,,-66.6,162,GallWa00
P1217,2017,161,Matt Breida,RB,47,SFO,22,16,0,0,0,103.5,0,0,0,0,0,105,465,4.43,2,36,21,180,8.57,1,1,0,3,,,-68.0,164,BreiMa00
P1218,2017,162,Marlon Mack,RB,48,IND,21,14,0,0,0,103.3,0,0,0,0,0,93,358,3.85,3,33,21,225,10.71,1,1,0,4,,,-68.2,165,MackMa00
P1219,2017,163,Jaron Brown,WR,65,ARI,27,16,8,0,0,102.7,0,0,0,0,0,0,0,,0,69,31,477,15.39,4,0,0,4,,,-69.1,166,BrowJa03
P0464,2017,164,Carson Palmer,QB,32,ARI,38,7,7,0,0,102.3,164,267,1978,9,7,14,12,0.86,0,0,0,0,,0,2,0,0,,,-158.4,244,PalmCa00
P0733,2017,165,Jeremy Maclin,WR,66,BAL,29,12,12,0,0,102.0,0,0,0,0,0,0,0,,0,72,40,440,11,3,0,0,3,,,-69.8,167,MaclJe00
P1121,2017,166,Austin Seferian-Jenkins,TE,20,NYJ,25,13,10,0,0,101.7,0,0,0,0,0,0,0,,0,74,50,357,7.14,3,1,1,3,,,-41.4,123,SefeAu00
P1220,2017,167,O.J. Howard,TE,21,TAM,23,14,14,0,0,101.2,0,0,0,0,0,0,0,,0,39,26,432,16.62,6,3,2,6,,,-41.9,127,HowaO.00
P1021,2017,168,Allen Hurns,WR,67,JAX,26,10,8,0,0,99.4,0,0,0,0,0,0,0,,0,56,39,484,12.41,2,0,0,2,,,-72.4,168,HurnAl01
P1173,2017,169,Jesse James,TE,22,PIT,23,16,14,0,0,98.2,0,0,0,0,0,0,0,,0,63,43,372,8.65,3,0,0,3,,,-44.9,129,JameJe00
P0957,2017,170,Julius Thomas,TE,23,MIA,29,14,12,0,0,97.8,0,0,0,0,0,0,0,,0,62,41,388,9.46,3,1,0,3,,,-45.3,130,ThomJu00
P1221,2017,171,J.D. McKissic,WR,68,SEA,24,13,1,0,0,97.3,0,0,0,0,0,46,187,4.07,1,46,34,266,7.82,2,0,0,3,,,-74.5,170,McKiJ.00
P1222,2017,172,Trent Taylor,WR,69,SFO,23,15,1,0,0,96.0,0,0,0,0,0,0,0,,0,60,43,430,10,2,1,1,2,,,-75.8,172,TaylTr02
P1223,2017,173,David Njoku,TE,24,CLE,21,16,5,0,0,94.7,0,0,0,0,0,1,1,1,0,60,32,386,12.06,4,0,0,4,,,-48.4,136,NjokDa00
P1224,2017,174,Kenny Golladay,WR,70,DET,24,11,5,0,0,94.6,0,0,0,0,0,1,9,9,0,48,28,477,17.04,3,0,0,3,,,-77.2,173,GollKe00
P1150,2017,175,JJ Nelson,WR,71,ARI,25,16,5,0,0,93.5,0,0,0,0,0,3,37,12.33,0,61,29,508,17.52,2,1,1,2,,,-78.3,175,NelsJJ00
P1225,2017,176,Chris Godwin,WR,72,TAM,21,16,2,0,0,92.5,0,0,0,0,0,0,0,,0,55,34,525,15.44,1,0,0,1,,,-79.3,178,GodwCh00
P1226,2017,177,Corey Clement,RB,49,PHI,23,16,0,0,0,92.4,0,0,0,0,0,74,321,4.34,4,15,10,123,12.3,2,0,0,6,1,,-79.1,176,ClemCo00
P1227,2017,178,Rod Smith,RB,50,DAL,25,15,1,0,0,92.4,0,0,0,0,0,55,232,4.22,4,23,19,202,10.63,1,0,0,5,,,-79.1,177,SmitRo06
P1149,2017,179,Ty Montgomery,RB,51,GNB,24,8,5,0,0,91.6,0,0,0,0,0,71,273,3.85,3,31,23,173,7.52,1,0,0,4,,,-79.9,180,MontTy01
P0988,2017,180,Cole Beasley,WR,73,DAL,28,15,4,0,0,91.4,0,0,0,0,0,0,0,,0,63,36,314,8.72,4,0,0,4,,,-80.4,182,BeasCo00
P1148,2017,181,Devontae Booker,RB,52,DEN,25,13,0,0,0,91.4,0,0,0,0,0,79,299,3.78,1,38,30,275,9.17,0,2,1,1,,,-80.1,181,BookDe00
P0842,2017,182,Torrey Smith,WR,74,PHI,28,16,14,0,0,90.7,0,0,0,0,0,1,-3,-3,0,67,36,430,11.94,2,0,0,2,,,-81.1,183,SmitTo02
P1104,2017,183,Seth Roberts,WR,75,OAK,26,15,7,0,0,90.5,0,0,0,0,0,0,0,,0,65,43,455,10.58,1,2,2,1,,,-81.3,184,RobeSe00
P0736,2017,184,Pierre Garcon,WR,76,SFO,31,8,8,0,0,90.0,0,0,0,0,0,0,0,,0,67,40,500,12.5,0,0,0,0,,,-81.8,185,GarcPi00
P1228,2017,185,Roger Lewis,WR,77,NYG,24,15,8,0,0,89.6,0,0,0,0,0,0,0,,0,72,36,416,11.56,2,0,0,2,,,-82.2,186,LewiRo03
P1229,2017,186,C.J. Beathard,QB,33,SFO,24,7,5,0,0,88.8,123,224,1430,4,6,26,136,5.23,3,0,0,0,,0,3,2,3,,,-171.9,245,BeatC.00
P1230,2017,187,Jimmy Garoppolo,QB,34,SFO,26,6,5,0,0,87.9,120,178,1560,7,5,15,11,0.73,1,1,1,-6,-6,0,1,0,1,,,-172.8,246,GaroJi00
P0642,2017,188,Marcedes Lewis,TE,25,JAX,33,16,16,0,0,87.8,0,0,0,0,0,0,0,,0,48,24,318,13.25,5,0,0,5,1,,-55.3,145,LewiMa00
P1087,2017,189,T.J. Yeldon,RB,53,JAX,24,10,0,0,0,87.7,0,0,0,0,0,49,253,5.16,2,41,30,224,7.47,0,2,1,2,,,-83.8,190,YeldT.00
P0962,2017,190,Andre Ellington,RB,54,2TM,28,12,2,0,0,87.4,0,0,0,0,0,20,55,2.75,1,59,39,369,9.46,0,0,0,1,,,-84.1,191,ElliAn00
P1160,2017,191,Jalen Richard,RB,55,OAK,24,16,1,0,0,86.1,0,0,0,0,0,56,275,4.91,1,36,27,256,9.48,1,8,3,2,,,-85.4,194,RichJa01
P0963,2017,192,Cordarrelle Patterson,WR,78,OAK,26,16,2,0,0,86.0,0,0,0,0,0,13,121,9.31,2,42,31,309,9.97,0,3,0,2,,,-85.8,195,PattCo00
P1231,2017,193,Peyton Barber,RB,56,TAM,23,16,4,0,0,85.7,0,0,0,0,0,108,423,3.92,3,19,16,114,7.13,0,2,1,3,,,-85.8,196,BarbPe01
P1175,2017,194,DeAndre Washington,RB,57,OAK,24,15,0,0,0,85.0,0,0,0,0,0,57,153,2.68,2,45,34,197,5.79,1,2,1,3,,,-86.5,197,WashDe00
P0806,2017,195,Chris Ivory,RB,58,JAX,29,14,3,0,0,84.7,0,0,0,0,0,112,382,3.41,1,28,21,175,8.33,1,2,2,2,,,-86.8,198,IvorCh00
P0936,2017,196,Shane Vereen,RB,59,NYG,28,16,0,0,0,83.7,0,1,0,0,1,45,164,3.64,0,53,44,253,5.75,0,0,0,0,,,-87.8,199,VereSh00
P1232,2017,197,Bennie Fowler,WR,79,DEN,26,16,4,0,0,82.0,0,0,0,0,0,0,0,,0,56,29,350,12.07,3,1,0,3,,,-89.8,200,FowlBe00
P1036,2017,198,Taylor Gabriel,WR,80,ATL,26,16,4,0,0,81.7,0,0,0,0,0,8,49,6.13,0,51,33,378,11.45,1,0,0,1,,,-90.1,201,GabrTa00
P1233,2017,199,Aaron Jones,RB,60,GNB,23,12,4,0,0,80.0,0,0,0,0,0,81,448,5.53,4,18,9,22,2.44,0,0,0,4,,,-91.5,202,JoneAa00
P1181,2017,200,Trey Burton,TE,26,PHI,26,15,1,0,0,79.8,0,0,0,0,0,0,0,,0,31,23,248,10.78,5,0,0,5,1,,-63.3,154,BurtTr01
P0850,2017,201,Ed Dickson,TE,27,CAR,30,16,12,0,0,79.7,0,0,0,0,0,0,0,,0,48,30,437,14.57,1,0,0,1,,,-63.4,155,DickEd00
P0427,2017,202,Antonio Gates,TE,28,LAC,37,16,4,0,0,79.6,0,0,0,0,0,0,0,,0,52,30,316,10.53,3,0,0,3,,,-63.5,156,GateAn00
P0618,2017,203,Adrian Peterson,RB,61,2TM,32,10,7,0,0,78.9,0,0,0,0,0,156,529,3.39,2,19,11,70,6.36,0,3,2,2,,,-92.6,204,PeteAd01
P1176,2017,204,Garrett Celek,TE,29,SFO,29,16,13,0,0,78.6,0,0,0,0,0,0,0,,0,33,21,336,16,4,0,0,4,,,-64.5,158,CeleGa00
P1234,2017,205,T.J. Jones,WR,81,DET,25,14,6,0,0,77.9,0,0,0,0,0,0,0,,0,49,30,399,13.3,1,1,0,1,1,,-93.9,205,JoneT.00
P0800,2017,206,Jermaine Gresham,TE,30,ARI,29,14,14,0,0,77.2,0,0,0,0,0,0,0,,0,46,33,322,9.76,2,0,0,2,,,-65.9,160,GresJe00
P1042,2017,207,Donte Moncrief,WR,82,IND,24,12,8,0,0,77.1,0,0,0,0,0,0,0,,0,47,26,391,15.04,2,0,0,2,,,-94.7,206,MoncDo00
P1235,2017,208,Seth Devalve,TE,31,CLE,24,16,4,0,0,76.5,0,0,0,0,0,0,0,,0,58,33,395,11.97,1,1,1,1,,,-66.6,161,DevaSe00
P1236,2017,209,Elijah McGuire,RB,62,NYJ,23,16,2,0,0,76.2,0,0,0,0,0,88,315,3.58,1,26,17,177,10.41,1,2,2,2,1,,-95.3,207,McGuEl00
P0890,2017,210,Doug Martin,RB,63,TAM,28,11,8,0,0,76.0,0,0,0,0,0,138,406,2.94,3,18,9,84,9.33,0,1,1,3,1,,-95.5,208,MartDo00
P1237,2017,211,Bruce Ellington,WR,83,HOU,26,11,6,0,0,75.7,0,0,0,0,0,3,17,5.67,0,57,29,330,11.38,2,1,0,2,,,-96.1,209,ElliBr00
P1007,2017,212,Odell Beckham Jr.,WR,84,NYG,25,4,2,0,0,74.0,0,0,0,0,0,1,8,8,0,41,25,302,12.08,3,0,0,3,,,-97.8,210,BeckOd00
P0559,2017,213,Ryan Fitzpatrick,QB,35,TAM,35,6,3,0,0,73.9,96,163,1103,7,3,15,78,5.2,0,0,0,0,,0,0,0,0,,,-186.8,247,FitzRy00
P1115,2017,214,Brandon Coleman,WR,85,NOR,25,16,6,0,0,73.4,0,0,0,0,0,0,0,,0,37,23,364,15.83,3,2,2,3,,,-98.4,213,ColeBr00
P1075,2017,215,Charles Sims,RB,64,TAM,27,16,0,0,0,73.4,0,0,0,0,0,21,95,4.52,0,47,35,249,7.11,1,1,1,1,,,-98.1,211,SimsCh00
P1092,2017,216,Charcandrick West,RB,65,KAN,26,13,0,0,0,73.2,0,0,0,0,0,18,72,4,2,34,27,150,5.56,2,1,0,4,,,-98.3,212,WestCh01
P0894,2017,217,Alfred Morris,RB,66,DAL,29,14,5,0,0,72.2,0,0,0,0,0,115,547,4.76,1,9,7,45,6.43,0,0,0,1,,,-99.3,214,MorrAl00
P1238,2017,218,Zay Jones,WR,86,BUF,22,15,10,0,0,70.6,0,0,0,0,0,0,0,,0,74,27,316,11.7,2,0,0,2,,,-101.2,215,JoneZa00
P1023,2017,219,John Brown,WR,87,ARI,27,10,5,0,0,69.9,0,0,0,0,0,1,10,10,0,55,21,299,14.24,3,0,0,3,,,-101.9,216,BrowJo02
P1110,2017,220,Kyle Juszczyk,FB,1,SFO,26,14,10,1,0,69.6,0,0,0,0,0,7,31,4.43,0,42,33,315,9.55,1,2,2,1,,,-101.9,217,JuszKy00
P1239,2017,221,Corey Davis,WR,88,TEN,22,11,9,0,0,69.5,0,0,0,0,0,0,0,,0,65,34,375,11.03,0,1,1,0,,,-102.3,218,DaviCo03
P1158,2017,222,Mike Gillislee,RB,67,NWE,27,9,2,0,0,68.8,0,0,0,0,0,104,383,3.68,5,1,1,15,15,0,1,1,5,,,-102.7,219,GillMi00
P1240,2017,223,Rashard Higgins,WR,89,CLE,23,15,4,0,0,68.6,0,0,0,0,0,1,4,4,0,50,27,312,11.56,2,1,1,2,,,-103.2,221,HiggRa00
P1190,2017,224,Josh Bellamy,WR,90,CHI,28,15,7,0,0,68.2,0,0,0,0,0,1,6,6,0,46,24,376,15.67,1,0,0,1,,,-103.6,222,BellJo02
P1099,2017,225,Brock Osweiler,QB,36,DEN,27,6,4,0,0,67.9,96,172,1088,5,5,14,64,4.57,1,0,0,0,,0,2,1,1,,2,-192.8,248,OsweBr00
P1241,2017,226,Kerwynn Williams,RB,68,ARI,26,16,6,0,0,67.9,0,0,0,0,0,120,426,3.55,1,15,10,93,9.3,0,0,0,1,,,-103.6,223,WillKe05
P0703,2017,227,Jamaal Charles,RB,69,DEN,31,14,0,0,0,67.5,0,0,0,0,0,69,296,4.29,1,28,23,129,5.61,0,2,2,1,,,-104.0,224,CharJa00
P1242,2017,228,Dede Westbrook,WR,91,JAX,24,7,5,0,0,66.9,0,0,0,0,0,0,0,,0,51,27,339,12.56,1,1,0,1,,,-104.9,225,WestDe00
P1243,2017,229,Chris Moore,WR,92,BAL,24,13,4,0,0,65.9,0,0,0,0,0,2,-9,-4.5,0,38,18,248,13.78,3,0,0,4,,,-105.9,226,MoorCh00
P1171,2017,230,Corey Coleman,WR,93,CLE,23,9,8,0,0,65.5,0,0,0,0,0,0,0,,0,58,23,305,13.26,2,0,0,2,,,-106.3,228,ColeCo00
P1244,2017,231,Dalvin Cook,RB,70,MIN,22,4,4,0,0,65.4,0,0,0,0,0,74,354,4.78,2,16,11,90,8.18,0,1,1,2,,,-106.1,227,CookDa01
P1108,2017,232,Dontrelle Inman,WR,94,2TM,28,12,7,0,0,65.3,0,0,0,0,0,0,0,,0,44,25,343,13.72,1,0,0,1,,,-106.5,229,InmaDo00
P1245,2017,233,Stephen Anderson,TE,32,HOU,24,15,5,0,0,65.2,0,0,0,0,0,0,0,,0,52,25,342,13.68,1,0,0,1,,,-77.9,174,AndeSt01
P1074,2017,234,Brice Butler,WR,95,DAL,27,13,0,0,0,64.7,0,0,0,0,0,0,0,,0,23,15,317,21.13,3,0,0,3,,,-107.1,230,ButlBr00
P1246,2017,235,Nick O'Leary,RB,71,BUF,25,15,5,0,0,64.2,0,0,0,0,0,0,0,,0,32,22,322,14.64,2,1,1,2,,,-107.3,231,OLeaNi00
P1020,2017,236,Brian Hoyer,QB,37,2TM,32,11,6,0,0,63.9,123,211,1287,4,4,9,4,0.44,1,0,0,0,,0,3,1,1,,,-196.8,249,HoyeBr00
P0939,2017,237,Coby Fleener,TE,33,NOR,29,11,1,0,0,63.5,0,0,0,0,0,0,0,,0,30,22,295,13.41,2,0,0,2,,,-79.6,179,FleeCo00
P1247,2017,238,Ricardo Louis,WR,96,CLE,23,16,9,0,0,62.7,0,0,0,0,0,0,0,,0,61,27,357,13.22,0,0,0,0,,,-109.1,232,LouiRi00
P1248,2017,239,Cody Latimer,WR,97,DEN,25,11,1,0,0,61.7,0,0,0,0,0,0,0,,0,31,19,287,15.11,2,1,0,2,1,,-110.1,233,LatiCo00
P0855,2017,240,Blaine Gabbert,QB,38,ARI,28,5,5,0,0,61.6,95,171,1086,6,6,22,82,3.73,0,0,0,0,,0,7,2,0,,1,-199.1,250,GabbBl00
P1249,2017,241,Tyler Higbee,TE,34,LAR,24,16,16,0,0,60.5,0,0,0,0,0,0,0,,0,45,25,295,11.8,1,0,0,1,,,-82.6,187,HigbTy00
P1250,2017,242,Tavarres King,WR,98,NYG,27,8,3,0,0,60.3,0,0,0,0,0,2,3,1.5,0,37,18,240,13.33,3,0,0,3,,,-111.5,234,KingTa00
P0976,2017,243,Jordan Reed,TE,35,WAS,27,6,5,0,0,60.1,0,0,0,0,0,0,0,,0,35,27,211,7.81,2,1,0,2,,,-83.0,188,ReedJo02
P1185,2017,244,Justin Hardy,WR,99,ATL,26,16,1,0,0,60.1,0,0,0,0,0,0,0,,0,29,20,221,11.05,3,1,0,3,,,-111.7,235,HardJu00
P1170,2017,245,Damien Williams,RB,72,MIA,25,11,4,0,0,59.6,0,0,0,0,0,46,181,3.93,0,28,20,155,7.75,1,0,0,1,,,-111.9,236,WillDa05
P1251,2017,246,Rhett Ellison,TE,36,NYG,29,16,14,0,0,59.5,0,0,0,0,0,0,0,,0,32,24,235,9.79,2,0,0,2,,,-83.6,189,ElliRh00
P0787,2017,247,Danny Woodhead,RB,73,BAL,32,8,0,0,0,58.6,0,0,0,0,0,14,56,4,0,39,33,200,6.06,0,0,0,0,,,-112.9,237,WoodDa02
P0711,2017,248,Martellus Bennett,TE,37,2TM,30,9,7,0,0,58.6,0,0,0,0,0,0,0,,0,44,30,286,9.53,0,0,0,0,,,-84.5,192,BennMa00
P1252,2017,249,Chester Rogers,WR,100,IND,23,11,4,0,0,58.2,0,0,0,0,0,3,8,2.67,0,37,23,284,12.35,1,0,0,1,,,-113.6,238,RogeCh02
P0744,2017,250,Kenny Britt,WR,101,2TM,29,12,4,0,0,57.6,0,0,0,0,0,0,0,,0,43,20,256,12.8,2,0,0,2,,,-114.2,239,BritKe00
P1253,2018,1,Patrick Mahomes,QB,1,KAN,23,16,16,1,1,417.1,383,580,5097,50,12,60,272,4.53,2,0,0,0,,0,9,2,2,1,,131.2,14,MahoPa00
P1254,2018,2,Saquon Barkley,RB,1,NYG,21,16,16,1,0,385.8,0,0,0,0,0,261,1307,5.01,11,121,91,721,7.92,4,0,0,15,1,,205.8,1,BarkSa00
P1195,2018,3,Christian McCaffrey,RB,2,CAR,22,16,16,0,0,385.5,1,1,50,1,0,219,1098,5.01,7,124,107,867,8.1,6,4,1,13,,,205.5,2,McCaCh01
P1082,2018,4,Todd Gurley,RB,3,LAR,24,14,14,1,1,372.1,0,0,0,0,0,256,1251,4.89,17,81,59,580,9.83,4,1,1,21,3,,192.1,3,GurlTo01
P0679,2018,5,Matt Ryan,QB,2,ATL,33,16,16,0,0,355.0,422,608,4924,35,7,33,125,3.79,3,1,1,5,5,1,10,5,4,,2,69.1,26,RyanMa00
P1191,2018,6,Alvin Kamara,RB,4,NOR,23,15,13,1,0,354.2,0,0,0,0,0,194,883,4.55,14,105,81,709,8.75,4,1,0,18,3,,174.2,4,KamaAl00
P0462,2018,7,Ben Roethlisberger,QB,3,PIT,36,16,16,0,0,341.9,452,675,5129,34,16,31,98,3.16,3,1,1,-1,-1,0,7,2,3,,4,56.0,32,RoetBe00
P1137,2018,8,Tyreek Hill,WR,1,KAN,24,16,16,1,1,334.0,0,0,0,0,0,22,151,6.86,1,137,87,1479,17,12,0,0,14,,,151.5,6,HillTy00
P0968,2018,9,DeAndre Hopkins,WR,2,HOU,26,16,16,1,1,333.5,0,1,0,0,0,1,-7,-7,0,163,115,1572,13.67,11,2,2,11,,,151.0,7,HopkDe00
P1202,2018,10,Deshaun Watson,QB,4,HOU,23,16,16,1,0,331.7,345,505,4165,26,9,99,551,5.57,5,0,0,0,,0,9,3,5,,,45.8,36,WatsDe00
P1039,2018,11,Davante Adams,WR,3,GNB,26,15,15,1,0,329.6,0,0,0,0,0,0,0,,0,169,111,1386,12.49,13,0,0,13,1,,147.1,10,AdamDa01
P1133,2018,12,Ezekiel Elliott,RB,5,DAL,23,15,15,1,0,329.1,0,0,0,0,0,304,1434,4.72,6,95,77,567,7.36,3,6,1,9,,,149.1,8,ElliEz00
P0892,2018,13,Andrew Luck,QB,5,IND,29,16,16,1,0,327.9,430,639,4593,39,15,46,148,3.22,0,2,1,4,4,0,6,1,0,,2,42.0,38,LuckAn00
P0841,2018,14,Julio Jones,WR,4,ATL,29,16,16,1,0,325.9,0,0,0,0,0,2,12,6,0,170,113,1677,14.84,8,2,2,8,,,143.4,11,JoneJu02
P0840,2018,15,Antonio Brown,WR,5,PIT,30,15,15,1,0,323.7,0,1,0,0,0,0,0,,0,168,104,1297,12.47,15,0,0,15,,,141.2,12,BrowAn04
P1135,2018,16,Michael Thomas,WR,6,NOR,25,16,16,1,1,315.5,0,0,0,0,0,0,0,,0,147,125,1405,11.24,9,2,2,9,,,133.0,13,ThomMi05
P0671,2018,17,Aaron Rodgers,QB,6,GNB,35,16,16,1,0,312.6,372,597,4442,25,2,43,269,6.26,2,0,0,0,,0,6,3,2,1,2,26.7,44,RodgAa00
P1193,2018,18,Jared Goff,QB,7,LAR,24,16,16,1,0,310.3,364,561,4688,32,12,43,108,2.51,2,0,0,0,,0,12,5,2,,3,24.4,48,GoffJa00
P1141,2018,19,Adam Thielen,WR,7,MIN,28,16,16,1,0,307.3,0,0,0,0,0,5,30,6,0,153,113,1373,12.15,9,1,1,9,1,,124.8,16,ThieAd00
P0340,2018,20,Drew Brees,QB,8,NOR,39,15,15,1,0,305.0,364,489,3992,32,5,31,22,0.71,4,1,1,1,1,0,5,1,4,,1,19.1,52,BreeDr00
P0891,2018,21,Russell Wilson,QB,9,SEA,30,16,16,1,0,299.4,280,427,3448,35,7,67,376,5.61,0,1,1,-11,-11,0,10,2,0,,1,13.5,58,WilsRu00
P1197,2018,22,JuJu Smith-Schuster,WR,8,PIT,22,16,13,1,0,296.9,0,0,0,0,0,1,13,13,0,166,111,1426,12.85,7,1,1,7,1,,114.4,17,SmitJu00
P1016,2018,23,Travis Kelce,TE,1,KAN,29,16,16,1,1,294.6,0,0,0,0,0,0,0,,0,150,103,1336,12.97,10,2,1,10,,,161.6,5,KelcTr00
P1008,2018,24,Mike Evans,WR,9,TAM,25,16,16,1,0,290.4,0,0,0,0,0,0,0,,0,138,86,1524,17.72,8,2,1,9,,,107.9,18,EvanMi00
P1134,2018,25,Dak Prescott,QB,10,DAL,25,16,16,1,0,285.9,356,526,3885,22,8,75,305,4.07,6,1,0,0,,0,12,6,6,1,1,0.0,67,PresDa01
P0566,2018,26,Philip Rivers,QB,11,LAC,37,16,16,1,0,285.0,347,508,4308,32,12,18,7,0.39,0,0,0,0,,0,2,1,0,,5,-0.9,72,RivePh00
P1047,2018,27,Kirk Cousins,QB,12,MIN,30,16,16,0,0,283.1,425,606,4298,30,10,44,123,2.8,1,1,1,-1,-1,0,9,7,1,,3,-2.8,77,CousKi00
P0836,2018,28,Cam Newton,QB,13,CAR,29,14,14,0,0,282.6,320,471,3395,24,13,101,488,4.83,4,0,0,0,,0,6,0,4,,2,-3.3,79,NewtCa00
P0260,2018,29,Tom Brady,QB,14,NWE,41,16,16,1,0,281.3,375,570,4355,29,11,23,35,1.52,2,1,1,6,6,0,4,2,2,,,-4.6,80,BradTo00
P0981,2018,30,Zach Ertz,TE,2,PHI,28,16,16,1,0,280.3,0,0,0,0,0,0,0,,0,156,116,1163,10.03,8,1,0,8,,,147.3,9,ErtzZa00
P1255,2018,31,James Conner,RB,6,PIT,23,13,12,1,0,280.0,0,0,0,0,0,215,973,4.53,12,71,55,497,9.04,1,4,2,13,2,,100.0,19,ConnJa00
P1096,2018,32,James White,RB,7,NWE,26,16,3,0,0,276.6,0,0,0,0,0,94,425,4.52,5,123,87,751,8.63,7,0,0,12,,,96.6,20,WhitJa02
P1105,2018,33,Melvin Gordon,RB,8,LAC,25,12,12,1,0,275.5,0,0,0,0,0,175,885,5.06,10,66,50,490,9.8,4,1,0,14,2,,95.5,21,GordMe00
P1088,2018,34,Stefon Diggs,WR,10,MIN,25,15,14,0,0,266.3,0,0,0,0,0,10,62,6.2,0,149,102,1021,10.01,9,0,0,9,1,,83.8,23,DiggSt00
P0975,2018,35,Robert Woods,WR,11,LAR,26,16,16,0,0,265.6,0,0,0,0,0,19,157,8.26,1,130,86,1219,14.17,6,0,0,7,,,83.1,24,WoodRo02
P1208,2018,36,Mitchell Trubisky,QB,15,CHI,24,14,14,1,0,263.0,289,434,3223,24,12,68,421,6.19,3,0,0,0,,0,6,3,3,,4,-22.9,94,TrubMi00
P0955,2018,37,Keenan Allen,WR,12,LAC,26,16,14,1,0,260.1,0,0,0,0,0,9,75,8.33,0,136,97,1196,12.33,6,3,1,6,1,,77.6,25,AlleKe00
P1215,2018,38,George Kittle,TE,3,SFO,25,16,16,1,0,258.7,0,0,0,0,0,1,10,10,0,136,88,1377,15.65,5,0,0,5,1,,125.7,15,KittGe00
P1079,2018,39,David Johnson,RB,9,ARI,27,16,16,0,0,246.6,0,0,0,0,0,258,940,3.64,7,76,50,446,8.92,3,3,2,10,1,,66.6,27,JohnDa08
P1206,2018,40,Joe Mixon,RB,10,CIN,22,14,13,0,0,243.4,0,0,0,0,0,237,1168,4.93,8,55,43,296,6.88,1,0,0,9,,,63.4,28,MixoJo00
P1026,2018,41,Brandin Cooks,WR,13,LAR,25,16,16,0,0,243.2,0,0,0,0,0,10,68,6.8,1,117,80,1204,15.05,5,1,0,6,,,60.7,29,CookBr00
P1256,2018,42,Baker Mayfield,QB,16,CLE,23,14,13,0,0,240.1,310,486,3725,27,14,39,131,3.36,0,1,0,0,,0,7,3,0,1,1,-45.8,121,MayfBa00
P0499,2018,43,Eli Manning,QB,17,NYG,37,16,16,0,0,240.0,380,576,4299,21,11,15,20,1.33,1,0,0,0,,0,7,4,1,,3,-45.9,122,MannEl00
P0897,2018,44,T.Y. Hilton,WR,14,IND,29,14,14,0,0,239.0,0,0,0,0,0,0,0,,0,120,76,1270,16.71,6,0,0,6,,,56.5,31,HiltT.00
P1203,2018,45,Tarik Cohen,RB,11,CHI,23,16,7,1,1,233.9,1,1,1,1,0,99,444,4.48,3,91,71,725,10.21,5,7,3,8,,,53.9,33,CoheTa00
P1007,2018,46,Odell Beckham Jr.,WR,15,NYG,26,12,12,0,0,230.3,2,2,106,2,0,5,19,3.8,0,124,77,1052,13.66,6,2,1,6,,,47.8,35,BeckOd00
P1192,2018,47,Kareem Hunt,RB,12,KAN,23,11,11,0,0,230.2,0,0,0,0,0,181,824,4.55,7,35,26,378,14.54,7,0,0,14,,,50.2,34,HuntKa00
P1257,2018,48,Phillip Lindsay,RB,13,DEN,24,15,8,1,0,222.8,0,0,0,0,0,192,1037,5.4,9,47,35,241,6.89,1,0,0,10,,,42.8,37,LindPh00
P1084,2018,49,Tyler Lockett,WR,16,SEA,26,16,14,0,0,222.4,0,0,0,0,0,13,69,5.31,0,70,57,965,16.93,10,2,0,10,1,,39.9,39,LockTy00
P1093,2018,50,Eric Ebron,TE,4,IND,25,16,8,1,0,222.2,0,1,0,0,0,3,-8,-2.67,1,110,66,750,11.36,13,1,1,14,,,89.2,22,EbroEr00
P1159,2018,51,Tyler Boyd,WR,17,CIN,24,14,14,0,0,221.1,0,1,0,0,0,2,3,1.5,0,108,76,1028,13.53,7,0,0,7,,,38.6,40,BoydTy00
P1017,2018,52,Jarvis Landry,WR,18,CLE,26,16,14,1,0,217.1,1,2,63,0,0,3,60,20,1,149,81,976,12.05,4,1,1,5,,1,34.6,41,LandJa00
P1015,2018,53,Derek Carr,QB,18,OAK,27,16,16,0,0,216.8,381,553,4049,19,10,24,47,1.96,1,1,1,-9,-9,0,12,7,1,,1,-69.1,160,CarrDe02
P1080,2018,54,Amari Cooper,WR,19,2TM,24,15,15,1,0,215.5,0,0,0,0,0,2,20,10,0,107,75,1005,13.4,7,2,2,7,,,33.0,42,CoopAm00
P0982,2018,55,Case Keenum,QB,19,DEN,30,16,16,0,0,214.9,365,586,3890,18,15,26,93,3.58,2,0,0,0,,0,11,2,2,,,-71.0,162,KeenCa00
P0745,2018,56,Matthew Stafford,QB,20,DET,30,16,16,0,0,212.2,367,555,3777,21,11,25,71,2.84,0,0,0,0,,0,6,4,0,,,-73.7,166,StafMa00
P1258,2018,57,Josh Allen,QB,21,BUF,22,12,11,0,0,208.1,169,320,2074,10,12,89,631,7.09,8,1,0,0,,0,8,2,8,,1,-77.8,171,AlleJo02
P0757,2018,58,Julian Edelman,WR,20,NWE,32,12,12,0,0,207.4,2,2,43,0,0,9,107,11.89,0,108,74,850,11.49,6,1,0,6,,,24.9,46,EdelJu00
P1224,2018,59,Kenny Golladay,WR,21,DET,25,15,13,0,0,207.1,0,0,0,0,0,1,8,8,0,119,70,1063,15.19,5,1,0,5,,,24.6,47,GollKe00
P1259,2018,60,Calvin Ridley,WR,22,ATL,24,16,5,0,0,206.8,0,0,0,0,0,6,27,4.5,0,92,64,821,12.83,10,2,1,10,,,24.3,49,RidlCa00
P1205,2018,61,Kenyan Drake,RB,14,MIA,24,16,7,0,0,206.2,0,0,0,0,0,120,535,4.46,4,73,53,477,9,5,2,1,9,,,26.2,45,DrakKe00
P1260,2018,62,Chris Carson,RB,15,SEA,24,14,14,0,0,201.4,0,0,0,0,0,247,1151,4.66,9,24,20,163,8.15,0,3,2,9,,,21.4,50,CarsCh00
P1162,2018,63,Derrick Henry,RB,16,TEN,24,16,12,0,0,201.4,2,3,14,0,0,215,1059,4.93,12,18,15,99,6.6,0,1,1,12,,,21.4,51,HenrDe00
P0818,2018,64,Emmanuel Sanders,WR,23,DEN,31,12,12,0,0,198.2,1,1,28,1,0,4,53,13.25,1,98,71,868,12.23,4,1,0,5,,,15.7,54,SandEm00
P1076,2018,65,Jameis Winston,QB,22,TAM,24,11,9,0,0,195.8,244,378,2992,19,14,49,281,5.73,1,0,0,0,,0,7,3,1,,,-90.1,189,WinsJa00
P1261,2018,66,Nick Chubb,RB,17,CLE,23,16,9,0,0,194.5,0,0,0,0,0,192,996,5.19,8,29,20,149,7.45,2,0,0,10,,,14.5,55,ChubNi00
P1140,2018,67,Carson Wentz,QB,23,PHI,26,11,11,0,0,193.7,279,401,3074,21,7,34,93,2.74,0,1,1,4,4,0,9,6,0,,1,-92.2,193,WentCa00
P0821,2018,68,Jared Cook,TE,5,OAK,31,16,14,1,0,193.6,0,0,0,0,0,0,0,,0,101,68,896,13.18,6,0,0,6,,,60.6,30,CookJa02
P1143,2018,69,Tevin Coleman,RB,18,ATL,25,16,14,0,0,193.6,0,0,0,0,0,167,800,4.79,4,44,32,276,8.63,5,2,0,9,,,13.6,57,ColeTe01
P0618,2018,70,Adrian Peterson,RB,19,WAS,33,16,16,0,0,189.0,0,0,0,0,0,251,1042,4.15,7,26,20,208,10.4,1,3,2,8,,,9.0,60,PeteAd01
P1153,2018,71,Adam Humphries,WR,24,TAM,25,16,10,0,0,188.7,0,0,0,0,0,2,11,5.5,0,105,76,816,10.74,5,2,0,5,,,6.2,61,HumpAd00
P0458,2018,72,Larry Fitzgerald,WR,25,ARI,35,16,16,0,0,185.7,1,1,32,1,0,0,0,,0,112,69,734,10.64,6,0,0,6,1,,3.2,62,FitzLa00
P0928,2018,73,Alshon Jeffery,WR,26,PHI,28,13,13,0,0,185.3,0,0,0,0,0,0,0,,0,92,65,843,12.97,6,1,0,6,,,2.8,63,JeffAl00
P1225,2018,74,Chris Godwin,WR,27,TAM,22,16,5,0,0,185.2,0,0,0,0,0,0,0,,0,95,59,842,14.27,7,4,1,7,1,,2.7,64,GodwCh00
P1239,2018,75,Corey Davis,WR,28,TEN,23,16,16,0,0,183.6,0,0,0,0,0,6,55,9.17,0,112,65,891,13.71,4,1,0,4,,,1.1,65,DaviCo03
P0864,2018,76,Golden Tate,WR,29,2TM,30,15,7,0,0,182.9,0,0,0,0,0,4,34,8.5,0,113,74,795,10.74,4,3,0,4,1,,0.4,66,TateGo00
P1144,2018,77,Sterling Shepard,WR,30,NYG,25,16,16,0,0,182.5,0,0,0,0,0,3,33,11,0,107,66,872,13.21,4,1,0,4,1,,0.0,69,ShepSt00
P0946,2018,78,Mohamed Sanu,WR,31,ATL,29,16,16,0,0,182.4,1,2,5,1,0,7,44,6.29,0,94,66,838,12.7,4,2,1,4,1,,-0.1,71,SanuMo00
P1262,2018,79,Mike Williams,WR,32,LAC,24,16,5,0,0,180.2,0,0,0,0,0,7,28,4,1,66,43,664,15.44,10,0,0,11,1,,-2.3,75,WillMi07
P1136,2018,80,Jordan Howard,RB,20,CHI,24,16,15,0,0,180.0,0,0,0,0,0,250,935,3.74,9,26,20,145,7.25,0,2,1,9,,,0.0,68,HowaJo00
P1242,2018,81,Dede Westbrook,WR,33,JAX,25,16,9,0,0,179.5,0,1,0,0,0,9,98,10.89,0,101,66,717,10.86,5,3,2,6,,,-3.0,78,WestDe00
P1218,2018,82,Marlon Mack,RB,21,IND,22,12,10,0,0,178.1,0,0,0,0,0,195,908,4.66,9,26,17,103,6.06,1,2,2,10,2,,-1.9,74,MackMa00
P1081,2018,83,Marcus Mariota,QB,24,TEN,25,14,13,0,0,175.9,228,331,2528,11,8,64,357,5.58,2,1,1,21,21,0,9,2,2,,,-110.0,216,MariMa01
P0839,2018,84,Andy Dalton,QB,25,CIN,31,11,11,0,0,174.5,226,365,2566,21,11,16,99,6.19,0,0,0,0,,0,1,0,0,,,-111.4,221,DaltAn00
P1019,2018,85,Blake Bortles,QB,26,JAX,26,13,12,0,0,173.2,243,403,2718,13,11,58,365,6.29,1,0,0,0,,0,8,4,1,,,-112.7,226,BortBl00
P1087,2018,86,T.J. Yeldon,RB,22,JAX,25,14,5,0,0,173.1,0,0,0,0,0,104,414,3.98,1,78,55,487,8.85,4,1,1,5,,,-6.9,82,YeldT.00
P0974,2018,87,Lamar Miller,RB,23,HOU,27,14,14,1,0,172.6,0,0,0,0,0,210,973,4.63,5,35,25,163,6.52,1,1,1,6,,,-7.4,83,MillLa01
P1233,2018,88,Aaron Jones,RB,24,GNB,24,12,8,0,0,171.4,0,0,0,0,0,133,728,5.47,8,35,26,206,7.92,1,1,1,9,,,-8.6,84,JoneAa00
P1214,2018,89,Austin Ekeler,RB,25,LAC,23,14,3,0,0,168.8,0,0,0,0,0,106,554,5.23,3,53,39,404,10.36,3,1,1,6,,,-11.2,85,EkelAu00
P1263,2018,90,Sam Darnold,QB,27,NYJ,21,13,13,0,0,168.4,239,414,2865,17,15,44,138,3.14,1,0,0,0,,0,5,2,1,,,-117.5,232,DarnSa00
P0559,2018,91,Ryan Fitzpatrick,QB,28,TAM,36,8,7,0,0,165.8,164,246,2366,17,12,36,152,4.22,2,0,0,0,,0,4,1,2,,1,-120.1,236,FitzRy00
P1174,2018,92,Nelson Agholor,WR,34,PHI,25,16,16,0,0,165.4,1,1,15,0,0,3,32,10.67,0,97,64,736,11.5,4,1,0,4,,,-17.1,88,AghoNe00
P1238,2018,93,Zay Jones,WR,35,BUF,23,16,15,0,0,165.2,0,1,0,0,0,1,0,0,0,102,56,652,11.64,7,1,0,7,1,,-17.3,89,JoneZa00
P1186,2018,94,Austin Hooper,TE,6,ATL,24,16,7,1,0,163.0,0,0,0,0,0,0,0,,0,88,71,660,9.3,4,0,0,4,1,,30.0,43,HoopAu00
P1217,2018,95,Matt Breida,RB,26,SFO,23,14,13,0,0,162.5,0,0,0,0,0,153,814,5.32,3,31,27,261,9.67,2,1,1,5,,,-17.5,90,BreiMa00
P1264,2018,96,Nyheim Hines,RB,27,IND,22,16,4,0,0,160.9,0,0,0,0,0,85,314,3.69,2,81,63,425,6.75,2,1,0,4,,,-19.1,91,HineNy00
P1097,2018,97,Dion Lewis,RB,28,TEN,28,16,7,0,0,160.7,0,0,0,0,0,155,517,3.34,1,67,59,400,6.78,1,1,1,2,,,-19.3,92,LewiDi00
P1265,2018,98,Lamar Jackson,QB,29,BAL,21,16,7,0,0,157.5,99,170,1201,6,3,147,695,4.73,5,2,0,0,,0,12,4,5,,,-128.4,241,JackLa00
P1266,2018,99,D.J. Moore,WR,36,CAR,21,16,10,0,0,157.0,0,0,0,0,0,13,172,13.23,0,82,55,788,14.33,2,4,3,2,,,-25.5,96,MoorD.00
P0830,2018,100,Demaryius Thomas,WR,37,2TM,31,15,15,0,0,156.7,0,0,0,0,0,0,0,,0,89,59,677,11.47,5,0,0,5,,,-25.8,97,ThomDe03
P0706,2018,101,Jordy Nelson,WR,38,OAK,33,15,14,0,0,156.7,0,0,0,0,0,1,-2,-2,0,88,63,739,11.73,3,1,0,3,1,,-25.8,98,NelsJo00
P1160,2018,102,Jalen Richard,RB,29,OAK,25,16,1,0,0,156.6,0,0,0,0,0,55,259,4.71,1,81,68,607,8.93,0,3,2,1,,,-23.4,95,RichJa01
P1161,2018,103,Robbie Chosen,WR,39,NYJ,25,14,9,0,0,156.4,0,0,0,0,0,2,-8,-4,0,94,50,752,15.04,6,2,2,6,,,-26.1,100,AndeRo04
P1032,2018,104,Allen Robinson,WR,40,CHI,25,13,12,0,0,153.3,0,0,0,0,0,1,9,9,0,94,55,754,13.71,4,1,1,4,,,-29.2,103,RobiAl02
P1244,2018,105,Dalvin Cook,RB,30,MIN,23,11,10,0,0,152.0,0,0,0,0,0,133,615,4.62,2,49,40,305,7.63,2,2,2,4,,,-28.0,101,CookDa01
P1036,2018,106,Taylor Gabriel,WR,41,CHI,27,16,11,0,0,151.9,0,0,0,0,0,9,61,6.78,0,93,67,688,10.27,2,1,1,2,,,-30.6,105,GabrTa00
P0880,2018,107,Kyle Rudolph,TE,7,MIN,29,16,16,0,0,151.4,0,0,0,0,0,0,0,,0,82,64,634,9.91,4,0,0,4,,,18.4,53,RudoKy00
P0682,2018,108,DeSean Jackson,WR,42,TAM,32,12,10,0,0,151.3,0,0,0,0,0,6,29,4.83,1,74,41,774,18.88,4,0,0,5,,,-31.2,106,JackDe00
P1231,2018,109,Peyton Barber,RB,31,TAM,24,16,16,0,0,150.3,0,0,0,0,0,234,871,3.72,5,29,20,92,4.6,1,1,1,6,,,-29.7,104,BarbPe01
P0988,2018,110,Cole Beasley,WR,43,DAL,29,16,4,0,0,150.2,0,1,0,0,0,0,0,,0,87,65,672,10.34,3,0,0,3,,,-32.3,107,BeasCo00
P0838,2018,111,A.J. Green,WR,44,CIN,30,9,9,0,0,149.4,0,0,0,0,0,0,0,,0,77,46,694,15.09,6,2,1,6,,,-33.1,108,GreeA.00
P1181,2018,112,Trey Burton,TE,8,CHI,27,16,16,0,0,147.1,0,0,0,0,0,1,2,2,0,76,54,569,10.54,6,1,1,6,1,,14.1,56,BurtTr01
P1223,2018,113,David Njoku,TE,9,CLE,22,16,14,0,0,143.9,0,0,0,0,0,0,0,,0,88,56,639,11.41,4,0,0,4,,,10.9,59,NjokDa00
P1023,2018,114,John Brown,WR,45,BAL,28,16,15,0,0,143.9,0,0,0,0,0,3,4,1.33,0,97,42,715,17.02,5,0,0,5,,,-38.6,110,BrowJo02
P0901,2018,115,Ryan Tannehill,QB,30,MIA,30,11,11,0,0,143.0,176,274,1979,17,9,32,145,4.53,0,1,1,3,3,1,5,4,1,,,-142.9,242,TannRy00
P0865,2018,116,Mark Ingram,RB,32,NOR,29,12,6,0,0,142.5,0,0,0,0,0,138,645,4.67,6,27,21,170,8.1,1,3,1,7,,,-37.5,109,IngrMa01
P0845,2018,117,Doug Baldwin,WR,46,SEA,30,13,13,0,0,141.8,0,0,0,0,0,0,0,,0,73,50,618,12.36,5,0,0,5,,,-40.7,114,BaldDo00
P1031,2018,118,Isaiah Crowell,RB,33,NYJ,25,13,6,0,0,140.7,0,0,0,0,0,143,685,4.79,6,28,21,152,7.24,0,0,0,6,,,-39.3,111,CrowIs00
P1267,2018,119,Kerryon Johnson,RB,34,DET,21,10,7,0,0,139.4,0,0,0,0,0,118,641,5.43,3,39,32,213,6.66,1,1,1,4,,,-40.6,113,JohnKe06
P1268,2018,120,Sony Michel,RB,35,NWE,23,13,8,0,0,139.1,0,0,0,0,0,209,931,4.45,6,11,7,50,7.14,0,1,1,6,,,-40.9,115,MichSo00
P0904,2018,121,Josh Gordon,WR,47,2TM,27,12,12,0,0,138.7,0,0,0,0,0,0,0,,0,71,41,737,17.98,4,0,0,4,,,-43.8,117,GordJo02
P0571,2018,122,Alex Smith,QB,31,WAS,34,10,10,0,0,138.0,205,328,2180,10,5,41,168,4.1,1,0,0,0,,0,6,1,1,,,-147.9,243,SmitAl03
P1138,2018,123,Tyrell Williams,WR,48,LAC,26,16,10,0,0,137.8,0,0,0,0,0,2,15,7.5,0,65,41,653,15.93,5,2,0,5,,,-44.7,118,WillTy00
P0681,2018,124,Joe Flacco,QB,32,BAL,33,9,9,0,0,137.1,232,379,2465,12,6,19,45,2.37,0,0,0,0,,0,3,1,0,,,-148.8,244,FlacJo00
P1269,2018,125,Curtis Samuel,WR,49,CAR,22,13,8,0,0,136.8,0,0,0,0,0,8,84,10.5,2,65,39,494,12.67,5,1,1,7,,,-45.7,119,SamuCu00
P1270,2018,126,Mike Davis,WR,50,SEA,25,15,2,0,0,136.8,0,0,0,0,0,112,514,4.59,4,42,34,214,6.29,1,0,0,5,,,-45.7,120,DaviMi01
P1271,2018,127,Courtland Sutton,WR,51,DEN,23,16,9,0,0,136.3,0,0,0,0,0,1,-1,-1,0,84,42,704,16.76,4,0,0,4,,,-46.2,124,SuttCo00
P1198,2018,128,Cooper Kupp,WR,52,LAR,25,8,8,0,0,135.1,0,0,0,0,0,4,25,6.25,0,55,40,566,14.15,6,0,0,6,,,-47.4,126,KuppCo00
P0973,2018,129,Kenny Stills,WR,53,MIA,26,15,15,0,0,134.4,1,1,3,1,0,0,0,,0,64,37,553,14.95,6,1,0,6,1,,-48.1,128,StilKe00
P1083,2018,130,Willie Snead,WR,54,BAL,26,16,10,0,0,134.4,0,0,0,0,0,1,13,13,0,95,62,651,10.5,1,0,0,1,,,-48.1,130,SneaWi00
P1118,2018,131,Vance McDonald,TE,10,PIT,28,15,14,0,0,133.0,0,0,0,0,0,0,0,,0,72,50,610,12.2,4,2,1,4,,,0.0,70,McDoVa00
P0746,2018,132,Michael Crabtree,WR,55,BAL,31,16,16,0,0,132.7,0,0,0,0,0,0,0,,0,100,54,607,11.24,3,0,0,3,,,-49.8,132,CrabMi00
P1272,2018,133,Antonio Callaway,WR,56,CLE,21,16,11,0,0,132.3,0,0,0,0,0,2,7,3.5,0,79,43,586,13.63,5,1,1,5,1,,-50.2,133,CallAn00
P1085,2018,134,Duke Johnson,RB,36,CLE,25,16,2,0,0,132.0,0,0,0,0,0,40,201,5.03,0,62,47,429,9.13,3,1,0,3,2,,-48.0,127,JohnDu00
P1052,2018,135,Latavius Murray,RB,37,MIN,28,16,6,0,0,131.9,0,0,0,0,0,140,578,4.13,6,26,22,141,6.41,0,0,0,6,1,,-48.1,129,MurrLa00
P0788,2018,136,Rob Gronkowski,TE,11,NWE,29,13,11,0,0,131.2,0,0,0,0,0,0,0,,0,72,47,682,14.51,3,1,1,3,,,-1.8,73,GronRo00
P1042,2018,137,Donte Moncrief,WR,57,JAX,25,16,14,0,0,130.8,0,0,0,0,0,0,0,,0,89,48,668,13.92,3,1,1,3,,,-51.7,134,MoncDo00
P0809,2018,138,Jimmy Graham,TE,12,GNB,32,16,12,0,0,130.6,0,0,0,0,0,0,0,,0,89,55,636,11.56,2,0,0,2,,,-2.4,76,GrahJi00
P0756,2018,139,Danny Amendola,WR,58,MIA,33,15,15,0,0,127.4,1,1,28,1,0,1,-2,-2,0,79,59,575,9.75,1,2,0,1,,,-55.1,138,AmenDa00
P0732,2018,140,LeSean McCoy,RB,38,BUF,30,14,13,0,0,127.2,0,0,0,0,0,161,514,3.19,3,46,34,238,7,0,0,0,3,,,-52.8,136,McCoLe01
P1200,2018,141,Evan Engram,TE,13,NYG,24,11,8,0,0,126.3,0,0,0,0,0,3,36,12,0,64,45,577,12.82,3,0,0,3,1,,-6.7,81,EngrEv00
P1273,2018,142,Christian Kirk,WR,59,ARI,22,12,7,0,0,123.5,0,0,0,0,0,3,35,11.67,0,68,43,590,13.72,3,0,0,3,,,-59.0,143,KirkCh01
P1274,2018,143,Nick Mullens,QB,33,SFO,23,8,8,0,0,123.5,176,274,2277,13,10,18,-16,-0.89,0,0,0,0,,0,2,0,0,,1,-162.4,245,MullNi00
P1106,2018,144,Devin Funchess,WR,60,CAR,24,14,12,0,0,122.9,0,0,0,0,0,0,0,,0,79,44,549,12.48,4,0,0,4,,,-59.6,145,FuncDe00
P1220,2018,145,O.J. Howard,TE,14,TAM,24,10,8,0,0,120.5,0,0,0,0,0,0,0,,0,48,34,565,16.62,5,0,0,5,,,-12.5,86,HowaO.00
P1194,2018,146,Leonard Fournette,RB,39,JAX,23,8,8,0,0,120.4,0,0,0,0,0,133,439,3.3,5,26,22,185,8.41,1,0,0,6,,,-59.6,146,FourLe00
P1275,2018,147,Anthony Miller,WR,61,CHI,24,15,4,0,0,120.2,1,1,8,0,0,6,26,4.33,0,54,33,423,12.82,7,1,0,7,,,-62.3,149,MillAn02
P0890,2018,148,Doug Martin,RB,40,OAK,29,16,9,0,0,119.9,0,0,0,0,0,172,723,4.2,4,24,18,116,6.44,0,3,3,4,,,-60.1,147,MartDo00
P0976,2018,149,Jordan Reed,TE,15,WAS,28,13,8,0,0,119.8,0,0,0,0,0,0,0,,0,84,54,558,10.33,2,1,1,2,,,-13.2,87,ReedJo02
P1240,2018,150,Rashard Higgins,WR,62,CLE,24,13,1,0,0,118.2,0,0,0,0,0,0,0,,0,53,39,572,14.67,4,2,1,4,,,-64.3,152,HiggRa00
P1276,2018,151,Wendell Smallwood,RB,41,PHI,24,16,6,0,0,117.4,0,0,0,0,0,87,364,4.18,3,35,28,230,8.21,2,2,1,5,1,,-62.6,150,SmalWe00
P1252,2018,152,Chester Rogers,WR,63,IND,24,16,10,0,0,117.1,0,0,0,0,0,1,-4,-4,0,72,53,485,9.15,2,1,0,2,2,,-65.4,153,RogeCh02
P1043,2018,153,Theo Riddick,RB,42,DET,27,14,3,0,0,116.5,0,0,0,0,0,40,171,4.28,0,74,61,384,6.3,0,0,0,0,,,-63.5,151,RiddTh00
P0960,2018,154,Marvin Jones,WR,64,DET,28,9,9,0,0,115.8,0,0,0,0,0,0,0,,0,62,35,508,14.51,5,0,0,5,,,-66.7,155,JoneMa02
P1013,2018,155,Sammy Watkins,WR,65,KAN,25,10,9,0,0,115.1,0,0,0,0,0,5,52,10.4,0,55,40,519,12.98,3,1,0,3,,,-67.4,156,WatkSa00
P1277,2018,156,Kendrick Bourne,WR,66,SFO,23,16,8,0,0,114.7,0,0,0,0,0,0,0,,0,66,42,487,11.6,4,1,0,4,,,-67.8,158,BourKe00
P1204,2018,157,Jamaal Williams,RB,43,GNB,23,16,8,0,0,114.4,0,0,0,0,0,121,464,3.83,3,41,27,210,7.78,0,0,0,3,1,,-65.6,154,WillJa06
P1278,2018,158,Chris Herndon,TE,16,NYJ,22,16,12,0,0,113.2,0,0,0,0,0,0,0,,0,56,39,502,12.87,4,2,0,4,,,-19.8,93,HernCh00
P1279,2018,159,Josh Rosen,QB,34,ARI,21,14,13,0,0,112.9,217,393,2278,11,14,23,138,6,0,0,0,0,,0,10,5,0,,1,-173.0,246,RoseJo01
P1280,2018,160,Marquez Valdes-Scantling,WR,67,GNB,24,16,10,0,0,111.0,0,0,0,0,0,2,29,14.5,0,73,38,581,15.29,2,0,0,2,,,-71.5,164,ValdMa00
P1212,2018,161,Josh Doctson,WR,68,WAS,26,15,12,0,0,109.2,0,0,0,0,0,0,0,,0,78,44,532,12.09,2,0,0,2,,,-73.3,165,DoctJo00
P1201,2018,162,Alex Collins,RB,44,BAL,24,10,10,0,0,108.6,0,0,0,0,0,114,411,3.61,7,21,15,105,7,1,3,3,8,,,-71.4,163,CollAl00
P1281,2018,163,Mark Andrews,TE,17,BAL,23,16,3,0,0,107.2,0,0,0,0,0,0,0,,0,50,34,552,16.24,3,0,0,3,,,-25.8,99,AndrMa00
P1104,2018,164,Seth Roberts,WR,69,OAK,27,15,7,0,0,106.9,0,0,0,0,0,3,5,1.67,0,64,45,494,10.98,2,0,0,2,,,-75.6,167,RobeSe00
P1156,2018,165,Will Fuller,WR,70,HOU,24,7,7,0,0,106.3,0,0,0,0,0,0,0,,0,45,32,503,15.72,4,0,0,4,,,-76.2,168,FullWi01
P1037,2018,166,Chris Hogan,WR,71,NWE,31,16,7,0,0,106.2,0,0,0,0,0,0,0,,0,55,35,532,15.2,3,0,0,3,,,-76.3,169,HogaCh00
P1282,2018,167,C.J. Uzomah,TE,18,CIN,25,16,15,0,0,104.9,0,0,0,0,0,0,0,,0,64,43,439,10.21,3,0,0,3,,,-28.1,102,UzomC.00
P1283,2018,168,Dante Pettis,WR,72,SFO,23,12,7,0,0,103.5,0,0,0,0,0,1,-2,-2,0,45,27,467,17.3,5,2,0,5,,,-79.0,173,PettDa00
P0516,2018,169,Frank Gore,RB,45,MIA,35,14,14,0,0,102.6,0,0,0,0,0,156,722,4.63,0,16,12,124,10.33,1,1,0,1,,,-77.4,170,GoreFr00
P1284,2018,170,Royce Freeman,RB,46,DEN,22,14,8,0,0,101.3,0,0,0,0,0,130,521,4.01,5,20,14,72,5.14,0,1,1,5,,,-78.7,172,FreeRo00
P1285,2018,171,David Moore,WR,73,SEA,23,16,7,0,0,101.0,0,0,0,0,0,1,5,5,0,53,26,445,17.12,5,2,0,5,,,-81.5,175,MoorDa03
P1286,2018,172,Tre'Quan Smith,WR,74,NOR,22,15,7,0,0,100.7,0,0,0,0,0,0,0,,0,44,28,427,15.25,5,0,0,5,,,-81.8,177,SmitTr03
P1287,2018,173,Josh Reynolds,WR,75,LAR,23,16,8,0,0,100.0,0,0,0,0,0,2,8,4,0,53,29,402,13.86,5,0,0,5,,,-82.5,179,ReynJo00
P1288,2018,174,Robert Foster,WR,76,BUF,24,13,3,0,0,99.1,0,0,0,0,0,0,0,,0,44,27,541,20.04,3,0,0,3,,,-83.4,181,FostRo01
P1170,2018,175,Damien Williams,RB,47,KAN,26,16,3,0,0,98.6,0,0,0,0,0,50,256,5.12,4,24,23,160,6.96,2,1,1,6,,,-81.4,174,WillDa05
P1059,2018,176,Carlos Hyde,RB,48,2TM,28,14,7,0,0,98.4,0,0,0,0,0,172,571,3.32,5,16,10,33,3.3,0,2,1,5,,,-81.6,176,HydeCa00
P1289,2018,177,Ito Smith,RB,49,ATL,23,14,0,0,0,97.7,0,0,0,0,0,90,315,3.5,4,32,27,152,5.63,0,1,0,4,,,-82.3,178,SmitIt00
P1290,2018,178,Michael Gallup,WR,77,DAL,22,16,8,0,0,97.7,0,0,0,0,0,0,0,,0,68,33,507,15.36,2,0,0,2,1,,-84.8,183,GallMi00
P0940,2018,179,Jarius Wright,WR,78,CAR,29,16,6,0,0,97.6,0,0,0,0,0,2,39,19.5,0,59,43,447,10.4,1,3,1,1,1,,-84.9,184,WrigJa02
P1040,2018,180,Alfred Blue,RB,50,HOU,27,16,2,0,0,97.3,0,0,0,0,0,150,499,3.33,2,27,20,154,7.7,0,0,0,2,,,-82.7,180,BlueAl00
P1112,2018,181,Albert Wilson,WR,79,MIA,26,7,3,0,0,96.8,1,1,52,1,0,8,16,2,0,35,26,391,15.04,4,0,0,4,,,-85.7,185,WilsAl02
P0963,2018,182,Cordarrelle Patterson,WR,80,NWE,27,15,5,0,0,96.5,0,0,0,0,0,42,228,5.43,1,28,21,247,11.76,3,1,1,5,,,-86.0,186,PattCo00
P0954,2018,183,Giovani Bernard,RB,51,CIN,27,12,4,0,0,95.9,0,0,0,0,0,56,211,3.77,3,48,35,218,6.23,0,0,0,3,,,-84.1,182,BernGi00
P1090,2018,184,Javorius Allen,RB,52,BAL,27,14,0,0,0,93.6,0,0,0,0,0,41,110,2.68,3,43,35,196,5.6,2,1,1,5,,,-86.4,187,AlleJa01
P1129,2018,185,Cameron Brate,TE,19,TAM,27,16,2,0,0,92.9,0,0,0,0,0,0,0,,0,49,30,289,9.63,6,1,1,6,,,-40.1,112,BratCa00
P1114,2018,186,Chris Thompson,RB,53,WAS,28,10,0,0,0,91.6,0,0,0,0,0,43,178,4.14,0,55,41,268,6.54,1,1,0,1,,,-88.4,188,ThomCh03
P1168,2018,187,Chris Conley,WR,81,KAN,26,16,13,0,0,91.4,0,0,0,0,0,0,0,,0,52,32,334,10.44,5,2,2,5,,,-91.1,192,ConlCh00
P1291,2018,188,Dallas Goedert,TE,20,PHI,23,16,8,0,0,90.4,0,0,0,0,0,0,0,,0,44,33,334,10.12,4,0,0,4,,,-42.6,116,GoedDa00
P1292,2018,189,Gus Edwards,RB,54,BAL,23,11,6,0,0,89.8,0,0,0,0,0,137,718,5.24,2,2,2,20,10,0,0,0,2,1,,-90.2,190,EdwaGu00
P1293,2018,190,Jaylen Samuels,RB,55,PIT,22,14,3,0,0,89.5,0,0,0,0,0,56,256,4.57,0,29,26,199,7.65,3,1,0,3,,,-90.5,191,SamuJa00
P1209,2018,191,Keelan Cole,WR,82,JAX,25,16,11,0,0,89.1,0,0,0,0,0,0,0,,0,70,38,491,12.92,1,2,2,1,,,-93.4,195,ColeKe00
P1148,2018,192,Devontae Booker,RB,56,DEN,26,16,0,0,0,87.8,0,0,0,0,0,34,183,5.38,1,51,38,275,7.24,0,1,1,1,,,-92.2,194,BookDe00
P1294,2018,193,Taywan Taylor,WR,83,TEN,23,13,5,0,0,87.6,0,0,0,0,0,0,0,,0,56,37,466,12.59,1,1,1,1,,,-94.9,198,TaylTa00
P1005,2018,194,Marquise Goodwin,WR,84,SFO,28,11,8,0,0,87.4,0,0,0,0,0,4,9,2.25,0,43,23,395,17.17,4,1,0,4,,,-95.1,199,GoodMa00
P0520,2018,195,Ben Watson,TE,21,NOR,38,16,4,0,0,87.0,0,0,0,0,0,0,0,,0,46,35,400,11.43,2,0,0,2,,,-46.0,123,WatsBe00
P1146,2018,196,Quincy Enunwa,WR,85,NYJ,26,11,10,0,0,86.9,0,0,0,0,0,1,0,0,0,68,38,449,11.82,1,2,1,1,,,-95.6,200,EnunQu00
P1295,2018,197,Gerald Everett,TE,22,LAR,24,16,0,0,0,86.6,0,0,0,0,0,2,16,8,0,50,33,320,9.7,3,0,0,3,1,,-46.4,125,EverGe00
P0795,2018,198,LeGarrette Blount,RB,57,DET,32,16,8,0,0,86.5,0,0,0,0,0,154,418,2.71,5,15,10,67,6.7,0,2,1,5,,,-93.5,196,BlouLe00
P0873,2018,199,Randall Cobb,WR,86,GNB,28,9,6,0,0,86.3,0,0,0,0,0,0,0,,0,61,38,383,10.08,2,2,1,2,,,-96.2,201,CobbRa00
P1236,2018,200,Elijah McGuire,RB,58,NYJ,24,8,3,0,0,85.9,0,0,0,0,0,92,276,3,3,31,19,193,10.16,1,2,2,4,,,-94.1,197,McGuEl00
P1296,2018,201,Jeff Driskel,QB,35,CIN,25,9,5,0,0,85.1,105,176,1003,6,2,25,130,5.2,2,0,0,0,,0,4,1,2,,1,-200.8,247,DrisJe00
P1297,2018,202,John Ross,WR,87,CIN,23,13,10,0,0,84.9,0,0,0,0,0,4,9,2.25,0,58,21,210,10,7,0,0,7,,,-97.6,203,RossJo00
P1173,2018,203,Jesse James,TE,23,PIT,24,16,7,0,0,84.3,0,0,0,0,0,0,0,,0,39,30,423,14.1,2,0,0,2,,,-48.7,131,JameJe00
P0877,2018,204,Jacquizz Rodgers,RB,59,TAM,28,16,0,0,0,83.0,0,0,0,0,0,33,106,3.21,1,45,38,304,8,0,1,1,1,,,-97.0,202,RodgJa00
P1091,2018,205,Jamison Crowder,WR,88,WAS,25,9,7,0,0,82.8,0,0,0,0,0,4,30,7.5,0,49,29,388,13.38,2,0,0,2,,,-99.7,206,CrowJa00
P1298,2018,206,Josh Adams,RB,60,PHI,22,14,5,0,0,81.9,0,0,0,0,0,120,511,4.26,3,13,7,58,8.29,0,1,1,3,1,,-98.1,204,AdamJo03
P1167,2018,207,Phillip Dorsett,WR,89,NWE,25,16,2,0,0,81.9,0,0,0,0,0,4,29,7.25,0,42,32,290,9.06,3,0,0,3,,,-100.6,207,DorsPh00
P1299,2018,208,Ian Thomas,TE,24,CAR,22,16,6,0,0,81.3,0,0,0,0,0,0,0,,0,49,36,333,9.25,2,0,0,2,,,-51.7,135,ThomIa00
P1226,2018,209,Corey Clement,RB,61,PHI,24,11,0,0,0,81.1,0,0,0,0,0,68,259,3.81,2,25,22,192,8.73,0,4,0,2,1,,-98.9,205,ClemCo00
P0638,2018,210,Greg Olsen,TE,25,CAR,33,9,9,0,0,80.1,0,0,0,0,0,0,0,,0,38,27,291,10.78,4,0,0,4,,,-52.9,137,OlseGr00
P0993,2018,211,Jermaine Kearse,WR,90,NYJ,28,14,9,0,0,80.1,0,0,0,0,0,0,0,,0,76,37,371,10.03,1,0,0,1,,,-102.4,211,KearJe01
P0621,2018,212,Marshawn Lynch,RB,62,OAK,32,6,6,0,0,79.0,0,0,0,0,0,90,376,4.18,3,20,15,84,5.6,0,0,0,3,,,-101.0,208,LyncMa00
P1117,2018,213,Spencer Ware,RB,63,KAN,27,13,2,0,0,79.0,0,0,0,0,0,51,246,4.82,2,23,20,224,11.2,0,0,0,2,,,-101.0,209,WareSp00
P0806,2018,214,Chris Ivory,RB,64,BUF,30,13,1,0,0,78.0,0,0,0,0,0,115,385,3.35,1,21,13,205,15.77,0,1,0,1,,,-102.0,210,IvorCh00
P1108,2018,215,Dontrelle Inman,WR,91,IND,29,9,4,0,0,76.4,0,0,0,0,0,0,0,,0,39,28,304,10.86,3,0,0,3,,,-106.1,212,InmaDo00
P0922,2018,216,Nick Foles,QB,36,PHI,29,5,5,0,0,76.2,141,195,1413,7,4,9,17,1.89,0,1,1,10,10,0,4,2,0,,,-209.7,248,FoleNi00
P1300,2018,217,Blake Jarwin,TE,26,DAL,24,16,4,0,0,75.7,0,0,0,0,0,0,0,,0,36,27,307,11.37,3,0,0,3,,,-57.3,139,JarwBl00
P0603,2018,218,Vernon Davis,TE,27,WAS,34,14,8,0,0,75.7,0,0,0,0,0,0,0,,0,36,25,367,14.68,2,0,0,2,1,,-57.3,140,DaviVe00
P0427,2018,219,Antonio Gates,TE,28,LAC,38,16,1,0,0,75.3,0,0,0,0,0,0,0,,0,45,28,333,11.89,2,1,1,2,2,,-57.7,141,GateAn00
P1229,2018,220,C.J. Beathard,QB,37,SFO,25,6,5,0,0,75.0,102,169,1252,8,7,19,69,3.63,1,0,0,0,,0,5,3,1,,,-210.9,249,BeatC.00
P1301,2018,221,Demarcus Robinson,WR,92,KAN,24,16,5,0,0,74.8,0,0,0,0,0,0,0,,0,33,22,288,13.09,4,0,0,4,,,-107.7,213,RobiDe01
P1132,2018,222,Ryan Grant,WR,93,IND,28,14,10,0,0,74.4,0,0,0,0,0,0,0,,0,52,35,334,9.54,1,0,0,1,,,-108.1,214,GranRy01
P1302,2018,223,Ricky Seals-Jones,TE,29,ARI,23,15,5,0,0,74.3,0,0,0,0,0,0,0,,0,69,34,343,10.09,1,0,0,1,,,-58.7,142,SealRi00
P1303,2018,224,Nick Vannett,TE,30,SEA,25,15,9,0,0,73.9,0,0,0,0,0,0,0,,0,43,29,269,9.28,3,1,0,3,,,-59.1,144,VannNi00
P1304,2018,225,Jakeem Grant,WR,94,MIA,26,10,2,0,0,72.3,0,0,0,0,0,1,5,5,0,34,21,268,12.76,2,0,0,4,,,-110.2,217,GranJa00
P1149,2018,226,Ty Montgomery,WR,95,2TM,25,13,0,0,0,71.3,0,0,0,0,0,41,188,4.59,1,40,25,235,9.4,0,2,1,1,,,-111.2,218,MontTy01
P1305,2018,227,Laquon Treadwell,WR,96,MIN,23,15,7,0,0,71.2,0,0,0,0,0,0,0,,0,53,35,302,8.63,1,0,0,1,,,-111.3,219,TreaLa00
P1163,2018,228,Tajae Sharpe,WR,97,TEN,24,16,13,0,0,71.2,0,0,0,0,0,1,16,16,0,47,26,316,12.15,2,0,0,2,,,-111.3,220,SharTa00
P1306,2018,229,Jeff Heuerman,TE,31,DEN,26,11,10,0,0,71.1,0,0,0,0,0,0,0,,0,48,31,281,9.06,2,0,0,2,,,-61.9,148,HeueJe00
P1307,2018,230,Rashaad Penny,RB,65,SEA,22,14,0,0,0,70.4,0,0,0,0,0,85,419,4.93,2,12,9,75,8.33,0,0,0,2,,,-109.6,215,PennRa00
P0951,2018,231,Aldrick Robinson,WR,98,MIN,30,14,0,0,0,70.1,0,0,0,0,0,0,0,,0,35,17,231,13.59,5,0,0,5,,,-112.4,223,RobiAl00
P1308,2018,232,Ryan Switzer,WR,99,PIT,24,16,1,0,0,69.4,0,0,0,0,0,6,21,3.5,0,44,36,253,7.03,1,2,0,1,,,-113.1,227,SwitRy00
P1009,2018,233,Kelvin Benjamin,WR,100,2TM,27,15,10,0,0,69.0,0,0,0,0,0,0,0,,0,67,25,380,15.2,1,0,0,1,,,-113.5,228,BenjKe00
P0894,2018,234,Alfred Morris,RB,66,SFO,30,12,1,0,0,68.1,0,0,0,0,0,111,428,3.86,2,13,8,73,9.13,0,2,1,2,,,-111.9,222,MorrAl00
P1099,2018,235,Brock Osweiler,QB,38,MIA,28,7,5,0,0,68.0,113,178,1247,6,4,8,21,2.63,0,0,0,0,,0,1,1,0,,1,-217.9,250,OsweBr00
P1010,2018,236,C.J. Anderson,RB,67,2TM,27,11,3,0,0,67.4,0,0,0,0,0,67,403,6.01,2,9,5,41,8.2,1,0,0,3,,,-112.6,224,AndeC.00
P1110,2018,237,Kyle Juszczyk,FB,1,SFO,27,16,14,1,0,67.4,0,0,0,0,0,8,30,3.75,0,41,30,324,10.8,1,2,2,1,,,-112.6,225,JuszKy00
P1309,2018,238,Zach Pascal,WR,101,IND,24,16,4,0,0,66.8,0,0,0,0,0,2,10,5,0,46,27,268,9.93,2,0,0,2,,,-115.7,229,PascZa00
P1310,2018,239,DaeSean Hamilton,WR,102,DEN,23,14,5,0,0,66.3,0,0,0,0,0,0,0,,0,45,30,243,8.1,2,0,0,2,,,-116.2,230,HamiDa01
P1311,2018,240,Jordan Thomas,TE,32,HOU,22,16,10,0,0,65.5,0,0,0,0,0,0,0,,0,27,20,215,10.75,4,0,0,4,,,-67.5,157,ThomJo05
P1249,2018,241,Tyler Higbee,TE,33,LAR,25,16,16,0,0,65.2,0,0,0,0,0,0,0,,0,34,24,292,12.17,2,1,0,2,,,-67.8,159,HigbTy00
P1312,2018,242,Jonnu Smith,TE,34,TEN,23,13,12,0,0,63.8,0,0,0,0,0,0,0,,0,30,20,258,12.9,3,1,0,3,,,-69.2,161,SmitJo01
P1313,2018,243,Chase Edmonds,RB,68,ARI,22,16,0,0,0,63.1,0,0,0,0,0,60,208,3.47,2,23,20,103,5.15,0,1,0,2,,,-116.9,231,EdmoCh00
P1314,2018,244,Keke Coutee,WR,103,HOU,21,6,2,0,0,62.7,0,0,0,0,0,3,0,0,0,41,28,287,10.25,1,0,0,1,,,-119.8,235,CoutKe00
P1315,2018,245,Geronimo Allison,WR,104,GNB,24,5,4,0,0,62.3,0,0,0,0,0,0,0,,0,30,20,303,15.15,2,1,0,2,,,-120.2,237,AlliGe01
P1166,2018,246,Breshad Perriman,WR,105,CLE,25,10,2,0,0,62.2,0,0,0,0,0,4,2,0.5,0,25,16,340,21.25,2,0,0,2,,,-120.3,238,PerrBr02
P1012,2018,247,Jordan Matthews,WR,106,PHI,26,14,3,0,0,62.0,0,0,0,0,0,0,0,,0,28,20,300,15,2,0,0,2,,,-120.5,239,MattJo00
P1316,2018,248,Kapri Bibbs,RB,69,2TM,25,12,0,0,0,61.8,0,0,0,0,0,21,103,4.9,3,23,16,115,7.19,1,1,0,4,,,-118.2,233,BibbKa00
P1021,2018,249,Allen Hurns,WR,107,DAL,27,16,7,0,0,61.5,0,0,0,0,0,0,0,,0,35,20,295,14.75,2,1,0,2,,,-121.0,240,HurnAl01
P1317,2018,250,Justin Jackson,RB,70,LAC,22,13,1,0,0,61.1,0,0,0,0,0,50,206,4.12,2,19,15,135,9,0,0,0,2,,,-118.9,234,JackJu01
P1195,2019,1,Christian McCaffrey,RB,1,CAR,23,16,16,1,1,471.2,0,2,0,0,0,287,1387,4.83,15,142,116,1005,8.66,4,1,0,19,1,,279.6,1,McCaCh01
P1265,2019,2,Lamar Jackson,QB,1,BAL,22,15,15,1,1,415.7,265,401,3127,36,6,176,1206,6.85,7,0,0,0,,0,9,2,7,,,139.8,3,JackLa00
P1135,2019,3,Michael Thomas,WR,1,NOR,26,16,15,1,1,374.6,0,0,0,0,0,1,-9,-9,0,185,149,1725,11.58,9,1,0,9,,,182.7,2,ThomMi05
P1134,2019,4,Dak Prescott,QB,2,DAL,26,16,16,0,0,337.8,388,596,4902,30,11,52,277,5.33,3,0,0,0,,0,6,2,3,,1,61.9,23,PresDa01
P0891,2019,5,Russell Wilson,QB,3,SEA,31,16,16,1,0,328.6,341,516,4110,31,5,75,342,4.56,3,0,0,0,,0,8,2,3,,1,52.7,28,WilsRu00
P1202,2019,6,Deshaun Watson,QB,4,HOU,24,15,15,1,0,321.0,333,495,3852,26,12,82,413,5.04,7,1,1,6,6,1,10,3,8,,1,45.1,33,WatsDe00
P1233,2019,7,Aaron Jones,RB,2,GNB,25,16,16,0,0,314.8,0,0,0,0,0,236,1084,4.59,16,68,49,474,9.67,3,3,2,19,,,123.2,4,JoneAa00
P1133,2019,8,Ezekiel Elliott,RB,3,DAL,24,16,16,1,0,311.7,0,0,0,0,0,301,1357,4.51,12,71,54,420,7.78,2,3,2,14,,,120.1,5,ElliEz00
P1214,2019,9,Austin Ekeler,RB,4,LAC,24,16,8,0,0,309.0,0,0,0,0,0,132,557,4.22,3,108,92,993,10.79,8,3,2,11,,,117.4,6,EkelAu00
P1076,2019,10,Jameis Winston,QB,5,TAM,25,16,16,0,0,305.4,380,626,5109,33,30,59,250,4.24,1,0,0,0,,0,12,5,1,2,2,29.5,43,WinsJa00
P1162,2019,11,Derrick Henry,RB,5,TEN,25,15,15,1,0,294.6,0,0,0,0,0,303,1540,5.08,16,24,18,206,11.44,2,5,3,18,,,103.0,8,HenrDe00
P1244,2019,12,Dalvin Cook,RB,6,MIN,24,14,14,1,0,292.4,0,0,0,0,0,250,1135,4.54,13,63,53,519,9.79,0,4,2,13,,,100.8,9,CookDa01
P1258,2019,13,Josh Allen,QB,6,BUF,23,16,16,0,0,288.6,271,461,3089,20,9,109,510,4.68,9,0,0,0,,0,14,4,9,1,2,12.7,55,AlleJo02
P1253,2019,14,Patrick Mahomes,QB,7,KAN,24,14,14,1,0,287.0,319,484,4031,26,5,43,218,5.07,2,0,0,0,,0,3,2,2,,1,11.1,56,MahoPa00
P1318,2019,15,Kyler Murray,QB,8,ARI,22,16,16,0,0,285.3,349,542,3722,20,12,93,544,5.85,4,0,0,0,,0,5,2,4,,3,9.4,57,MurrKy00
P0671,2019,16,Aaron Rodgers,QB,9,GNB,36,16,16,1,0,278.4,353,569,4002,26,4,46,183,3.98,1,0,0,0,,0,4,4,1,1,2,2.5,65,RodgAa00
P1225,2019,17,Chris Godwin,WR,2,TAM,23,14,14,1,0,276.1,0,0,0,0,0,1,8,8,0,121,86,1333,15.5,9,0,0,9,1,,84.2,10,GodwCh00
P1140,2019,18,Carson Wentz,QB,10,PHI,27,16,16,0,0,275.9,388,607,4039,27,7,62,243,3.92,1,0,0,0,,0,16,7,1,,2,0.0,67,WentCa00
P0841,2019,19,Julio Jones,WR,3,ATL,30,15,15,1,0,274.1,0,0,0,0,0,2,-3,-1.5,0,157,99,1394,14.08,6,1,0,6,,,82.2,11,JoneJu02
P1198,2019,20,Cooper Kupp,WR,4,LAR,26,16,14,0,0,270.5,0,1,0,0,0,2,4,2,0,134,94,1161,12.35,10,3,0,10,,,78.6,12,KuppCo00
P0968,2019,21,DeAndre Hopkins,WR,5,HOU,27,15,15,1,1,268.5,1,2,6,1,1,2,18,9,0,150,104,1165,11.2,7,0,0,7,1,,76.6,14,HopkDe00
P0679,2019,22,Matt Ryan,QB,11,ATL,34,15,15,0,0,267.3,408,616,4466,26,14,34,147,4.32,1,0,0,0,,0,9,5,1,,1,-8.6,77,RyanMa00
P0260,2019,23,Tom Brady,QB,12,NWE,42,16,16,0,0,263.7,373,613,4057,24,8,26,34,1.31,3,0,0,0,,0,4,1,3,,1,-12.2,81,BradTo00
P0955,2019,24,Keenan Allen,WR,6,LAC,27,16,16,1,0,261.5,0,0,0,0,0,3,16,5.33,0,149,104,1199,11.53,6,0,0,6,,,69.6,17,AlleKe00
P1194,2019,25,Leonard Fournette,RB,7,JAX,24,15,15,0,0,259.4,0,0,0,0,0,265,1152,4.35,3,100,76,522,6.87,0,1,1,3,,,67.8,18,FourLe00
P0757,2019,26,Julian Edelman,WR,7,NWE,33,16,13,0,0,256.3,2,2,47,1,0,8,27,3.38,0,153,100,1117,11.17,6,3,1,6,1,,64.4,19,EdelJu00
P1261,2019,27,Nick Chubb,RB,8,CLE,24,16,16,1,0,255.2,0,0,0,0,0,298,1494,5.01,8,49,36,278,7.72,0,3,3,8,,,63.6,20,ChubNi00
P1032,2019,28,Allen Robinson,WR,8,CHI,26,16,15,0,0,254.9,0,0,0,0,0,1,2,2,0,154,98,1147,11.7,7,0,0,7,,,63.0,21,RobiAl02
P1016,2019,29,Travis Kelce,TE,1,KAN,30,16,16,1,0,254.3,0,0,0,0,0,1,4,4,1,136,97,1229,12.67,5,1,1,6,,,109.6,7,KelcTr00
P1191,2019,30,Alvin Kamara,RB,9,NOR,24,14,9,1,0,248.5,1,1,13,0,0,171,797,4.66,5,97,81,533,6.58,1,4,1,6,,,56.9,24,KamaAl00
P1224,2019,31,Kenny Golladay,WR,9,DET,26,16,16,1,0,248.0,0,0,0,0,0,0,0,,0,116,65,1190,18.31,11,1,1,11,,,56.1,25,GollKe00
P1193,2019,32,Jared Goff,QB,13,LAR,25,16,16,0,0,247.5,394,626,4638,22,16,33,40,1.21,2,0,0,0,,0,10,5,2,,,-28.4,91,GoffJa00
P1230,2019,33,Jimmy Garoppolo,QB,14,SFO,28,16,16,0,0,247.3,329,476,3978,27,13,46,62,1.35,1,0,0,0,,0,10,5,1,,2,-28.6,92,GaroJi00
P1080,2019,34,Amari Cooper,WR,10,DAL,25,16,16,1,0,246.5,0,0,0,0,0,1,6,6,0,119,79,1189,15.05,8,0,0,8,,,54.6,26,CoopAm00
P1113,2019,35,DeVante Parker,WR,11,MIA,26,16,14,0,0,246.2,0,0,0,0,0,0,0,,0,128,72,1202,16.69,9,0,0,9,,,54.3,27,ParkDe01
P1015,2019,36,Derek Carr,QB,15,OAK,28,16,16,0,0,244.4,361,513,4054,21,8,27,82,3.04,2,0,0,0,,0,7,3,2,,,-31.5,97,CarrDe02
P1047,2019,37,Kirk Cousins,QB,16,MIN,31,15,15,1,0,244.4,307,444,3603,26,6,31,63,2.03,1,1,0,0,,0,10,3,1,,1,-31.5,98,CousKi00
P1254,2019,38,Saquon Barkley,RB,10,NYG,22,13,13,0,0,244.1,0,0,0,0,0,217,1003,4.62,6,73,52,438,8.42,2,1,0,8,,,52.5,29,BarkSa00
P0865,2019,39,Mark Ingram,RB,11,BAL,30,15,15,1,0,242.5,0,0,0,0,0,202,1018,5.04,10,29,26,247,9.5,5,2,2,15,2,,50.9,30,IngrMa01
P0559,2019,40,Ryan Fitzpatrick,QB,17,MIA,37,15,13,0,0,241.5,311,502,3529,20,13,54,243,4.5,4,0,0,0,,0,9,2,4,,1,-34.4,102,FitzRy00
P1017,2019,41,Jarvis Landry,WR,12,CLE,27,16,16,1,0,237.4,0,0,0,0,0,1,10,10,0,138,83,1174,14.14,6,0,0,6,,,45.5,32,LandJa00
P0566,2019,42,Philip Rivers,QB,18,LAC,38,16,16,0,0,235.5,390,591,4615,23,20,12,29,2.42,0,0,0,0,,0,8,3,0,,1,-40.4,114,RivePh00
P1084,2019,43,Tyler Lockett,WR,13,SEA,27,16,16,0,0,235.2,0,0,0,0,0,4,-5,-1.25,0,110,82,1057,12.89,8,1,0,8,,,43.3,34,LockTy00
P0975,2019,44,Robert Woods,WR,14,LAR,27,15,15,0,0,232.9,0,0,0,0,0,17,115,6.76,1,139,90,1134,12.6,2,0,0,3,,,41.0,36,WoodRo02
P1008,2019,45,Mike Evans,WR,15,TAM,26,13,13,1,0,232.7,0,0,0,0,0,0,0,,0,118,67,1157,17.27,8,0,0,8,1,,40.8,37,EvanMi00
P1260,2019,46,Chris Carson,RB,12,SEA,25,15,15,0,0,232.6,0,0,0,0,0,278,1230,4.42,7,47,37,266,7.19,2,7,4,9,,,41.0,35,CarsCh00
P1266,2019,47,D.J. Moore,WR,16,CAR,22,15,15,0,0,230.5,0,0,0,0,0,6,40,6.67,0,135,87,1175,13.51,4,2,1,4,,,38.6,38,MoorD.00
P1256,2019,48,Baker Mayfield,QB,19,CLE,24,16,16,0,0,229.2,317,534,3827,22,21,28,141,5.04,3,0,0,0,,0,6,2,3,,1,-46.7,122,MayfBa00
P1319,2019,49,Gardner Minshew II,QB,20,JAX,23,14,12,0,0,229.2,285,470,3271,21,6,67,344,5.13,0,0,0,0,,0,12,7,0,,3,-46.7,123,MinsGa00
P1320,2019,50,DJ Chark,WR,17,JAX,23,15,14,1,0,225.8,0,0,0,0,0,2,20,10,0,118,73,1008,13.81,8,0,0,8,1,,33.9,39,CharDJ00
P1206,2019,51,Joe Mixon,RB,13,CIN,23,16,15,0,0,225.4,0,0,0,0,0,278,1137,4.09,5,45,35,287,8.2,3,0,0,8,,,33.8,40,MixoJo00
P0340,2019,52,Drew Brees,QB,21,NOR,40,11,11,1,0,224.8,281,378,2979,27,4,9,-4,-0.44,1,0,0,0,,0,0,0,1,,,-51.1,131,BreeDr00
P0901,2019,53,Ryan Tannehill,QB,22,TEN,31,12,10,1,0,224.2,201,286,2742,22,6,43,185,4.3,4,0,0,0,,0,5,3,4,1,,-51.7,133,TannRy00
P1159,2019,54,Tyler Boyd,WR,18,CIN,25,16,15,0,0,222.9,0,0,0,0,0,4,23,5.75,0,148,90,1046,11.62,5,2,2,5,,,31.0,41,BoydTy00
P1215,2019,55,George Kittle,TE,2,SFO,26,14,14,1,1,222.5,0,0,0,0,0,5,22,4.4,0,107,85,1053,12.39,5,1,0,5,,,77.8,13,KittGe00
P1271,2019,56,Courtland Sutton,WR,19,DEN,24,16,14,1,0,222.4,1,1,38,0,0,3,17,5.67,0,124,72,1112,15.44,6,2,0,6,,,30.5,42,SuttCo00
P1321,2019,57,Darren Waller,TE,3,OAK,27,16,16,0,0,221.0,0,0,0,0,0,2,5,2.5,0,117,90,1145,12.72,3,1,1,3,,,76.3,15,WallDa01
P1023,2019,58,John Brown,WR,20,BUF,29,15,15,0,0,219.8,1,1,28,1,0,2,7,3.5,0,115,72,1060,14.72,6,0,0,6,,,27.9,44,BrowJo02
P1082,2019,59,Todd Gurley,RB,14,LAR,25,15,15,0,0,219.4,0,0,0,0,0,223,857,3.84,12,49,31,207,6.68,2,3,2,14,1,,27.8,45,GurlTo01
P1322,2019,60,Miles Sanders,RB,15,PHI,22,16,11,0,0,218.7,0,0,0,0,0,179,818,4.57,3,63,50,509,10.18,3,2,1,6,1,,27.1,46,SandMi01
P1196,2019,61,Jacoby Brissett,QB,23,IND,27,15,15,0,0,217.7,272,447,2942,18,6,56,228,4.07,4,1,1,2,2,0,7,5,4,,1,-58.2,143,BrisJa00
P1323,2019,62,A.J. Brown,WR,21,TEN,22,16,11,0,0,217.1,0,0,0,0,0,3,60,20,1,84,52,1051,20.21,8,1,0,9,,,25.2,47,BrowAJ00
P0981,2019,63,Zach Ertz,TE,4,PHI,29,15,15,1,0,215.6,0,0,0,0,0,0,0,,0,135,88,916,10.41,6,1,1,6,1,,70.9,16,ErtzZa00
P1324,2019,64,Daniel Jones,QB,24,NYG,22,13,12,0,0,215.0,284,459,3027,24,12,45,279,6.2,2,0,0,0,,0,19,11,2,,2,-60.9,148,JoneDa05
P0956,2019,65,Le'Veon Bell,RB,16,NYJ,27,15,15,0,0,215.0,0,0,0,0,0,245,789,3.22,3,78,66,461,6.98,1,1,1,4,1,,23.4,48,BellLe00
P1205,2019,66,Kenyan Drake,RB,17,2TM,25,14,10,0,0,214.2,0,0,0,0,0,170,817,4.81,8,68,50,345,6.9,0,2,1,8,1,,22.6,50,DrakKe00
P1039,2019,67,Davante Adams,WR,22,GNB,27,12,12,1,0,212.7,0,0,0,0,0,0,0,,0,127,83,997,12.01,5,2,1,5,1,,20.8,51,AdamDa01
P1290,2019,68,Michael Gallup,WR,23,DAL,23,14,12,0,0,212.7,0,0,0,0,0,0,0,,0,113,66,1107,16.77,6,0,0,6,,,20.8,52,GallMi00
P1088,2019,69,Stefon Diggs,WR,24,MIN,26,15,15,0,0,212.1,0,1,0,0,0,5,61,12.2,0,94,63,1130,17.94,6,4,3,6,,,20.2,53,DiggSt00
P1281,2019,70,Mark Andrews,TE,5,BAL,24,15,4,1,0,207.2,0,0,0,0,0,0,0,,0,98,64,852,13.31,10,2,1,10,,,62.5,22,AndrMa00
P0839,2019,71,Andy Dalton,QB,25,CIN,32,13,13,0,0,203.7,314,528,3494,16,14,32,73,2.28,4,1,1,-4,-4,0,8,4,4,1,1,-72.2,163,DaltAn00
P1208,2019,72,Mitchell Trubisky,QB,26,CHI,25,15,15,0,0,202.8,326,516,3138,17,10,48,193,4.02,2,0,0,0,,0,5,2,2,,1,-73.1,166,TrubMi00
P1007,2019,73,Odell Beckham Jr.,WR,25,CLE,27,16,15,0,0,201.3,1,2,20,0,0,3,10,3.33,0,133,74,1035,13.99,4,1,1,4,,,9.4,58,BeckOd00
P1096,2019,74,James White,RB,18,NWE,27,15,1,0,0,200.2,1,1,35,0,0,67,263,3.93,1,95,72,645,8.96,5,1,1,6,1,,8.6,59,WhitJa02
P1091,2019,75,Jamison Crowder,WR,26,NYJ,26,16,12,0,0,197.7,0,0,0,0,0,1,4,4,0,122,78,833,10.68,6,0,0,6,,,5.8,62,CrowJa00
P1257,2019,76,Phillip Lindsay,RB,19,DEN,25,16,16,0,0,197.7,0,0,0,0,0,224,1011,4.51,7,48,35,196,5.6,0,0,0,7,,,6.1,60,LindPh00
P1048,2019,77,Devonta Freeman,RB,20,ATL,27,14,14,0,0,197.6,0,0,0,0,0,184,656,3.57,2,70,59,410,6.95,4,3,2,6,,,6.0,61,FreeDe00
P1259,2019,78,Calvin Ridley,WR,27,ATL,25,13,10,0,0,197.0,0,0,0,0,0,2,34,17,0,93,63,866,13.75,7,0,0,7,1,,5.1,64,RidlCa00
P0960,2019,79,Marvin Jones,WR,28,DET,29,13,11,0,0,193.9,0,0,0,0,0,2,0,0,0,91,62,779,12.56,9,0,0,9,,,2.0,66,JoneMa02
P1325,2019,80,Terry McLaurin,WR,29,WAS,24,14,14,0,0,191.9,0,0,0,0,0,0,0,,0,93,58,919,15.84,7,0,0,7,,,0.0,70,McLaTe00
P1186,2019,81,Austin Hooper,TE,6,ATL,25,13,10,1,0,191.7,0,0,0,0,0,0,0,,0,97,75,787,10.49,6,0,0,6,1,,47.0,31,HoopAu00
P1326,2019,82,Josh Jacobs,RB,21,OAK,21,13,13,0,0,191.6,0,0,0,0,0,242,1150,4.75,7,27,20,166,8.3,0,1,1,7,,,0.0,69,JacoJo01
P0818,2019,83,Emmanuel Sanders,WR,30,2TM,32,17,16,0,0,190.3,1,1,35,1,0,0,0,,0,97,66,869,13.17,5,0,0,5,1,,-1.6,71,SandEm00
P1263,2019,84,Sam Darnold,QB,27,NYJ,22,13,13,0,0,189.2,273,441,3024,19,13,33,62,1.88,2,0,0,0,,0,11,3,2,,3,-86.7,178,DarnSa00
P1327,2019,85,Deebo Samuel,WR,31,SFO,23,15,11,0,0,189.1,0,0,0,0,0,14,159,11.36,3,81,57,802,14.07,3,2,1,6,1,,-2.8,72,SamuDe00
P1137,2019,86,Tyreek Hill,WR,32,KAN,25,12,12,1,0,188.3,0,0,0,0,0,8,23,2.88,0,89,58,860,14.83,7,0,0,7,,,-3.6,73,HillTy00
P1328,2019,87,D.K. Metcalf,WR,33,SEA,22,16,15,0,0,187.1,0,0,0,0,0,2,11,5.5,0,100,58,900,15.52,7,3,3,7,1,,-4.8,74,MetcDK00
P0988,2019,88,Cole Beasley,WR,34,BUF,30,15,10,0,0,184.8,0,0,0,0,0,0,0,,0,106,67,778,11.61,6,0,0,6,2,,-7.1,76,BeasCo00
P1218,2019,89,Marlon Mack,RB,22,IND,23,14,12,0,0,181.3,0,0,0,0,0,247,1091,4.42,8,17,14,82,5.86,0,0,0,8,1,,-10.3,79,MackMa00
P1105,2019,90,Melvin Gordon,RB,23,LAC,26,12,11,0,0,180.8,0,0,0,0,0,162,612,3.78,8,55,42,296,7.05,1,4,3,9,,,-10.8,80,GordMe00
P1329,2019,91,Kyle Allen,QB,28,CAR,23,13,12,0,0,177.5,303,489,3322,17,16,32,106,3.31,2,0,0,0,,0,13,7,2,,,-98.4,196,AlleKy00
P0458,2019,92,Larry Fitzgerald,WR,35,ARI,36,16,16,0,0,177.4,0,0,0,0,0,0,0,,0,109,75,804,10.72,4,1,1,4,,,-14.5,82,FitzLa00
P1269,2019,93,Curtis Samuel,WR,36,CAR,23,16,15,0,0,171.7,0,0,0,0,0,19,130,6.84,1,105,54,627,11.61,6,0,0,7,,,-20.2,83,SamuCu00
P1330,2019,94,David Montgomery,RB,24,CHI,22,16,8,0,0,170.4,0,0,0,0,0,242,889,3.67,6,35,25,185,7.4,1,2,2,7,,,-21.2,85,MontDa01
P1331,2019,95,Darius Slayton,WR,37,NYG,22,14,9,0,0,170.0,0,0,0,0,0,0,0,,0,84,48,740,15.42,8,0,0,8,,,-21.9,86,SlayDa01
P1273,2019,96,Christian Kirk,WR,38,ARI,23,13,13,0,0,168.2,0,0,0,0,0,10,93,9.3,0,108,68,709,10.43,3,0,0,3,1,,-23.7,87,KirkCh01
P0821,2019,97,Jared Cook,TE,7,NOR,32,14,7,1,0,167.5,0,0,0,0,0,0,0,,0,65,43,705,16.4,9,0,0,9,,,22.8,49,CookJa02
P0745,2019,98,Matthew Stafford,QB,29,DET,31,8,8,0,0,166.6,187,291,2499,19,5,20,66,3.3,0,0,0,0,,0,5,3,0,,,-109.3,211,StafMa00
P1332,2019,99,Ronald Jones II,RB,25,TAM,22,16,9,0,0,166.3,0,0,0,0,0,172,724,4.21,6,40,31,309,9.97,0,3,2,6,,,-25.3,88,JoneRo01
P1333,2019,100,Raheem Mostert,RB,26,SFO,27,16,0,0,0,165.2,0,0,0,0,0,137,772,5.64,8,22,14,180,12.86,2,2,2,10,,,-26.4,89,MostRa00
P1203,2019,101,Tarik Cohen,RB,27,CHI,24,16,11,0,0,163.9,0,0,0,0,0,64,213,3.33,0,104,79,456,5.77,3,3,0,3,,,-27.7,90,CoheTa00
P1334,2019,102,Diontae Johnson,WR,39,PIT,23,16,12,0,0,163.1,0,0,0,0,0,4,41,10.25,0,92,59,680,11.53,5,5,2,6,,,-28.8,93,JohnDi01
P1161,2019,103,Robbie Chosen,WR,40,NYJ,26,16,15,0,0,162.3,0,0,0,0,0,1,4,4,0,96,52,779,14.98,5,1,0,5,1,,-29.6,94,AndeRo04
P1262,2019,104,Mike Williams,WR,41,LAC,25,15,15,0,0,161.3,0,0,0,0,0,1,2,2,0,90,49,1001,20.43,2,0,0,2,,,-30.6,95,WillMi07
P1249,2019,105,Tyler Higbee,TE,8,LAR,26,15,15,0,0,160.4,0,0,0,0,0,0,0,,0,89,69,734,10.64,3,0,0,3,,,15.7,54,HigbTy00
P1052,2019,106,Latavius Murray,RB,28,NOR,29,16,8,0,0,157.2,0,0,0,0,0,146,637,4.36,5,43,34,235,6.91,1,0,0,6,,,-34.4,101,MurrLa00
P1242,2019,107,Dede Westbrook,WR,42,JAX,26,15,11,0,0,156.7,0,0,0,0,0,5,27,5.4,0,101,66,660,10,3,1,0,3,2,,-35.2,104,WestDe00
P1168,2019,108,Chris Conley,WR,43,JAX,27,16,14,0,0,156.5,0,0,0,0,0,0,0,,0,90,47,775,16.49,5,0,0,5,1,,-35.4,106,ConlCh00
P0873,2019,109,Randall Cobb,WR,44,DAL,29,15,6,0,0,154.9,0,1,0,0,0,3,11,3.67,0,83,55,828,15.05,3,2,1,3,,,-37.0,107,CobbRa00
P1085,2019,110,Duke Johnson,RB,29,HOU,26,16,2,0,0,154.0,0,0,0,0,0,83,410,4.94,2,62,44,410,9.32,3,1,1,5,,,-37.6,108,JohnDu00
P1059,2019,111,Carlos Hyde,RB,30,HOU,29,16,14,0,0,153.2,0,0,0,0,0,245,1070,4.37,6,16,10,42,4.2,0,4,2,6,,,-38.4,110,HydeCa00
P1268,2019,112,Sony Michel,RB,31,NWE,24,16,14,0,0,152.6,0,0,0,0,0,247,912,3.69,7,20,12,94,7.83,0,2,1,7,,,-39.0,111,MichSo00
P0864,2019,113,Golden Tate,WR,45,NYG,31,11,10,0,0,152.2,0,0,0,0,0,1,16,16,0,85,49,676,13.8,6,1,1,6,,,-39.7,112,TateGo00
P1155,2019,114,Hunter Henry,TE,9,LAC,25,12,12,0,0,150.2,0,0,0,0,0,0,0,,0,76,55,652,11.85,5,1,1,5,1,,5.5,63,HenrHu00
P1335,2019,115,Devin Singletary,RB,32,BUF,22,12,8,0,0,147.9,0,0,0,0,0,151,775,5.13,2,41,29,194,6.69,2,4,1,4,,,-43.7,116,SingDe00
P0618,2019,116,Adrian Peterson,RB,33,WAS,34,15,15,0,0,147.0,0,0,0,0,0,211,898,4.26,5,23,17,142,8.35,0,3,2,5,,,-44.6,118,PeteAd01
P1336,2019,117,Marquise Brown,WR,46,BAL,22,14,11,0,0,146.4,0,0,0,0,0,0,0,,0,71,46,584,12.7,7,0,0,7,,,-45.5,120,BrowMa04
P1204,2019,118,Jamaal Williams,RB,34,GNB,24,14,2,0,0,146.3,0,0,0,0,0,107,460,4.3,1,45,39,253,6.49,5,0,0,6,,,-45.3,119,WillJa06
P1255,2019,119,James Conner,RB,35,PIT,24,10,10,0,0,145.5,0,0,0,0,0,116,464,4,4,38,34,251,7.38,3,1,1,7,,,-46.1,121,ConnJa00
P1291,2019,120,Dallas Goedert,TE,10,PHI,24,15,9,0,0,144.7,0,0,0,0,0,0,0,,0,87,58,607,10.47,5,2,2,5,,,0.0,68,GoedDa00
P1138,2019,121,Tyrell Williams,WR,47,OAK,27,14,12,0,0,143.1,0,0,0,0,0,0,0,,0,64,42,651,15.5,6,0,0,6,,,-48.8,125,WillTy00
P1284,2019,122,Royce Freeman,RB,36,DEN,23,16,0,0,0,142.2,0,0,0,0,0,132,496,3.76,3,50,43,256,5.95,1,0,0,4,,,-49.4,126,FreeRo00
P1144,2019,123,Sterling Shepard,WR,48,NYG,26,10,10,0,0,141.8,0,0,0,0,0,6,72,12,0,83,57,576,10.11,3,0,0,3,1,,-50.1,128,ShepSt00
P1079,2019,124,David Johnson,RB,37,ARI,28,13,9,0,0,141.5,0,0,0,0,0,94,345,3.67,2,47,36,370,10.28,4,1,1,6,,,-50.1,127,JohnDa08
P1170,2019,125,Damien Williams,RB,38,KAN,27,11,6,0,0,141.1,0,0,0,0,0,111,498,4.49,5,37,30,213,7.1,2,1,1,7,,,-50.5,129,WillDa05
P0756,2019,126,Danny Amendola,WR,49,DET,34,15,10,0,0,140.6,1,1,19,1,0,0,0,,0,97,62,678,10.94,1,0,0,1,,,-51.3,132,AmenDa00
P0425,2019,127,Jason Witten,TE,11,DAL,37,16,16,0,0,139.9,0,0,0,0,0,0,0,,0,83,63,529,8.4,4,1,1,4,1,,-4.8,75,WittJa00
P1013,2019,128,Sammy Watkins,WR,50,KAN,26,14,13,0,0,138.5,0,0,0,0,0,2,12,6,0,90,52,673,12.94,3,2,1,3,1,,-53.4,134,WatkSa00
P1166,2019,129,Breshad Perriman,WR,51,TAM,26,14,4,0,0,138.1,0,0,0,0,0,2,16,8,0,69,36,645,17.92,6,0,0,6,,,-53.8,136,PerrBr02
P1337,2019,130,Mike Gesicki,TE,12,MIA,24,16,5,0,0,136.0,0,0,0,0,0,0,0,,0,89,51,570,11.18,5,1,1,5,,,-8.7,78,GesiMi00
P1143,2019,131,Tevin Coleman,RB,39,SFO,26,14,11,0,0,135.4,0,0,0,0,0,137,544,3.97,6,30,21,180,8.57,1,0,0,7,,,-56.2,139,ColeTe01
P1309,2019,132,Zach Pascal,WR,52,IND,25,16,13,0,0,135.3,0,1,0,0,0,2,16,8,0,72,41,607,14.8,5,0,0,5,1,,-56.6,140,PascZa00
P1156,2019,133,Will Fuller,WR,53,HOU,25,11,11,0,0,134.0,0,0,0,0,0,0,0,,0,71,49,670,13.67,3,1,0,3,,,-57.9,141,FullWi01
P1338,2019,134,Hunter Renfrow,WR,54,OAK,24,13,4,0,0,133.5,0,0,0,0,0,0,0,,0,71,49,605,12.35,4,1,0,4,,,-58.4,144,RenfHu00
P1339,2019,135,James Washington,WR,55,PIT,23,15,10,0,0,133.5,0,0,0,0,0,0,0,,0,80,44,735,16.7,3,1,1,3,,,-58.4,145,WashJa00
P1275,2019,136,Anthony Miller,WR,56,CHI,25,16,7,0,0,127.5,0,0,0,0,0,1,-1,-1,0,85,52,656,12.62,2,1,1,2,,,-64.4,151,MillAn02
P0897,2019,137,T.Y. Hilton,WR,57,IND,30,10,10,0,0,125.1,0,0,0,0,0,0,0,,0,68,45,501,11.13,5,0,0,5,,,-66.8,154,HiltT.00
P0946,2019,138,Mohamed Sanu,WR,58,2TM,30,15,12,0,0,124.1,0,0,0,0,0,3,11,3.67,0,89,59,520,8.81,2,0,0,2,,,-67.8,156,SanuMo00
P0638,2019,139,Greg Olsen,TE,13,CAR,34,14,14,0,0,123.7,0,0,0,0,0,0,0,,0,82,52,597,11.48,2,0,0,2,,,-21.0,84,OlseGr00
P0928,2019,140,Alshon Jeffery,WR,59,PHI,29,10,10,0,0,122.2,0,0,0,0,0,1,2,2,1,73,43,490,11.4,4,0,0,5,,,-69.7,159,JeffAl00
P1175,2019,141,DeAndre Washington,RB,40,OAK,26,16,3,0,0,121.9,0,0,0,0,0,108,387,3.58,3,41,36,292,8.11,0,0,0,3,,,-69.7,160,WashDe00
P0973,2019,142,Kenny Stills,WR,60,HOU,27,13,5,0,0,120.1,0,0,0,0,0,0,0,,0,55,40,561,14.03,4,0,0,4,,,-71.8,162,StilKe00
P1340,2019,143,Mecole Hardman,WR,61,KAN,21,16,5,1,0,119.5,0,0,0,0,0,4,17,4.25,0,41,26,538,20.69,6,2,2,7,,,-72.4,164,HardMe00
P0732,2019,144,LeSean McCoy,RB,41,KAN,31,13,9,0,0,118.6,0,0,0,0,0,101,465,4.6,4,34,28,181,6.46,1,3,2,5,,,-73.0,165,McCoLe01
P1264,2019,145,Nyheim Hines,RB,42,IND,23,16,2,0,0,117.9,0,0,0,0,0,52,199,3.83,2,58,44,320,7.27,0,1,1,4,,,-73.7,167,HineNy00
P1026,2019,146,Brandin Cooks,WR,62,LAR,26,14,14,0,0,117.5,0,0,0,0,0,6,52,8.67,0,72,42,583,13.88,2,0,0,2,,,-74.4,168,CookBr00
P1231,2019,147,Peyton Barber,RB,43,TAM,25,16,7,0,0,116.5,0,0,0,0,0,154,470,3.05,6,24,16,115,7.19,1,1,1,7,1,,-75.1,169,BarbPe01
P1239,2019,148,Corey Davis,WR,63,TEN,24,15,11,0,0,115.1,0,0,0,0,0,0,0,,0,69,43,601,13.98,2,1,0,2,,,-76.8,171,DaviCo03
P1141,2019,149,Adam Thielen,WR,64,MIN,29,10,10,0,0,114.4,0,0,0,0,0,4,6,1.5,1,48,30,418,13.93,6,0,0,7,,,-77.5,172,ThieAd00
P0880,2019,150,Kyle Rudolph,TE,14,MIN,30,16,16,0,0,113.7,0,0,0,0,0,0,0,,0,48,39,367,9.41,6,0,0,6,1,,-31.0,96,RudoKy00
P1197,2019,151,JuJu Smith-Schuster,WR,65,PIT,23,12,12,0,0,113.2,0,0,0,0,0,0,0,,0,70,42,552,13.14,3,1,1,3,,,-78.7,173,SmitJu00
P1147,2019,152,Jack Doyle,TE,15,IND,29,16,16,1,0,111.8,0,0,0,0,0,0,0,,0,72,43,448,10.42,4,1,0,4,,,-32.9,99,DoylJa00
P1136,2019,153,Jordan Howard,RB,44,PHI,25,10,4,0,0,111.4,0,0,0,0,0,119,525,4.41,6,14,10,69,6.9,1,0,0,7,,,-80.2,175,HowaJo00
P1341,2019,154,Noah Fant,TE,16,DEN,22,16,11,0,0,111.0,0,0,0,0,0,3,-12,-4,0,66,40,562,14.05,3,1,1,3,,,-33.7,100,FantNo00
P1128,2019,155,Darren Fells,TE,17,HOU,33,16,14,0,0,110.1,0,0,0,0,0,0,0,,0,48,34,341,10.03,7,0,0,7,,,-34.6,103,FellDa01
P1342,2019,156,Steven Sims,WR,66,WAS,22,16,2,0,0,109.5,0,1,0,0,0,9,85,9.44,1,56,34,310,9.12,4,1,0,6,,,-82.4,177,SimsSt00
P1200,2019,157,Evan Engram,TE,18,NYG,25,8,6,0,0,109.4,0,0,0,0,0,3,7,2.33,0,68,44,467,10.61,3,0,0,3,,,-35.3,105,EngrEv00
P1343,2019,158,Mason Rudolph,QB,30,PIT,24,10,8,0,0,108.8,176,283,1765,13,9,21,42,2,0,0,0,0,,0,4,0,0,,,-167.1,243,RudoMa00
P0987,2019,159,Tyler Eifert,TE,19,CIN,29,16,4,0,0,106.6,0,0,0,0,0,0,0,,0,63,43,436,10.14,3,0,0,3,1,,-38.1,109,EifeTy00
P1312,2019,160,Jonnu Smith,TE,20,TEN,24,16,14,0,0,104.7,0,0,0,0,0,4,78,19.5,0,44,35,439,12.54,3,0,0,3,,,-40.0,113,SmitJo01
P1293,2019,161,Jaylen Samuels,RB,45,PIT,23,14,4,0,0,104.4,4,5,35,0,1,66,175,2.65,1,57,47,305,6.49,1,1,1,2,,,-87.2,179,SamuJa00
P0982,2019,162,Case Keenum,QB,31,WAS,31,10,8,0,0,103.5,160,247,1707,11,5,9,12,1.33,1,0,0,0,,0,6,3,1,,,-172.4,244,KeenCa00
P1217,2019,163,Matt Breida,RB,46,SFO,24,13,5,0,0,103.3,0,0,0,0,0,123,623,5.07,1,22,19,120,6.32,1,2,1,2,,,-88.3,180,BreiMa00
P1344,2019,164,Allen Lazard,WR,67,GNB,24,16,3,0,0,102.8,0,0,0,0,0,1,21,21,0,52,35,477,13.63,3,0,0,3,,,-89.1,181,LazaAl00
P1345,2019,165,Taysom Hill,TE,21,NOR,29,16,5,0,0,102.2,3,6,55,0,0,27,156,5.78,1,22,19,234,12.32,6,0,0,7,,,-42.5,115,HillTa00
P1346,2019,166,Auden Tate,WR,68,CIN,22,12,10,0,0,101.5,0,0,0,0,0,0,0,,0,80,40,575,14.38,1,1,1,1,,,-90.4,183,TateAu00
P1192,2019,167,Kareem Hunt,RB,47,CLE,24,8,3,0,0,101.4,0,0,0,0,0,43,179,4.16,2,44,37,285,7.7,1,1,0,3,,,-90.2,182,HuntKa00
P1180,2019,168,Rex Burkhead,RB,48,NWE,29,13,1,0,0,101.1,0,0,0,0,0,65,302,4.65,3,38,27,279,10.33,0,1,1,3,,,-90.5,184,BurkRe00
P1301,2019,169,Demarcus Robinson,WR,69,KAN,25,16,10,0,0,100.9,0,0,0,0,0,0,0,,0,55,32,449,14.03,4,0,0,4,,,-91.0,185,RobiDe01
P1167,2019,170,Phillip Dorsett,WR,70,NWE,26,14,4,0,0,100.8,0,0,0,0,0,3,21,7,0,54,29,397,13.69,5,0,0,5,,,-91.1,186,DorsPh00
P0809,2019,171,Jimmy Graham,TE,22,GNB,33,16,10,0,0,100.7,0,0,0,0,0,0,0,,0,60,38,447,11.76,3,1,0,3,,,-44.0,117,GrahJi00
P1347,2019,172,Russell Gage,WR,71,ATL,23,16,4,0,0,98.8,0,0,0,0,0,4,12,3,0,74,49,446,9.1,1,1,1,1,,,-93.1,187,GageRu00
P1164,2019,173,Ryan Griffin,TE,23,NYJ,29,13,13,0,0,98.0,0,0,0,0,0,0,0,,0,41,34,320,9.41,5,0,0,5,1,,-46.7,124,GrifRy00
P1277,2019,174,Kendrick Bourne,WR,72,SFO,24,16,0,0,0,97.8,0,0,0,0,0,0,0,,0,44,30,358,11.93,5,0,0,5,1,,-94.1,188,BourKe00
P1348,2019,175,Boston Scott,RB,49,PHI,24,11,2,0,0,96.9,0,0,0,0,0,61,245,4.02,5,26,24,204,8.5,0,4,1,5,,,-94.7,189,ScotBo02
P1349,2019,176,Alex Erickson,WR,73,CIN,27,16,6,0,0,96.2,1,1,26,0,0,5,33,6.6,0,78,43,529,12.3,0,4,2,0,,,-95.7,190,EricAl01
P1083,2019,177,Willie Snead,WR,74,BAL,27,16,11,0,0,95.1,0,0,0,0,0,2,2,1,0,46,31,339,10.94,5,0,0,5,,,-96.8,192,SneaWi00
P1297,2019,178,John Ross,WR,75,CIN,24,8,8,0,0,95.0,0,0,0,0,0,3,4,1.33,0,56,28,506,18.07,3,1,1,3,,,-96.9,193,RossJo00
P0516,2019,179,Frank Gore,RB,50,BUF,36,16,8,0,0,94.9,0,0,0,0,0,166,599,3.61,2,16,13,100,7.69,0,0,0,2,,,-96.7,191,GoreFr00
P1174,2019,180,Nelson Agholor,WR,76,PHI,26,11,10,0,0,94.0,0,0,0,0,0,2,7,3.5,0,69,39,363,9.31,3,2,1,3,1,,-97.9,194,AghoNe00
P1350,2019,181,Jacob Hollister,TE,24,SEA,26,11,3,0,0,93.9,0,0,0,0,0,0,0,,0,59,41,349,8.51,3,0,0,3,,,-50.8,130,HollJa03
P1114,2019,182,Chris Thompson,RB,51,WAS,29,11,0,0,0,93.6,0,0,0,0,0,37,138,3.73,0,58,42,378,9,0,1,0,0,,,-98.0,195,ThomCh03
P1292,2019,183,Gus Edwards,RB,52,BAL,24,16,1,0,0,92.6,0,0,0,0,0,133,711,5.35,2,7,7,45,6.43,0,2,1,2,,,-99.0,197,EdwaGu00
P1129,2019,184,Cameron Brate,TE,25,TAM,28,16,6,0,0,91.1,0,0,0,0,0,0,0,,0,55,36,311,8.64,4,0,0,4,,,-53.6,135,BratCa00
P1351,2019,185,Preston Williams,WR,77,MIA,22,8,7,0,0,90.8,0,0,0,0,0,0,0,,0,60,32,428,13.38,3,2,1,3,,,-101.1,198,WillPr01
P1018,2019,186,Teddy Bridgewater,QB,32,NOR,27,9,5,0,0,90.5,133,196,1384,9,2,28,31,1.11,0,0,0,0,,0,1,0,0,,,-185.4,245,BridTe00
P1036,2019,187,Taylor Gabriel,WR,78,CHI,28,9,7,0,0,90.3,0,0,0,0,0,3,20,6.67,0,48,29,353,12.17,4,0,0,4,,,-101.6,199,GabrTa00
P1295,2019,188,Gerald Everett,TE,26,LAR,25,13,2,0,0,89.8,0,0,0,0,0,1,0,0,0,60,37,408,11.03,2,0,0,2,,,-54.9,137,EverGe00
P1352,2019,189,Jordan Akins,TE,27,HOU,27,16,9,0,0,89.8,0,0,0,0,0,0,0,,0,55,36,418,11.61,2,0,0,2,,,-54.9,138,AkinJo00
P1112,2019,190,Albert Wilson,WR,79,MIA,27,13,4,0,0,89.4,1,2,20,0,0,5,45,9,0,62,43,351,8.16,1,0,0,1,,,-102.5,201,WilsAl02
P1353,2019,191,Tony Pollard,RB,53,DAL,22,15,0,0,0,89.2,0,0,0,0,0,86,455,5.29,2,20,15,107,7.13,1,1,1,3,1,,-102.4,200,PollTo00
P1153,2019,192,Adam Humphries,WR,80,TEN,26,12,3,0,0,86.5,0,0,0,0,0,1,1,1,0,47,37,374,10.11,2,1,0,2,,,-105.4,202,HumpAd00
P1093,2019,193,Eric Ebron,TE,28,IND,26,11,2,0,0,86.5,0,0,0,0,0,0,0,,0,52,31,375,12.1,3,0,0,3,,,-58.2,142,EbroEr00
P0640,2019,194,Ted Ginn Jr.,WR,81,NOR,34,16,9,0,0,85.9,0,0,0,0,0,3,18,6,0,56,30,421,14.03,2,0,0,2,,,-106.0,203,GinnTe00
P1300,2019,195,Blake Jarwin,TE,29,DAL,25,16,7,0,0,85.5,0,0,0,0,0,0,0,,0,41,31,365,11.77,3,1,0,3,,,-59.2,146,JarwBl00
P0830,2019,196,Demaryius Thomas,WR,82,NYJ,32,11,10,0,0,85.3,0,0,0,0,0,0,0,,0,58,36,433,12.03,1,0,0,1,,,-106.6,204,ThomDe03
P1267,2019,197,Kerryon Johnson,RB,54,DET,22,8,7,0,0,85.0,0,0,0,0,0,113,403,3.57,3,15,10,127,12.7,1,1,1,4,,,-106.6,205,JohnKe06
P1081,2019,198,Marcus Mariota,QB,33,TEN,26,7,6,0,0,85.0,95,160,1203,7,2,24,129,5.38,0,0,0,0,,0,3,0,0,,,-190.9,246,MariMa01
P0681,2019,199,Joe Flacco,QB,34,DEN,34,8,8,0,0,84.9,171,262,1822,6,5,12,20,1.67,0,0,0,0,,0,8,3,0,,1,-191.0,247,FlacJo00
P1280,2019,200,Marquez Valdes-Scantling,WR,83,GNB,25,16,10,0,0,84.1,0,0,0,0,0,2,9,4.5,0,56,26,452,17.38,2,0,0,2,,,-107.8,206,ValdMa00
P1220,2019,201,O.J. Howard,TE,30,TAM,25,14,14,0,0,83.9,0,0,0,0,0,0,0,,0,53,34,459,13.5,1,1,1,1,,,-60.8,147,HowaO.00
P1221,2019,202,J.D. McKissic,WR,84,DET,26,16,3,0,0,83.8,0,0,0,0,0,38,205,5.39,0,42,34,233,6.85,1,0,0,1,,,-108.1,207,McKiJ.00
P1021,2019,203,Allen Hurns,WR,85,MIA,28,14,7,0,0,83.6,0,0,0,0,0,0,0,,0,47,32,416,13,2,1,1,2,,,-108.3,208,HurnAl01
P1118,2019,204,Vance McDonald,TE,31,PIT,29,14,14,0,0,83.5,0,0,0,0,0,1,2,2,0,55,38,273,7.18,3,1,0,3,,,-61.2,149,McDoVa00
P1313,2019,205,Chase Edmonds,RB,55,ARI,23,13,2,0,0,82.8,0,0,0,0,0,60,303,5.05,4,21,12,105,8.75,1,0,0,5,,,-108.8,209,EdmoCh00
P1160,2019,206,Jalen Richard,RB,56,OAK,26,16,0,0,0,82.8,0,0,0,0,0,39,145,3.72,0,43,36,323,8.97,0,2,0,0,,,-108.8,210,RichJa01
P1163,2019,207,Tajae Sharpe,WR,86,TEN,25,15,6,0,0,81.9,0,0,0,0,0,0,0,,0,35,25,329,13.16,4,0,0,4,,,-110.0,212,SharTa00
P1354,2019,208,T.J. Hockenson,TE,32,DET,22,12,7,0,0,80.7,0,0,0,0,0,0,0,,0,59,32,367,11.47,2,0,0,2,,,-64.0,150,HockTJ00
P1355,2019,209,Dawson Knox,TE,33,BUF,23,15,11,0,0,79.7,0,0,0,0,0,1,9,9,0,50,28,388,13.86,2,0,0,2,,,-65.0,152,KnoxDa00
P1356,2019,210,Irv Smith Jr.,TE,34,MIN,21,16,7,0,0,79.1,0,0,0,0,0,0,0,,0,47,36,311,8.64,2,1,0,2,,,-65.6,153,SmitIr01
P1357,2019,211,Olabisi Johnson,WR,87,MIN,22,16,6,0,0,79.0,0,0,0,0,0,1,6,6,0,45,31,294,9.48,3,0,0,3,,,-112.9,213,JohnOl00
P1209,2019,212,Keelan Cole,WR,88,JAX,26,16,1,0,0,78.7,0,0,0,0,0,1,6,6,0,35,24,361,15.04,3,0,0,3,,,-113.2,214,ColeKe00
P1358,2019,213,Hayden Hurst,TE,35,BAL,26,16,4,0,0,76.9,0,0,0,0,0,0,0,,0,39,30,349,11.63,2,0,0,2,,,-67.8,155,HursHa00
P1359,2019,214,Dwayne Haskins,QB,35,WAS,22,9,7,0,0,76.7,119,203,1365,7,7,20,101,5.05,0,0,0,0,,0,6,2,0,,1,-199.2,248,HaskDw00
P1360,2019,215,Kaden Smith,TE,36,NYG,22,9,6,0,0,75.8,0,0,0,0,0,0,0,,0,42,31,268,8.65,3,2,0,3,,,-68.9,157,SmitKa00
P1315,2019,216,Geronimo Allison,WR,89,GNB,25,16,6,0,0,75.4,0,0,0,0,0,1,7,7,0,55,34,287,8.44,2,2,1,2,1,,-116.5,217,AlliGe01
P1361,2019,217,Dare Ogunbowale,RB,57,TAM,25,16,0,0,0,75.3,0,0,0,0,0,11,17,1.55,2,46,35,286,8.17,0,2,1,2,,,-116.3,215,OgunDa00
P1307,2019,218,Rashaad Penny,RB,58,SEA,23,10,0,0,0,75.3,0,0,0,0,0,65,370,5.69,3,11,8,83,10.38,1,1,1,4,,,-116.3,216,PennRa00
P1362,2019,219,Nick Boyle,TE,37,BAL,26,16,15,0,0,75.1,0,0,0,0,0,0,0,,0,43,31,321,10.35,2,0,0,2,,,-69.6,158,BoylNi00
P1363,2019,220,Will Dissly,TE,38,SEA,23,6,6,0,0,73.9,0,0,0,0,0,1,7,7,0,27,23,262,11.39,4,1,0,4,,,-70.8,161,DissWi00
P0904,2019,221,Josh Gordon,WR,90,2TM,28,11,7,0,0,73.7,0,1,0,0,1,1,1,1,0,47,27,426,15.78,1,0,0,1,,,-118.2,218,GordJo02
P1364,2019,222,Damiere Byrd,WR,91,ARI,26,11,3,0,0,71.9,0,0,0,0,0,0,0,,0,46,32,359,11.22,1,1,1,1,,,-120.0,219,ByrdDa00
P1286,2019,223,Tre'Quan Smith,WR,92,NOR,23,11,6,0,0,71.4,0,0,0,0,0,0,0,,0,25,18,234,13,5,0,0,5,,,-120.5,220,SmitTr03
P1365,2019,224,Alexander Mattison,RB,59,MIN,21,13,0,0,0,68.4,0,0,0,0,0,100,462,4.62,1,12,10,82,8.2,0,1,1,1,,,-123.2,221,MattAl01
P1366,2019,225,Foster Moreau,TE,39,OAK,22,13,7,0,0,68.4,0,0,0,0,0,0,0,,0,25,21,174,8.29,5,0,0,5,,,-76.3,170,MoreFo00
P0954,2019,226,Giovani Bernard,RB,60,CIN,28,16,2,0,0,68.4,0,0,0,0,0,53,170,3.21,0,43,30,234,7.8,0,2,1,0,,,-123.2,222,BernGi00
P1367,2019,227,Patrick Laird,RB,61,MIA,24,15,4,0,0,68.2,0,0,0,0,0,62,168,2.71,1,30,23,204,8.87,0,0,0,1,1,,-123.4,223,LairPa00
P1368,2019,228,Drew Lock,QB,36,DEN,23,5,5,0,0,68.0,100,156,1020,7,3,18,72,4,0,0,0,0,,0,3,1,0,,,-207.9,249,LockDr00
P1369,2019,229,Darrel Williams,RB,62,KAN,24,12,0,0,0,67.8,0,0,0,0,0,41,141,3.44,3,19,15,167,11.13,1,1,1,4,,,-123.8,224,WillDa10
P1370,2019,230,Brian Hill,RB,63,ATL,24,12,2,0,0,67.2,0,0,0,0,0,78,323,4.14,2,14,10,69,6.9,1,0,0,3,,,-124.4,225,HillBr02
P1371,2019,231,Kelvin Harmon,WR,93,WAS,23,16,8,0,0,66.9,1,1,11,0,0,0,0,,0,44,30,365,12.17,0,0,0,0,,,-125.0,226,HarmKe00
P1097,2019,232,Dion Lewis,RB,64,TEN,29,16,1,0,0,66.3,0,0,0,0,0,54,209,3.87,0,32,25,164,6.56,1,1,1,1,,,-125.3,227,LewiDi00
P1248,2019,233,Cody Latimer,WR,94,NYG,27,15,10,0,0,66.0,0,0,0,0,0,0,0,,0,42,24,300,12.5,2,0,0,2,,,-125.9,228,LatiCo00
P1073,2019,234,Josh Hill,TE,40,NOR,29,16,11,0,0,65.6,0,0,0,0,0,0,0,,0,35,25,226,9.04,3,0,0,3,,,-79.1,174,HillJo02
P1071,2019,235,Paul Richardson,WR,95,WAS,27,10,6,0,0,64.5,0,0,0,0,0,1,0,0,0,42,28,245,8.75,2,0,0,2,,,-127.4,229,RichPa01
P1310,2019,236,DaeSean Hamilton,WR,96,DEN,24,16,2,0,0,63.7,0,0,0,0,0,0,0,,0,52,28,297,10.61,1,0,0,1,,,-128.2,230,HamiDa01
P1372,2019,237,Isaiah McKenzie,WR,97,BUF,24,15,8,0,0,63.3,0,0,0,0,0,8,49,6.13,0,39,27,254,9.41,1,0,0,1,,,-128.6,231,McKeIs00
P1282,2019,238,C.J. Uzomah,TE,41,CIN,26,16,16,0,0,63.2,0,0,0,0,0,0,0,,0,40,27,242,8.96,2,0,0,2,,,-81.5,176,UzomC.00
P1373,2019,239,Jakobi Meyers,WR,98,NWE,23,15,1,0,0,61.9,0,0,0,0,0,0,0,,0,41,26,359,13.81,0,0,0,0,,,-130.0,232,MeyeJa01
P1287,2019,240,Josh Reynolds,WR,99,LAR,24,16,2,0,0,61.9,0,0,0,0,0,5,23,4.6,0,43,21,326,15.52,1,0,0,1,,,-130.0,233,ReynJo00
P1374,2019,241,Ty Johnson,RB,65,DET,22,16,1,0,0,60.2,0,0,0,0,0,63,273,4.33,0,31,24,109,4.54,0,1,1,0,,,-131.4,234,JohnTy02
P1104,2019,242,Seth Roberts,WR,100,BAL,28,16,0,0,0,60.1,0,0,0,0,0,0,0,,0,35,21,271,12.9,2,0,0,2,,,-131.8,235,RobeSe00
P1375,2019,243,Greg Ward,WR,101,PHI,24,7,3,0,0,59.9,0,0,0,0,0,1,5,5,0,40,28,254,9.07,1,0,0,1,,,-132.0,236,WardGr02
P1285,2019,244,David Moore,WR,102,SEA,24,14,1,0,0,59.6,0,0,0,0,0,3,25,8.33,0,34,17,301,17.71,2,2,1,2,,,-132.3,237,MoorDa03
P1376,2019,245,Malcolm Brown,RB,66,LAR,26,14,1,0,0,59.1,0,0,0,0,0,69,255,3.7,5,6,2,16,8,0,0,0,5,,,-132.5,238,BrowMa03
P1302,2019,246,Ricky Seals-Jones,WR,103,CLE,24,14,3,0,0,58.9,0,0,0,0,0,0,0,,0,22,14,229,16.36,4,1,1,4,,,-133.0,239,SealRi00
P1296,2019,247,Jeff Driskel,QB,37,DET,26,3,3,0,0,58.1,62,105,685,4,4,22,151,6.86,1,1,1,6,6,0,1,0,1,,,-217.8,250,DrisJe00
P1377,2019,248,Benny Snell Jr.,RB,67,PIT,21,13,2,0,0,57.9,0,0,0,0,0,108,426,3.94,2,4,3,23,7.67,0,1,1,2,,,-133.7,240,SnelBe00
P1378,2019,249,Derrius Guice,RB,68,WAS,22,5,1,0,0,57.4,0,0,0,0,0,42,245,5.83,2,9,7,79,11.29,1,0,0,3,,,-134.2,241,GuicDe00
P0940,2019,250,Jarius Wright,WR,104,CAR,30,16,9,0,0,56.9,0,0,0,0,0,1,-7,-7,0,58,28,296,10.57,0,0,0,0,,,-135.0,242,WrigJa02
P1258,2020,1,Josh Allen,QB,1,BUF,24,16,16,1,0,396.1,396,572,4544,37,10,102,421,4.13,8,1,1,12,12,1,9,6,9,,,63.3,19,AlleJo02
P0671,2020,2,Aaron Rodgers,QB,2,GNB,37,16,16,1,1,383.3,372,526,4299,48,5,38,149,3.92,3,1,1,-6,-6,0,4,2,3,,,50.5,25,RodgAa00
P1318,2020,3,Kyler Murray,QB,3,ARI,23,16,16,1,0,378.7,375,558,3971,26,12,133,819,6.16,11,0,0,0,,0,9,4,11,,,45.9,26,MurrKy00
P1191,2020,4,Alvin Kamara,RB,1,NOR,25,15,10,1,0,377.8,0,0,0,0,0,187,932,4.98,16,107,83,756,9.11,5,1,0,21,,,191.5,1,KamaAl00
P1253,2020,5,Patrick Mahomes,QB,4,KAN,25,15,15,1,0,374.4,390,588,4740,38,6,62,308,4.97,2,2,0,0,,0,5,2,2,,3,41.6,30,MahoPa00
P1202,2020,6,Deshaun Watson,QB,5,HOU,25,16,16,1,0,369.3,382,544,4823,33,7,90,444,4.93,3,0,0,0,,0,8,3,3,,1,36.5,33,WatsDe00
P0891,2020,7,Russell Wilson,QB,6,SEA,32,16,16,1,0,359.8,384,558,4212,40,13,83,513,6.18,2,0,0,0,,0,7,4,2,,1,27.0,41,WilsRu00
P1039,2020,8,Davante Adams,WR,1,GNB,28,14,14,1,1,358.4,0,0,0,0,0,0,0,,0,149,115,1374,11.95,18,1,1,18,,,167.0,2,AdamDa01
P0901,2020,9,Ryan Tannehill,QB,7,TEN,32,16,16,0,0,344.4,315,481,3819,33,7,43,266,6.19,7,1,1,0,0,0,6,1,7,2,1,11.6,54,TannRy00
P0260,2020,10,Tom Brady,QB,8,TAM,43,16,16,0,0,337.9,401,610,4633,40,12,30,6,0.2,3,0,0,0,,0,4,1,3,,,5.1,60,BradTo00
P1244,2020,11,Dalvin Cook,RB,2,MIN,25,14,14,1,0,337.8,0,0,0,0,0,312,1557,4.99,16,54,44,361,8.2,1,5,3,17,3,,151.5,4,CookDa01
P1162,2020,12,Derrick Henry,RB,3,TEN,26,16,16,1,1,333.1,0,0,0,0,0,378,2027,5.36,17,31,19,114,6,0,3,2,17,1,,146.8,5,HenrDe00
P1379,2020,13,Justin Herbert,QB,9,LAC,22,15,15,0,0,332.8,396,595,4336,31,10,55,234,4.25,5,0,0,0,,0,8,1,5,,2,0.0,66,HerbJu00
P1265,2020,14,Lamar Jackson,QB,10,BAL,23,15,15,0,0,332.8,242,376,2757,26,9,159,1005,6.32,7,0,0,0,,0,10,4,7,,1,0.0,67,JackLa00
P1137,2020,15,Tyreek Hill,WR,2,KAN,26,15,15,1,1,328.9,0,0,0,0,0,13,123,9.46,2,135,87,1276,14.67,15,1,0,17,,,137.5,6,HillTy00
P1088,2020,16,Stefon Diggs,WR,3,BUF,27,16,15,1,1,328.6,0,0,0,0,0,1,1,1,0,166,127,1535,12.09,8,0,0,8,,,137.2,7,DiggSt00
P1016,2020,17,Travis Kelce,TE,1,KAN,31,15,15,1,1,312.8,1,2,4,0,0,0,0,,0,145,105,1416,13.49,11,1,1,11,1,,163.5,3,KelcTr00
P1047,2020,18,Kirk Cousins,QB,11,MIN,32,16,16,0,0,306.2,349,516,4265,35,13,32,156,4.88,1,0,0,0,,0,9,5,1,,5,-26.6,101,CousKi00
P0968,2020,19,DeAndre Hopkins,WR,4,ARI,28,16,16,1,0,287.8,0,0,0,0,0,1,1,1,0,160,115,1407,12.23,6,3,2,6,,,96.4,9,HopkDe00
P0679,2020,20,Matt Ryan,QB,12,ATL,35,16,16,0,0,282.4,407,626,4581,26,11,29,92,3.17,2,0,0,0,,0,6,3,2,,1,-50.4,122,RyanMa00
P1259,2020,21,Calvin Ridley,WR,5,ATL,26,15,15,0,0,281.5,0,0,0,0,0,5,1,0.2,0,143,90,1374,15.27,9,1,1,9,1,,90.1,10,RidlCa00
P1321,2020,22,Darren Waller,TE,2,LVR,28,16,15,1,0,278.6,0,0,0,0,0,0,0,,0,145,107,1196,11.18,9,2,2,9,1,,129.3,8,WallDa01
P1380,2020,23,Justin Jefferson,WR,6,MIN,21,16,14,1,0,274.2,0,0,0,0,0,1,2,2,0,125,88,1400,15.91,7,1,0,7,2,,82.8,11,JeffJu00
P1015,2020,24,Derek Carr,QB,13,LVR,29,16,16,0,0,272.1,348,517,4103,27,9,39,140,3.59,3,0,0,0,,0,11,8,3,,1,-60.7,136,CarrDe02
P1328,2020,25,D.K. Metcalf,WR,7,SEA,23,16,16,1,0,271.3,0,0,0,0,0,0,0,,0,129,83,1303,15.7,10,1,1,10,,,79.9,12,MetcDK00
P0462,2020,26,Ben Roethlisberger,QB,14,PIT,38,15,15,0,0,267.2,399,608,3803,33,10,25,11,0.44,0,0,0,0,,0,5,1,0,,2,-65.6,141,RoetBe00
P1084,2020,27,Tyler Lockett,WR,8,SEA,28,16,16,0,0,265.4,0,0,0,0,0,0,0,,0,132,100,1054,10.54,10,1,0,10,,,74.0,14,LockTy00
P1330,2020,28,David Montgomery,RB,4,CHI,23,15,14,0,0,264.8,0,0,0,0,0,247,1070,4.33,8,68,54,438,8.11,2,1,1,10,1,,78.5,13,MontDa01
P1032,2020,29,Allen Robinson,WR,9,CHI,27,16,16,0,0,262.9,0,0,0,0,0,1,-1,-1,0,151,102,1250,12.25,6,0,0,6,,,71.5,16,RobiAl02
P0836,2020,30,Cam Newton,QB,15,NWE,31,15,15,0,0,261.0,242,368,2657,8,10,137,592,4.32,12,2,2,35,17.5,1,6,1,13,,1,-71.8,150,NewtCa00
P0745,2020,31,Matthew Stafford,QB,16,DET,32,16,16,0,0,260.6,339,528,4084,26,10,29,112,3.86,0,1,0,0,,0,2,1,0,,2,-72.2,152,StafMa00
P1233,2020,32,Aaron Jones,RB,5,GNB,26,14,14,1,0,258.9,0,0,0,0,0,201,1104,5.49,9,63,47,355,7.55,2,2,0,11,,,72.6,15,JoneAa00
P1141,2020,33,Adam Thielen,WR,10,MIN,30,15,15,0,0,254.0,0,0,0,0,0,3,15,5,0,108,74,925,12.5,14,0,0,14,1,,62.6,20,ThieAd00
P1381,2020,34,Jonathan Taylor,RB,6,IND,21,15,13,0,0,252.8,0,0,0,0,0,232,1169,5.04,11,39,36,299,8.31,1,1,1,12,,,66.5,17,TaylJo02
P1382,2020,35,James Robinson,RB,7,JAX,22,14,14,0,0,250.4,0,0,0,0,0,240,1070,4.46,7,60,49,344,7.02,3,3,1,10,1,,64.1,18,RobiJa00
P1256,2020,36,Baker Mayfield,QB,17,CLE,25,16,16,0,0,248.6,305,486,3563,26,8,54,165,3.06,1,1,1,6,6,0,8,4,1,,1,-84.2,170,MayfBa00
P1008,2020,37,Mike Evans,WR,11,TAM,27,16,16,0,0,248.6,0,0,0,0,0,0,0,,0,109,70,1006,14.37,13,0,0,13,,,57.2,21,EvanMi00
P1323,2020,38,A.J. Brown,WR,12,TEN,23,14,12,1,0,247.5,0,0,0,0,0,0,0,,0,106,70,1075,15.36,11,2,1,12,,,56.1,22,BrowAJ00
P0955,2020,39,Keenan Allen,WR,13,LAC,28,14,13,1,0,245.1,0,1,0,0,0,1,-1,-1,0,147,100,992,9.92,8,3,2,8,1,,53.7,23,AlleKe00
P0975,2020,40,Robert Woods,WR,14,LAR,28,16,16,0,0,245.1,0,0,0,0,0,24,155,6.46,2,129,90,936,10.4,6,2,1,8,,,53.7,24,WoodRo02
P1018,2020,41,Teddy Bridgewater,QB,18,CAR,28,15,15,0,0,241.2,340,492,3733,15,11,53,279,5.26,5,0,0,0,,0,6,3,5,,1,-91.6,183,BridTe00
P1193,2020,42,Jared Goff,QB,19,LAR,26,15,15,0,0,240.0,370,552,3952,20,13,51,99,1.94,4,0,0,0,,0,7,4,4,,1,-92.8,189,GoffJa00
P0566,2020,43,Philip Rivers,QB,20,IND,39,16,16,0,0,240.0,369,543,4169,24,11,18,-8,-0.44,0,0,0,0,,0,2,1,0,,1,-92.8,190,RivePh00
P1080,2020,44,Amari Cooper,WR,15,DAL,26,16,15,0,0,236.8,0,0,0,0,0,6,14,2.33,0,130,92,1114,12.11,5,0,0,5,1,,45.4,27,CoopAm00
P1197,2020,45,JuJu Smith-Schuster,WR,16,PIT,24,16,14,0,0,234.1,0,0,0,0,0,0,0,,0,128,97,831,8.57,9,3,1,9,1,,42.7,29,SmitJu00
P1026,2020,46,Brandin Cooks,WR,17,HOU,27,15,15,0,0,232.0,0,0,0,0,0,0,0,,0,119,81,1150,14.2,6,0,0,6,,,40.6,31,CookBr00
P1326,2020,47,Josh Jacobs,RB,8,LVR,22,15,15,1,0,231.3,0,0,0,0,0,273,1065,3.9,12,45,33,238,7.21,0,2,2,12,,,45.0,28,JacoJo01
P0960,2020,48,Marvin Jones,WR,18,DET,30,16,16,0,0,227.8,0,0,0,0,0,0,0,,0,115,76,978,12.87,9,0,0,9,,,36.4,34,JoneMa02
P1161,2020,49,Robbie Chosen,WR,19,CAR,27,16,16,0,0,224.1,0,0,0,0,0,4,15,3.75,0,136,95,1096,11.54,3,1,1,3,1,,32.7,35,AndeRo04
P1325,2020,50,Terry McLaurin,WR,20,WAS,25,15,15,0,0,223.8,0,0,0,0,0,2,30,15,0,134,87,1118,12.85,4,1,1,4,,,32.4,36,McLaTe00
P1133,2020,51,Ezekiel Elliott,RB,9,DAL,25,15,15,0,0,223.7,0,0,0,0,0,244,979,4.01,6,71,52,338,6.5,2,6,5,8,1,,37.4,32,ElliEz00
P1334,2020,52,Diontae Johnson,WR,21,PIT,24,15,13,0,0,221.8,0,0,0,0,0,3,15,5,0,144,88,923,10.49,7,2,1,7,,,30.4,38,JohnDi01
P1192,2020,53,Kareem Hunt,RB,10,CLE,25,16,5,0,0,218.5,0,0,0,0,0,198,841,4.25,6,51,38,304,8,5,2,0,11,,,32.2,37,HuntKa00
P1383,2020,54,CeeDee Lamb,WR,22,DAL,21,16,14,0,0,217.7,0,0,0,0,0,10,82,8.2,1,111,74,935,12.64,5,2,1,7,1,,26.3,42,LambCe00
P1384,2020,55,Chase Claypool,WR,23,PIT,22,16,6,0,0,214.9,0,0,0,0,0,10,16,1.6,2,109,62,873,14.08,9,3,1,11,,,23.5,44,ClayCh01
P1269,2020,56,Curtis Samuel,WR,24,CAR,24,15,5,0,0,212.1,0,0,0,0,0,41,200,4.88,2,97,77,851,11.05,3,1,0,5,,,20.7,47,SamuCu00
P1266,2020,57,D.J. Moore,WR,25,CAR,23,15,14,0,0,211.5,0,1,0,0,0,2,22,11,0,118,66,1193,18.08,4,0,0,4,,,20.1,49,MoorD.00
P0340,2020,58,Drew Brees,QB,21,NOR,41,12,12,0,0,209.5,275,390,2942,24,6,18,-2,-0.11,2,0,0,0,,0,6,2,2,,,-123.3,230,BreeDr00
P1198,2020,59,Cooper Kupp,WR,26,LAR,27,15,12,0,0,208.7,0,0,0,0,0,4,33,8.25,0,124,92,974,10.59,3,1,1,3,,,17.3,50,KuppCo00
P1261,2020,60,Nick Chubb,RB,11,CLE,25,12,12,1,0,207.7,0,0,0,0,0,190,1067,5.62,12,18,16,150,9.38,0,1,1,12,,,21.4,45,ChubNi00
P0988,2020,61,Cole Beasley,WR,27,BUF,31,15,10,0,0,207.5,1,1,20,1,0,0,0,,0,107,82,967,11.79,4,0,0,4,,,16.1,51,BeasCo00
P1270,2020,62,Mike Davis,RB,12,CAR,27,15,12,0,0,206.5,0,0,0,0,0,165,642,3.89,6,70,59,373,6.32,2,1,1,8,,,20.2,48,DaviMi01
P1385,2020,63,Antonio Gibson,RB,13,WAS,22,14,10,0,0,202.2,0,0,0,0,0,170,795,4.68,11,44,36,247,6.86,0,1,2,11,,,15.9,52,GibsAn00
P1140,2020,64,Carson Wentz,QB,22,PHI,28,12,12,0,0,198.4,251,437,2620,16,15,52,276,5.31,5,0,0,0,,0,10,4,5,,5,-134.4,234,WentCa00
P1105,2020,65,Melvin Gordon,RB,14,DEN,27,15,10,0,0,198.4,0,0,0,0,0,215,986,4.59,9,44,32,158,4.94,1,4,4,10,,,12.1,53,GordMe00
P1386,2020,66,Tee Higgins,WR,28,CIN,21,16,14,0,0,194.6,0,0,0,0,0,5,28,5.6,0,108,67,908,13.55,6,1,1,6,,,3.2,62,HiggTe00
P1264,2020,67,Nyheim Hines,RB,15,IND,24,16,2,0,0,193.2,0,0,0,0,0,89,380,4.27,3,76,63,482,7.65,4,0,0,7,1,,6.9,57,HineNy00
P1159,2020,68,Tyler Boyd,WR,29,CIN,26,15,8,0,0,192.6,1,2,16,0,0,5,49,9.8,0,110,79,841,10.65,4,1,0,4,,,1.2,64,BoydTy00
P1205,2020,69,Kenyan Drake,RB,16,ARI,26,15,13,0,0,192.2,0,0,0,0,0,239,955,4,10,31,25,137,5.48,0,3,1,10,,,5.9,58,DrakKe00
P1239,2020,70,Corey Davis,WR,30,TEN,25,14,12,0,0,191.4,0,0,0,0,0,0,0,,0,92,65,984,15.14,5,1,1,5,,,0.0,65,DaviCo03
P1221,2020,71,J.D. McKissic,RB,17,WAS,27,16,7,0,0,191.4,0,0,0,0,0,85,365,4.29,1,110,80,589,7.36,2,3,1,3,,,5.1,59,McKiJ.00
P1225,2020,72,Chris Godwin,WR,31,TAM,24,12,12,0,0,191.0,0,0,0,0,0,0,0,,0,84,65,840,12.92,7,1,0,7,,,-0.4,72,GodwCh00
P1387,2020,73,D'Andre Swift,RB,18,DET,21,13,4,0,0,189.8,0,0,0,0,0,114,521,4.57,8,57,46,357,7.76,2,3,2,10,,,3.5,61,SwifDA00
P1156,2020,74,Will Fuller,WR,32,HOU,26,11,11,0,0,188.9,0,0,0,0,0,1,0,0,0,75,53,879,16.58,8,0,0,8,,,-2.5,73,FullWi01
P1017,2020,75,Jarvis Landry,WR,33,CLE,28,15,14,0,0,188.0,4,4,74,1,0,4,10,2.5,1,101,72,840,11.67,3,2,0,4,,,-3.4,75,LandJa00
P1260,2020,76,Chris Carson,RB,19,SEA,26,12,12,0,0,187.8,0,0,0,0,0,141,681,4.83,5,46,37,287,7.76,4,1,0,9,,,1.5,63,CarsCh00
P1332,2020,77,Ronald Jones II,RB,20,TAM,23,14,13,0,0,186.3,0,0,0,0,0,192,978,5.09,7,42,28,165,5.89,1,2,2,8,,,0.0,70,JoneRo01
P1174,2020,78,Nelson Agholor,WR,34,LVR,27,16,13,0,0,185.6,0,0,0,0,0,0,0,,0,82,48,896,18.67,8,0,0,8,,,-5.8,78,AghoNe00
P1388,2020,79,Brandon Aiyuk,WR,35,SFO,22,12,11,0,0,184.5,0,0,0,0,0,6,77,12.83,2,96,60,748,12.47,5,0,0,7,,,-6.9,80,AiyuBr00
P1336,2020,80,Marquise Brown,WR,36,BAL,23,16,14,0,0,183.0,0,0,0,0,0,1,1,1,0,100,58,769,13.26,8,0,0,8,,,-8.4,83,BrowMa04
P1368,2020,81,Drew Lock,QB,23,DEN,24,13,13,0,0,181.3,254,443,2933,16,15,44,160,3.64,3,0,0,0,,0,8,3,3,,1,-151.5,235,LockDr00
P1347,2020,82,Russell Gage,WR,37,ATL,24,16,8,0,0,181.1,1,2,39,1,0,2,9,4.5,0,109,72,786,10.92,4,0,0,4,,,-10.3,86,GageRu00
P1324,2020,83,Daniel Jones,QB,24,NYG,23,14,14,0,0,180.0,280,448,2943,11,10,65,423,6.51,1,0,0,0,,0,10,6,1,,1,-152.8,236,JoneDa05
P1079,2020,84,David Johnson,RB,21,HOU,29,12,12,0,0,179.5,0,0,0,0,0,147,691,4.7,6,46,33,314,9.52,2,2,1,8,,,-6.8,79,JohnDa08
P1389,2020,85,Logan Thomas,TE,3,WAS,29,16,15,0,0,176.6,1,1,28,0,0,3,5,1.67,0,110,72,670,9.31,6,0,0,6,,,27.3,39,ThomLo00
P1390,2020,86,Robert Tonyan,TE,4,GNB,26,16,8,0,0,176.6,0,0,0,0,0,0,0,,0,59,52,586,11.27,11,0,0,11,,,27.3,40,TonyRo00
P1391,2020,87,Clyde Edwards-Helaire,RB,22,KAN,21,13,13,0,0,176.0,0,0,0,0,0,181,803,4.44,4,54,36,297,8.25,1,0,0,5,,,-10.3,85,EdwaCl00
P1354,2020,88,T.J. Hockenson,TE,5,DET,23,16,16,1,0,175.3,0,0,0,0,0,1,0,0,0,101,67,723,10.79,6,1,1,6,1,,26.0,43,HockTJ00
P1392,2020,89,Joe Burrow,QB,25,CIN,24,10,10,0,0,173.7,264,404,2688,13,5,37,142,3.84,3,0,0,0,,0,9,4,3,,,-159.1,237,BurrJo01
P1290,2020,90,Michael Gallup,WR,38,DAL,24,16,15,0,0,173.3,0,0,0,0,0,0,0,,0,105,59,843,14.29,5,0,0,5,,,-18.1,89,GallMi00
P1091,2020,91,Jamison Crowder,WR,39,NYJ,27,12,7,0,0,172.0,1,1,43,1,0,1,14,14,0,89,59,699,11.85,6,0,0,6,,,-19.4,91,CrowJa00
P1322,2020,92,Miles Sanders,RB,23,PHI,23,12,11,0,0,170.4,0,0,0,0,0,164,867,5.29,6,52,28,197,7.04,0,4,2,6,2,,-15.9,87,SandMi01
P1281,2020,93,Mark Andrews,TE,6,BAL,25,14,2,0,0,170.1,0,0,0,0,0,0,0,,0,88,58,701,12.09,7,2,0,7,,,20.8,46,AndrMa00
P1393,2020,94,J.K. Dobbins,RB,24,BAL,22,15,1,0,0,168.5,0,0,0,0,0,134,805,6.01,9,24,18,120,6.67,0,2,0,9,2,,-17.8,88,DobbJK00
P1313,2020,95,Chase Edmonds,RB,25,ARI,24,16,2,0,0,168.0,0,0,0,0,0,97,448,4.62,1,67,53,402,7.58,4,2,0,5,,,-18.3,90,EdmoCh00
P1113,2020,96,DeVante Parker,WR,40,MIA,27,14,11,0,0,166.3,0,0,0,0,0,0,0,,0,103,63,793,12.59,4,1,0,4,,,-25.1,99,ParkDe01
P1214,2020,97,Austin Ekeler,RB,26,LAC,25,10,10,0,0,165.3,0,0,0,0,0,116,530,4.57,1,65,54,403,7.46,2,1,0,3,,,-21.0,92,EkelAu00
P0818,2020,98,Emmanuel Sanders,WR,41,NOR,33,14,5,0,0,164.8,0,0,0,0,0,1,12,12,0,82,61,726,11.9,5,1,0,5,,,-26.6,100,SandEm00
P1255,2020,99,James Conner,RB,27,PIT,25,13,11,0,0,164.6,0,0,0,0,0,169,721,4.27,6,43,35,215,6.14,0,2,0,6,,,-21.7,94,ConnJa00
P1394,2020,100,Myles Gaskin,RB,28,MIA,23,10,7,0,0,164.2,0,0,0,0,0,142,584,4.11,3,47,41,388,9.46,2,2,2,5,,,-22.1,96,GaskMy00
P0897,2020,101,T.Y. Hilton,WR,42,IND,31,15,15,0,0,164.2,0,0,0,0,0,0,0,,0,93,56,762,13.61,5,0,0,5,1,,-27.2,102,HiltT.00
P1082,2020,102,Todd Gurley,RB,29,ATL,26,15,15,0,0,163.2,0,0,0,0,0,195,678,3.48,9,35,25,164,6.56,0,2,0,9,,,-23.1,97,GurlTo01
P1144,2020,103,Sterling Shepard,WR,43,NYG,27,12,12,0,0,162.5,0,0,0,0,0,6,49,8.17,1,90,66,656,9.94,3,0,0,4,1,,-28.9,104,ShepSt00
P1395,2020,104,Tim Patrick,WR,44,DEN,27,15,15,0,0,161.2,0,0,0,0,0,0,0,,0,79,51,742,14.55,6,0,0,6,,,-30.2,105,PatrTi00
P1319,2020,105,Gardner Minshew II,QB,26,JAX,24,9,8,0,0,160.7,216,327,2259,16,5,29,153,5.28,1,1,1,0,0,0,5,4,1,,1,-172.1,238,MinsGa00
P1337,2020,106,Mike Gesicki,TE,7,MIA,25,15,9,0,0,159.3,0,0,0,0,0,0,0,,0,85,53,703,13.26,6,0,0,6,,,10.0,55,GesiMi00
P0954,2020,107,Giovani Bernard,RB,30,CIN,29,16,10,0,0,158.1,0,0,0,0,0,124,416,3.35,3,59,47,355,7.55,3,1,1,6,,,-28.2,103,BernGi00
P1396,2020,108,Jerry Jeudy,WR,45,DEN,21,16,14,0,0,157.6,0,0,0,0,0,0,0,,0,113,52,856,16.46,3,2,0,3,1,,-33.8,107,JeudJe00
P1397,2020,109,Laviska Shenault Jr.,WR,46,JAX,22,14,12,0,0,157.1,0,0,0,0,0,18,91,5.06,0,79,58,600,10.34,5,0,0,5,,,-34.3,108,ShenLa00
P1345,2020,110,Taysom Hill,TE,8,NOR,30,16,8,0,0,156.6,88,121,928,4,2,87,457,5.25,8,12,8,98,12.25,1,10,5,9,,,7.3,56,HillTa00
P1209,2020,111,Keelan Cole,WR,47,JAX,27,16,5,0,0,155.4,0,0,0,0,0,1,2,2,0,88,55,642,11.67,5,0,0,6,,,-36.0,110,ColeKe00
P1262,2020,112,Mike Williams,WR,48,LAC,26,15,11,0,0,153.7,0,0,0,0,0,1,1,1,0,85,48,756,15.75,5,0,0,5,,,-37.7,111,WillMi07
P1208,2020,113,Mitchell Trubisky,QB,27,CHI,26,10,9,0,0,153.7,199,297,2055,16,8,33,195,5.91,1,0,0,0,,0,6,2,1,,1,-179.1,239,TrubMi00
P0559,2020,114,Ryan Fitzpatrick,QB,28,MIA,38,9,7,0,0,153.7,183,267,2091,13,8,30,151,5.03,2,1,1,0,0,0,2,0,2,1,2,-179.1,240,FitzRy00
P1320,2020,115,DJ Chark,WR,49,JAX,24,13,12,0,0,153.6,0,0,0,0,0,0,0,,0,93,53,706,13.32,5,0,0,5,,,-37.8,112,CharDJ00
P1398,2020,116,Darnell Mooney,WR,50,CHI,23,16,9,0,0,152.1,0,0,0,0,0,4,20,5,0,98,61,631,10.34,4,1,0,4,1,,-39.3,113,MoonDa00
P1341,2020,117,Noah Fant,TE,9,DEN,23,15,14,0,0,149.3,0,0,0,0,0,0,0,,0,93,62,673,10.85,3,0,0,3,1,,0.0,68,FantNo00
P0788,2020,118,Rob Gronkowski,TE,10,TAM,31,16,16,0,0,149.3,0,0,0,0,0,0,0,,0,77,45,623,13.84,7,1,0,7,,,0.0,69,GronRo00
P1358,2020,119,Hayden Hurst,TE,11,ATL,27,16,9,0,0,149.1,0,0,0,0,0,0,0,,0,88,56,571,10.2,6,0,0,6,,,-0.2,71,HursHa00
P1399,2020,120,Dalton Schultz,TE,12,DAL,24,16,14,0,0,146.5,0,0,0,0,0,0,0,,0,89,63,615,9.76,4,1,1,4,,,-2.8,74,SchuDa00
P1273,2020,121,Christian Kirk,WR,51,ARI,24,14,10,0,0,146.4,0,0,0,0,0,2,3,1.5,0,79,48,621,12.94,6,1,0,6,,,-45.0,116,KirkCh01
P0841,2020,122,Julio Jones,WR,52,ATL,31,9,9,0,0,146.1,0,0,0,0,0,0,0,,0,68,51,771,15.12,3,0,0,3,,,-45.3,117,JoneJu02
P1155,2020,123,Hunter Henry,TE,13,LAC,26,14,14,0,0,145.3,0,0,0,0,0,0,0,,0,93,60,613,10.22,4,0,0,4,,,-4.0,76,HenrHu00
P1335,2020,124,Devin Singletary,RB,31,BUF,23,16,16,0,0,143.6,0,0,0,0,0,156,687,4.4,2,50,38,269,7.08,0,1,1,2,,,-42.7,114,SingDe00
P0809,2020,125,Jimmy Graham,TE,14,CHI,34,16,15,0,0,143.6,0,0,0,0,0,0,0,,0,76,50,456,9.12,8,1,0,8,,,-5.7,77,GrahJi00
P1373,2020,126,Jakobi Meyers,WR,53,NWE,24,14,9,0,0,142.5,2,2,43,2,0,2,9,4.5,0,81,59,729,12.36,0,1,1,0,1,,-48.9,118,MeyeJa01
P1400,2020,127,Jeff Wilson,RB,32,SFO,25,12,3,0,0,142.3,0,0,0,0,0,126,600,4.76,7,28,13,133,10.23,3,2,2,10,,,-44.0,115,WilsJe01
P1093,2020,128,Eric Ebron,TE,15,PIT,27,15,9,0,0,141.8,0,0,0,0,0,0,0,,0,91,56,558,9.96,5,1,1,5,1,,-7.5,81,EbroEr00
P1331,2020,129,Darius Slayton,WR,54,NYG,23,16,15,0,0,141.0,0,0,0,0,0,2,-1,-0.5,0,96,50,751,15.02,3,1,1,3,,,-50.4,121,SlayDa01
P1200,2020,130,Evan Engram,TE,16,NYG,26,16,14,1,0,141.0,0,0,0,0,0,6,26,4.33,1,109,63,654,10.38,1,1,1,2,,,-8.3,82,EngrEv00
P1312,2020,131,Jonnu Smith,TE,17,TEN,25,15,14,0,0,140.2,0,0,0,0,0,2,4,2,1,65,41,448,10.93,8,0,0,9,,,-9.1,84,SmitJo01
P1280,2020,132,Marquez Valdes-Scantling,WR,55,GNB,26,16,12,0,0,137.3,0,0,0,0,0,4,13,3.25,0,63,33,690,20.91,6,1,1,6,,,-54.1,125,ValdMa00
P0839,2020,133,Andy Dalton,QB,29,DAL,33,11,9,0,0,136.9,216,333,2170,14,8,28,114,4.07,0,1,1,-3,-3,0,2,1,0,,,-195.9,241,DaltAn00
P1401,2020,134,Gabe Davis,WR,56,BUF,21,16,11,0,0,136.9,0,0,0,0,0,1,0,0,0,62,35,599,17.11,7,1,0,7,,,-54.5,127,DaviGa01
P1309,2020,135,Zach Pascal,WR,57,IND,26,16,14,0,0,136.9,0,1,0,0,0,0,0,,0,71,44,629,14.3,5,0,0,5,,,-54.5,128,PascZa00
P1216,2020,136,Wayne Gallman,RB,33,NYG,26,15,10,0,0,136.6,0,0,0,0,0,147,682,4.64,6,27,21,114,5.43,0,1,0,6,,,-49.7,119,GallWa00
P1052,2020,137,Latavius Murray,RB,34,NOR,30,15,7,0,0,136.2,0,0,0,0,0,146,656,4.49,4,26,23,176,7.65,1,1,0,5,,,-50.1,120,MurrLa00
P1134,2020,138,Dak Prescott,QB,30,DAL,27,5,5,0,0,135.6,151,222,1856,9,4,18,93,5.17,3,1,1,11,11,1,3,3,4,1,1,-197.2,242,PresDa01
P1402,2020,139,Tua Tagovailoa,QB,31,MIA,22,10,9,0,0,135.5,186,290,1814,11,5,36,109,3.03,3,0,0,0,,0,1,1,3,,1,-197.3,243,TagoTu00
P1263,2020,140,Sam Darnold,QB,32,NYJ,23,12,12,0,0,134.0,217,364,2208,9,11,37,217,5.86,2,0,0,0,,0,4,2,2,,1,-198.8,244,DarnSa00
P1375,2020,141,Greg Ward,WR,58,PHI,25,16,10,0,0,133.1,1,1,15,0,0,2,-4,-2,0,79,53,419,7.91,6,2,0,6,1,,-58.3,132,WardGr02
P1194,2020,142,Leonard Fournette,RB,35,TAM,25,13,3,0,0,132.0,0,0,0,0,0,97,367,3.78,6,47,36,233,6.47,0,0,0,6,,,-54.3,126,FourLe00
P1338,2020,143,Hunter Renfrow,WR,59,LVR,25,16,6,0,0,131.6,0,0,0,0,0,0,0,,0,77,56,656,11.71,2,2,1,2,,,-59.8,134,RenfHu00
P1403,2020,144,Darrell Henderson,RB,36,LAR,23,15,11,0,0,130.3,0,0,0,0,0,138,624,4.52,5,24,16,159,9.94,1,0,0,6,,,-56.0,129,HendDa00
P1277,2020,145,Kendrick Bourne,WR,60,SFO,25,15,5,0,0,129.7,0,0,0,0,0,0,0,,0,74,49,667,13.61,2,0,0,2,1,,-61.7,137,BourKe00
P1292,2020,146,Gus Edwards,RB,37,BAL,25,16,6,0,0,128.2,0,0,0,0,0,144,723,5.02,6,13,9,129,14.33,0,1,1,6,,,-58.1,131,EdwaGu00
P1249,2020,147,Tyler Higbee,TE,18,LAR,27,15,15,0,0,128.2,0,0,0,0,0,1,1,1,0,60,44,521,11.84,5,0,0,5,1,,-21.1,93,HigbTy00
P1340,2020,148,Mecole Hardman,WR,61,KAN,22,16,8,0,0,128.1,0,0,0,0,0,4,31,7.75,0,62,41,560,13.66,4,2,2,5,1,,-63.3,139,HardMe00
P0821,2020,149,Jared Cook,TE,19,NOR,33,15,5,0,0,127.4,0,0,0,0,0,0,0,,0,60,37,504,13.62,7,1,1,7,,,-21.9,95,CookJa02
P1204,2020,150,Jamaal Williams,RB,38,GNB,25,14,3,0,0,127.1,0,0,0,0,0,119,505,4.24,2,35,31,236,7.61,1,0,0,3,2,,-59.2,133,WillJa06
P1044,2020,151,Jerick McKinnon,RB,39,SFO,28,16,4,0,0,126.2,0,0,0,0,0,81,319,3.94,5,46,33,253,7.67,1,0,0,6,,,-60.1,135,McKiJe00
P1215,2020,152,George Kittle,TE,20,SFO,27,8,8,0,0,125.1,0,0,0,0,0,2,17,8.5,0,63,48,634,13.21,2,0,0,2,,,-24.2,98,KittGe00
P0618,2020,153,Adrian Peterson,RB,40,DET,35,16,10,0,0,124.5,0,0,0,0,0,156,604,3.87,7,18,12,101,8.42,0,0,0,7,,,-61.8,138,PeteAd01
P1287,2020,154,Josh Reynolds,WR,62,LAR,25,16,13,0,0,124.3,0,0,0,0,0,1,5,5,0,81,52,618,11.88,2,2,1,2,,,-67.1,145,ReynJo00
P1240,2020,155,Rashard Higgins,WR,63,CLE,26,13,6,0,0,120.9,0,0,0,0,0,0,0,,0,52,37,599,16.19,4,3,0,4,,,-70.5,149,HiggRa00
P1353,2020,156,Tony Pollard,RB,41,DAL,23,16,2,0,0,120.8,0,0,0,0,0,101,435,4.31,4,40,28,193,6.89,1,0,0,5,,,-65.5,140,PollTo00
P1285,2020,157,David Moore,WR,64,SEA,25,16,6,0,0,118.8,0,0,0,0,0,8,61,7.63,0,47,35,417,11.91,6,1,0,6,,,-72.6,153,MoorDa03
P0840,2020,158,Antonio Brown,WR,65,TAM,32,8,4,0,0,117.1,0,0,0,0,0,2,-2,-1,0,62,45,483,10.73,4,0,0,4,,,-74.3,155,BrowAn04
P1096,2020,159,James White,RB,42,NWE,28,14,0,0,0,116.6,0,0,0,0,0,35,121,3.46,2,62,49,375,7.65,1,1,0,3,,,-69.7,147,WhitJa02
P1291,2020,160,Dallas Goedert,TE,21,PHI,25,11,9,0,0,116.4,0,0,0,0,0,0,0,,0,65,46,524,11.39,3,0,0,3,,,-32.9,106,GoedDa00
P1274,2020,161,Nick Mullens,QB,33,SFO,25,10,8,0,0,116.3,211,326,2437,12,12,9,8,0.89,0,0,0,0,,0,6,4,0,,1,-216.5,245,MullNi00
P1404,2020,162,Travis Fulgham,WR,66,PHI,25,13,8,0,0,115.9,0,0,0,0,0,0,0,,0,67,38,539,14.18,4,0,0,4,,,-75.5,156,FulgTr00
P1364,2020,163,Damiere Byrd,WR,67,NWE,27,16,14,0,0,114.9,0,0,0,0,0,2,15,7.5,0,77,47,604,12.85,1,3,0,1,,,-76.5,159,ByrdDa00
P1186,2020,164,Austin Hooper,TE,22,CLE,26,13,13,0,0,113.5,0,0,0,0,0,0,0,,0,70,46,435,9.46,4,0,0,4,,,-35.8,109,HoopAu00
P0838,2020,165,A.J. Green,WR,68,CIN,32,16,14,0,0,111.3,0,0,0,0,0,0,0,,0,104,47,523,11.13,2,0,0,2,,,-80.1,163,GreeA.00
P1405,2020,166,Jalen Hurts,QB,34,PHI,22,15,4,0,0,109.1,77,148,1061,6,4,63,354,5.62,3,1,1,3,3,0,9,2,3,,,-223.7,246,HurtJa00
P1376,2020,167,Malcolm Brown,RB,43,LAR,27,16,0,0,0,109.1,0,0,0,0,0,101,419,4.15,5,33,23,162,7.04,0,1,1,5,,,-77.2,160,BrowMa03
P1275,2020,168,Anthony Miller,WR,69,CHI,26,16,6,0,0,108.7,0,0,0,0,0,2,12,6,0,76,49,485,9.9,2,2,1,2,,,-82.7,166,MillAn02
P1301,2020,169,Demarcus Robinson,WR,70,KAN,26,16,9,0,0,107.6,0,0,0,0,0,0,0,,0,59,45,466,10.36,3,2,1,3,,,-83.8,168,RobiDe01
P1180,2020,170,Rex Burkhead,RB,44,NWE,30,10,0,0,0,107.6,0,0,0,0,0,67,274,4.09,3,33,25,192,7.68,3,0,0,6,,,-78.7,161,BurkRe00
P0756,2020,171,Danny Amendola,WR,71,DET,35,14,5,0,0,106.4,0,0,0,0,0,1,2,2,0,69,46,602,13.09,0,0,0,0,,,-85.0,173,AmenDa00
P0922,2020,172,Nick Foles,QB,35,CHI,31,9,7,0,0,104.2,202,312,1852,10,8,16,1,0.06,1,0,0,0,,0,2,0,1,,,-228.6,247,FoleNi00
P1286,2020,173,Tre'Quan Smith,WR,72,NOR,24,14,10,0,0,103.1,0,0,0,0,0,1,3,3,0,50,34,448,13.18,4,1,0,4,,,-88.3,177,SmitTr03
P1406,2020,174,Scotty Miller,WR,73,TAM,23,16,5,0,0,102.5,0,0,0,0,0,3,14,4.67,0,53,33,501,15.18,3,0,0,3,,,-88.9,178,MillSc01
P1407,2020,175,Cam Akers,RB,45,LAR,21,13,5,0,0,101.8,0,0,0,0,0,145,625,4.31,2,14,11,123,11.18,1,1,1,3,,,-84.5,171,AkerCa00
P1408,2020,176,Zack Moss,RB,46,BUF,23,13,0,0,0,101.6,0,0,0,0,0,112,481,4.29,4,18,14,95,6.79,1,0,0,5,,,-84.7,172,MossZa00
P0458,2020,177,Larry Fitzgerald,WR,74,ARI,37,13,13,0,0,100.9,0,0,0,0,0,0,0,,0,72,54,409,7.57,1,0,0,1,,,-90.5,179,FitzLa00
P0516,2020,178,Frank Gore,RB,47,NYJ,37,15,14,0,0,100.2,0,0,0,0,0,187,653,3.49,2,19,16,89,5.56,0,1,1,2,,,-86.1,174,GoreFr00
P0873,2020,179,Randall Cobb,WR,75,HOU,30,10,2,0,0,100.1,0,1,0,0,0,0,0,,0,48,38,441,11.61,3,0,0,3,,,-91.3,182,CobbRa00
P1333,2020,180,Raheem Mostert,RB,48,SFO,28,8,8,0,0,99.7,0,0,0,0,0,104,521,5.01,2,19,16,156,9.75,1,1,1,3,,,-86.6,175,MostRa00
P1372,2020,181,Isaiah McKenzie,WR,76,BUF,25,16,7,0,0,99.6,1,1,12,1,0,10,9,0.9,0,34,30,282,9.4,5,0,0,6,,,-91.8,184,McKeIs00
P1206,2020,182,Joe Mixon,RB,49,CIN,24,6,6,0,0,99.6,0,0,0,0,0,119,428,3.6,3,26,21,138,6.57,1,1,1,4,,,-86.7,176,MixoJo00
P1339,2020,183,James Washington,WR,77,PIT,24,16,7,0,0,99.2,0,0,0,0,0,0,0,,0,56,30,392,13.07,5,0,0,5,,,-92.2,185,WashJa00
P1166,2020,184,Breshad Perriman,WR,78,NYJ,27,12,12,0,0,99.1,0,0,0,0,0,1,6,6,0,60,30,505,16.83,3,0,0,3,,,-92.3,186,PerrBr02
P1409,2020,185,Michael Pittman Jr.,WR,79,IND,23,13,8,0,0,98.9,0,0,0,0,0,3,26,8.67,0,61,40,503,12.58,1,0,0,1,,,-92.5,188,PittMi01
P1356,2020,186,Irv Smith Jr.,TE,23,MIN,22,13,7,0,0,98.5,0,0,0,0,0,0,0,,0,43,30,365,12.17,5,0,0,5,1,,-50.8,123,SmitIr01
P1344,2020,187,Allen Lazard,WR,80,GNB,25,10,9,0,0,97.8,0,0,0,0,0,2,17,8.5,0,46,33,451,13.67,3,0,0,3,,,-93.6,191,LazaAl00
P1410,2020,188,Braxton Berrios,WR,81,NYJ,25,16,2,0,0,97.3,0,0,0,0,0,3,29,9.67,0,55,37,394,10.65,3,0,0,3,,,-94.1,192,BerrBr00
P1168,2020,189,Chris Conley,WR,82,JAX,28,15,4,0,0,97.1,0,0,0,0,0,0,0,,0,63,40,471,11.78,2,1,1,2,,,-94.3,193,ConlCh00
P1411,2020,190,Jalen Guyton,WR,83,LAC,23,16,9,0,0,97.1,0,0,0,0,0,2,0,0,0,55,28,511,18.25,3,0,0,3,,,-94.3,194,GuytJa01
P1412,2020,191,Dan Arnold,TE,24,ARI,25,16,5,0,0,96.8,0,0,0,0,0,0,0,,0,45,31,438,14.13,4,2,1,4,,,-52.5,124,ArnoDa00
P1023,2020,192,John Brown,WR,84,BUF,30,9,8,0,0,96.8,0,0,0,0,0,0,0,,0,52,33,458,13.88,3,0,0,3,,,-94.6,195,BrowJo02
P1348,2020,193,Boston Scott,RB,50,PHI,25,16,4,0,0,95.6,0,0,0,0,0,80,374,4.68,1,36,25,212,8.48,1,2,0,2,,,-90.7,180,ScotBo02
P1370,2020,194,Brian Hill,RB,51,ATL,25,16,1,0,0,95.4,0,0,0,0,0,100,465,4.65,1,30,25,199,7.96,0,2,1,1,,,-90.9,181,HillBr02
P1083,2020,195,Willie Snead,WR,85,BAL,28,13,8,0,0,94.2,0,0,0,0,0,0,0,,0,48,33,432,13.09,3,1,0,3,,,-97.2,198,SneaWi00
P1413,2020,196,Kalen Ballage,RB,52,2TM,25,11,2,0,0,93.9,0,0,0,0,0,91,303,3.33,3,37,29,166,5.72,0,1,0,3,,,-92.4,187,BallKa00
P1295,2020,197,Gerald Everett,TE,25,LAR,26,16,7,0,0,92.9,0,0,0,0,0,1,2,2,1,62,41,417,10.17,1,1,1,2,,,-56.4,130,EverGe00
P1414,2020,198,Damien Harris,RB,53,NWE,23,10,10,0,0,91.3,0,0,0,0,0,137,691,5.04,2,7,5,52,10.4,0,1,0,2,,,-95.0,196,HarrDa06
P1195,2020,199,Christian McCaffrey,RB,54,CAR,24,3,3,0,0,90.4,0,0,0,0,0,59,225,3.81,5,19,17,149,8.76,1,0,0,6,,,-95.9,197,McCaCh01
P1415,2020,200,KJ Hamler,WR,86,DEN,21,13,4,0,0,90.1,0,0,0,0,0,9,40,4.44,0,56,30,381,12.7,3,2,0,3,,,-101.3,201,HamlKJ00
P1013,2020,201,Sammy Watkins,WR,87,KAN,27,10,9,0,0,87.4,0,1,0,0,1,1,3,3,0,55,37,421,11.38,2,1,1,2,,,-104.0,205,WatkSa00
P1304,2020,202,Jakeem Grant,WR,88,MIA,28,14,4,0,0,87.3,0,0,0,0,0,3,20,6.67,0,54,36,373,10.36,1,2,0,2,,,-104.1,206,GranJa00
P1416,2020,203,Jalen Reagor,WR,89,PHI,21,11,11,0,0,87.2,0,0,0,0,0,4,26,6.5,0,54,31,396,12.77,1,2,0,2,1,,-104.2,207,ReagJa00
P1314,2020,204,Keke Coutee,WR,90,HOU,23,8,4,0,0,87.0,0,0,0,0,0,0,0,,0,40,33,400,12.12,3,4,3,3,1,,-104.4,208,CoutKe00
P1365,2020,205,Alexander Mattison,RB,55,MIN,22,13,2,0,0,86.9,0,0,0,0,0,96,434,4.52,2,15,13,125,9.62,1,0,0,3,,,-99.4,199,MattAl01
P1007,2020,206,Odell Beckham Jr.,WR,91,CLE,28,7,7,0,0,86.8,1,1,18,0,0,3,72,24,1,43,23,319,13.87,3,0,0,4,,,-104.6,209,BeckOd00
P0864,2020,207,Golden Tate,WR,92,NYG,32,12,4,0,0,86.5,1,2,18,0,0,0,0,,0,52,35,388,11.09,2,0,0,2,,,-104.9,211,TateGo00
P1417,2020,208,Cam Sims,WR,93,WAS,24,16,10,0,0,86.2,0,0,0,0,0,1,5,5,0,48,32,477,14.91,1,1,0,1,,,-105.2,213,SimsCa00
P1148,2020,209,Devontae Booker,RB,56,LVR,28,16,1,0,0,85.7,0,0,0,0,0,93,423,4.55,3,21,17,84,4.94,0,1,0,3,,,-100.6,200,BookDe00
P1059,2020,210,Carlos Hyde,RB,57,SEA,30,10,1,0,0,84.9,0,0,0,0,0,81,356,4.4,4,20,16,93,5.81,0,1,0,4,,,-101.4,202,HydeCa00
P1085,2020,211,Duke Johnson,RB,58,HOU,27,11,5,0,0,84.4,0,0,0,0,0,77,235,3.05,1,35,28,249,8.89,1,3,2,2,,,-101.9,203,JohnDu00
P1418,2020,212,Henry Ruggs III,WR,94,LVR,21,13,12,0,0,84.1,0,0,0,0,0,9,49,5.44,0,43,26,452,17.38,2,2,2,2,,,-107.3,214,RuggHe00
P1135,2020,213,Michael Thomas,WR,95,NOR,27,7,5,0,0,83.9,0,0,0,0,0,1,1,1,0,55,40,438,10.95,0,0,0,0,,,-107.5,215,ThomMi05
P1419,2020,214,Anthony Firkser,FB,1,TEN,25,16,1,0,0,83.7,0,0,0,0,0,0,0,,0,53,39,387,9.92,1,0,0,1,,,-102.6,204,FirkAn00
P1352,2020,215,Jordan Akins,TE,26,HOU,28,13,5,0,0,83.7,0,0,0,0,0,1,4,4,0,49,37,403,10.89,1,0,0,1,,,-65.6,142,AkinJo00
P1181,2020,216,Trey Burton,TE,27,IND,29,13,4,0,0,83.3,0,0,0,0,0,2,3,1.5,2,47,28,250,8.93,3,0,0,5,,,-66.0,143,BurtTr01
P0987,2020,217,Tyler Eifert,TE,28,JAX,30,15,4,0,0,82.9,0,0,0,0,0,0,0,,0,60,36,349,9.69,2,0,0,2,,,-66.4,144,EifeTy00
P1110,2020,218,Kyle Juszczyk,FB,2,SFO,29,16,15,1,0,81.6,0,0,0,0,0,17,64,3.76,2,29,19,202,10.63,4,1,0,6,,,-104.7,210,JuszKy00
P1420,2020,219,Joshua Kelley,RB,59,LAC,23,14,0,0,0,81.2,0,0,0,0,0,111,354,3.19,2,23,23,148,6.43,0,2,2,2,,,-105.1,212,KellJo01
P1327,2020,220,Deebo Samuel,WR,96,SFO,24,7,5,0,0,80.7,0,0,0,0,0,8,26,3.25,0,44,33,391,11.85,1,0,0,1,,,-110.7,216,SamuDe00
P1421,2020,221,Mo Alie-Cox,TE,29,IND,27,15,6,0,0,80.4,0,0,0,0,0,0,0,,0,39,31,394,12.71,2,1,1,2,,,-68.9,146,AlieMo00
P1422,2020,222,Tyron Johnson,WR,97,LAC,24,12,0,0,0,79.5,0,0,0,0,0,3,17,5.67,0,26,20,398,19.9,3,0,0,3,,,-111.9,220,JohnTy03
P1423,2020,223,Drew Sample,TE,30,CIN,24,16,13,0,0,78.9,0,0,0,0,0,0,0,,0,53,40,349,8.73,1,1,1,1,,,-70.4,148,SampDr00
P0981,2020,224,Zach Ertz,TE,31,PHI,30,11,11,0,0,77.5,0,0,0,0,0,0,0,,0,72,36,335,9.31,1,0,0,1,1,,-71.8,151,ErtzZa00
P1128,2020,225,Darren Fells,TE,32,HOU,34,16,14,0,0,76.2,0,0,0,0,0,0,0,,0,28,21,312,14.86,4,0,0,4,,,-73.1,154,FellDa01
P1268,2020,226,Sony Michel,RB,60,NWE,25,9,6,0,0,75.3,0,0,0,0,0,79,449,5.68,1,9,7,114,16.29,1,0,0,2,,,-111.0,217,MichSo00
P1377,2020,227,Benny Snell Jr.,RB,61,PIT,22,16,3,0,0,74.9,0,0,0,0,0,111,368,3.32,4,14,10,61,6.1,0,2,1,4,,,-111.4,218,SnelBe00
P1351,2020,228,Preston Williams,WR,98,MIA,23,8,7,0,0,74.8,0,0,0,0,0,0,0,,0,35,18,288,16,4,0,0,4,2,,-116.6,222,WillPr01
P0956,2020,229,Le'Veon Bell,RB,62,2TM,28,11,4,0,0,74.6,0,0,0,0,0,82,328,4,2,20,16,138,8.63,0,1,0,2,,,-111.7,219,BellLe00
P1424,2020,230,N'Keal Harry,WR,99,NWE,23,14,9,0,0,73.9,0,0,0,0,0,2,0,0,0,57,33,309,9.36,2,1,1,2,,,-117.5,224,HarrNK00
P1278,2020,231,Chris Herndon,TE,33,NYJ,24,16,13,0,0,73.7,0,0,0,0,0,0,0,,0,45,31,287,9.26,3,2,2,3,,,-75.6,157,HernCh00
P0976,2020,232,Jordan Reed,TE,34,SFO,30,10,1,0,0,73.1,0,0,0,0,0,0,0,,0,46,26,231,8.88,4,0,0,4,,,-76.2,158,ReedJo02
P1267,2020,233,Kerryon Johnson,RB,63,DET,23,16,2,0,0,71.8,0,0,0,0,0,52,181,3.48,2,26,19,187,9.84,1,1,1,3,,,-114.5,221,JohnKe06
P0571,2020,234,Alex Smith,QB,36,WAS,36,8,6,0,0,71.6,168,252,1582,6,8,10,3,0.3,0,0,0,0,,0,2,0,0,,,-261.2,248,SmitAl03
P1086,2020,235,Richard Rodgers,TE,35,PHI,28,14,4,0,0,70.5,0,0,0,0,0,0,0,,0,31,24,345,14.38,2,0,0,2,,,-78.8,162,RodgRi00
P1425,2020,236,Miles Boykin,WR,100,BAL,24,16,13,0,0,69.6,0,0,0,0,0,0,0,,0,33,19,266,14,4,0,0,4,,,-121.8,228,BoykMi00
P0963,2020,237,Cordarrelle Patterson,WR,101,CHI,29,16,3,1,1,69.4,0,0,0,0,0,64,232,3.63,1,25,21,132,6.29,0,0,0,2,,,-122.0,229,PattCo00
P1426,2020,238,Salvon Ahmed,RB,64,MIA,22,6,4,0,0,69.0,0,0,0,0,0,75,319,4.25,3,14,11,61,5.55,0,0,0,3,1,,-117.3,223,AhmeSa01
P1129,2020,239,Cameron Brate,TE,36,TAM,29,16,1,0,0,68.2,0,0,0,0,0,0,0,,0,34,28,282,10.07,2,0,0,2,,,-81.1,164,BratCa00
P1359,2020,240,Dwayne Haskins,QB,37,WAS,23,7,6,0,0,68.2,148,241,1439,5,7,20,46,2.3,1,0,0,0,,0,6,3,1,,,-264.6,249,HaskDw00
P1427,2020,241,Quintez Cephus,WR,102,DET,22,13,2,0,0,66.9,0,0,0,0,0,0,0,,0,35,20,349,17.45,2,0,0,2,,,-124.5,231,CephQu00
P1355,2020,242,Dawson Knox,TE,37,BUF,24,12,7,0,0,66.8,0,0,0,0,0,0,0,,0,44,24,288,12,3,2,2,3,,,-82.5,165,KnoxDa00
P1257,2020,243,Phillip Lindsay,RB,65,DEN,26,11,8,0,0,66.0,0,0,0,0,0,118,502,4.25,1,14,7,28,4,0,0,0,1,,,-120.3,225,LindPh00
P1350,2020,244,Jacob Hollister,TE,38,SEA,27,16,5,0,0,65.9,0,0,0,0,0,0,0,,0,40,25,209,8.36,3,0,0,3,1,,-83.4,167,HollJa03
P1224,2020,245,Kenny Golladay,WR,103,DET,27,5,5,0,0,65.8,0,0,0,0,0,0,0,,0,32,20,338,16.9,2,0,0,2,,,-125.6,232,GollKe00
P1213,2020,246,Samaje Perine,RB,66,CIN,25,16,1,0,0,65.7,0,0,0,0,0,63,301,4.78,3,12,11,66,6,0,0,0,3,,,-120.6,226,PeriSa00
P0880,2020,247,Kyle Rudolph,TE,39,MIN,31,12,12,0,0,65.4,0,0,0,0,0,0,0,,0,37,28,334,11.93,1,1,1,1,,,-83.9,169,RudoKy00
P1317,2020,248,Justin Jackson,RB,67,LAC,24,9,4,0,0,65.3,0,0,0,0,0,59,270,4.58,0,24,19,173,9.11,0,0,0,0,1,,-121.0,227,JackJu01
P1428,2020,249,Richie James,WR,104,SFO,25,11,7,0,0,64.4,0,0,0,0,0,0,0,,0,35,23,394,17.13,1,2,2,1,,,-127.0,233,JameRi00
P1230,2020,250,Jimmy Garoppolo,QB,38,SFO,29,6,6,0,0,64.3,94,140,1096,7,5,10,25,2.5,0,0,0,0,,0,2,0,0,,,-268.5,250,GaroJi00
P1198,2021,1,Cooper Kupp,WR,1,LAR,28,17,17,1,1,439.5,0,1,0,0,0,4,18,4.5,0,191,145,1947,13.43,16,0,0,16,1,,239.7,1,KuppCo00
P1258,2021,2,Josh Allen,QB,1,BUF,25,17,17,0,0,402.6,409,646,4407,36,15,122,763,6.25,6,0,0,0,,0,8,3,6,2,1,102.1,10,AlleJo02
P1379,2021,3,Justin Herbert,QB,2,LAC,23,17,17,1,0,380.8,443,672,5014,38,15,63,302,4.79,3,0,0,0,,0,1,1,3,1,5,80.3,15,HerbJu00
P0260,2021,4,Tom Brady,QB,3,TAM,44,17,17,1,0,374.7,485,719,5316,43,12,28,81,2.89,2,0,0,0,,0,4,3,2,,,74.2,17,BradTo00
P1381,2021,5,Jonathan Taylor,RB,1,IND,22,17,17,1,1,373.1,0,0,0,0,0,332,1811,5.45,18,51,40,360,9,2,4,2,20,,,179.8,2,TaylJo02
P1253,2021,6,Patrick Mahomes,QB,4,KAN,26,17,17,1,0,361.7,436,658,4839,37,13,66,381,5.77,2,0,0,0,,0,9,4,2,1,1,61.2,21,MahoPa00
P1039,2021,7,Davante Adams,WR,2,GNB,29,16,16,1,1,344.3,0,0,0,0,0,0,0,,0,169,123,1553,12.63,11,0,0,11,,,144.5,4,AdamDa01
P1214,2021,8,Austin Ekeler,RB,2,LAC,26,16,16,0,0,343.8,0,0,0,0,0,206,911,4.42,12,94,70,647,9.24,8,4,3,20,2,,150.5,3,EkelAu00
P1327,2021,9,Deebo Samuel,WR,3,SFO,25,16,15,1,1,339.0,1,2,24,1,0,59,365,6.19,8,121,77,1405,18.25,6,4,2,14,,,139.2,5,SamuDe00
P0671,2021,10,Aaron Rodgers,QB,5,GNB,38,16,16,1,1,333.3,366,531,4115,37,4,33,101,3.06,3,1,1,-4,-4,0,3,0,3,,,32.8,39,RodgAa00
P1380,2021,11,Justin Jefferson,WR,4,MIN,22,17,17,1,0,330.4,2,4,35,0,0,6,14,2.33,0,167,108,1616,14.96,10,1,1,10,,,130.6,7,JeffJu00
P0745,2021,12,Matthew Stafford,QB,6,LAR,33,17,17,0,0,329.7,404,601,4886,41,17,32,43,1.34,0,0,0,0,,0,5,2,0,,2,29.2,42,StafMa00
P1134,2021,13,Dak Prescott,QB,7,DAL,28,16,16,0,0,320.6,410,596,4449,37,10,48,146,3.04,1,0,0,0,,0,14,6,1,1,2,20.1,46,PresDa01
P1392,2021,14,Joe Burrow,QB,8,CIN,25,16,16,0,0,314.2,366,520,4611,34,14,40,118,2.95,2,0,0,0,,0,5,2,2,,1,13.7,52,BurrJo01
P1405,2021,15,Jalen Hurts,QB,9,PHI,23,15,15,0,0,312.2,265,432,3144,16,9,139,784,5.64,10,1,0,0,,0,9,2,10,,3,11.7,56,HurtJa00
P1429,2021,16,Ja'Marr Chase,WR,5,CIN,21,17,17,1,0,304.6,0,0,0,0,0,7,21,3,0,128,81,1455,17.96,13,2,1,13,,,104.8,9,ChasJa00
P1281,2021,17,Mark Andrews,TE,1,BAL,26,17,9,1,1,301.1,0,0,0,0,0,1,0,0,0,153,107,1361,12.72,9,1,0,9,2,,136.8,6,AndrMa00
P1430,2021,18,Najee Harris,RB,3,PIT,23,17,17,1,0,300.7,0,0,0,0,0,307,1200,3.91,7,94,74,467,6.31,3,0,0,10,,,107.4,8,HarrNa00
P1318,2021,19,Kyler Murray,QB,10,ARI,24,14,14,1,0,300.5,333,481,3787,24,10,88,423,4.81,5,0,0,7,,0,13,0,5,,,0.0,70,MurrKy00
P1047,2021,20,Kirk Cousins,QB,11,MIN,33,16,16,1,0,300.3,372,561,4221,33,7,29,115,3.97,1,0,0,0,,0,12,2,1,,,-0.2,72,CousKi00
P1137,2021,21,Tyreek Hill,WR,6,KAN,27,17,16,1,0,296.5,0,0,0,0,0,9,96,10.67,0,159,111,1239,11.16,9,2,1,9,,,96.7,12,HillTy00
P1206,2021,22,Joe Mixon,RB,4,CIN,25,16,16,1,0,287.9,0,0,0,0,0,292,1205,4.13,13,48,42,314,7.48,3,2,1,16,,,94.6,13,MixoJo00
P1088,2021,23,Stefon Diggs,WR,7,BUF,28,17,17,1,0,285.5,0,0,0,0,0,0,0,,0,164,103,1225,11.89,10,1,0,10,,,85.7,14,DiggSt00
P1334,2021,24,Diontae Johnson,WR,8,PIT,25,16,14,1,0,274.4,0,0,0,0,0,5,53,10.6,0,169,107,1161,10.85,8,2,2,8,1,,74.6,16,JohnDi01
P0901,2021,25,Ryan Tannehill,QB,12,TEN,33,17,17,0,0,268.4,357,531,3734,21,14,55,270,4.91,7,0,0,0,,0,10,4,7,,1,-32.1,94,TannRy00
P1016,2021,26,Travis Kelce,TE,2,KAN,32,16,16,1,0,262.8,0,0,0,0,0,2,3,1.5,1,134,92,1125,12.23,9,1,1,10,,,98.5,11,KelcTr00
P1008,2021,27,Mike Evans,WR,9,TAM,28,16,16,1,0,262.5,0,0,0,0,0,1,10,10,0,114,74,1035,13.99,14,0,0,14,,,62.7,19,EvanMi00
P1338,2021,28,Hunter Renfrow,WR,10,LVR,26,17,9,1,0,259.1,0,0,0,0,0,3,3,1,0,128,103,1038,10.08,9,5,1,9,,,59.3,22,RenfHu00
P1140,2021,29,Carson Wentz,QB,13,IND,29,17,17,0,0,258.0,322,516,3563,27,7,57,215,3.77,1,0,0,0,,0,8,5,1,,2,-42.5,101,WentCa00
P0955,2021,30,Keenan Allen,WR,11,LAC,29,16,16,1,0,257.8,0,1,0,0,0,0,0,,0,157,106,1138,10.74,6,1,0,6,,1,58.0,24,AlleKe00
P1255,2021,31,James Conner,RB,5,ARI,26,15,6,1,0,257.7,0,0,0,0,0,202,752,3.72,15,39,37,375,10.14,3,2,0,18,,,64.4,18,ConnJa00
P1015,2021,32,Derek Carr,QB,14,LVR,30,17,17,0,0,257.0,428,626,4804,23,14,40,108,2.7,0,0,0,0,,0,13,5,0,,,-43.5,106,CarrDe02
P1194,2021,33,Leonard Fournette,RB,6,TAM,26,14,13,0,0,255.6,0,1,0,0,0,180,812,4.51,8,84,69,454,6.58,2,1,0,10,,,62.3,20,FourLe00
P1133,2021,34,Ezekiel Elliott,RB,7,DAL,26,17,17,0,0,252.1,1,1,4,0,0,237,1002,4.23,10,65,47,287,6.11,2,1,1,12,3,,58.8,23,ElliEz00
P1262,2021,35,Mike Williams,WR,12,LAC,27,16,14,0,0,246.6,0,0,0,0,0,0,0,,0,129,76,1146,15.08,9,0,0,9,1,,46.8,25,WillMi07
P1431,2021,36,Jaylen Waddle,WR,13,MIA,23,16,16,0,0,245.8,0,0,0,0,0,2,3,1.5,1,140,104,1015,9.76,6,2,1,7,,,46.0,26,WaddJa00
P1328,2021,37,D.K. Metcalf,WR,14,SEA,24,17,17,0,0,244.3,0,0,0,0,0,1,6,6,0,129,75,967,12.89,12,1,0,12,,,44.5,27,MetcDK00
P0891,2021,38,Russell Wilson,QB,15,SEA,33,14,14,1,0,242.8,259,400,3113,25,6,43,183,4.26,2,0,0,0,,0,6,1,2,,1,-57.7,121,WilsRu00
P1225,2021,39,Chris Godwin,WR,15,TAM,25,14,14,0,0,242.4,0,0,0,0,0,4,21,5.25,1,127,98,1103,11.26,5,2,2,6,,,42.6,29,GodwCh00
P1084,2021,40,Tyler Lockett,WR,16,SEA,29,16,16,0,0,241.4,0,0,0,0,0,2,9,4.5,0,107,73,1175,16.1,8,0,0,8,1,,41.6,30,LockTy00
P1265,2021,41,Lamar Jackson,QB,16,BAL,24,12,12,1,0,240.0,246,382,2882,16,13,133,767,5.77,2,0,0,0,,0,6,3,2,,2,-60.5,123,JackLa00
P1409,2021,42,Michael Pittman Jr.,WR,17,IND,24,17,17,0,0,238.6,0,0,0,0,0,5,44,8.8,0,129,88,1082,12.3,6,1,0,6,1,,38.8,33,PittMi01
P1266,2021,43,D.J. Moore,WR,18,CAR,24,17,17,0,0,237.5,0,0,0,0,0,8,48,6,0,163,93,1157,12.44,4,1,1,4,1,,37.7,34,MoorD.00
P1191,2021,44,Alvin Kamara,RB,8,NOR,26,13,10,1,0,234.7,0,0,0,0,0,240,898,3.74,4,67,47,439,9.34,5,0,0,9,,,41.4,31,KamaAl00
P0963,2021,45,Cordarrelle Patterson,RB,9,ATL,30,16,13,0,0,234.6,0,1,0,0,0,153,618,4.04,6,69,52,548,10.54,5,2,0,11,,,41.3,32,PattCo00
P1383,2021,46,CeeDee Lamb,WR,19,DAL,22,16,13,1,0,232.8,0,0,0,0,0,9,76,8.44,0,120,79,1102,13.95,6,0,0,6,,,33.0,38,LambCe00
P1026,2021,47,Brandin Cooks,WR,20,HOU,28,16,16,0,0,231.8,0,0,0,0,0,2,21,10.5,0,134,90,1037,11.52,6,0,0,6,,,32.0,41,CookBr00
P1385,2021,48,Antonio Gibson,RB,10,WAS,23,16,14,0,0,229.1,0,0,0,0,0,258,1037,4.02,7,52,42,294,7,3,6,4,10,1,,35.8,35,GibsAn00
P1233,2021,49,Aaron Jones,RB,11,GNB,27,15,15,0,0,229.0,0,0,0,0,0,171,799,4.67,4,65,52,391,7.52,6,2,1,10,,,35.7,36,JoneAa00
P1230,2021,50,Jimmy Garoppolo,QB,17,SFO,30,15,15,0,0,227.5,301,441,3810,20,12,38,51,1.34,3,0,0,0,,0,8,3,3,,1,-73.0,141,GaroJi00
P1432,2021,51,Amon-Ra St. Brown,WR,21,DET,22,17,9,0,0,227.3,0,0,0,0,0,7,61,8.71,1,119,90,912,10.13,5,0,0,6,2,,27.5,43,StxxAm00
P1336,2021,52,Marquise Brown,WR,22,BAL,24,16,16,0,0,226.3,0,0,0,0,0,1,5,5,0,146,91,1008,11.08,6,3,1,6,,,26.5,44,BrowMa04
P1326,2021,53,Josh Jacobs,RB,12,LVR,23,15,14,0,0,226.0,0,0,0,0,0,217,872,4.02,9,64,54,348,6.44,0,2,2,9,,,32.7,40,JacoJo01
P1433,2021,54,Mac Jones,QB,18,NWE,23,17,17,1,0,224.9,352,521,3801,22,13,44,129,2.93,0,0,0,0,,0,7,3,0,,2,-75.6,144,JoneMa05
P0679,2021,55,Matt Ryan,QB,19,ATL,36,17,17,0,0,222.9,375,560,3968,20,12,40,82,2.05,1,0,0,0,,0,11,4,1,1,,-77.6,148,RyanMa00
P1434,2021,56,Taylor Heinicke,QB,20,WAS,28,16,15,0,0,222.9,321,494,3419,20,15,60,313,5.22,1,1,1,-2,-2,0,7,2,1,1,,-77.6,149,HeinTa00
P1398,2021,57,Darnell Mooney,WR,23,CHI,24,17,14,0,0,219.7,0,0,0,0,0,6,32,5.33,1,140,81,1055,13.02,4,0,0,5,,,19.9,47,MoonDa00
P1386,2021,58,Tee Higgins,WR,24,CIN,22,14,14,0,0,219.1,0,0,0,0,0,0,0,,0,110,74,1091,14.74,6,1,1,6,1,,19.3,48,HiggTe00
P0462,2021,59,Ben Roethlisberger,QB,21,PIT,39,16,16,0,0,218.1,390,605,3740,22,10,20,5,0.25,1,0,0,0,,0,11,5,1,,2,-82.4,155,RoetBe00
P1261,2021,60,Nick Chubb,RB,13,CLE,26,14,14,1,0,215.3,0,0,0,0,0,228,1259,5.52,8,25,20,174,8.7,1,2,1,9,,,22.0,45,ChubNi00
P1325,2021,61,Terry McLaurin,WR,25,WAS,26,17,17,0,0,213.5,0,0,0,0,0,1,12,12,0,130,77,1053,13.68,5,0,0,5,,,13.7,53,McLaTe00
P1414,2021,62,Damien Harris,RB,14,NWE,24,15,15,0,0,210.1,0,0,0,0,0,202,929,4.6,15,21,18,132,7.33,0,2,2,15,,,16.8,49,HarrDa06
P1387,2021,63,D'Andre Swift,RB,15,DET,22,13,4,0,0,208.9,0,1,0,0,0,151,617,4.09,5,78,62,452,7.29,2,2,1,7,,,15.6,51,SwifDA00
P1399,2021,64,Dalton Schultz,TE,3,DAL,25,17,15,0,0,208.8,0,0,0,0,0,0,0,,0,104,78,808,10.36,8,0,0,8,1,,44.5,28,SchuDa00
P1273,2021,65,Christian Kirk,WR,26,ARI,25,17,11,0,0,207.6,1,1,33,0,0,1,11,11,0,103,77,982,12.75,5,0,0,5,,,7.8,58,KirkCh01
P1244,2021,66,Dalvin Cook,RB,16,MIN,26,13,13,1,0,206.3,0,0,0,0,0,249,1159,4.65,6,49,34,224,6.59,0,3,2,6,1,,13.0,54,CookDa01
P1435,2021,67,Javonte Williams,RB,17,DEN,21,17,1,0,0,204.9,0,0,0,0,0,203,903,4.45,4,53,43,316,7.35,3,2,1,7,,,11.6,57,WillJa10
P1018,2021,68,Teddy Bridgewater,QB,22,DEN,29,14,14,0,0,202.7,285,426,3052,18,7,30,106,3.53,2,0,0,0,,0,1,1,2,,1,-97.8,184,BridTe00
P1080,2021,69,Amari Cooper,WR,27,DAL,27,15,14,0,0,202.5,0,0,0,0,0,0,0,,0,104,68,865,12.72,8,1,0,8,,,2.7,61,CoopAm00
P1141,2021,70,Adam Thielen,WR,28,MIN,31,13,13,0,0,199.8,0,0,0,0,0,1,2,2,0,95,67,726,10.84,10,1,0,10,,,0.0,67,ThieAd00
P1436,2021,71,Trevor Lawrence,QB,23,JAX,22,17,17,0,0,199.0,359,602,3641,12,17,73,334,4.58,2,0,0,0,,0,9,5,2,,2,-101.5,187,LawrTr00
P1215,2021,72,George Kittle,TE,4,SFO,28,14,14,1,0,198.0,0,0,0,0,0,3,20,6.67,0,94,71,910,12.82,6,2,1,6,,,33.7,37,KittGe00
P1335,2021,73,Devin Singletary,RB,18,BUF,24,17,16,0,0,197.8,0,0,0,0,0,188,870,4.63,7,50,40,228,5.7,1,5,0,8,,,4.5,60,SingDe00
P1369,2021,74,Darrel Williams,RB,19,KAN,26,17,7,0,0,196.0,0,0,0,0,0,144,558,3.88,6,57,47,452,9.62,2,0,0,8,,,2.7,62,WillDa10
P1105,2021,75,Melvin Gordon,RB,20,DEN,28,16,16,0,0,195.1,0,0,0,0,0,203,918,4.52,8,38,28,213,7.61,2,3,3,10,,,1.8,63,GordMe00
P1330,2021,76,David Montgomery,RB,21,CHI,24,13,13,0,0,195.0,0,1,0,0,1,225,849,3.77,7,51,42,301,7.17,0,1,1,7,,,1.7,64,MontDa01
P1193,2021,77,Jared Goff,QB,24,DET,27,14,14,0,0,194.5,332,494,3245,19,8,17,87,5.12,0,0,0,0,,0,9,6,0,,4,-106.0,191,GoffJa00
P1162,2021,78,Derrick Henry,RB,22,TEN,27,8,8,0,0,193.3,1,1,5,1,0,219,937,4.28,10,20,18,154,8.56,0,1,0,10,1,,0.0,68,HenrDe00
P1373,2021,79,Jakobi Meyers,WR,29,NWE,25,17,16,0,0,186.3,2,2,45,0,0,1,9,9,0,126,83,866,10.43,2,1,1,2,2,,-13.5,76,MeyeJa01
P1437,2021,80,AJ Dillon,RB,23,GNB,23,17,2,0,0,185.6,0,0,0,0,0,187,803,4.29,5,37,34,313,9.21,2,2,1,7,,,-7.7,74,DillAJ00
P1438,2021,81,DeVonta Smith,WR,30,PHI,23,17,16,0,0,185.6,0,0,0,0,0,0,0,,0,104,64,916,14.31,5,1,1,5,1,,-14.2,77,SmitDe07
P1159,2021,82,Tyler Boyd,WR,31,CIN,27,16,10,0,0,183.8,1,1,46,0,0,2,22,11,0,94,67,828,12.36,5,1,0,5,,,-16.0,78,BoydTy00
P1323,2021,83,A.J. Brown,WR,32,TEN,24,13,13,0,0,180.9,0,2,0,0,0,2,10,5,0,105,63,869,13.79,5,0,0,5,,,-18.9,80,BrowAJ00
P1256,2021,84,Baker Mayfield,QB,25,CLE,26,14,14,0,0,180.9,253,418,3010,17,13,37,134,3.62,1,0,0,11,,0,6,3,1,,2,-119.6,218,MayfBa00
P1402,2021,85,Tua Tagovailoa,QB,26,MIA,23,13,12,0,0,180.9,263,388,2653,16,10,42,128,3.05,3,0,0,0,,0,9,1,3,,1,-119.6,219,TagoTu00
P0981,2021,86,Zach Ertz,TE,5,2TM,31,17,14,0,0,180.7,0,0,0,0,0,1,4,4,0,112,74,763,10.31,5,0,0,5,,,16.4,50,ErtzZa00
P1277,2021,87,Kendrick Bourne,WR,33,NWE,26,17,5,0,0,180.5,1,1,25,1,0,12,125,10.42,0,70,55,800,14.55,5,1,1,5,,,-19.3,82,BourKe00
P0960,2021,88,Marvin Jones,WR,34,JAX,31,17,16,0,0,180.2,0,0,0,0,0,0,0,,0,120,73,832,11.4,4,0,0,4,,,-19.6,84,JoneMa02
P1439,2021,89,Kyle Pitts,TE,6,ATL,21,17,15,1,0,176.6,0,0,0,0,0,0,0,,0,110,68,1026,15.09,1,0,0,1,,,12.3,55,PittKy00
P1382,2021,90,James Robinson,RB,24,JAX,23,14,13,0,0,173.9,0,0,0,0,0,164,767,4.68,8,46,31,222,7.16,0,4,2,8,,,-19.4,83,RobiJa00
P1394,2021,91,Myles Gaskin,RB,25,MIA,24,17,10,0,0,173.6,0,0,0,0,0,173,612,3.54,3,63,49,234,4.78,4,2,1,7,,,-19.7,85,GaskMy00
P0788,2021,92,Rob Gronkowski,TE,7,TAM,32,12,12,0,0,171.2,0,0,0,0,0,0,0,,0,89,55,802,14.58,6,0,0,6,,,6.9,59,GronRo00
P1388,2021,93,Brandon Aiyuk,WR,35,SFO,23,17,16,0,0,170.3,0,0,0,0,0,5,17,3.4,0,84,56,826,14.75,5,2,1,5,1,,-29.5,88,AiyuBr00
P1440,2021,94,Van Jefferson,WR,36,LAR,25,17,17,0,0,168.2,0,0,0,0,0,2,20,10,0,89,50,802,16.04,6,0,0,6,,,-31.6,92,JeffVa00
P1324,2021,95,Daniel Jones,QB,27,NYG,24,11,11,0,0,167.5,232,361,2428,10,7,62,298,4.81,2,1,1,16,16,0,7,3,2,2,1,-133.0,237,JoneDa05
P1384,2021,96,Chase Claypool,WR,37,PIT,23,15,13,0,0,166.6,0,0,0,0,0,14,96,6.86,0,105,59,860,14.58,2,0,0,2,,,-33.2,95,ClayCh01
P1291,2021,97,Dallas Goedert,TE,8,PHI,26,15,14,0,0,165.0,0,0,0,0,0,0,0,,0,76,56,830,14.82,4,1,0,4,1,,0.7,65,GoedDa00
P1441,2021,98,Elijah Mitchell,RB,26,SFO,23,11,10,0,0,165.0,0,0,0,0,0,207,963,4.65,5,20,19,137,7.21,1,0,0,6,,,-28.3,87,MitcEl00
P1337,2021,99,Mike Gesicki,TE,9,MIA,26,17,9,0,0,165.0,0,1,0,0,0,0,0,,0,112,73,780,10.68,2,0,0,2,1,,0.7,66,GesiMi00
P1155,2021,100,Hunter Henry,TE,10,NWE,27,17,10,0,0,164.3,0,0,0,0,0,0,0,,0,75,50,603,12.06,9,0,0,9,,,0.0,69,HenrHu00
P1355,2021,101,Dawson Knox,TE,11,BUF,25,15,14,0,0,164.1,0,0,0,0,0,0,4,,0,71,49,587,11.98,9,0,0,9,,1,-0.2,71,KnoxDa00
P1403,2021,102,Darrell Henderson,RB,27,LAR,24,12,10,0,0,163.4,0,0,0,0,0,149,688,4.62,5,40,29,176,6.07,3,0,0,8,,,-29.9,89,HendDa00
P1347,2021,103,Russell Gage,WR,38,ATL,25,14,9,0,0,163.0,0,0,0,0,0,0,0,,0,94,66,770,11.67,4,2,2,4,,,-36.8,97,GageRu00
P1353,2021,104,Tony Pollard,RB,28,DAL,24,15,0,0,0,162.6,0,0,0,0,0,130,719,5.53,2,46,39,337,8.64,0,2,0,3,,,-30.7,90,PollTo00
P0988,2021,105,Cole Beasley,WR,39,BUF,32,16,8,0,0,159.3,0,1,0,0,0,0,0,,0,112,82,693,8.45,1,1,0,1,1,,-40.5,99,BeasCo00
P1341,2021,106,Noah Fant,TE,12,DEN,24,16,16,0,0,159.0,0,0,0,0,0,0,0,,0,90,68,670,9.85,4,0,0,4,,,-5.3,73,FantNo00
P1442,2021,107,K.J. Osborn,WR,40,MIN,24,17,9,0,0,158.5,0,0,0,0,0,1,10,10,0,82,50,655,13.1,7,0,0,7,,,-41.3,100,OsboKJ00
P1263,2021,108,Sam Darnold,QB,28,CAR,24,12,11,0,0,157.3,243,406,2527,9,13,48,222,4.63,5,0,0,0,,0,9,4,5,,1,-143.2,240,DarnSa00
P1443,2021,109,Davis Mills,QB,29,HOU,23,13,11,0,0,157.0,263,394,2664,16,10,18,44,2.44,0,0,0,0,,0,5,1,0,1,1,-143.5,241,MillDa02
P0838,2021,110,A.J. Green,WR,41,ARI,33,16,9,0,0,156.8,0,0,0,0,0,0,0,,0,92,54,848,15.7,3,0,0,3,,,-43.0,103,GreeA.00
P1395,2021,111,Tim Patrick,WR,42,DEN,28,16,16,0,0,156.4,0,0,0,0,0,0,0,,0,85,53,734,13.85,5,0,0,5,,,-43.4,105,PatrTi00
P1444,2021,112,Michael Carter,RB,29,NYJ,22,14,11,0,0,154.4,0,0,0,0,0,147,639,4.35,4,55,36,325,9.03,0,1,1,4,,,-38.9,98,CartMi03
P1445,2021,113,Zach Wilson,QB,30,NYJ,22,13,13,0,0,151.9,213,383,2334,9,11,29,185,6.38,4,1,0,0,,0,5,1,4,1,1,-148.6,242,WilsZa00
P1446,2021,114,Marquez Callaway,WR,43,NOR,23,17,11,0,0,151.8,0,0,0,0,0,0,0,,0,84,46,698,15.17,6,0,0,6,,,-48.0,111,CallMa01
P1447,2021,115,Pat Freiermuth,TE,13,PIT,23,16,9,0,0,151.7,0,0,0,0,0,0,0,,0,79,60,497,8.28,7,1,1,7,1,,-12.6,75,FreiPa00
P1271,2021,116,Courtland Sutton,WR,44,DEN,26,17,16,0,0,150.2,1,1,16,0,0,0,0,,0,98,58,776,13.38,2,0,0,2,1,,-49.6,113,SuttCo00
P1254,2021,117,Saquon Barkley,RB,30,NYG,24,13,13,0,0,148.6,0,0,0,0,0,162,593,3.66,2,57,41,263,6.41,2,2,1,4,,,-44.7,107,BarkSa00
P1448,2021,118,Cedrick Wilson Jr.,WR,45,DAL,26,16,4,0,0,147.8,3,3,88,0,0,2,11,5.5,0,61,45,602,13.38,6,3,0,6,1,,-52.0,115,WilsCe01
P0968,2021,119,DeAndre Hopkins,WR,46,ARI,29,10,10,0,0,147.2,0,0,0,0,0,0,0,,0,64,42,572,13.62,8,0,0,8,,,-52.6,116,HopkDe00
P1249,2021,120,Tyler Higbee,TE,14,LAR,28,15,15,0,0,147.0,0,0,0,0,0,0,0,,0,85,61,560,9.18,5,1,0,5,,,-17.3,79,HigbTy00
P1048,2021,121,Devonta Freeman,RB,31,BAL,29,16,8,0,0,146.6,0,0,0,0,0,133,576,4.33,5,42,34,190,5.59,1,0,0,6,,,-46.7,109,FreeDe00
P1268,2021,122,Sony Michel,RB,32,LAR,26,17,7,0,0,146.3,0,0,0,0,0,208,845,4.06,4,33,21,128,6.1,1,1,1,5,,,-47.0,110,MichSo00
P1354,2021,123,T.J. Hockenson,TE,15,DET,24,12,12,0,0,145.3,0,0,0,0,0,0,0,,0,84,61,583,9.56,4,0,0,4,1,,-19.0,81,HockTJ00
P1148,2021,124,Devontae Booker,RB,33,NYG,29,16,4,0,0,144.1,0,0,0,0,0,145,593,4.09,2,45,40,268,6.7,1,0,0,3,,,-49.2,112,BookDe00
P1313,2021,125,Chase Edmonds,RB,34,ARI,25,12,11,0,0,143.3,0,0,0,0,0,116,592,5.1,2,53,43,311,7.23,0,1,1,2,,,-50.0,114,EdmoCh00
P1344,2021,126,Allen Lazard,WR,47,GNB,26,15,13,0,0,142.5,0,0,0,0,0,3,32,10.67,0,60,40,513,12.83,8,0,0,8,,,-57.3,120,LazaAl00
P1340,2021,127,Mecole Hardman,WR,48,KAN,23,17,8,0,0,140.9,0,0,0,0,0,8,46,5.75,0,83,59,693,11.75,2,3,2,2,,,-58.9,122,HardMe00
P1161,2021,128,Robbie Chosen,WR,49,CAR,28,17,16,0,0,138.5,0,0,0,0,0,3,36,12,0,110,53,519,9.79,5,0,0,5,,,-61.3,124,AndeRo04
P1449,2021,129,Tyler Conklin,TE,16,MIN,26,17,15,0,0,138.3,0,0,0,0,0,0,0,,0,87,61,593,9.72,3,1,0,3,,,-26.0,86,ConkTy00
P1450,2021,130,Elijah Moore,WR,50,NYJ,21,11,6,0,0,138.2,0,0,0,0,0,5,54,10.8,1,77,43,538,12.51,5,0,0,6,,,-61.6,125,MoorEl00
P1270,2021,131,Mike Davis,RB,35,ATL,28,17,8,0,0,138.2,0,0,0,0,0,138,503,3.64,3,58,44,259,5.89,1,4,3,4,,,-55.1,117,DaviMi01
P1451,2021,132,Chuba Hubbard,RB,36,CAR,22,17,10,0,0,137.6,0,0,0,0,0,172,612,3.56,5,37,25,174,6.96,1,1,1,6,,,-55.7,118,HubbCh01
P0975,2021,133,Robert Woods,WR,51,LAR,29,9,9,0,0,137.2,0,0,0,0,0,8,46,5.75,1,69,45,556,12.36,4,0,0,5,1,,-62.6,127,WoodRo02
P1321,2021,134,Darren Waller,TE,17,LVR,29,11,11,0,0,133.5,0,0,0,0,0,0,0,,0,93,55,665,12.09,2,0,0,2,,,-30.8,91,WallDa01
P1017,2021,135,Jarvis Landry,WR,52,CLE,29,12,12,0,0,133.0,0,0,0,0,0,6,40,6.67,2,87,52,570,10.96,2,3,2,4,,,-66.8,130,LandJa00
P0821,2021,136,Jared Cook,TE,18,LAC,34,16,10,0,0,132.4,0,0,0,0,0,0,0,,0,83,48,564,11.75,4,0,0,4,2,,-31.9,93,CookJa02
P1452,2021,137,Kalif Raymond,WR,53,DET,27,16,14,0,0,132.4,0,0,0,0,0,4,28,7,0,71,48,576,12,4,0,0,4,,,-67.4,132,RaymKa00
P0818,2021,138,Emmanuel Sanders,WR,54,BUF,34,14,13,0,0,131.7,0,0,0,0,0,2,31,15.5,0,72,42,626,14.9,4,0,0,4,,,-68.1,133,SandEm00
P1007,2021,139,Odell Beckham Jr.,WR,55,2TM,29,14,13,0,0,129.1,0,0,0,0,0,2,14,7,0,82,44,537,12.2,5,0,0,5,,,-70.7,136,BeckOd00
P1282,2021,140,C.J. Uzomah,TE,19,CIN,28,16,16,0,0,128.3,0,0,0,0,0,0,0,,0,63,49,493,10.06,5,0,0,5,,,-36.0,96,UzomC.00
P1221,2021,141,J.D. McKissic,RB,37,WAS,28,11,3,0,0,127.9,0,0,0,0,0,48,212,4.42,2,53,43,397,9.23,2,0,0,4,,,-65.4,128,McKiJ.00
P1195,2021,142,Christian McCaffrey,RB,38,CAR,25,7,7,0,0,127.5,0,0,0,0,0,99,442,4.46,1,41,37,343,9.27,1,1,0,2,,,-65.8,129,McCaCh01
P1397,2021,143,Laviska Shenault Jr.,WR,56,JAX,23,16,10,0,0,127.0,0,0,0,0,0,11,41,3.73,0,100,63,619,9.83,0,1,1,0,,,-72.8,139,ShenLa00
P1453,2021,144,Byron Pringle,WR,57,KAN,28,17,5,0,0,126.8,0,0,0,0,0,0,0,,0,60,42,568,13.52,5,2,1,5,,,-73.0,140,PrinBy00
P1454,2021,145,Justin Fields,QB,31,CHI,22,12,10,0,0,126.8,159,270,1870,7,10,72,420,5.83,2,0,0,0,,0,12,5,2,,,-173.7,243,FielJu00
P1365,2021,146,Alexander Mattison,RB,39,MIN,23,16,4,0,0,125.9,0,0,0,0,0,134,491,3.66,3,39,32,228,7.13,1,1,1,4,,,-67.4,131,MattAl01
P1401,2021,147,Gabe Davis,WR,58,BUF,22,16,4,0,0,125.9,0,0,0,0,0,0,0,,0,63,35,549,15.69,6,0,0,6,,,-73.9,143,DaviGa01
P0992,2021,148,Brandon Bolden,RB,40,NWE,31,17,1,0,0,124.1,0,0,0,0,0,44,226,5.14,1,49,41,405,9.88,2,1,0,3,1,,-69.2,134,BoldBr00
P1455,2021,149,Kenneth Gainwell,RB,41,PHI,22,16,1,0,0,123.4,0,0,0,0,0,68,291,4.28,5,50,33,253,7.67,1,2,1,6,1,,-69.9,135,GainKe00
P1307,2021,150,Rashaad Penny,RB,42,SEA,25,10,6,0,0,121.7,0,0,0,0,0,119,749,6.29,6,8,6,48,8,0,0,0,6,,,-71.6,137,PennRa00
P1345,2021,151,Taysom Hill,TE,20,NOR,31,12,9,0,0,121.7,78,134,978,4,5,70,374,5.34,5,6,4,52,13,0,2,0,5,,,-42.6,102,HillTa00
P1456,2021,152,Cole Kmet,TE,21,CHI,22,17,17,0,0,121.2,0,0,0,0,0,1,0,0,0,93,60,612,10.2,0,0,0,0,,,-43.1,104,KmetCo00
P0840,2021,153,Antonio Brown,WR,59,TAM,33,7,3,0,0,121.1,0,0,0,0,0,1,6,6,0,62,42,545,12.98,4,0,0,4,,,-78.7,151,BrowAn04
P1410,2021,154,Braxton Berrios,WR,60,NYJ,26,16,1,0,1,121.1,0,0,0,0,0,7,40,5.71,2,65,46,431,9.37,2,1,1,5,,,-78.7,152,BerrBr00
P1204,2021,155,Jamaal Williams,RB,43,DET,26,13,11,0,0,119.8,0,0,0,0,0,153,601,3.93,3,28,26,157,6.04,0,1,0,3,,,-73.5,142,WillJa06
P1295,2021,156,Gerald Everett,TE,22,SEA,27,15,12,0,0,117.8,0,0,0,0,0,3,20,6.67,0,63,48,478,9.96,4,2,2,4,,,-46.5,108,EverGe00
P1391,2021,157,Clyde Edwards-Helaire,RB,44,KAN,22,10,10,0,0,117.6,0,0,0,0,0,119,517,4.34,4,23,19,129,6.79,2,2,2,6,1,,-75.7,145,EdwaCl00
P1076,2021,158,Jameis Winston,QB,32,NOR,27,7,7,0,0,117.4,95,161,1170,14,3,32,166,5.19,1,0,0,0,,0,2,1,1,,,-183.1,244,WinsJa00
P1322,2021,159,Miles Sanders,RB,45,PHI,24,12,12,0,0,117.2,0,0,0,0,0,137,754,5.5,0,34,26,158,6.08,0,1,1,0,1,,-76.1,146,SandMi01
P1374,2021,160,Ty Johnson,RB,46,NYJ,24,16,3,0,0,117.0,0,0,0,0,0,61,238,3.9,2,55,34,372,10.94,2,2,1,4,,,-76.3,147,JohnTy02
P1457,2021,161,Quez Watkins,WR,61,PHI,23,17,12,0,0,116.0,0,0,0,0,0,1,3,3,0,62,43,647,15.05,1,0,0,1,1,,-83.8,157,WatkQu00
P1458,2021,162,Rhamondre Stevenson,RB,47,NWE,23,12,2,0,0,114.9,0,0,0,0,0,133,606,4.56,5,18,14,123,8.79,0,2,1,5,,,-78.4,150,StevRh00
P1459,2021,163,Deonte Harty,WR,62,NOR,24,13,1,0,0,113.1,0,0,0,0,0,5,41,8.2,0,59,36,570,15.83,3,2,1,3,,,-86.7,162,HarrDe07
P1264,2021,164,Nyheim Hines,RB,48,IND,25,17,4,0,0,112.6,0,0,0,0,0,56,276,4.93,2,57,40,310,7.75,1,3,2,3,,,-80.7,154,HineNy00
P1192,2021,165,Kareem Hunt,RB,49,CLE,26,8,1,0,0,110.0,0,0,0,0,0,78,386,4.95,5,27,22,174,7.91,0,0,0,5,1,,-83.3,156,HuntKa00
P1460,2021,166,Donovan Peoples-Jones,WR,63,CLE,22,14,9,0,0,109.7,0,0,0,0,0,0,0,,0,58,34,597,17.56,3,2,1,3,,,-90.1,168,PeopDo00
P1091,2021,167,Jamison Crowder,WR,64,NYJ,28,12,4,0,0,109.7,0,0,0,0,0,0,0,,0,71,51,447,8.76,2,1,1,2,1,1,-90.1,169,CrowJa00
P1461,2021,168,Bryan Edwards,WR,65,LVR,23,16,12,0,0,109.1,0,0,0,0,0,1,0,0,0,59,34,571,16.79,3,1,0,3,,,-90.7,170,EdwaBr01
P1462,2021,169,Rondale Moore,WR,66,ARI,21,14,7,0,0,109.1,0,0,0,0,0,18,76,4.22,0,64,54,435,8.06,1,3,1,1,,,-90.7,171,MoorRo02
P0865,2021,170,Mark Ingram,RB,50,2TM,32,14,10,0,0,108.6,0,0,0,0,0,160,554,3.46,2,35,27,162,6,0,1,1,2,,,-84.7,158,IngrMa01
P1223,2021,171,David Njoku,TE,23,CLE,25,16,11,0,0,107.6,0,0,0,0,0,1,1,1,0,53,36,475,13.19,4,0,0,4,,,-56.7,119,NjokDa00
P1463,2021,172,Nick Westbrook-Ikhine,WR,67,TEN,24,16,7,0,0,107.6,0,0,0,0,0,0,0,,0,57,38,476,12.53,4,1,1,4,,,-92.2,173,WestNi00
P1238,2021,173,Zay Jones,WR,68,LVR,26,17,9,0,0,105.9,0,0,0,0,0,2,3,1.5,0,70,47,546,11.62,1,1,1,1,,,-93.9,174,JoneZa00
P1239,2021,174,Corey Davis,WR,69,NYJ,26,9,9,0,0,105.2,0,0,0,0,0,0,0,,0,59,34,492,14.47,4,2,1,4,,,-94.6,177,DaviCo03
P1408,2021,175,Zack Moss,RB,51,BUF,24,13,0,0,0,105.2,0,0,0,0,0,96,345,3.59,4,32,23,197,8.57,1,2,1,5,,,-88.1,163,MossZa00
P1180,2021,176,Rex Burkhead,RB,52,HOU,31,16,5,0,0,104.3,0,1,0,0,0,122,427,3.5,3,32,25,186,7.44,0,1,0,3,,,-89.0,165,BurkRe00
P1464,2021,177,D'Ernest Johnson,RB,53,CLE,25,17,2,0,0,104.1,0,0,0,0,0,100,534,5.34,3,25,19,137,7.21,0,1,0,3,,,-89.2,166,JohnDE04
P1052,2021,178,Latavius Murray,RB,54,BAL,31,14,6,0,0,103.6,0,0,0,0,0,119,501,4.21,6,13,10,75,7.5,0,0,0,6,,,-89.7,167,MurrLa00
P1113,2021,179,DeVante Parker,WR,70,MIA,28,10,8,0,0,103.5,0,0,0,0,0,0,0,,0,73,40,515,12.88,2,0,0,2,,,-96.3,180,ParkDe01
P1465,2021,180,Rashod Bateman,WR,71,BAL,22,12,4,0,0,103.5,0,0,0,0,0,0,0,,0,68,46,515,11.2,1,0,0,1,,,-96.3,181,BateRa00
P1174,2021,181,Nelson Agholor,WR,72,NWE,28,15,13,0,0,103.4,0,0,0,0,0,3,11,3.67,0,64,37,473,12.78,3,0,0,3,,,-96.4,182,AghoNe00
P1200,2021,182,Evan Engram,TE,24,NYG,27,15,12,0,0,102.5,0,0,0,0,0,1,-3,-3,0,73,46,408,8.87,3,1,1,3,,,-61.8,126,EngrEv00
P1205,2021,183,Kenyan Drake,RB,55,LVR,27,12,2,0,0,102.5,0,0,0,0,0,63,254,4.03,2,40,30,291,9.7,1,1,0,3,,,-90.8,172,DrakKe00
P1348,2021,184,Boston Scott,RB,56,PHI,26,16,4,0,0,98.6,0,0,0,0,0,87,373,4.29,7,16,13,83,6.38,0,1,1,7,,,-94.7,178,ScotBo02
P1411,2021,185,Jalen Guyton,WR,73,LAC,24,16,2,0,0,97.2,0,0,0,0,0,7,34,4.86,0,48,31,448,14.45,3,1,0,3,,,-102.6,188,GuytJa01
P1309,2021,186,Zach Pascal,WR,74,IND,27,16,13,0,0,94.5,0,0,0,0,0,2,21,10.5,0,69,38,384,10.11,3,1,1,3,,,-105.3,190,PascZa00
P1466,2021,187,D'Onta Foreman,RB,57,TEN,25,9,3,0,0,93.9,0,0,0,0,0,133,566,4.26,3,11,9,123,13.67,0,2,1,3,,,-99.4,186,ForeDO00
P0873,2021,188,Randall Cobb,WR,75,GNB,31,12,3,0,0,93.6,0,0,0,0,0,1,1,1,0,39,28,375,13.39,5,1,1,5,,,-106.2,192,CobbRa00
P1467,2021,189,Josh Palmer,WR,76,LAC,22,17,5,0,0,92.9,0,0,0,0,0,1,6,6,0,49,33,353,10.7,4,0,0,4,,,-106.9,193,PalmJo00
P1186,2021,190,Austin Hooper,TE,25,CLE,27,16,16,0,0,92.5,0,0,0,0,0,0,0,,0,61,38,345,9.08,3,0,0,3,1,,-71.8,138,HoopAu00
P1290,2021,191,Michael Gallup,WR,77,DAL,25,9,8,0,0,91.5,0,0,0,0,0,0,0,,0,62,35,445,12.71,2,0,0,2,,,-108.3,195,GallMi00
P1142,2021,192,Trevor Siemian,QB,33,NOR,30,6,4,0,0,90.2,108,188,1154,11,3,9,20,2.22,1,0,0,0,,0,3,1,1,,,-210.3,245,SiemTr00
P1468,2021,193,Olamide Zaccheaus,WR,78,ATL,24,17,8,0,0,89.8,0,0,0,0,0,1,2,2,0,53,31,406,13.1,3,0,0,3,,,-110.0,196,ZaccOl01
P1098,2021,194,Ameer Abdullah,RB,58,2TM,28,17,1,0,0,89.5,0,0,0,0,0,51,166,3.25,0,53,38,289,7.61,1,0,0,1,,,-103.8,189,AbduAm00
P1224,2021,195,Kenny Golladay,WR,79,NYG,28,14,14,0,0,89.1,0,0,0,0,0,0,0,,0,76,37,521,14.08,0,0,0,0,,,-110.7,198,GollKe00
P1286,2021,196,Tre'Quan Smith,WR,80,NOR,25,11,6,0,0,87.7,0,0,0,0,0,0,0,,0,50,32,377,11.78,3,1,0,3,,,-112.1,200,SmitTr03
P1032,2021,197,Allen Robinson,WR,81,CHI,28,12,11,0,0,87.0,0,0,0,0,0,0,0,,0,66,38,410,10.79,1,0,0,1,1,,-112.8,201,RobiAl02
P1280,2021,198,Marquez Valdes-Scantling,WR,82,GNB,27,11,7,0,0,87.0,0,0,0,0,0,0,0,,0,55,26,430,16.54,3,0,0,3,,,-112.8,202,ValdMa00
P1469,2021,199,DeAndre Carter,WR,83,WAS,28,17,6,0,0,86.5,0,0,0,0,0,10,89,8.9,0,44,24,296,12.33,3,3,0,4,,,-113.3,203,CartDe02
P1470,2021,200,Freddie Swain,WR,84,SEA,23,17,8,0,0,86.5,0,0,0,0,0,5,32,6.4,0,40,25,343,13.72,4,1,0,4,,,-113.3,204,SwaiFr00
P0836,2021,201,Cam Newton,QB,34,CAR,32,8,5,0,0,86.4,69,126,684,4,5,47,230,4.89,5,0,0,0,,0,4,1,5,,1,-214.1,246,NewtCa00
P1317,2021,202,Justin Jackson,RB,59,LAC,25,14,2,0,0,86.2,0,0,0,0,0,68,364,5.35,2,25,22,178,8.09,0,1,1,2,,,-107.1,194,JackJu01
P1366,2021,203,Foster Moreau,TE,26,LVR,24,17,11,0,0,85.3,0,0,0,0,0,0,0,,0,44,30,373,12.43,3,1,0,3,,,-79.0,153,MoreFo00
P1396,2021,204,Jerry Jeudy,WR,85,DEN,22,10,5,0,0,85.0,0,0,0,0,0,2,3,1.5,0,56,38,467,12.29,0,1,0,0,,,-114.8,208,JeudJe00
P1418,2021,205,Henry Ruggs III,WR,86,LVR,22,7,7,0,0,84.5,0,0,0,0,0,3,16,5.33,0,36,24,469,19.54,2,0,0,2,,,-115.3,209,RuggHe00
P0839,2021,206,Andy Dalton,QB,35,CHI,34,8,6,0,0,84.2,149,236,1515,8,9,16,76,4.75,0,0,0,0,,0,1,1,0,,2,-216.3,247,DaltAn00
P1471,2021,207,Nico Collins,WR,87,HOU,22,14,8,0,0,83.6,0,0,0,0,0,0,0,,0,60,33,446,13.52,1,0,0,1,,,-116.2,210,CollNi00
P1472,2021,208,Devin Duvernay,WR,88,BAL,24,16,7,1,1,83.2,0,0,0,0,0,7,50,7.14,0,47,33,272,8.24,2,1,0,3,,,-116.6,211,DuveDe00
P1213,2021,209,Samaje Perine,RB,60,CIN,26,16,0,0,0,83.2,0,0,0,0,0,55,246,4.47,1,31,27,196,7.26,1,0,0,2,,,-110.1,197,PeriSa00
P1473,2021,210,Tyler Huntley,QB,36,BAL,23,7,4,0,0,82.6,122,188,1081,3,4,47,294,6.26,2,0,0,0,,0,4,3,2,,,-217.9,248,HuntTy01
P1474,2021,211,Kadarius Toney,WR,89,NYG,22,10,4,0,0,82.4,1,3,19,0,0,3,6,2,0,57,39,420,10.77,0,0,0,0,,,-117.4,212,ToneKa00
P1305,2021,212,Laquon Treadwell,WR,90,JAX,26,12,7,0,0,82.4,0,0,0,0,0,0,0,,0,51,33,434,13.15,1,0,0,1,,,-117.4,213,TreaLa00
P1475,2021,213,Jauan Jennings,WR,91,SFO,24,16,1,0,0,82.2,0,0,0,0,0,0,0,,0,38,24,282,11.75,5,1,0,5,,,-117.6,214,JennJa00
P1077,2021,214,Tyrod Taylor,QB,37,HOU,32,6,6,0,0,81.7,91,150,966,5,5,19,151,7.95,3,0,0,0,,0,3,0,3,,,-218.8,249,TaylTy00
P1079,2021,215,David Johnson,RB,61,HOU,30,13,4,0,0,81.3,0,0,0,0,0,67,228,3.4,0,42,32,225,7.03,1,1,1,1,,,-112.0,199,JohnDa08
P1287,2021,216,Josh Reynolds,WR,92,2TM,26,12,5,0,0,80.6,0,0,0,0,0,0,0,,0,49,29,396,13.66,2,0,0,2,,,-119.2,215,ReynJo00
P0841,2021,217,Julio Jones,WR,93,TEN,32,10,10,0,0,80.4,0,0,0,0,0,0,0,,0,48,31,434,14,1,0,0,1,,,-119.4,216,JoneJu02
P1421,2021,218,Mo Alie-Cox,TE,27,IND,28,17,7,0,0,79.6,0,0,0,0,0,0,0,,0,45,24,316,13.17,4,1,0,4,,,-84.7,159,AlieMo00
P1153,2021,219,Adam Humphries,WR,94,WAS,28,17,11,0,0,79.3,0,0,0,0,0,0,0,,0,62,41,383,9.34,0,0,0,0,,,-120.5,221,HumpAd00
P1147,2021,220,Jack Doyle,TE,28,IND,31,17,14,0,0,79.2,0,0,0,0,0,0,0,,0,43,29,302,10.41,3,0,0,3,1,,-85.1,160,DoylJa00
P1332,2021,221,Ronald Jones II,RB,62,TAM,24,16,3,0,0,79.2,0,0,0,0,0,101,428,4.24,4,13,10,64,6.4,0,2,2,4,,,-114.1,205,JoneRo01
P1419,2021,222,Anthony Firkser,FB,1,TEN,26,15,1,0,0,79.1,0,0,0,0,0,0,0,,0,43,34,291,8.56,2,2,1,3,,,-114.2,206,FirkAn00
P1209,2021,223,Keelan Cole,WR,95,NYJ,28,15,11,0,0,78.9,0,1,0,0,0,0,0,,0,51,28,449,16.04,1,0,0,1,,,-120.9,223,ColeKe00
P1476,2021,224,Khalil Herbert,RB,63,CHI,23,17,2,0,0,78.9,0,0,0,0,0,103,433,4.2,2,16,14,96,6.86,0,1,0,2,,,-114.4,207,HerbKh00
P1129,2021,225,Cameron Brate,TE,29,TAM,30,17,3,0,0,78.5,0,0,0,0,0,0,0,,0,57,30,245,8.17,4,0,0,4,,,-85.8,161,BratCa00
P1416,2021,226,Jalen Reagor,WR,96,PHI,22,17,13,0,0,78.1,0,0,0,0,0,10,32,3.2,0,57,33,299,9.06,2,2,0,2,,,-121.7,224,ReagJa00
P1144,2021,227,Sterling Shepard,WR,97,NYG,28,7,6,0,0,77.7,0,0,0,0,0,1,-9,-9,0,53,36,366,10.17,1,0,0,1,,,-122.1,225,ShepSt00
P1477,2021,228,Albert Okwuegbunam,TE,30,DEN,23,14,6,0,0,76.0,0,0,0,0,0,0,0,,0,40,33,330,10,2,1,1,2,,,-88.3,164,OkwuAl00
P1478,2021,229,Jamal Agnew,WR,98,JAX,26,10,2,0,0,76.0,0,0,0,0,0,7,111,15.86,1,39,24,229,9.54,1,1,0,3,,,-123.8,226,AgneJa00
P1412,2021,230,Dan Arnold,WR,99,2TM,26,11,4,0,0,75.8,0,0,0,0,0,0,0,,0,52,35,408,11.66,0,1,1,0,1,,-124.0,227,ArnoDa00
P0682,2021,231,DeSean Jackson,WR,100,2TM,35,16,4,0,0,75.8,0,0,0,0,0,1,4,4,0,34,20,454,22.7,2,1,1,2,,,-124.0,228,JackDe00
P0897,2021,232,T.Y. Hilton,WR,101,IND,32,10,9,0,0,74.1,0,0,0,0,0,0,0,,0,37,23,331,14.39,3,0,0,3,,,-125.7,230,HiltT.00
P1110,2021,233,Kyle Juszczyk,FB,2,SFO,30,17,16,1,0,73.8,0,0,0,0,0,8,22,2.75,1,38,30,296,9.87,1,0,0,2,,,-119.5,217,JuszKy00
P1479,2021,234,Jeremy McNichols,RB,64,TEN,26,14,0,0,0,73.6,0,0,0,0,0,41,156,3.8,0,38,28,240,8.57,1,0,0,1,,,-119.7,220,McNiJe00
P1480,2021,235,Dontrell Hilliard,RB,65,TEN,26,8,5,0,0,72.7,0,0,0,0,0,56,350,6.25,2,26,19,87,4.58,0,2,1,2,,,-120.6,222,HillDo00
P1196,2021,236,Jacoby Brissett,QB,38,MIA,29,11,5,0,0,72.3,141,225,1283,5,4,19,70,3.68,1,0,0,0,,0,6,3,1,,1,-228.2,250,BrisJa00
P1481,2021,237,Tyler Johnson,WR,102,TAM,23,17,3,0,0,72.0,0,0,0,0,0,0,0,,0,55,36,360,10,0,0,0,0,,,-127.8,231,JohnTy00
P1259,2021,238,Calvin Ridley,WR,103,ATL,27,5,5,0,0,71.1,0,0,0,0,0,0,0,,0,52,31,281,9.06,2,0,0,2,,,-128.7,232,RidlCa00
P1013,2021,239,Sammy Watkins,WR,104,BAL,28,13,9,0,0,70.4,0,0,0,0,0,0,0,,0,49,27,394,14.59,1,1,1,1,,,-129.4,233,WatkSa00
P1482,2021,240,Durham Smythe,TE,31,MIA,26,17,12,0,0,70.0,0,0,0,0,0,2,3,1.5,0,41,34,357,10.5,0,0,0,0,,,-94.3,175,SmytDu00
P1483,2021,241,Geoff Swaim,TE,32,TEN,28,16,16,0,0,70.0,0,0,0,0,0,0,0,,0,40,31,210,6.77,3,0,0,3,,,-94.3,176,SwaiGe00
P1301,2021,242,Demarcus Robinson,WR,105,KAN,27,17,10,0,0,69.4,0,0,0,0,0,0,0,,0,41,25,264,10.56,3,0,0,3,,,-130.4,234,RobiDe01
P1302,2021,243,Ricky Seals-Jones,TE,33,WAS,26,13,6,0,0,69.1,0,0,0,0,0,0,0,,0,49,30,271,9.03,2,0,0,2,,,-95.2,179,SealRi00
P1201,2021,244,Alex Collins,RB,66,SEA,27,11,6,0,0,68.8,0,0,0,0,0,108,411,3.81,2,10,9,87,9.67,0,1,1,2,,,-124.5,229,CollAl00
P0756,2021,245,Danny Amendola,WR,106,HOU,36,8,0,0,0,68.8,0,1,0,0,0,0,0,,0,38,24,248,10.33,3,1,0,3,1,,-131.0,235,AmenDa00
P1331,2021,246,Darius Slayton,WR,107,NYG,24,13,5,0,0,68.6,0,0,0,0,0,1,-13,-13,0,58,26,339,13.04,2,1,1,2,,,-131.2,236,SlayDa01
P1312,2021,247,Jonnu Smith,TE,34,NWE,26,16,11,0,0,67.4,0,0,0,0,0,9,40,4.44,0,45,28,294,10.5,1,1,0,1,,,-96.9,183,SmitJo01
P1484,2021,248,Ray-Ray McCloud,WR,108,PIT,25,16,5,0,0,66.2,0,0,0,0,0,2,15,7.5,0,66,39,277,7.1,0,4,1,0,,,-133.6,238,McClRa00
P1339,2021,249,James Washington,WR,109,PIT,25,15,2,0,0,65.8,0,0,0,0,0,2,13,6.5,0,44,24,285,11.88,2,0,0,2,,,-134.0,239,WashJa00
P1164,2021,250,Ryan Griffin,TE,35,NYJ,31,14,12,0,0,65.1,0,0,0,0,0,0,0,,0,42,27,261,9.67,2,1,0,2,,,-99.2,185,GrifRy00
P1253,2022,1,Patrick Mahomes,QB,1,KAN,27,17,17,1,1,417.4,435,648,5250,41,12,61,358,5.87,4,1,1,6,6,0,5,0,4,1,2,133.1,9,MahoPa00
P1258,2022,2,Josh Allen,QB,2,BUF,26,16,16,1,0,395.5,359,567,4283,35,14,124,762,6.15,7,0,0,0,,0,13,5,7,1,1,111.2,13,AlleJo02
P1405,2022,3,Jalen Hurts,QB,3,PHI,24,15,15,1,0,378.0,306,460,3701,22,6,165,760,4.61,13,0,0,0,,0,9,2,13,2,,93.7,16,HurtJa00
P1214,2022,4,Austin Ekeler,RB,1,LAC,27,17,17,0,0,372.7,0,0,0,0,0,204,915,4.49,13,127,107,722,6.75,5,5,3,18,,,186.9,2,EkelAu00
P1380,2022,5,Justin Jefferson,WR,1,MIN,23,17,17,1,1,368.7,2,2,34,0,0,4,24,6,1,184,128,1809,14.13,8,0,0,9,1,,188.0,1,JeffJu00
P1195,2022,6,Christian McCaffrey,RB,2,2TM,26,17,16,1,0,356.4,1,1,34,1,0,244,1139,4.67,8,108,85,741,8.72,5,1,0,13,,,170.6,4,McCaCh01
P1392,2022,7,Joe Burrow,QB,4,CIN,26,16,16,1,0,350.7,414,606,4475,35,12,75,257,3.43,5,0,0,0,,0,6,3,5,,3,66.4,21,BurrJo01
P1137,2022,8,Tyreek Hill,WR,2,MIA,28,17,17,1,1,347.2,0,0,0,0,0,7,32,4.57,1,170,119,1710,14.37,7,1,0,9,,,166.5,5,HillTy00
P1039,2022,9,Davante Adams,WR,3,LVR,30,17,17,1,1,335.5,0,0,0,0,0,3,-1,-0.33,0,180,100,1516,15.16,14,1,0,14,,,154.8,6,AdamDa01
P1326,2022,10,Josh Jacobs,RB,3,LVR,24,17,17,1,1,328.3,0,0,0,0,0,340,1653,4.86,12,64,53,400,7.55,0,3,1,12,,,142.5,7,JacoJo01
P1088,2022,11,Stefon Diggs,WR,4,BUF,29,16,16,1,0,316.6,0,0,0,0,0,1,-3,-3,0,154,108,1429,13.23,11,1,0,11,,,135.9,8,DiggSt00
P1016,2022,12,Travis Kelce,TE,1,KAN,33,17,17,1,1,316.3,0,0,0,0,0,2,5,2.5,0,152,110,1338,12.16,12,1,1,12,1,,173.6,3,KelcTr00
P0959,2022,13,Geno Smith,QB,5,SEA,32,17,17,1,0,303.9,399,572,4282,30,11,68,366,5.38,1,0,0,0,,0,8,4,1,,,19.6,49,SmitGe00
P1162,2022,14,Derrick Henry,RB,4,TEN,28,16,16,1,0,302.8,2,2,4,1,0,349,1538,4.41,13,41,33,398,12.06,0,6,3,13,,,117.0,12,HenrDe00
P1383,2022,15,CeeDee Lamb,WR,5,DAL,23,17,17,1,0,301.6,0,0,0,0,0,10,47,4.7,0,156,107,1359,12.7,9,0,0,9,,,120.9,10,LambCe00
P1323,2022,16,A.J. Brown,WR,6,PHI,25,17,16,1,0,299.6,0,0,0,0,0,0,0,,0,145,88,1496,17,11,2,2,11,,,118.9,11,BrowAJ00
P1454,2022,17,Justin Fields,QB,6,CHI,23,15,15,0,0,296.0,192,318,2242,17,11,160,1143,7.14,8,0,0,0,,0,16,2,8,,1,11.7,56,FielJu00
P1436,2022,18,Trevor Lawrence,QB,7,JAX,23,17,17,1,0,295.6,387,584,4113,25,8,62,291,4.69,5,0,0,0,,0,12,9,5,,3,11.3,57,LawrTr00
P1047,2022,19,Kirk Cousins,QB,8,MIN,34,17,17,1,0,291.6,424,643,4547,29,14,31,97,3.13,2,0,0,0,,0,7,3,2,,3,7.3,60,CousKi00
P1324,2022,20,Daniel Jones,QB,9,NYG,25,16,16,0,0,289.0,317,472,3205,15,5,120,708,5.9,7,0,0,0,,0,6,3,7,,2,4.7,63,JoneDa05
P1193,2022,21,Jared Goff,QB,10,DET,28,17,17,1,0,284.3,382,587,4438,29,7,29,73,2.52,0,1,1,5,5,0,7,4,0,1,1,0.0,70,GoffJa00
P1254,2022,22,Saquon Barkley,RB,5,NYG,25,16,16,1,0,284.0,0,0,0,0,0,295,1312,4.45,10,76,57,338,5.93,0,1,0,10,1,,98.2,14,BarkSa00
P1261,2022,23,Nick Chubb,RB,6,CLE,27,17,17,1,0,281.4,0,0,0,0,0,302,1525,5.05,12,37,27,239,8.85,1,1,1,13,1,,95.6,15,ChubNi00
P1379,2022,24,Justin Herbert,QB,11,LAC,24,17,17,0,0,281.3,477,699,4739,25,10,54,147,2.72,0,2,2,-10,-5,0,8,3,0,,1,-3.0,76,HerbJu00
P0260,2022,25,Tom Brady,QB,12,TAM,45,17,17,0,0,271.7,490,733,4694,25,9,29,-1,-0.03,1,1,0,0,,0,5,4,1,,2,-12.6,89,BradTo00
P1432,2022,26,Amon-Ra St. Brown,WR,7,DET,23,16,16,1,0,267.6,0,0,0,0,0,9,95,10.56,0,146,106,1161,10.95,6,0,0,6,,,86.9,17,StxxAm00
P1431,2022,27,Jaylen Waddle,WR,8,MIA,24,17,17,0,0,259.2,0,0,0,0,0,3,26,8.67,0,117,75,1356,18.08,8,1,1,8,,,78.5,18,WaddJa00
P1438,2022,28,DeVonta Smith,WR,9,PHI,24,17,17,0,0,254.6,0,0,0,0,0,0,0,,0,136,95,1196,12.59,7,1,1,7,,,73.9,19,SmitDe07
P1458,2022,29,Rhamondre Stevenson,RB,7,NWE,24,17,7,0,0,249.1,0,0,0,0,0,210,1040,4.95,5,88,69,421,6.1,1,4,1,6,,,63.3,23,StevRh00
P1353,2022,30,Tony Pollard,RB,8,DAL,25,16,4,1,0,248.8,0,0,0,0,0,193,1007,5.22,9,55,39,371,9.51,3,0,0,12,,,63.0,24,PollTo00
P1233,2022,31,Aaron Jones,RB,9,GNB,28,17,17,0,0,248.6,0,0,0,0,0,213,1121,5.26,2,72,59,395,6.69,5,5,3,7,1,,62.8,25,JoneAa00
P1080,2022,32,Amari Cooper,WR,10,CLE,28,17,17,0,0,246.0,0,1,0,0,1,0,0,,0,132,78,1160,14.87,9,0,0,9,,,65.3,22,CoopAm00
P1429,2022,33,Ja'Marr Chase,WR,11,CIN,22,12,12,1,0,242.4,0,0,0,0,0,5,8,1.6,0,134,87,1046,12.02,9,2,2,9,,,61.7,26,ChasJa00
P1273,2022,34,Christian Kirk,WR,12,JAX,26,17,17,0,0,241.9,0,1,0,0,0,5,11,2.2,0,133,84,1108,13.19,8,1,1,8,,,61.2,27,KirkCh01
P1206,2022,35,Joe Mixon,RB,10,CIN,26,14,14,0,0,239.5,0,0,0,0,0,210,814,3.88,7,75,60,441,7.35,2,0,0,9,,,53.7,30,MixoJo00
P0671,2022,36,Aaron Rodgers,QB,13,GNB,39,17,17,0,0,239.2,350,542,3695,26,12,34,94,2.76,1,0,0,0,,0,8,4,1,,2,-45.1,120,RodgAa00
P1244,2022,37,Dalvin Cook,RB,11,MIN,27,17,17,1,0,237.8,0,0,0,0,0,264,1173,4.44,8,56,39,295,7.56,2,4,4,10,,,52.0,31,CookDa01
P1084,2022,38,Tyler Lockett,WR,13,SEA,30,16,16,0,0,237.3,0,0,0,0,0,0,0,,0,117,84,1033,12.3,9,2,2,9,,,56.6,29,LockTy00
P1265,2022,39,Lamar Jackson,QB,14,BAL,25,12,12,0,0,236.1,203,326,2242,17,7,112,764,6.82,3,0,0,0,,0,5,2,3,,1,-48.2,124,JackLa00
P1402,2022,40,Tua Tagovailoa,QB,15,MIA,24,13,13,0,0,230.9,259,400,3548,25,8,23,70,3.04,0,0,0,0,,0,6,1,0,,,-53.4,131,TagoTu00
P1325,2022,41,Terry McLaurin,WR,14,WAS,27,17,17,1,0,229.0,0,0,0,0,0,7,29,4.14,0,120,77,1191,15.47,5,1,0,5,,,48.3,32,McLaTe00
P1388,2022,42,Brandon Aiyuk,WR,15,SFO,24,17,17,0,0,227.8,0,0,0,0,0,2,23,11.5,0,114,78,1015,13.01,8,1,1,8,,,47.1,34,AiyuBr00
P1328,2022,43,D.K. Metcalf,WR,16,SEA,25,17,17,0,0,226.8,0,0,0,0,0,0,0,,0,141,90,1048,11.64,6,2,2,6,,,46.1,35,MetcDK00
P1194,2022,44,Leonard Fournette,RB,12,TAM,27,16,9,0,0,226.1,0,1,0,0,1,189,668,3.53,3,83,73,523,7.16,3,0,0,6,,,40.3,38,FourLe00
P1204,2022,45,Jamaal Williams,RB,13,DET,27,17,9,0,0,225.9,0,0,0,0,0,262,1066,4.07,17,16,12,73,6.08,0,3,2,17,1,,40.1,40,WillJa06
P0891,2022,46,Russell Wilson,QB,16,DEN,34,15,15,0,0,225.8,292,483,3524,16,11,55,277,5.04,3,1,1,1,1,0,6,2,3,,,-58.5,139,WilsRu00
P1008,2022,47,Mike Evans,WR,17,TAM,29,15,15,0,0,225.4,0,0,0,0,0,0,0,,0,127,77,1124,14.6,6,0,0,6,,,44.7,36,EvanMi00
P1430,2022,48,Najee Harris,RB,14,PIT,24,17,17,0,0,223.5,1,1,4,0,0,272,1034,3.8,7,53,41,229,5.59,3,3,2,10,,,37.7,41,HarrNa00
P1225,2022,49,Chris Godwin,WR,18,TAM,26,15,13,0,0,222.8,0,0,0,0,0,3,5,1.67,0,142,104,1023,9.84,3,2,2,3,1,,42.1,37,GodwCh00
P1386,2022,50,Tee Higgins,WR,19,CIN,23,16,14,0,0,220.9,0,0,0,0,0,0,0,,0,109,74,1029,13.91,7,0,0,7,1,,40.2,39,HiggTe00
P1015,2022,51,Derek Carr,QB,17,LVR,31,15,15,1,0,219.1,305,502,3522,24,14,24,102,4.25,0,0,0,0,,0,4,0,0,,,-65.2,147,CarrDe02
P1322,2022,52,Miles Sanders,RB,15,PHI,25,17,15,1,0,216.7,0,0,0,0,0,259,1269,4.9,11,26,20,78,3.9,0,2,2,11,,,30.9,45,SandMi01
P1409,2022,53,Michael Pittman Jr.,WR,20,IND,25,16,16,0,0,216.5,0,0,0,0,0,3,30,10,0,141,99,925,9.34,4,2,1,4,,,35.8,42,PittMi01
P1485,2022,54,Garrett Wilson,WR,21,NYJ,22,17,12,0,0,215.7,0,1,0,0,0,4,4,1,0,147,83,1103,13.29,4,2,1,4,,,35.0,43,WilsGa00
P1354,2022,55,T.J. Hockenson,TE,2,2TM,25,17,14,1,0,215.4,0,0,0,0,0,0,0,,0,129,86,914,10.63,6,1,1,6,2,,72.7,20,HockTJ00
P1191,2022,56,Alvin Kamara,RB,16,NOR,27,15,13,0,0,211.7,0,0,0,0,0,223,897,4.02,2,77,57,490,8.6,2,4,4,4,,,25.9,46,KamaAl00
P1486,2022,57,Travis Etienne,RB,17,JAX,23,17,12,0,0,205.1,0,0,0,0,0,220,1125,5.11,5,45,35,316,9.03,0,5,3,5,1,,19.3,50,EtieTr00
P1396,2022,58,Jerry Jeudy,WR,22,DEN,23,15,14,0,0,204.2,0,0,0,0,0,4,40,10,0,100,67,972,14.51,6,0,0,6,,,23.5,47,JeudJe00
P1487,2022,59,Kenneth Walker III,RB,18,SEA,22,15,11,0,0,202.5,0,0,0,0,0,228,1050,4.61,9,35,27,165,6.11,0,0,0,9,,,16.7,54,WalkKe00
P1198,2022,60,Cooper Kupp,WR,23,LAR,29,9,9,0,0,201.4,0,1,0,0,0,9,52,5.78,1,98,75,812,10.83,6,2,1,7,,,20.7,48,KuppCo00
P1215,2022,61,George Kittle,TE,3,SFO,29,15,15,1,0,200.5,0,0,0,0,0,0,0,,0,86,60,765,12.75,11,1,1,11,,,57.8,28,KittGe00
P1318,2022,62,Kyler Murray,QB,18,ARI,25,11,11,0,0,200.5,259,390,2368,14,7,67,418,6.24,3,0,0,0,,0,8,2,3,1,3,-83.8,181,MurrKy00
P1255,2022,63,James Conner,RB,19,ARI,27,13,13,0,0,200.2,0,0,0,0,0,183,782,4.27,7,58,46,300,6.52,1,3,1,8,,,14.4,55,ConnJa00
P1266,2022,64,D.J. Moore,WR,24,CAR,25,17,17,0,0,199.1,0,0,0,0,0,10,53,5.3,0,118,63,888,14.1,7,0,0,7,,,18.4,51,MoorD.00
P1134,2022,65,Dak Prescott,QB,19,DAL,29,12,12,0,0,198.6,261,394,2860,23,15,45,182,4.04,1,0,0,0,,0,4,1,1,,,-85.7,182,PresDa01
P1488,2022,66,Chris Olave,WR,25,NOR,22,15,9,0,0,198.2,0,0,0,0,0,0,0,,0,119,72,1042,14.47,4,2,2,4,1,,17.5,52,OlavCh00
P1238,2022,67,Zay Jones,WR,26,JAX,27,16,15,0,0,198.1,0,0,0,0,0,4,18,4.5,0,121,82,823,10.04,5,0,0,5,1,,17.4,53,JoneZa00
P1081,2022,68,Marcus Mariota,QB,20,ATL,29,13,13,0,0,196.6,184,300,2219,15,9,85,438,5.15,4,0,0,0,,0,8,3,4,,2,-87.7,186,MariMa01
P1044,2022,69,Jerick McKinnon,RB,20,KAN,30,17,0,0,0,196.3,0,0,0,0,0,72,291,4.04,1,71,56,512,9.14,9,1,1,10,1,,10.5,58,McKiJe00
P1387,2022,70,D'Andre Swift,RB,21,DET,23,14,8,0,0,191.1,0,0,0,0,0,99,542,5.47,5,70,48,389,8.1,3,1,0,8,1,,5.3,62,SwifDA00
P1281,2022,71,Mark Andrews,TE,4,BAL,27,15,15,1,0,190.5,0,0,0,0,0,3,8,2.67,0,113,73,847,11.6,5,1,0,5,1,,47.8,33,AndrMa00
P1133,2022,72,Ezekiel Elliott,RB,22,DAL,27,15,14,0,0,185.8,0,0,0,0,0,231,876,3.79,12,23,17,92,5.41,0,0,0,12,,,0.0,69,ElliEz00
P1197,2022,73,JuJu Smith-Schuster,WR,27,KAN,26,16,14,0,0,185.3,0,0,0,0,0,0,0,,0,101,78,933,11.96,3,3,2,3,,,4.6,65,SmitJu00
P1443,2022,74,Davis Mills,QB,21,HOU,24,15,15,0,0,181.5,292,479,3118,17,15,32,108,3.38,2,0,0,0,,0,8,3,2,,1,-102.8,210,MillDa02
P1334,2022,75,Diontae Johnson,WR,28,PIT,26,17,17,0,0,180.7,0,0,0,0,0,7,25,3.57,0,147,86,882,10.26,0,1,0,0,2,,0.0,68,JohnDi01
P1373,2022,76,Jakobi Meyers,WR,29,NWE,26,14,13,0,0,180.3,0,0,0,0,0,2,-11,-5.5,0,96,67,804,12,6,2,2,6,1,,-0.4,71,MeyeJa01
P1141,2022,77,Adam Thielen,WR,30,MIN,32,17,17,0,0,180.0,0,0,0,0,0,1,4,4,0,107,70,716,10.23,6,0,0,6,1,,-0.7,72,ThieAd00
P1489,2022,78,Drake London,WR,31,ATL,21,17,15,0,0,178.6,0,0,0,0,0,0,0,,0,117,72,866,12.03,4,3,3,4,1,,-2.1,75,LondDr00
P1335,2022,79,Devin Singletary,RB,23,BUF,25,16,16,0,0,177.9,0,0,0,0,0,177,819,4.63,5,52,38,280,7.37,1,3,3,6,,,-7.9,82,SingDe00
P1330,2022,80,David Montgomery,RB,24,CHI,25,16,16,0,0,177.7,0,0,0,0,0,201,801,3.99,5,40,34,316,9.29,1,2,2,6,,,-8.1,84,MontDa01
P1200,2022,81,Evan Engram,TE,5,JAX,28,17,14,0,0,176.9,0,0,0,0,0,2,13,6.5,0,98,73,766,10.49,4,0,0,4,1,,34.2,44,EngrEv00
P1262,2022,82,Mike Williams,WR,32,LAC,28,13,13,0,0,176.5,0,0,0,0,0,0,0,,0,93,63,895,14.21,4,0,0,4,,,-4.2,78,WillMi07
P1269,2022,83,Curtis Samuel,WR,33,WAS,26,17,12,0,0,176.3,0,0,0,0,0,38,187,4.92,1,92,64,656,10.25,4,1,1,5,,,-4.4,79,SamuCu00
P1344,2022,84,Allen Lazard,WR,34,GNB,27,15,15,0,0,174.8,0,0,0,0,0,2,0,0,0,100,60,788,13.13,6,0,0,6,,,-5.9,80,LazaAl00
P0839,2022,85,Andy Dalton,QB,22,NOR,35,14,14,0,0,174.2,252,378,2871,18,9,30,54,1.8,0,0,0,0,,0,5,1,0,,1,-110.1,217,DaltAn00
P1401,2022,86,Gabe Davis,WR,35,BUF,23,15,15,0,0,171.6,0,0,0,0,0,0,0,,0,93,48,836,17.42,7,1,1,7,,,-9.1,85,DaviGa01
P1433,2022,87,Mac Jones,QB,23,NWE,24,14,14,0,0,170.1,288,442,2997,14,11,47,102,2.17,1,0,0,0,,0,5,1,1,,1,-114.2,222,JoneMa05
P1467,2022,88,Josh Palmer,WR,36,LAC,23,16,11,0,0,169.3,0,0,0,0,0,1,4,4,0,107,72,769,10.68,3,1,0,3,1,,-11.4,87,PalmJo00
P1196,2022,89,Jacoby Brissett,QB,24,CLE,30,16,11,0,0,168.6,236,369,2608,12,6,49,243,4.96,2,0,0,0,,0,6,4,2,,,-115.7,225,BrisJa00
P1327,2022,90,Deebo Samuel,WR,37,SFO,26,13,12,0,0,168.4,0,0,0,0,0,42,232,5.52,3,94,56,632,11.29,2,3,2,5,,,-12.3,88,SamuDe00
P1333,2022,91,Raheem Mostert,RB,25,MIA,30,16,14,0,0,168.3,0,0,0,0,0,181,891,4.92,3,42,31,202,6.52,2,1,1,5,,,-17.5,95,MostRa00
P1437,2022,92,AJ Dillon,RB,26,GNB,24,17,3,0,0,167.6,0,0,0,0,0,186,770,4.14,7,43,28,206,7.36,0,1,0,7,,,-18.2,96,DillAJ00
P1460,2022,93,Donovan Peoples-Jones,WR,38,CLE,23,17,14,0,0,167.1,0,0,0,0,0,1,2,2,0,96,61,839,13.75,3,1,1,4,,,-13.6,90,PeopDo00
P1159,2022,94,Tyler Boyd,WR,39,CIN,28,16,14,0,0,167.1,1,1,23,0,0,0,0,,0,82,58,762,13.14,5,0,0,5,1,,-13.6,91,BoydTy00
P1490,2022,95,George Pickens,WR,40,PIT,21,17,12,0,0,166.5,0,0,0,0,0,3,24,8,1,84,52,801,15.4,4,0,0,5,1,,-14.2,92,PickGe00
P1491,2022,96,Dameon Pierce,RB,27,HOU,22,13,13,0,0,166.4,0,0,0,0,0,220,939,4.27,4,39,30,165,5.5,1,4,2,5,,,-19.4,97,PierDa01
P1385,2022,97,Antonio Gibson,RB,28,WAS,24,15,6,0,0,165.9,0,0,0,0,0,149,546,3.66,3,58,46,353,7.67,2,1,0,5,,,-19.9,98,GibsAn00
P1230,2022,98,Jimmy Garoppolo,QB,25,SFO,31,11,10,0,0,164.8,207,308,2437,16,4,23,33,1.43,2,0,0,0,,0,3,2,2,,,-119.5,232,GaroJi00
P1492,2022,99,Christian Watson,WR,41,GNB,23,14,11,0,0,164.1,0,0,0,0,0,7,80,11.43,2,66,41,611,14.9,7,0,0,9,,,-16.6,93,WatsCh00
P0955,2022,100,Keenan Allen,WR,42,LAC,30,10,10,0,0,164.0,0,0,0,0,0,1,8,8,0,89,66,752,11.39,4,1,1,4,,,-16.7,94,AlleKe00
P0901,2022,101,Ryan Tannehill,QB,26,TEN,34,12,12,0,0,161.2,212,325,2536,13,6,34,98,2.88,2,0,0,0,,0,3,2,2,,1,-123.1,236,TannRy00
P1271,2022,102,Courtland Sutton,WR,43,DEN,27,15,15,0,0,159.4,0,0,0,0,0,1,5,5,0,109,64,829,12.95,2,0,0,2,,,-21.3,100,SuttCo00
P1493,2022,103,Tyler Allgeier,RB,29,ATL,22,16,7,0,0,159.4,0,0,0,0,0,210,1035,4.93,3,17,16,139,8.69,1,0,0,4,1,,-26.4,104,AllgTy00
P1400,2022,104,Jeff Wilson,RB,30,2TM,27,16,7,0,0,158.5,0,0,0,0,0,176,860,4.89,5,37,22,185,8.41,1,3,2,6,,,-27.3,107,WilsJe01
P1336,2022,105,Marquise Brown,WR,44,ARI,25,12,10,0,0,156.0,0,0,0,0,0,1,1,1,0,107,67,709,10.58,3,1,0,3,,,-24.7,101,BrowMa04
P1442,2022,106,K.J. Osborn,WR,45,MIN,25,17,9,0,0,155.6,0,0,0,0,0,3,6,2,0,90,60,650,10.83,5,1,0,5,,,-25.1,102,OsboKJ00
P0679,2022,107,Matt Ryan,QB,27,IND,37,12,12,0,0,155.3,309,461,3057,14,13,27,70,2.59,1,0,0,0,,0,15,5,1,,,-129.0,240,RyanMa00
P0963,2022,108,Cordarrelle Patterson,RB,31,ATL,31,13,11,0,0,154.7,0,0,0,0,0,144,695,4.83,8,31,21,122,5.81,0,1,1,9,,,-31.1,110,PattCo00
P1052,2022,109,Latavius Murray,RB,32,2TM,32,13,7,0,0,154.2,0,0,0,0,0,171,760,4.44,6,35,27,132,4.89,0,1,0,6,1,,-31.6,111,MurrLa00
P1494,2022,110,Mack Hollins,WR,46,LVR,29,17,16,0,0,154.2,1,1,4,0,0,4,40,10,0,94,57,690,12.11,4,0,0,4,,,-26.5,105,HollMa00
P1249,2022,111,Tyler Higbee,TE,6,LAR,29,17,17,0,0,152.0,0,0,0,0,0,0,0,,0,108,72,620,8.61,3,0,0,3,,,9.3,59,HigbTy00
P0968,2022,112,DeAndre Hopkins,WR,47,ARI,30,9,9,0,0,151.7,0,0,0,0,0,0,0,,0,96,64,717,11.2,3,2,1,3,,,-29.0,108,HopkDe00
P1495,2022,113,Kenny Pickett,QB,28,PIT,24,13,12,0,0,149.9,245,389,2404,7,9,55,237,4.31,3,0,0,0,,0,4,1,3,,2,-134.4,241,PickKe00
P1496,2022,114,Parris Campbell,WR,48,IND,25,17,16,0,0,149.1,0,0,0,0,0,5,58,11.6,0,91,63,623,9.89,3,1,0,3,,,-31.6,112,CampPa00
P1447,2022,115,Pat Freiermuth,TE,7,PIT,24,16,8,0,0,148.2,0,0,0,0,0,0,0,,0,98,63,732,11.62,2,0,0,2,,,5.5,61,FreiPa00
P1456,2022,116,Cole Kmet,TE,8,CHI,23,17,17,0,0,147.3,0,0,0,0,0,2,9,4.5,0,69,50,544,10.88,7,1,0,7,,,4.6,64,KmetCo00
P1381,2022,117,Jonathan Taylor,RB,33,IND,23,11,11,0,0,146.4,0,0,0,0,0,192,861,4.48,4,40,28,143,5.11,0,3,3,4,,,-39.4,116,TaylJo02
P1345,2022,118,Taysom Hill,TE,9,NOR,32,16,8,0,0,145.8,13,19,240,2,0,96,575,5.99,7,13,9,77,8.56,2,2,0,9,,,3.1,66,HillTa00
P1026,2022,119,Brandin Cooks,WR,49,HOU,29,13,13,0,0,145.6,0,0,0,0,0,2,7,3.5,0,93,57,699,12.26,3,0,0,3,,,-35.1,113,CookBr00
P1399,2022,120,Dalton Schultz,TE,10,DAL,26,15,15,0,0,142.7,0,0,0,0,0,0,0,,0,89,57,577,10.12,5,1,1,5,,,0.0,67,SchuDa00
P1213,2022,121,Samaje Perine,RB,34,CIN,27,16,2,0,0,142.1,0,0,0,0,0,95,394,4.15,2,51,38,287,7.55,4,0,0,6,,,-43.7,117,PeriSa00
P1223,2022,122,David Njoku,TE,11,CLE,26,14,14,0,0,142.0,0,0,0,0,0,2,-8,-4,0,80,58,628,10.83,4,1,1,4,,,-0.7,73,NjokDa00
P1407,2022,123,Cam Akers,RB,35,LAR,23,15,9,0,0,141.3,0,0,0,0,0,188,786,4.18,7,18,13,117,9,0,2,2,7,,,-44.5,118,AkerCa00
P1291,2022,124,Dallas Goedert,TE,12,PHI,27,12,12,0,0,141.2,0,0,0,0,0,0,0,,0,69,55,702,12.76,3,1,1,3,,,-1.5,74,GoedDa00
P1295,2022,125,Gerald Everett,TE,13,LAC,28,16,11,0,0,139.5,0,0,0,0,0,1,0,0,0,87,58,555,9.57,4,0,0,4,1,,-3.2,77,EverGe00
P1497,2022,126,Rachaad White,RB,36,TAM,23,17,8,0,0,139.1,0,0,0,0,0,129,481,3.73,1,58,50,290,5.8,2,3,3,3,,,-46.7,123,WhitRa01
P1355,2022,127,Dawson Knox,TE,14,BUF,26,15,15,1,0,135.7,0,0,0,0,0,0,0,,0,65,48,517,10.77,6,0,0,6,,,-7.0,81,KnoxDa00
P1498,2022,128,Isiah Pacheco,RB,37,KAN,23,17,11,0,0,135.0,0,0,0,0,0,170,830,4.88,5,14,13,130,10,0,4,2,5,,,-50.8,128,PachIs00
P1499,2022,129,Juwan Johnson,TE,15,NOR,26,16,12,0,0,134.8,0,0,0,0,0,0,0,,0,65,42,508,12.1,7,0,0,7,,,-7.9,83,JohnJu02
P1428,2022,130,Richie James,WR,50,NYG,27,17,4,0,0,132.5,0,0,0,0,0,2,6,3,0,70,57,569,9.98,4,3,3,4,,,-48.2,125,JameRi00
P1449,2022,131,Tyler Conklin,TE,16,NYJ,27,17,16,0,0,131.5,0,0,0,0,0,2,3,1.5,0,87,58,552,9.52,3,2,0,3,,,-11.2,86,ConkTy00
P1466,2022,132,D'Onta Foreman,RB,38,CAR,26,17,9,0,0,131.0,0,0,0,0,0,203,914,4.5,5,9,5,26,5.2,0,1,0,5,1,,-54.8,132,ForeDO00
P1500,2022,133,Jahan Dotson,WR,51,WAS,22,12,10,0,0,130.6,0,0,0,0,0,2,-7,-3.5,0,61,35,523,14.94,7,0,0,7,1,,-50.1,127,DotsJa00
P1331,2022,134,Darius Slayton,WR,52,NYG,25,16,11,0,0,128.4,0,0,0,0,0,0,0,,0,71,46,724,15.74,2,2,1,2,,,-52.3,130,SlayDa01
P1192,2022,135,Kareem Hunt,RB,39,CLE,27,17,0,0,0,126.8,0,0,0,0,0,123,468,3.8,3,44,35,210,6,1,1,0,4,,,-59.0,140,HuntKa00
P1444,2022,136,Michael Carter,RB,40,NYJ,23,16,10,0,0,126.0,0,0,0,0,0,114,402,3.53,3,54,41,288,7.02,0,2,1,3,,,-59.8,141,CartMi03
P1347,2022,137,Russell Gage,WR,53,TAM,26,13,4,0,0,123.6,0,0,0,0,0,0,0,,0,70,51,426,8.35,5,1,1,5,1,,-57.1,135,GageRu00
P1341,2022,138,Noah Fant,TE,17,SEA,25,17,16,0,0,122.6,0,0,0,0,0,0,0,,0,63,50,486,9.72,4,0,0,4,,,-20.1,99,FantNo00
P1280,2022,139,Marquez Valdes-Scantling,WR,54,KAN,28,17,11,0,0,122.4,0,0,0,0,0,1,-3,-3,0,81,42,687,16.36,2,0,0,2,,,-58.3,138,ValdMa00
P1256,2022,140,Baker Mayfield,QB,29,2TM,27,12,10,0,0,121.4,201,335,2163,10,8,31,89,2.87,1,0,0,0,,0,9,2,1,,,-162.9,242,MayfBa00
P1372,2022,141,Isaiah McKenzie,WR,55,BUF,27,15,8,0,0,119.8,0,0,0,0,0,9,55,6.11,1,65,42,423,10.07,4,0,0,5,,,-60.9,142,McKeIs00
P1476,2022,142,Khalil Herbert,RB,41,CHI,24,13,1,0,0,117.8,0,0,0,0,0,129,731,5.67,4,12,9,57,6.33,1,0,0,5,,,-68.0,154,HerbKh00
P0960,2022,143,Marvin Jones,WR,56,JAX,32,16,10,0,0,116.9,0,0,0,0,0,0,0,,0,81,46,529,11.5,3,0,0,3,,,-63.8,143,JoneMa02
P1352,2022,144,Jordan Akins,TE,18,HOU,30,15,3,0,0,116.5,0,0,0,0,0,0,0,,0,54,37,495,13.38,5,1,1,5,1,,-26.2,103,AkinJo00
P1452,2022,145,Kalif Raymond,WR,57,DET,28,17,7,0,0,116.2,0,0,0,0,0,7,36,5.14,0,64,47,616,13.11,0,3,1,1,,,-64.5,144,RaymKa00
P1472,2022,146,Devin Duvernay,WR,58,BAL,25,14,13,1,0,116.1,0,0,0,0,0,12,84,7,1,49,37,407,11,3,1,0,5,,,-64.6,145,DuveDe00
P1434,2022,147,Taylor Heinicke,QB,30,WAS,29,9,9,0,0,116.0,161,259,1859,12,6,28,96,3.43,1,0,0,0,,0,7,5,1,,,-168.3,243,HeinTa00
P0975,2022,148,Robert Woods,WR,59,TEN,30,17,15,0,0,115.7,0,0,0,0,0,0,0,,0,91,53,527,9.94,2,1,1,2,,,-65.0,146,WoodRo02
P0981,2022,149,Zach Ertz,TE,19,ARI,32,10,10,0,0,115.6,0,0,0,0,0,0,0,,0,69,47,406,8.64,4,0,0,4,2,,-27.1,106,ErtzZa00
P1501,2022,150,Breece Hall,RB,42,NYJ,21,7,2,0,0,115.1,0,0,0,0,0,80,463,5.79,4,31,19,218,11.47,1,1,1,5,,,-70.7,158,HallBr03
P1243,2022,151,Chris Moore,WR,60,HOU,29,16,7,0,0,115.1,0,0,0,0,0,3,3,1,0,74,48,548,11.42,2,0,0,2,,,-65.6,149,MoorCh00
P1502,2022,152,Noah Brown,WR,61,DAL,26,16,13,0,0,114.5,0,0,0,0,0,0,0,,0,74,43,555,12.91,3,1,1,3,,,-66.2,150,BrowNo00
P1503,2022,153,Greg Dortch,WR,62,ARI,24,16,4,0,0,113.1,0,0,0,0,0,7,44,6.29,0,64,52,467,8.98,2,1,1,2,,,-67.6,152,DortGr01
P1140,2022,154,Carson Wentz,QB,31,WAS,30,8,7,0,0,112.8,172,276,1755,11,9,22,86,3.91,1,0,0,0,,0,6,1,1,,2,-171.5,244,WentCa00
P1504,2022,155,Brian Robinson Jr.,RB,43,WAS,23,12,9,0,0,112.7,0,0,0,0,0,205,797,3.89,2,12,9,60,6.67,1,2,0,3,,,-73.1,161,RobiBr01
P1505,2022,156,Alec Pierce,WR,63,IND,22,16,12,0,0,112.3,0,0,0,0,0,0,0,,0,78,41,593,14.46,2,1,0,2,,,-68.4,155,PierAl00
P1469,2022,157,DeAndre Carter,WR,64,LAC,29,17,7,0,0,112.3,0,0,0,0,0,2,-15,-7.5,0,65,46,538,11.7,3,3,2,3,,,-68.4,156,CartDe02
P1390,2022,158,Robert Tonyan,TE,20,GNB,28,17,3,0,0,112.0,0,0,0,0,0,0,0,,0,67,53,470,8.87,2,0,0,2,,,-30.7,109,TonyRo00
P1468,2022,159,Olamide Zaccheaus,WR,65,ATL,25,17,13,0,0,110.0,0,0,0,0,0,2,7,3.5,0,61,40,533,13.33,3,1,1,3,,,-70.7,159,ZaccOl01
P0745,2022,160,Matthew Stafford,QB,32,LAR,34,9,9,0,0,108.4,206,303,2087,10,8,13,9,0.69,1,0,0,0,,0,5,3,1,,,-175.9,245,StafMa00
P1506,2022,161,Brock Purdy,QB,33,SFO,23,9,5,0,0,106.3,114,170,1374,13,4,22,13,0.59,1,0,0,0,,0,0,0,1,,,-178.0,246,PurdBr00
P1507,2022,162,James Cook,RB,44,BUF,23,16,0,0,0,105.7,0,0,0,0,0,89,507,5.7,2,32,21,180,8.57,1,1,1,3,,,-80.1,171,CookJa01
P1358,2022,163,Hayden Hurst,TE,21,CIN,29,13,13,0,0,105.4,0,0,0,0,0,0,0,,0,68,52,414,7.96,2,0,0,2,,,-37.3,114,HursHa00
P1290,2022,164,Michael Gallup,WR,66,DAL,26,14,11,0,0,105.4,0,0,0,0,0,0,0,,0,74,39,424,10.87,4,0,0,4,,,-75.3,163,GallMi00
P1384,2022,165,Chase Claypool,WR,67,2TM,24,15,11,0,0,105.0,1,1,1,1,0,9,59,6.56,0,79,46,451,9.8,1,1,1,1,,,-75.7,164,ClayCh01
P1205,2022,166,Kenyan Drake,RB,45,BAL,28,12,5,0,0,104.1,0,0,0,0,0,109,482,4.42,4,26,17,89,5.24,1,1,0,5,,,-81.7,177,DrakKe00
P1155,2022,167,Hunter Henry,TE,22,NWE,28,17,14,0,0,103.9,0,0,0,0,0,0,0,,0,59,41,509,12.41,2,0,0,2,,,-38.8,115,HenrHu00
P1287,2022,168,Josh Reynolds,WR,68,DET,27,14,11,0,0,103.9,0,0,0,0,0,0,0,,0,59,38,479,12.61,3,0,0,3,,,-76.8,165,ReynJo00
P1301,2022,169,Demarcus Robinson,WR,69,BAL,28,17,5,0,0,103.8,0,0,0,0,0,0,0,,0,75,48,458,9.54,2,2,1,2,,,-76.9,166,RobiDe01
P1113,2022,170,DeVante Parker,WR,70,NWE,29,13,11,0,0,102.9,0,0,0,0,0,0,0,,0,47,31,539,17.39,3,0,0,3,,,-77.8,167,ParkDe01
P1508,2022,171,Romeo Doubs,WR,71,GNB,22,13,7,0,0,101.6,0,0,0,0,0,1,11,11,0,67,42,425,10.12,3,2,1,3,,,-79.1,169,DoubRo00
P1398,2022,172,Darnell Mooney,WR,72,CHI,25,12,12,0,0,101.5,0,0,0,0,0,1,2,2,0,61,40,493,12.33,2,0,0,2,,,-79.2,170,MoonDa00
P1509,2022,173,Rashid Shaheed,WR,73,NOR,24,12,6,0,0,100.5,0,0,0,0,0,4,57,14.25,1,34,28,488,17.43,2,1,0,3,,,-80.2,172,ShahRa00
P1510,2022,174,Isaiah Hodgins,WR,74,2TM,24,10,5,0,0,100.2,0,0,0,0,0,0,0,,0,48,37,392,10.59,4,1,1,4,1,,-80.5,173,HodgIs00
P1445,2022,175,Zach Wilson,QB,34,NYJ,23,9,9,0,0,98.9,132,242,1688,6,7,28,102,3.64,1,1,1,2,2,1,1,1,2,,,-185.4,247,WilsZa00
P1391,2022,176,Clyde Edwards-Helaire,RB,46,KAN,23,10,6,0,0,98.3,0,0,0,0,0,71,302,4.25,3,23,17,151,8.88,3,0,0,6,,,-87.5,185,EdwaCl00
P1320,2022,177,DJ Chark,WR,75,DET,26,11,10,0,0,98.2,0,0,0,0,0,0,0,,0,52,30,502,16.73,3,0,0,3,,,-82.5,178,CharDJ00
P1337,2022,178,Mike Gesicki,TE,23,MIA,27,17,1,0,0,98.2,0,0,0,0,0,0,0,,0,52,32,362,11.31,5,0,0,5,,,-44.5,119,GesiMi00
P1239,2022,179,Corey Davis,WR,76,NYJ,27,13,10,0,0,97.6,0,0,0,0,0,0,0,,0,64,32,536,16.75,2,0,0,2,,,-83.1,179,DaviCo03
P1186,2022,180,Austin Hooper,TE,24,TEN,28,17,2,0,0,97.4,0,0,0,0,0,0,0,,0,60,41,444,10.83,2,0,0,2,,,-45.3,121,HoopAu00
P1511,2022,181,Chig Okonkwo,TE,25,TEN,23,17,8,0,0,97.2,0,0,0,0,0,3,2,0.67,0,46,32,450,14.06,3,0,0,3,1,,-45.5,122,OkonCh00
P1471,2022,182,Nico Collins,WR,77,HOU,23,10,7,0,0,97.1,0,0,0,0,0,0,0,,0,66,37,481,13,2,0,0,2,,,-83.6,180,CollNi00
P1512,2022,183,Treylon Burks,WR,78,TEN,22,11,6,0,0,94.1,0,0,0,0,0,4,47,11.75,0,54,33,444,13.45,1,0,0,2,,,-86.6,183,BurkTr00
P1340,2022,184,Mecole Hardman,WR,79,KAN,24,8,5,0,0,93.8,0,0,0,0,0,4,31,7.75,2,34,25,297,11.88,4,1,0,6,,,-86.9,184,HardMe00
P1513,2022,185,Jaylen Warren,RB,47,PIT,24,16,0,0,0,93.3,0,0,0,0,0,77,379,4.92,1,33,28,214,7.64,0,1,0,1,,,-92.5,189,WarrJa01
P1514,2022,186,Cade Otton,TE,26,TAM,23,16,11,0,0,93.1,0,0,0,0,0,0,0,,0,65,42,391,9.31,2,0,0,2,,,-49.6,126,OttoCa00
P1515,2022,187,Isaiah Likely,TE,27,BAL,22,16,2,0,0,91.3,0,0,0,0,0,0,0,,0,60,36,373,10.36,3,0,0,3,,,-51.4,129,LikeIs00
P1414,2022,188,Damien Harris,RB,48,NWE,25,11,9,0,0,90.9,0,0,0,0,0,106,462,4.36,3,23,17,97,5.71,0,0,0,3,,,-94.9,192,HarrDa06
P1005,2022,189,Marquise Goodwin,WR,80,SEA,32,13,2,0,0,90.2,0,0,0,0,0,2,5,2.5,0,42,27,387,14.33,4,0,0,4,,,-90.5,187,GoodMa00
P1516,2022,190,Eno Benjamin,RB,49,3TM,23,15,3,0,0,89.6,0,0,0,0,0,77,313,4.06,2,34,25,193,7.72,0,0,0,2,1,,-96.2,194,BenjEn00
P1382,2022,191,James Robinson,RB,50,2TM,24,11,5,0,0,88.6,0,0,0,0,0,110,425,3.86,3,14,11,51,4.64,2,1,0,5,,,-97.2,198,RobiJa00
P1365,2022,192,Alexander Mattison,RB,51,MIN,24,17,0,0,0,88.4,0,0,0,0,0,74,283,3.82,5,18,15,91,6.07,1,0,0,6,,,-97.4,199,MattAl01
P1277,2022,193,Kendrick Bourne,WR,81,NWE,27,16,2,0,0,88.3,0,0,0,0,0,6,39,6.5,0,48,35,434,12.4,1,2,0,1,,,-92.4,188,BourKe00
P1450,2022,194,Elijah Moore,WR,82,NYJ,22,16,9,0,0,88.1,0,0,0,0,0,5,5,1,0,65,37,446,12.05,1,1,0,1,,,-92.6,190,MoorEl00
P1455,2022,195,Kenneth Gainwell,RB,52,PHI,23,17,0,0,0,87.9,0,0,0,0,0,53,240,4.53,4,29,23,169,7.35,0,0,0,4,,,-97.9,201,GainKe00
P1462,2022,196,Rondale Moore,WR,83,ARI,22,8,8,0,0,87.9,0,0,0,0,0,6,-5,-0.83,0,56,41,414,10.1,1,0,0,1,,,-92.8,191,MoorRo02
P1451,2022,197,Chuba Hubbard,RB,53,CAR,23,15,2,0,0,87.7,0,0,0,0,0,95,466,4.91,2,17,14,171,12.21,0,2,1,2,,,-98.1,203,HubbCh01
P1105,2022,198,Melvin Gordon,RB,54,DEN,29,10,6,0,0,87.1,0,0,0,0,0,90,318,3.53,2,32,25,223,8.92,0,5,2,2,,,-98.7,205,GordMe00
P1363,2022,199,Will Dissly,TE,28,SEA,26,15,15,0,0,86.9,0,0,0,0,0,0,0,,0,38,34,349,10.26,3,0,0,3,,,-55.8,133,DissWi00
P1263,2022,200,Sam Darnold,QB,35,CAR,25,6,6,0,0,86.3,82,140,1143,7,3,26,106,4.08,2,0,0,0,,0,6,2,2,,,-198.0,248,DarnSa00
P1517,2022,201,Greg Dulcich,TE,29,DEN,22,10,6,0,0,86.1,0,0,0,0,0,0,0,,0,55,33,411,12.45,2,0,0,2,,,-56.6,134,DulcGr00
P1202,2022,202,Deshaun Watson,QB,36,CLE,27,6,6,0,0,85.6,99,170,1102,7,5,36,175,4.86,1,0,0,0,,0,1,0,1,,,-198.7,249,WatsDe00
P1366,2022,203,Foster Moreau,TE,30,LVR,25,15,14,0,0,85.2,0,0,0,0,0,0,2,,0,54,33,420,12.73,2,1,1,2,,,-57.5,136,MoreFo00
P1032,2022,204,Allen Robinson,WR,84,LAR,29,10,10,0,0,84.9,0,0,0,0,0,0,0,,0,52,33,339,10.27,3,0,0,3,,,-95.8,193,RobiAl02
P1321,2022,205,Darren Waller,TE,31,LVR,30,9,6,0,0,84.8,0,0,0,0,0,0,0,,0,43,28,388,13.86,3,0,0,3,,,-57.9,137,WallDa01
P1518,2022,206,Deon Jackson,RB,55,IND,23,16,2,0,0,84.5,0,0,0,0,0,68,236,3.47,1,34,30,209,6.97,1,1,1,2,,,-101.3,207,JackDe02
P1457,2022,207,Quez Watkins,WR,85,PHI,24,17,8,0,0,84.5,0,0,0,0,0,3,1,0.33,0,51,33,354,10.73,3,1,1,3,,,-96.2,195,WatkQu00
P1519,2022,208,Ben Skowronek,WR,86,LAR,25,14,11,0,0,84.3,0,0,0,0,0,1,17,17,1,61,39,376,9.64,0,0,0,1,,,-96.4,196,SkowBe00
P1520,2022,209,Trent Sherfield,WR,87,MIA,26,17,4,0,0,83.7,0,0,0,0,0,0,0,,0,51,30,417,13.9,2,0,0,2,,,-97.0,197,SherTr00
P1521,2022,210,Terrace Marshall Jr.,WR,88,CAR,22,14,9,0,0,83.0,0,0,0,0,0,0,0,,0,47,28,490,17.5,1,2,0,1,,,-97.7,200,MarsTe00
P1463,2022,211,Nick Westbrook-Ikhine,WR,89,TEN,25,17,13,0,0,82.7,0,0,0,0,0,0,0,,0,50,25,397,15.88,3,0,0,3,,,-98.0,202,WestNi00
P1475,2022,212,Jauan Jennings,WR,90,SFO,25,16,4,0,0,82.6,0,0,0,0,0,0,0,,0,56,35,416,11.89,1,1,0,1,,,-98.1,204,JennJa00
P0873,2022,213,Randall Cobb,WR,91,GNB,32,13,3,0,0,81.7,0,0,0,0,0,0,0,,0,50,34,417,12.26,1,1,0,1,,,-99.0,206,CobbRa00
P1264,2022,214,Nyheim Hines,RB,56,2TM,26,16,5,0,0,81.4,0,0,0,0,0,24,33,1.38,1,37,30,241,8.03,1,2,0,4,,,-104.4,211,HineNy00
P1393,2022,215,J.K. Dobbins,RB,57,BAL,24,8,8,0,0,81.2,0,0,0,0,0,92,520,5.65,2,8,7,42,6,1,0,0,3,,,-104.6,212,DobbJK00
P1338,2022,216,Hunter Renfrow,WR,92,LVR,27,10,1,0,0,79.0,0,0,0,0,0,0,0,,0,50,36,330,9.17,2,3,1,2,,,-101.7,208,RenfHu00
P1440,2022,217,Van Jefferson,WR,93,LAR,26,11,9,0,0,78.9,0,0,0,0,0,0,0,,0,44,24,369,15.38,3,0,0,3,,,-101.8,209,JeffVa00
P1180,2022,218,Rex Burkhead,RB,58,HOU,32,16,0,0,0,77.4,0,1,0,0,0,26,80,3.08,0,51,37,204,5.51,1,0,0,2,,,-108.4,215,BurkRe00
P1389,2022,219,Logan Thomas,TE,32,WAS,31,14,13,0,0,77.3,0,0,0,0,0,0,0,,0,61,39,323,8.28,1,0,0,1,,,-65.4,148,ThomLo00
P1480,2022,220,Dontrell Hilliard,RB,59,TEN,27,12,1,0,0,77.2,0,0,0,0,0,22,145,6.59,0,26,21,177,8.43,4,0,0,4,,,-108.6,216,HillDo00
P1439,2022,221,Kyle Pitts,TE,33,ATL,22,10,10,0,0,75.6,0,0,0,0,0,0,0,,0,59,28,356,12.71,2,0,0,2,,,-67.1,151,PittKy00
P1174,2022,222,Nelson Agholor,WR,94,NWE,29,16,7,0,0,75.2,0,0,0,0,0,0,0,,0,53,31,362,11.68,2,2,2,2,,,-105.5,213,AghoNe00
P1522,2022,223,Daniel Bellinger,TE,34,NYG,22,12,11,0,0,75.0,0,0,0,0,0,1,2,2,1,35,30,268,8.93,2,1,1,3,1,,-67.7,153,BellDa00
P1313,2022,224,Chase Edmonds,RB,60,2TM,26,13,3,0,0,74.2,0,0,0,0,0,68,245,3.6,2,24,16,157,9.81,1,0,0,3,,,-111.6,220,EdmoCh00
P1523,2022,225,Jelani Woods,TE,35,IND,24,15,2,0,0,74.2,0,0,0,0,0,0,0,,0,40,25,312,12.48,3,1,0,3,,,-68.5,157,WoodJe01
P1208,2022,226,Mitchell Trubisky,QB,37,PIT,28,7,5,0,0,73.9,117,180,1252,4,5,19,38,2,2,0,0,0,,0,0,0,2,,1,-210.4,250,TrubMi00
P1403,2022,227,Darrell Henderson,RB,61,LAR,25,10,7,0,0,73.5,0,0,0,0,0,70,283,4.04,3,22,17,102,6,0,0,0,3,,,-112.3,221,HendDa00
P1397,2022,228,Laviska Shenault Jr.,WR,95,CAR,24,13,4,0,0,72.7,0,0,0,0,0,9,65,7.22,1,32,27,272,10.07,1,0,0,2,,,-108.0,214,ShenLa00
P0841,2022,229,Julio Jones,WR,96,TAM,33,10,5,0,0,70.4,0,0,0,0,0,5,45,9,0,43,24,299,12.46,2,0,0,2,,,-110.3,218,JoneJu02
P1478,2022,230,Jamal Agnew,WR,97,JAX,27,15,0,1,0,70.3,0,0,0,0,0,12,86,7.17,0,30,23,187,8.13,3,0,0,3,1,,-110.4,219,AgneJa00
P1524,2022,231,Jamycal Hasty,RB,62,JAX,26,17,0,0,0,70.0,0,0,0,0,0,46,194,4.22,2,26,20,126,6.3,1,0,0,3,,,-115.8,226,HastJa02
P1525,2022,232,Noah Gray,TE,36,KAN,23,17,8,0,0,70.0,0,0,0,0,0,1,1,1,1,34,28,299,10.68,1,0,0,2,,,-72.7,160,GrayNo00
P1526,2022,233,Colby Parkinson,TE,37,SEA,23,17,2,0,0,69.2,0,0,0,0,0,0,0,,0,34,25,322,12.88,2,0,0,2,,,-73.5,162,ParkCo02
P1527,2022,234,Tyquan Thornton,WR,98,NWE,22,13,9,0,0,66.3,0,0,0,0,0,3,16,5.33,1,45,22,247,11.23,2,0,0,3,,,-114.4,223,ThorTy00
P1283,2022,235,Dante Pettis,WR,99,CHI,27,17,7,0,0,65.2,0,0,0,0,0,2,37,18.5,0,41,19,245,12.89,3,1,0,3,,,-115.5,224,PettDa00
P1420,2022,236,Joshua Kelley,RB,63,LAC,25,13,1,0,0,64.8,0,0,0,0,0,69,287,4.16,2,25,14,101,7.21,0,0,0,2,,,-121.0,234,KellJo01
P1528,2022,237,Equanimeous St. Brown,WR,100,CHI,26,16,16,0,0,64.7,0,0,0,0,0,6,54,9,0,38,21,323,15.38,1,1,0,1,,,-116.0,227,St.BEq00
P1408,2022,238,Zack Moss,RB,64,2TM,25,13,3,0,0,64.5,0,0,0,0,0,93,456,4.9,1,13,11,39,3.55,0,1,1,1,,,-121.3,235,MossZa00
P1529,2022,239,Brock Wright,TE,38,DET,24,17,10,0,0,63.6,0,0,0,0,0,0,0,,0,24,18,216,12,4,0,0,4,,,-79.1,168,WrigBr01
P1530,2022,240,Trenton Irwin,WR,101,CIN,27,9,2,0,0,63.2,0,0,0,0,0,1,11,11,0,23,15,231,15.4,4,0,0,4,,,-117.5,228,IrwiTr00
P1531,2022,241,Tutu Atwell,WR,102,LAR,23,13,4,0,0,63.2,0,0,0,0,0,9,34,3.78,1,35,18,298,16.56,1,0,0,2,,,-117.5,229,AtweTu00
P1532,2022,242,Harrison Bryant,TE,39,CLE,24,17,9,0,0,61.7,0,0,0,0,0,1,8,8,0,42,31,239,7.71,1,0,0,1,,,-81.0,174,BryaHa00
P0838,2022,243,A.J. Green,WR,103,ARI,34,15,10,0,0,61.6,0,0,0,0,0,0,0,,0,47,24,236,9.83,2,0,0,2,1,,-119.1,230,GreeA.00
P1533,2022,244,Shi Smith,WR,104,CAR,24,17,6,0,0,61.6,0,0,0,0,0,0,0,,0,41,22,296,13.45,2,4,1,2,,,-119.1,231,SmitSh03
P1534,2022,245,Trey McBride,TE,40,ARI,23,16,13,0,0,61.5,0,0,0,0,0,0,0,,0,39,29,265,9.14,1,1,0,1,,,-81.2,175,McBrTr01
P1535,2022,246,Kylen Granson,TE,41,IND,24,13,4,0,0,61.2,0,0,0,0,0,1,0,0,0,40,31,302,9.74,0,1,0,0,,,-81.5,176,GranKy00
P1017,2022,247,Jarvis Landry,WR,105,NOR,30,9,3,0,0,60.2,0,0,0,0,0,0,0,,0,39,25,272,10.88,1,1,0,1,1,,-120.5,233,LandJa00
P1217,2022,248,Matt Breida,RB,65,NYG,27,17,1,0,0,59.8,0,0,0,0,0,54,220,4.07,1,25,20,118,5.9,0,0,0,1,,,-126.0,237,BreiMa00
P1292,2022,249,Gus Edwards,RB,66,BAL,27,9,4,0,0,59.3,0,0,0,0,0,87,433,4.98,3,2,0,0,,0,1,1,3,,,-126.5,238,EdwaGu00
P1536,2022,250,Zonovan Knight,RB,67,NYJ,21,7,4,0,0,59.0,0,0,0,0,0,85,300,3.53,1,14,13,100,7.69,0,2,0,1,,,-126.8,239,KnigZo00
P1383,2023,1,CeeDee Lamb,WR,1,DAL,24,17,17,1,1,403.2,0,0,0,0,0,14,113,8.07,2,181,135,1749,12.96,12,3,2,14,1,,194.4,1,LambCe00
P1258,2023,2,Josh Allen,QB,1,BUF,27,17,17,0,0,392.6,385,579,4306,29,18,111,524,4.72,15,0,0,0,,0,7,4,15,,3,118.5,5,AlleJo02
P1195,2023,3,Christian McCaffrey,RB,1,SFO,27,16,16,1,1,391.3,0,0,0,0,0,272,1459,5.36,14,83,67,564,8.42,7,3,2,21,,,192.0,2,McCaCh01
P1137,2023,4,Tyreek Hill,WR,2,MIA,29,16,16,1,1,376.4,0,0,0,0,0,6,15,2.5,0,171,119,1799,15.12,13,1,1,13,,,167.6,3,HillTy00
P1405,2023,5,Jalen Hurts,QB,2,PHI,25,17,17,1,0,356.8,352,538,3858,23,15,157,605,3.85,15,0,0,0,,0,9,5,15,,,82.7,10,HurtJa00
P1134,2023,6,Dak Prescott,QB,3,DAL,30,17,17,1,0,342.8,410,590,4516,36,9,55,242,4.4,2,0,0,0,,0,4,2,2,,2,68.7,17,PresDa01
P1265,2023,7,Lamar Jackson,QB,4,BAL,26,16,16,1,1,331.2,307,457,3678,24,7,148,821,5.55,5,0,0,0,,0,11,6,5,,1,57.1,23,JackLa00
P1432,2023,8,Amon-Ra St. Brown,WR,3,DET,24,16,16,1,1,330.9,0,0,0,0,0,4,24,6,0,164,119,1515,12.73,10,1,1,10,,,122.1,4,StxxAm00
P1537,2023,9,Jordan Love,QB,5,GNB,25,17,17,0,0,319.1,372,579,4159,32,11,50,247,4.94,4,0,0,0,,0,9,3,4,,2,45.0,32,LoveJo03
P1538,2023,10,Puka Nacua,WR,4,LAR,22,17,17,1,0,298.5,0,0,0,0,0,12,89,7.42,0,160,105,1486,14.15,6,1,0,6,,,89.7,7,NacuPu00
P1506,2023,11,Brock Purdy,QB,6,SFO,24,16,16,1,0,295.6,308,444,4280,31,11,39,144,3.69,2,0,0,0,,0,6,2,2,,,21.5,46,PurdBr00
P1501,2023,12,Breece Hall,RB,2,NYJ,22,17,16,0,0,290.5,0,0,0,0,0,223,994,4.46,5,95,76,591,7.78,4,2,0,9,1,,91.2,6,HallBr03
P1323,2023,13,A.J. Brown,WR,5,PHI,26,17,17,1,0,289.6,0,0,0,0,0,0,0,,0,158,106,1456,13.74,7,2,2,7,,,80.8,11,BrowAJ00
P1193,2023,14,Jared Goff,QB,7,DET,29,17,17,0,0,289.1,407,605,4575,30,12,32,21,0.66,2,0,0,0,,0,6,4,2,,2,15.0,51,GoffJa00
P1266,2023,15,D.J. Moore,WR,6,CHI,26,17,17,0,0,286.5,0,0,0,0,0,4,21,5.25,1,136,96,1364,14.21,8,1,1,9,,,77.7,13,MoorD.00
P1008,2023,16,Mike Evans,WR,7,TAM,30,17,17,1,0,282.5,0,0,0,0,0,0,0,,0,136,79,1255,15.89,13,0,0,13,,,73.7,14,EvanMi00
P1486,2023,17,Travis Etienne,RB,3,JAX,24,17,17,0,0,282.4,0,0,0,0,0,267,1008,3.78,11,73,58,476,8.21,1,0,0,12,2,,83.1,9,EtieTr00
P1253,2023,18,Patrick Mahomes,QB,8,KAN,28,16,16,1,0,280.2,401,597,4183,27,14,75,389,5.19,0,0,0,0,,0,5,3,0,,,6.1,59,MahoPa00
P0955,2023,19,Keenan Allen,WR,8,LAC,31,13,13,1,0,278.9,1,2,49,1,0,2,6,3,0,150,108,1243,11.51,7,2,1,7,,,70.1,15,AlleKe00
P1539,2023,20,C.J. Stroud,QB,9,HOU,22,15,15,1,0,276.0,319,499,4108,23,5,39,167,4.28,3,1,1,0,0,0,8,4,3,1,,1.9,63,StroCJ00
P1256,2023,21,Baker Mayfield,QB,10,TAM,28,17,17,1,0,274.1,364,566,4044,28,10,62,163,2.63,1,0,0,0,,0,8,3,1,,2,0.0,67,MayfBa00
P1088,2023,22,Stefon Diggs,WR,9,BUF,30,17,17,1,0,273.8,0,0,0,0,0,1,5,5,0,160,107,1183,11.06,8,2,1,8,1,,65.0,22,DiggSt00
P1402,2023,23,Tua Tagovailoa,QB,11,MIA,25,17,17,1,0,270.4,388,560,4624,29,14,35,74,2.11,0,0,0,0,,0,13,5,0,,,-3.7,75,TagoTu00
P1497,2023,24,Rachaad White,RB,4,TAM,24,17,17,0,0,267.9,0,0,0,0,0,272,990,3.64,6,70,64,549,8.58,3,3,2,9,,,68.6,18,WhitRa01
P1333,2023,25,Raheem Mostert,RB,5,MIA,31,15,15,1,0,267.7,0,0,0,0,0,209,1012,4.84,18,32,25,175,7,3,4,1,21,,,68.4,20,MostRa00
P1206,2023,26,Joe Mixon,RB,6,CIN,27,17,17,0,0,267.0,0,0,0,0,0,257,1034,4.02,9,64,52,376,7.23,3,0,0,12,1,,67.7,21,MixoJo00
P1039,2023,27,Davante Adams,WR,10,LVR,31,17,17,0,0,265.4,0,0,0,0,0,0,0,,0,175,103,1144,11.11,8,0,0,8,,,56.6,24,AdamDa01
P1429,2023,28,Ja'Marr Chase,WR,11,CIN,23,16,16,1,0,262.7,1,1,-7,0,0,3,-6,-2,0,145,100,1216,12.16,7,1,0,7,,,53.9,26,ChasJa00
P1436,2023,29,Trevor Lawrence,QB,12,JAX,24,16,16,0,0,262.5,370,564,4016,21,14,70,339,4.84,4,0,0,0,,0,12,7,4,,1,-11.6,82,LawrTr00
P1471,2023,30,Nico Collins,WR,12,HOU,24,15,10,0,0,260.4,0,0,0,0,0,1,7,7,0,109,80,1297,16.21,8,1,0,8,1,,51.6,28,CollNi00
P1540,2023,31,Sam Howell,QB,13,WAS,23,17,17,0,0,257.5,388,612,3946,21,21,48,263,5.48,5,1,1,4,4,0,4,2,5,1,1,-16.6,88,HoweSa00
P0891,2023,32,Russell Wilson,QB,14,DEN,35,15,15,0,0,256.9,297,447,3070,26,8,80,341,4.26,3,0,0,0,,0,10,5,3,,2,-17.2,90,WilsRu00
P1541,2023,33,Kyren Williams,RB,7,LAR,23,12,11,1,0,255.0,0,0,0,0,0,228,1144,5.02,12,48,32,206,6.44,3,3,2,15,1,,55.7,25,WillKy02
P1409,2023,34,Michael Pittman Jr.,WR,13,IND,26,16,15,0,0,250.2,0,0,0,0,0,0,0,,0,156,109,1152,10.57,4,2,1,4,2,,41.4,34,PittMi01
P1388,2023,35,Brandon Aiyuk,WR,14,SFO,25,16,16,0,0,249.2,0,0,0,0,0,0,0,,0,105,75,1342,17.89,7,1,1,7,,,40.4,35,AiyuBr00
P1162,2023,36,Derrick Henry,RB,8,TEN,29,17,17,1,0,246.7,2,3,14,2,0,280,1167,4.17,12,36,28,214,7.64,0,0,0,12,,,47.4,30,HenrDe00
P1542,2023,37,Bijan Robinson,RB,9,ATL,21,17,16,0,0,246.3,0,0,0,0,0,214,976,4.56,4,86,58,487,8.4,4,4,3,8,,,47.0,31,RobiBi01
P1327,2023,38,Deebo Samuel,WR,15,SFO,27,15,15,0,0,243.7,0,1,0,0,0,37,225,6.08,5,89,60,892,14.87,7,1,0,12,,,34.9,36,SamuDe00
P0745,2023,39,Matthew Stafford,QB,15,LAR,35,15,15,1,0,243.1,326,521,3965,24,11,21,65,3.1,0,0,0,0,,0,0,0,0,1,1,-31.0,100,StafMa00
P1543,2023,40,Jahmyr Gibbs,RB,10,DET,21,15,3,1,0,242.1,0,0,0,0,0,182,945,5.19,10,71,52,316,6.08,1,2,1,11,,,42.8,33,GibbJa01
P1015,2023,41,Derek Carr,QB,16,NOR,32,17,17,0,0,241.1,375,548,3878,25,8,32,40,1.25,0,0,0,0,,0,7,3,0,,2,-33.0,102,CarrDe02
P1544,2023,42,Sam LaPorta,TE,1,DET,22,17,14,1,0,239.3,0,0,0,0,0,1,4,4,0,120,86,889,10.34,10,0,0,10,2,,88.8,8,LaPoSa01
P1379,2023,43,Justin Herbert,QB,17,LAC,25,13,13,0,0,234.2,297,456,3134,20,7,52,228,4.38,3,1,1,10,10,0,4,1,3,,1,-39.9,110,HerbJu00
P1191,2023,44,Alvin Kamara,RB,11,NOR,28,13,12,0,0,233.0,0,0,0,0,0,180,694,3.86,5,86,75,466,6.21,1,0,0,6,3,,33.7,37,KamaAl00
P1507,2023,45,James Cook,RB,12,BUF,24,17,13,1,0,232.7,0,0,0,0,0,237,1122,4.73,2,54,44,445,10.11,4,4,2,6,,,33.4,38,CookJa01
P1488,2023,46,Chris Olave,WR,16,NOR,23,16,11,0,0,231.3,0,0,0,0,0,0,0,,0,138,87,1123,12.91,5,0,0,5,1,,22.5,44,OlavCh00
P1141,2023,47,Adam Thielen,WR,17,CAR,33,17,17,0,0,231.0,0,0,0,0,0,1,6,6,0,137,103,1014,9.84,4,2,0,4,1,,22.2,45,ThieAd00
P1200,2023,48,Evan Engram,TE,2,JAX,29,17,15,1,0,230.3,0,0,0,0,0,0,0,,0,143,114,963,8.45,4,3,2,4,,,79.8,12,EngrEv00
P1454,2023,49,Justin Fields,QB,18,CHI,24,13,13,0,0,230.2,227,370,2562,16,9,124,657,5.3,4,0,0,0,,0,10,4,4,,,-43.9,114,FielJu00
P1259,2023,50,Calvin Ridley,WR,18,JAX,29,17,17,0,0,229.9,0,0,0,0,0,9,23,2.56,0,136,76,1016,13.37,8,1,0,8,1,,21.1,47,RidlCa00
P1438,2023,51,DeVonta Smith,WR,19,PHI,25,16,16,0,0,227.6,0,0,0,0,0,0,0,,0,112,81,1066,13.16,7,1,1,7,,,18.8,48,SmitDe07
P0959,2023,52,Geno Smith,QB,19,SEA,33,15,15,1,0,227.3,323,499,3624,20,9,37,155,4.19,1,1,1,-2,-2,0,5,3,1,,2,-46.8,117,SmitGe00
P1080,2023,53,Amari Cooper,WR,20,CLE,29,15,15,1,0,227.0,0,0,0,0,0,0,0,,0,128,72,1250,17.36,5,2,1,5,1,,18.2,49,CoopAm00
P1328,2023,54,D.K. Metcalf,WR,21,SEA,26,16,16,1,0,225.4,0,0,0,0,0,0,0,,0,119,66,1114,16.88,8,0,0,8,,,16.6,50,MetcDK00
P0968,2023,55,DeAndre Hopkins,WR,22,TEN,31,17,16,0,0,223.6,0,1,0,0,0,2,9,4.5,0,137,75,1057,14.09,7,0,0,7,,,14.8,52,HopkDe00
P1254,2023,56,Saquon Barkley,RB,13,NYG,26,14,14,0,0,223.2,0,0,0,0,0,247,962,3.89,6,60,41,280,6.83,4,2,2,10,1,,23.9,42,BarkSa00
P1353,2023,57,Tony Pollard,RB,14,DAL,26,17,17,0,0,222.6,0,0,0,0,0,252,1005,3.99,6,67,55,311,5.65,0,3,1,6,1,,23.3,43,PollTo00
P1545,2023,58,Jordan Addison,WR,23,MIN,21,17,14,0,0,221.3,0,0,0,0,0,1,2,2,0,108,70,911,13.01,10,0,0,10,,,12.5,54,AddiJo00
P1016,2023,59,Travis Kelce,TE,3,KAN,34,15,15,1,0,219.4,0,0,0,0,0,0,0,,0,121,93,984,10.58,5,1,1,5,,,68.9,16,KelcTr00
P1354,2023,60,T.J. Hockenson,TE,4,MIN,26,15,11,0,0,219.0,0,0,0,0,0,0,0,,0,127,95,960,10.11,5,1,1,5,,,68.5,19,HockTJ00
P1373,2023,61,Jakobi Meyers,WR,24,LVR,27,16,16,0,0,218.6,2,3,12,1,0,4,24,6,2,106,71,807,11.37,8,0,0,10,,,9.8,56,MeyeJa01
P1546,2023,62,Jayden Reed,WR,25,GNB,23,16,13,0,0,217.2,0,0,0,0,0,11,119,10.82,2,94,64,793,12.39,8,2,0,10,1,,8.4,57,ReedJa03
P1498,2023,63,Isiah Pacheco,RB,15,KAN,24,14,13,0,0,213.9,0,0,0,0,0,205,935,4.56,7,49,44,244,5.55,2,1,1,9,,,14.6,53,PachIs00
P1485,2023,64,Garrett Wilson,WR,26,NYJ,23,17,17,0,0,213.2,0,1,0,0,0,4,0,0,0,168,95,1042,10.97,3,2,2,3,,,4.4,60,WilsGa00
P1547,2023,65,Rashee Rice,WR,27,KAN,23,16,8,0,0,212.5,0,0,0,0,0,1,-3,-3,0,102,79,938,11.87,7,2,1,7,,,3.7,61,RiceRa01
P1548,2023,66,Jerome Ford,RB,16,CLE,24,17,12,0,0,211.2,0,0,0,0,0,204,813,3.99,4,63,44,319,7.25,5,1,1,9,1,,11.9,55,FordJe00
P1225,2023,67,Chris Godwin,WR,28,TAM,27,17,17,0,0,209.2,0,1,0,0,0,4,38,9.5,1,130,83,1024,12.34,2,0,0,3,1,,0.4,64,GodwCh00
P1325,2023,68,Terry McLaurin,WR,29,WAS,28,17,17,0,0,209.2,0,0,0,0,0,0,0,,0,132,79,1002,12.68,4,0,0,5,,,0.4,65,McLaTe00
P1490,2023,69,George Pickens,WR,30,PIT,22,17,16,0,0,208.8,0,0,0,0,0,3,18,6,0,106,63,1140,18.1,5,3,0,5,,,0.0,70,PickGe00
P1330,2023,70,David Montgomery,RB,17,DET,26,14,14,0,0,207.2,0,0,0,0,0,219,1015,4.63,13,24,16,117,7.31,0,2,1,13,1,,7.9,58,MontDa01
P1549,2023,71,Zay Flowers,WR,31,BAL,23,16,16,0,0,206.4,0,0,0,0,0,8,56,7,1,108,77,858,11.14,5,0,0,6,1,,-2.4,73,FlowZa00
P1215,2023,72,George Kittle,TE,5,SFO,30,16,16,1,1,203.2,0,0,0,0,0,1,2,2,0,90,65,1020,15.69,6,0,0,6,,,52.7,27,KittGe00
P1084,2023,73,Tyler Lockett,WR,32,SEA,31,17,17,0,0,202.4,0,0,0,0,0,0,0,,0,122,79,894,11.32,5,0,0,5,2,,-6.4,77,LockTy00
P1380,2023,74,Justin Jefferson,WR,33,MIN,24,10,9,0,0,202.2,0,1,0,0,0,1,-12,-12,0,100,68,1074,15.79,5,1,1,5,,,-6.6,78,JeffJu00
P1255,2023,75,James Conner,RB,18,ARI,28,13,13,0,0,201.5,0,0,0,0,0,208,1040,5,7,33,27,165,6.11,2,0,0,9,,,2.2,62,ConnJa00
P1223,2023,76,David Njoku,TE,6,CLE,27,16,16,1,0,201.2,0,0,0,0,0,0,0,,0,123,81,882,10.89,6,2,2,6,,,50.7,29,NjokDa00
P1550,2023,77,Joshua Dobbs,QB,20,2TM,28,13,12,0,0,200.7,262,417,2464,13,10,77,421,5.47,6,0,0,0,,0,14,7,6,2,1,-73.4,139,DobbJo00
P1487,2023,78,Kenneth Walker III,RB,19,SEA,23,15,15,0,0,199.4,0,0,0,0,0,219,905,4.13,8,37,29,259,8.93,1,1,0,9,,,0.1,66,WalkKe00
P1387,2023,79,D'Andre Swift,RB,20,PHI,24,16,15,1,0,199.3,0,0,0,0,0,229,1049,4.58,5,49,39,214,5.49,1,3,1,6,,,0.0,68,SwifDA00
P1431,2023,80,Jaylen Waddle,WR,34,MIA,25,14,14,0,0,198.6,0,0,0,0,0,3,12,4,0,104,72,1014,14.08,4,0,0,4,,,-10.2,81,WaddJa00
P1504,2023,81,Brian Robinson Jr.,RB,21,WAS,24,15,15,0,0,198.1,0,0,0,0,0,178,733,4.12,5,43,36,368,10.22,4,4,2,9,1,,-1.2,72,RobiBr01
P1513,2023,82,Jaylen Warren,RB,22,PIT,25,17,0,0,0,196.4,0,0,0,0,0,149,784,5.26,4,74,61,370,6.07,0,4,2,4,,,-2.9,74,WarrJa01
P1319,2023,83,Gardner Minshew II,QB,21,IND,27,17,13,1,0,196.2,305,490,3305,15,9,34,100,2.94,3,0,0,0,,0,8,5,3,,2,-77.9,147,MinsGa00
P1430,2023,84,Najee Harris,RB,23,PIT,25,17,17,0,0,195.5,0,0,0,0,0,255,1035,4.06,8,38,29,170,5.86,0,2,1,8,,,-3.8,76,HarrNa00
P1551,2023,85,De'Von Achane,RB,24,MIA,22,11,4,0,0,190.7,0,0,0,0,0,103,800,7.77,8,37,27,197,7.3,3,1,1,11,,,-8.6,80,AchaDe00
P1271,2023,86,Courtland Sutton,WR,35,DEN,28,16,14,0,0,190.2,0,0,0,0,0,0,0,,0,90,59,772,13.08,10,3,3,10,,,-18.6,92,SuttCo00
P1292,2023,87,Gus Edwards,RB,25,BAL,28,17,9,0,0,187.0,0,0,0,0,0,198,810,4.09,13,13,12,180,15,0,3,2,13,1,,-12.3,83,EdwaGu00
P1214,2023,88,Austin Ekeler,RB,26,LAC,28,14,14,0,0,185.4,0,0,0,0,0,179,628,3.51,5,74,51,436,8.55,1,5,4,6,,,-13.9,85,EkelAu00
P1451,2023,89,Chuba Hubbard,RB,27,CAR,24,17,12,0,0,182.5,0,0,0,0,0,238,902,3.79,5,44,39,233,5.97,0,1,0,5,,,-16.8,89,HubbCh01
P1534,2023,90,Trey McBride,TE,7,ARI,24,17,12,0,0,181.5,0,0,0,0,0,0,0,,0,106,81,825,10.19,3,1,0,3,,,31.0,39,McBrTr01
P1456,2023,91,Cole Kmet,TE,8,CHI,24,17,17,0,0,181.1,0,0,0,0,0,3,2,0.67,0,90,73,719,9.85,6,1,0,6,,,30.6,40,KmetCo00
P1326,2023,92,Josh Jacobs,RB,28,LVR,25,13,13,0,0,181.1,0,0,0,0,0,233,805,3.45,6,54,37,296,8,0,3,1,6,,,-18.2,91,JacoJo01
P1435,2023,93,Javonte Williams,RB,29,DEN,23,16,13,0,0,179.2,0,0,0,0,0,217,774,3.57,3,58,47,228,4.85,2,1,1,5,2,,-20.1,93,WillJa10
P1552,2023,94,Desmond Ridder,QB,22,ATL,24,15,13,0,0,177.1,249,388,2836,12,12,53,193,3.64,5,1,1,-6,-6,0,12,7,5,,2,-97.0,170,RiddDe00
P1553,2023,95,Jake Ferguson,TE,9,DAL,24,17,16,1,0,177.1,0,0,0,0,0,0,0,,0,102,71,761,10.72,5,0,0,5,,,26.6,41,FergJa00
P1133,2023,96,Ezekiel Elliott,RB,30,NWE,28,17,5,0,0,174.5,0,0,0,0,0,184,642,3.49,3,65,51,313,6.14,2,2,1,5,,,-24.8,95,ElliEz00
P1489,2023,97,Drake London,WR,36,ATL,22,16,16,0,0,174.4,1,1,22,0,0,0,0,,0,110,69,905,13.12,2,0,0,2,1,,-34.4,104,LondDr00
P1508,2023,98,Romeo Doubs,WR,37,GNB,23,17,16,0,0,174.4,0,0,0,0,0,0,0,,0,96,59,674,11.42,8,1,0,8,,,-34.4,105,DoubRo00
P1026,2023,99,Brandin Cooks,WR,38,DAL,30,16,15,0,0,173.2,0,0,0,0,0,5,35,7,0,81,54,657,12.17,8,1,0,8,1,,-35.6,106,CookBr00
P1408,2023,100,Zack Moss,RB,31,IND,26,14,8,0,0,169.6,0,0,0,0,0,183,794,4.34,5,37,27,192,7.11,2,0,0,7,1,,-29.7,98,MossZa00
P1335,2023,101,Devin Singletary,RB,32,HOU,26,17,10,0,0,167.3,1,1,6,1,0,216,898,4.16,4,38,30,193,6.43,0,1,0,4,,,-32.0,101,SingDe00
P1554,2023,102,Tank Dell,WR,39,HOU,24,11,8,0,0,165.0,0,0,0,0,0,11,51,4.64,0,75,47,709,15.09,7,1,0,7,,,-43.8,113,DellNa00
P1198,2023,103,Cooper Kupp,WR,40,LAR,30,12,12,0,0,164.4,0,0,0,0,0,1,-3,-3,0,95,59,737,12.49,5,0,0,5,1,,-44.4,115,KuppCo00
P1401,2023,104,Gabe Davis,WR,41,BUF,24,17,17,0,0,161.4,0,0,0,0,0,1,-2,-2,0,81,45,746,16.58,7,1,1,7,1,,-47.4,118,DaviGa01
P1269,2023,105,Curtis Samuel,WR,42,WAS,27,16,13,0,0,157.2,0,0,0,0,0,7,39,5.57,1,91,62,613,9.89,4,0,0,5,,,-51.6,120,SamuCu00
P1555,2023,106,Josh Downs,WR,43,IND,22,17,9,0,0,157.1,0,0,0,0,0,0,0,,0,98,68,771,11.34,2,0,0,2,,,-51.7,121,DownJo00
P1556,2023,107,Bryce Young,QB,23,CAR,22,16,16,0,0,156.4,315,527,2877,11,10,39,253,6.49,0,0,0,0,,0,11,6,0,1,1,-117.7,192,YounBr01
P1381,2023,108,Jonathan Taylor,RB,33,IND,24,10,7,0,0,156.4,0,0,0,0,0,169,741,4.38,7,23,19,153,8.05,1,1,0,8,,,-42.9,112,TaylJo02
P1509,2023,109,Rashid Shaheed,WR,44,NOR,25,15,8,1,1,155.6,0,0,0,0,0,7,37,5.29,0,75,46,719,15.63,5,1,1,6,,,-53.2,123,ShahRa00
P1557,2023,110,Tyjae Spears,RB,34,TEN,22,17,1,0,0,153.8,0,0,0,0,0,100,453,4.53,2,70,52,385,7.4,1,1,0,3,,,-45.5,116,SpeaTy00
P1334,2023,111,Diontae Johnson,WR,45,PIT,27,13,11,0,0,152.7,0,0,0,0,0,0,0,,0,87,51,717,14.06,5,1,0,5,,,-56.1,125,JohnDi01
P1331,2023,112,Darius Slayton,WR,46,NYG,26,17,13,0,0,151.0,0,0,0,0,0,0,0,,0,79,50,770,15.4,4,0,0,4,,,-57.8,126,SlayDa01
P1399,2023,113,Dalton Schultz,TE,10,HOU,27,15,8,0,0,150.5,0,0,0,0,0,0,0,,0,88,59,635,10.76,5,1,1,5,,,0.0,69,SchuDa00
P1273,2023,114,Christian Kirk,WR,47,JAX,27,12,12,0,0,150.3,1,2,-1,0,0,1,6,6,0,85,57,787,13.81,3,2,2,3,,,-58.5,127,KirkCh01
P1558,2023,115,Dalton Kincaid,TE,11,BUF,24,16,11,0,0,150.3,0,0,0,0,0,0,0,,0,91,73,673,9.22,2,1,1,2,,,-0.2,71,KincDa00
P1559,2023,116,Jaxon Smith-Njigba,WR,48,SEA,21,17,3,0,0,149.8,0,0,0,0,0,0,0,,0,93,63,628,9.97,4,0,0,4,,,-59.0,128,SmitJa06
P1047,2023,117,Kirk Cousins,QB,24,MIN,35,8,8,0,0,149.7,216,311,2331,18,5,14,25,1.79,0,0,0,0,,0,7,4,0,,,-124.4,200,CousKi00
P1392,2023,118,Joe Burrow,QB,25,CIN,27,10,10,0,0,147.2,244,365,2309,15,6,31,88,2.84,0,0,0,0,,0,2,1,0,,,-126.9,203,BurrJo01
P1318,2023,119,Kyler Murray,QB,26,ARI,26,8,8,0,0,146.4,176,268,1799,10,5,44,244,5.55,3,0,0,0,,0,7,0,3,,1,-127.7,204,MurrKy00
P1458,2023,120,Rhamondre Stevenson,RB,35,NWE,25,12,12,0,0,145.7,0,0,0,0,0,156,619,3.97,4,51,38,238,6.26,0,1,1,4,,,-53.6,124,StevRh00
P1159,2023,121,Tyler Boyd,WR,49,CIN,29,17,13,0,0,144.8,0,1,0,0,1,2,11,5.5,0,98,67,667,9.96,2,0,0,2,,,-64.0,130,BoydTy00
P1560,2023,122,Jake Browning,QB,27,CIN,27,9,7,0,0,144.4,171,243,1936,12,7,27,127,4.7,3,1,1,-7,-7,0,3,0,3,,1,-129.7,208,BrowJa08
P1345,2023,123,Taysom Hill,TE,12,NOR,33,16,7,0,0,143.5,6,11,83,1,0,81,401,4.95,4,40,33,291,8.82,2,1,1,6,,,-7.0,79,HillTa00
P1396,2023,124,Jerry Jeudy,WR,50,DEN,24,16,11,0,0,141.8,0,0,0,0,0,0,0,,0,87,54,758,14.04,2,1,0,2,,,-67.0,133,JeudJe00
P1386,2023,125,Tee Higgins,WR,51,CIN,24,12,11,0,0,137.6,0,0,0,0,0,0,0,,0,76,42,656,15.62,5,0,0,5,,,-71.2,136,HiggTe00
P1493,2023,126,Tyler Allgeier,RB,36,ATL,23,17,3,0,0,137.6,0,0,0,0,0,186,683,3.67,4,23,18,193,10.72,1,0,0,5,1,,-61.7,129,AllgTy00
P1439,2023,127,Kyle Pitts,TE,13,ATL,23,17,15,0,0,137.3,0,0,0,0,0,1,-4,-4,0,90,53,667,12.58,3,0,0,3,,,-13.2,84,PittKy00
P1291,2023,128,Dallas Goedert,TE,14,PHI,28,14,14,0,0,136.3,0,0,0,0,0,1,1,1,0,83,59,592,10.03,3,0,0,3,,,-14.2,86,GoedDa00
P1281,2023,129,Mark Andrews,TE,15,BAL,28,10,9,0,0,135.4,0,0,0,0,0,1,0,0,0,61,45,544,12.09,6,1,0,6,,,-15.1,87,AndrMa00
P1233,2023,130,Aaron Jones,RB,37,GNB,29,11,11,0,0,134.9,0,0,0,0,0,142,656,4.62,2,43,30,233,7.77,1,2,1,3,,,-64.4,131,JoneAa00
P1336,2023,131,Marquise Brown,WR,52,ARI,26,14,14,0,0,134.7,0,0,0,0,0,2,23,11.5,0,101,51,574,11.25,4,0,0,4,,,-74.1,141,BrowMa04
P1365,2023,132,Alexander Mattison,RB,38,MIN,25,16,13,0,0,133.2,0,0,0,0,0,180,700,3.89,0,44,30,192,6.4,3,3,2,3,,,-66.1,132,MattAl01
P1561,2023,133,Wan'Dale Robinson,WR,53,NYG,22,15,8,0,0,133.2,0,0,0,0,0,9,87,9.67,1,78,60,525,8.75,1,0,0,2,,,-75.6,143,RobiWa01
P1450,2023,134,Elijah Moore,WR,54,CLE,23,17,12,0,0,132.1,0,0,0,0,0,9,11,1.22,0,104,59,640,10.85,2,2,2,2,,,-76.7,144,MoorEl00
P1287,2023,135,Josh Reynolds,WR,55,DET,28,17,13,0,0,128.8,0,0,0,0,0,0,0,,0,64,40,608,15.2,5,1,1,5,,,-80.0,152,ReynJo00
P1385,2023,136,Antonio Gibson,RB,39,WAS,25,16,2,0,0,127.4,0,0,0,0,0,65,265,4.08,1,59,48,389,8.1,2,4,2,3,,,-71.9,137,GibsAn00
P1389,2023,137,Logan Thomas,TE,16,WAS,32,16,15,0,0,126.8,0,0,0,0,0,1,2,2,0,78,55,496,9.02,4,2,2,4,1,,-23.7,94,ThomLo00
P1562,2023,138,Aidan O'Connell,QB,28,LVR,25,11,10,0,0,125.8,213,343,2218,12,7,17,11,0.65,1,0,0,0,,0,4,2,1,,,-148.3,227,OConAi00
P1500,2023,139,Jahan Dotson,WR,56,WAS,23,17,16,0,0,124.8,0,0,0,0,0,0,0,,0,83,49,518,10.57,4,0,0,4,,,-84.0,155,DotsJa00
P1312,2023,140,Jonnu Smith,TE,17,ATL,28,17,6,0,0,124.2,0,1,0,0,0,1,0,0,0,70,50,582,11.64,3,1,1,3,,,-26.3,96,SmitJo01
P1449,2023,141,Tyler Conklin,TE,18,NYJ,28,17,12,0,0,123.1,0,0,0,0,0,1,0,0,0,87,61,621,10.18,0,0,0,0,,,-27.4,97,ConkTy00
P1213,2023,142,Samaje Perine,RB,40,DEN,28,17,1,0,0,121.3,0,0,0,0,0,53,238,4.49,1,56,50,455,9.1,0,3,2,1,,,-78.0,148,PeriSa00
P1442,2023,143,K.J. Osborn,WR,57,MIN,26,16,12,0,0,120.0,0,0,0,0,0,0,0,,0,75,48,540,11.25,3,1,0,3,,,-88.8,159,OsboKJ00
P1155,2023,144,Hunter Henry,TE,19,NWE,29,14,10,0,0,119.9,0,0,0,0,0,0,0,,0,61,42,419,9.98,6,1,0,6,,,-30.6,99,HenrHu00
P1445,2023,145,Zach Wilson,QB,29,NYJ,24,12,11,0,0,119.9,221,368,2271,8,7,36,211,5.86,0,0,0,0,,0,11,7,0,1,1,-154.2,235,WilsZa00
P1563,2023,146,Dontayvion Wicks,WR,58,GNB,22,15,6,0,0,119.8,1,1,14,0,0,1,1,1,0,58,39,581,14.9,4,3,1,4,,,-89.0,160,WickDo00
P1192,2023,147,Kareem Hunt,RB,41,CLE,28,15,2,0,0,118.5,0,0,0,0,0,135,411,3.04,9,21,15,84,5.6,0,0,0,9,,,-80.8,153,HuntKa00
P1437,2023,148,AJ Dillon,RB,42,GNB,25,15,6,0,0,117.6,0,0,0,0,0,178,613,3.44,2,28,22,223,10.14,0,0,0,2,,,-81.7,154,DillAJ00
P1514,2023,149,Cade Otton,TE,20,TAM,24,17,17,0,0,116.5,0,0,0,0,0,0,0,,0,67,47,455,9.68,4,1,1,4,1,,-34.0,103,OttoCa00
P1320,2023,150,DJ Chark,WR,59,CAR,27,15,11,0,0,115.5,0,0,0,0,0,0,0,,0,66,35,525,15,5,2,1,5,,,-93.3,165,CharDJ00
P1564,2023,151,Michael Wilson,WR,60,ARI,23,13,12,0,0,114.5,0,0,0,0,0,0,0,,0,58,38,565,14.87,3,0,0,3,1,,-94.3,167,WilsMi02
P1511,2023,152,Chig Okonkwo,TE,21,TEN,24,17,11,0,0,113.4,0,0,0,0,0,2,6,3,0,77,54,528,9.78,1,0,0,1,,,-37.1,107,OkonCh00
P1321,2023,153,Darren Waller,TE,22,NYG,31,12,11,0,0,113.2,0,0,0,0,0,0,0,,0,74,52,552,10.62,1,0,0,1,,,-37.3,108,WallDa01
P1565,2023,154,Khalil Shakir,WR,61,BUF,23,17,10,0,0,113.1,0,0,0,0,0,1,10,10,0,45,39,611,15.67,2,1,0,2,,,-95.7,168,ShakKh00
P1476,2023,155,Khalil Herbert,RB,43,CHI,25,12,9,0,0,112.5,0,0,0,0,0,132,611,4.63,2,31,20,134,6.7,1,1,1,3,1,,-86.8,157,HerbKh00
P1531,2023,156,Tutu Atwell,WR,62,LAR,24,16,14,0,0,112.4,0,0,0,0,0,5,31,6.2,0,67,39,483,12.38,3,0,0,3,1,1,-96.4,169,AtweTu00
P1295,2023,157,Gerald Everett,TE,23,LAC,29,15,12,0,0,111.1,0,0,0,0,0,3,10,3.33,0,70,51,411,8.06,3,3,0,3,,,-39.4,109,EverGe00
P1495,2023,158,Kenny Pickett,QB,30,PIT,25,12,12,0,0,110.2,201,324,2070,6,4,42,54,1.29,1,0,0,0,,0,2,0,1,,,-163.9,236,PickKe00
P1566,2023,159,Justice Hill,RB,44,BAL,26,16,5,0,0,109.3,0,0,0,0,0,84,387,4.61,3,39,28,206,7.36,1,1,1,4,,,-90.0,161,HillJu00
P1249,2023,160,Tyler Higbee,TE,24,LAR,30,15,15,0,0,108.5,0,0,0,0,0,0,0,,0,70,47,495,10.53,2,0,0,2,,,-42.0,111,HigbTy00
P1007,2023,161,Odell Beckham Jr.,WR,63,BAL,31,14,6,0,0,107.5,0,0,0,0,0,0,0,,0,64,35,565,16.14,3,1,1,3,,,-101.3,173,BeckOd00
P1567,2023,162,DeMario Douglas,WR,64,NWE,23,14,7,0,0,107.2,0,0,0,0,0,8,41,5.13,0,79,49,561,11.45,0,3,1,0,,,-101.6,174,DougDe00
P1467,2023,163,Josh Palmer,WR,65,LAC,24,10,6,0,0,106.7,0,0,0,0,0,1,6,6,0,61,38,581,15.29,2,1,1,2,,,-102.1,176,PalmJo00
P1433,2023,164,Mac Jones,QB,31,NWE,25,11,11,0,0,106.4,224,345,2120,10,12,26,96,3.69,0,0,0,0,,0,3,2,0,,,-167.7,237,JoneMa05
P1568,2023,165,Zach Charbonnet,RB,45,SEA,22,16,2,0,0,106.1,0,0,0,0,0,108,462,4.28,1,40,33,209,6.33,0,0,0,1,,,-93.2,164,CharZa00
P1569,2023,166,Jaleel McLaughlin,RB,46,DEN,23,17,3,0,0,106.0,0,0,0,0,0,76,410,5.39,1,36,31,160,5.16,2,0,0,3,,,-93.3,166,McLaJa00
P1462,2023,167,Rondale Moore,WR,66,ARI,23,17,8,0,0,105.0,0,0,0,0,0,28,178,6.36,1,62,40,352,8.8,1,1,0,2,,,-103.8,177,MoorRo02
P1570,2023,168,Roschon Johnson,RB,47,CHI,22,15,0,0,0,102.1,0,0,0,0,0,81,352,4.35,2,40,34,209,6.15,0,1,0,2,,,-97.2,171,JohnRo07
P1571,2023,169,Will Levis,QB,32,TEN,24,9,9,0,0,102.0,149,255,1808,8,4,25,57,2.28,1,0,0,0,,0,7,4,1,,1,-172.1,238,LeviWi00
P1502,2023,170,Noah Brown,WR,67,HOU,27,10,7,0,0,101.6,0,0,0,0,0,1,-1,-1,0,55,33,567,17.18,2,0,0,2,,,-107.2,178,BrowNo00
P1492,2023,171,Christian Watson,WR,68,GNB,24,9,9,0,0,101.3,0,0,0,0,0,4,11,2.75,0,53,28,422,15.07,5,0,0,5,,,-107.5,179,WatsCh00
P1515,2023,172,Isaiah Likely,TE,25,BAL,23,17,8,0,0,101.1,0,0,0,0,0,0,0,,0,40,30,411,13.7,5,0,0,5,,,-49.4,119,LikeIs00
P1572,2023,173,Ty Chandler,RB,48,MIN,25,17,4,0,0,101.0,0,0,0,0,0,102,461,4.52,3,25,21,159,7.57,0,0,0,3,,,-98.3,172,ChanTy01
P0681,2023,174,Joe Flacco,QB,33,CLE,38,5,5,0,0,100.8,123,204,1616,13,8,9,2,0.22,0,0,0,0,,0,4,1,0,,1,-173.3,239,FlacJo00
P1277,2023,175,Kendrick Bourne,WR,69,NWE,28,8,5,0,0,100.0,0,0,0,0,0,1,4,4,0,55,37,406,10.97,4,1,1,4,,,-108.8,182,BourKe00
P1499,2023,176,Juwan Johnson,TE,26,NOR,27,13,11,0,0,97.8,0,0,0,0,0,0,0,,0,59,37,368,9.95,4,0,0,4,,,-52.7,122,JohnJu02
P1452,2023,177,Kalif Raymond,WR,70,DET,29,17,3,0,0,97.4,0,0,0,0,0,7,75,10.71,0,44,35,489,13.97,1,1,0,1,,,-111.4,183,RaymKa00
P1455,2023,178,Kenneth Gainwell,RB,49,PHI,24,16,2,0,0,97.4,1,1,17,0,0,84,364,4.33,2,37,30,183,6.1,0,3,1,2,1,,-101.9,175,GainKe00
P1174,2023,179,Nelson Agholor,WR,71,BAL,30,17,3,0,0,97.1,0,0,0,0,0,0,0,,0,45,35,381,10.89,4,1,0,4,,,-111.7,185,AghoNe00
P1573,2023,180,Trey Palmer,WR,72,TAM,22,17,8,0,0,95.7,0,0,0,0,0,3,22,7.33,0,68,39,385,9.87,3,3,1,3,,,-113.1,186,PalmTr00
P1505,2023,181,Alec Pierce,WR,73,IND,23,17,16,0,0,95.4,0,0,0,0,0,0,0,,0,65,32,514,16.06,2,0,0,2,,,-113.4,187,PierAl00
P1574,2023,182,Quentin Johnston,WR,74,LAC,22,17,10,0,0,94.0,0,0,0,0,0,3,9,3,0,67,38,431,11.34,2,0,0,2,,,-114.8,188,JohnQu02
P1575,2023,183,Tommy DeVito,QB,34,NYG,25,9,6,0,0,93.5,114,178,1101,8,3,36,195,5.42,1,0,0,0,,0,2,1,1,,,-180.6,240,DeViTo00
P1576,2023,184,Rico Dowdle,RB,50,DAL,25,16,0,0,0,91.5,0,0,0,0,0,89,361,4.06,2,22,17,144,8.47,2,0,0,4,,,-107.8,180,DowdRi01
P1466,2023,185,D'Onta Foreman,RB,51,CHI,27,9,8,0,0,91.2,0,0,0,0,0,109,425,3.9,4,16,11,77,7,1,1,0,5,,,-108.1,181,ForeDO00
P1135,2023,186,Michael Thomas,WR,75,NOR,30,10,7,0,0,89.8,0,0,0,0,0,0,0,,0,64,39,448,11.49,1,0,0,1,,,-119.0,193,ThomMi05
P0975,2023,187,Robert Woods,WR,76,HOU,31,14,11,0,0,89.3,0,0,0,0,0,1,7,7,0,75,40,426,10.65,1,0,0,1,,,-119.5,194,WoodRo02
P1577,2023,188,Justin Watson,WR,77,KAN,27,16,8,0,0,89.0,0,0,0,0,0,0,0,,0,53,27,460,17.04,3,1,1,3,,,-119.8,195,WatsJu01
P1290,2023,189,Michael Gallup,WR,78,DAL,27,17,13,0,0,87.8,0,0,0,0,0,0,0,,0,57,34,418,12.29,2,0,0,2,,,-121.0,196,GallMi00
P1322,2023,190,Miles Sanders,RB,52,CAR,26,16,5,0,0,87.6,0,0,0,0,0,129,432,3.35,1,41,27,154,5.7,0,2,2,1,,,-111.7,184,SandMi01
P1301,2023,191,Demarcus Robinson,WR,79,LAR,29,16,4,0,0,87.4,0,0,0,0,0,1,23,23,0,39,26,371,14.27,4,2,1,4,,,-121.4,197,RobiDe01
P1077,2023,192,Tyrod Taylor,QB,35,NYG,34,11,5,0,0,87.3,116,180,1341,5,3,38,197,5.18,0,0,0,0,,0,4,0,0,,,-186.8,241,TaylTy00
P1202,2023,193,Deshaun Watson,QB,36,CLE,28,6,6,0,0,86.8,105,171,1115,7,4,26,142,5.46,1,0,0,0,,0,5,2,1,3,,-187.3,242,WatsDe00
P1463,2023,194,Nick Westbrook-Ikhine,WR,80,TEN,26,14,9,0,0,85.0,0,0,0,0,0,0,0,,0,45,28,370,13.21,3,0,0,3,1,,-123.8,198,WestNi00
P1578,2023,195,Jonathan Mingo,WR,81,CAR,22,15,14,0,0,84.8,0,0,0,0,0,0,0,,0,85,43,418,9.72,0,1,0,0,,,-124.0,199,MingJo00
P1044,2023,196,Jerick McKinnon,RB,53,KAN,31,12,0,0,0,84.4,1,1,4,1,0,21,60,2.86,1,32,25,192,7.68,4,0,0,5,,,-114.9,189,McKiJe00
P1052,2023,197,Latavius Murray,RB,54,BUF,33,16,4,0,0,82.9,0,0,0,0,0,79,300,3.8,4,22,17,119,7,0,1,0,4,,,-116.4,190,MurrLa00
P1491,2023,198,Dameon Pierce,RB,55,HOU,23,14,7,0,0,82.7,0,0,0,0,0,145,416,2.87,2,17,13,101,7.77,0,0,0,3,,,-116.6,191,PierDa01
P1579,2023,199,Jameson Williams,WR,82,DET,22,12,10,0,0,80.3,0,0,0,0,0,3,29,9.67,1,42,24,354,14.75,2,1,0,3,,,-128.5,205,WillJa11
P1580,2023,200,Tanner Hudson,TE,27,CIN,29,12,1,0,0,80.2,0,0,0,0,0,0,0,,0,50,39,352,9.03,1,0,0,1,,,-70.3,134,HudsTa00
P0901,2023,201,Ryan Tannehill,QB,37,TEN,35,10,8,0,0,80.0,149,230,1616,4,7,17,74,4.35,1,1,0,0,,0,4,0,1,,,-194.1,243,TannRy00
P1581,2023,202,Donald Parham,TE,28,LAC,26,14,8,0,0,79.5,0,0,0,0,0,0,0,,0,41,27,285,10.56,4,0,0,4,,,-71.0,135,ParhDo00
P1398,2023,203,Darnell Mooney,WR,83,CHI,26,15,14,0,0,78.9,0,0,0,0,0,2,5,2.5,0,61,31,414,13.35,1,0,0,1,,,-129.9,209,MoonDa00
P1582,2023,204,Tucker Kraft,TE,29,GNB,23,17,8,0,0,78.5,0,0,0,0,0,0,0,,0,40,31,355,11.45,2,0,0,2,,,-72.0,138,KrafTu00
P1238,2023,205,Zay Jones,WR,84,JAX,28,9,7,0,0,78.1,0,0,0,0,0,0,0,,0,64,34,321,9.44,2,0,0,2,,,-130.7,210,JoneZa00
P1447,2023,206,Pat Freiermuth,TE,30,PIT,25,12,9,0,0,76.8,0,0,0,0,0,0,0,,0,47,32,308,9.63,2,0,0,2,1,,-73.7,140,FreiPa00
P1465,2023,207,Rashod Bateman,WR,85,BAL,24,16,12,0,0,76.5,0,0,0,0,0,1,18,18,0,56,32,367,11.47,1,0,0,1,,,-132.3,211,BateRa00
P1583,2023,208,Luke Musgrave,TE,31,GNB,23,11,9,0,0,75.2,0,0,0,0,0,0,0,,0,46,34,352,10.35,1,0,0,1,,,-75.3,142,MusgLu00
P1584,2023,209,Zamir White,RB,56,LVR,24,17,4,0,0,73.9,0,0,0,0,0,104,451,4.34,1,19,15,98,6.53,0,1,1,1,,,-125.4,201,WhitZa01
P1585,2023,210,Brandon Johnson,WR,86,DEN,25,13,2,0,0,73.4,0,0,0,0,0,0,0,,0,30,19,284,14.95,4,0,0,4,1,,-135.4,212,JohnBr23
P1341,2023,211,Noah Fant,TE,32,SEA,26,17,17,0,0,73.4,0,0,0,0,0,0,0,,0,43,32,414,12.94,0,0,0,0,,,-77.1,145,FantNo00
P1586,2023,212,Emari Demercado,RB,57,ARI,24,14,2,0,0,73.3,0,0,0,0,0,58,284,4.9,2,30,21,119,5.67,0,0,0,2,,,-126.0,202,DemeEm00
P1535,2023,213,Kylen Granson,TE,33,IND,25,15,7,0,0,73.0,0,0,0,0,0,1,2,2,0,50,30,368,12.27,1,0,0,1,,,-77.5,146,GranKy00
P1587,2023,214,Anthony Richardson,QB,38,IND,21,4,4,0,0,72.7,50,84,577,3,1,25,136,5.44,4,0,0,0,,0,3,1,4,,2,-201.4,244,RichAn03
P1113,2023,215,DeVante Parker,WR,87,NWE,30,13,13,0,0,72.4,0,0,0,0,0,0,0,,0,55,33,394,11.94,0,0,0,0,,,-136.4,213,ParkDe01
P1588,2023,216,Tre Tucker,WR,88,LVR,22,16,1,0,0,71.8,0,0,0,0,0,10,77,7.7,0,34,19,331,17.42,2,0,0,2,,,-137.0,214,TuckTr00
P1482,2023,217,Durham Smythe,TE,34,MIA,28,16,14,0,0,71.6,0,0,0,0,0,0,0,,0,43,35,366,10.46,0,0,0,0,,,-78.9,149,SmytDu00
P1589,2023,218,Michael Mayer,TE,35,LVR,22,14,12,0,0,71.4,0,0,0,0,0,0,0,,0,40,27,304,11.26,2,0,0,2,1,,-79.1,150,MayeMi00
P1590,2023,219,Marvin Mims,WR,89,DEN,21,16,7,1,0,70.7,0,0,0,0,0,9,30,3.33,0,33,22,377,17.14,1,2,2,2,,,-138.1,216,MimsMa00
P1525,2023,220,Noah Gray,TE,36,KAN,24,17,10,0,0,70.6,0,0,0,0,0,1,1,1,0,41,28,305,10.89,2,0,0,2,,,-79.9,151,GrayNo00
P1391,2023,221,Clyde Edwards-Helaire,RB,58,KAN,24,15,3,0,0,70.1,0,0,0,0,0,70,223,3.19,1,22,17,188,11.06,1,0,0,2,,,-129.2,206,EdwaCl00
P1591,2023,222,Keaton Mitchell,RB,59,BAL,21,8,2,0,0,69.9,0,0,0,0,0,47,396,8.43,2,11,9,93,10.33,0,0,0,2,,,-129.4,207,MitcKe01
P1448,2023,223,Cedrick Wilson Jr.,WR,90,MIA,28,15,3,0,0,69.6,0,0,0,0,0,0,0,,0,38,22,296,13.45,3,0,0,3,,,-139.2,218,WilsCe01
P1592,2023,224,Bailey Zappe,QB,39,NWE,24,10,6,0,0,69.2,127,212,1272,6,9,17,83,4.88,1,0,0,0,,0,2,1,1,,,-204.9,245,ZappBa00
P1243,2023,225,Chris Moore,WR,91,TEN,30,17,5,0,0,68.3,0,0,0,0,0,2,39,19.5,0,35,22,424,19.27,0,1,0,0,,,-140.5,219,MoorCh00
P1593,2023,226,Easton Stick,QB,40,LAC,28,5,4,0,0,67.6,111,174,1129,3,1,27,144,5.33,1,0,0,0,,0,5,4,1,,,-206.5,246,SticEa00
P1594,2023,227,Brandon Powell,WR,92,MIN,28,17,2,0,0,67.1,0,0,0,0,0,5,17,3.4,0,44,29,324,11.17,1,1,1,1,,,-141.7,221,PoweBr00
P1274,2023,228,Nick Mullens,QB,41,MIN,28,5,3,0,0,66.7,100,148,1306,7,8,10,25,2.5,0,0,0,0,,0,2,0,0,,,-207.4,247,MullNi00
P1434,2023,229,Taylor Heinicke,QB,42,ATL,30,5,4,0,0,66.0,74,136,890,5,4,15,124,8.27,1,0,0,0,,0,1,0,1,,,-208.1,248,HeinTa00
P1337,2023,230,Mike Gesicki,TE,37,NWE,28,17,10,0,0,65.4,0,0,0,0,0,0,0,,0,45,29,244,8.41,2,0,0,2,,,-85.1,156,GesiMi00
P1503,2023,231,Greg Dortch,WR,93,ARI,25,16,4,0,0,64.5,0,0,0,0,0,1,5,5,0,41,24,280,11.67,2,0,0,2,,,-144.3,222,DortGr01
P1230,2023,232,Jimmy Garoppolo,QB,43,LVR,32,7,6,0,0,64.1,110,169,1205,7,9,20,39,1.95,0,0,0,0,,0,1,0,0,,1,-210.0,249,GaroJi00
P1530,2023,233,Trenton Irwin,WR,94,CIN,28,16,5,0,0,62.6,0,0,0,0,0,0,0,,0,32,25,316,12.64,1,2,0,1,,,-146.2,223,IrwiTr00
P1032,2023,234,Allen Robinson,WR,95,PIT,30,17,17,0,0,62.0,0,0,0,0,0,0,0,,0,49,34,280,8.24,0,0,0,0,,,-146.8,224,RobiAl02
P1526,2023,235,Colby Parkinson,TE,38,SEA,24,17,1,0,0,61.7,0,0,0,0,0,0,0,,0,34,25,247,9.88,2,0,0,2,,,-88.8,158,ParkCo02
P1420,2023,236,Joshua Kelley,RB,60,LAC,26,17,3,0,0,61.7,0,0,0,0,0,107,405,3.79,2,12,8,32,4,0,1,1,2,,,-137.6,215,KellJo01
P1197,2023,237,JuJu Smith-Schuster,WR,96,NWE,27,11,7,0,0,61.0,0,0,0,0,0,0,0,,0,47,29,260,8.97,1,0,0,1,,,-147.8,225,SmitJu00
P1204,2023,238,Jamaal Williams,RB,61,NOR,28,13,4,0,0,60.8,0,0,0,0,0,106,306,2.89,1,20,18,62,3.44,0,1,0,1,,,-138.5,217,WillJa06
P1595,2023,239,A.T. Perry,WR,97,NOR,24,10,3,0,0,60.6,0,0,0,0,0,0,0,,0,18,12,246,20.5,4,0,0,4,,,-148.2,226,PerrAT00
P1596,2023,240,Adam Trautman,TE,39,DEN,26,17,12,0,0,60.4,0,0,0,0,0,0,0,,0,35,22,204,9.27,3,0,0,3,,,-90.1,162,TrauAd00
P1597,2023,241,Tommy Tremble,TE,40,CAR,23,16,8,0,0,60.4,0,0,0,0,0,0,0,,0,32,23,194,8.43,3,0,0,3,,,-90.1,163,TremTo00
P1598,2023,242,Jalin Hyatt,WR,98,NYG,22,17,7,0,0,60.3,0,0,0,0,0,0,0,,0,40,23,373,16.22,0,1,0,0,,,-148.5,228,HyatJa00
P1344,2023,243,Allen Lazard,WR,99,NYJ,28,14,12,0,0,60.1,0,0,0,0,0,0,0,,0,49,23,311,13.52,1,0,0,1,,,-148.7,229,LazaAl00
P1510,2023,244,Isaiah Hodgins,WR,100,NYG,25,17,9,0,0,60.0,0,0,0,0,0,0,0,,0,33,21,230,10.95,3,1,1,3,,,-148.8,230,HodgIs00
P1599,2023,245,KaVontae Turpin,WR,101,DAL,27,16,0,0,0,59.7,0,0,0,0,0,11,110,10,1,18,12,127,10.58,3,1,0,4,,,-149.1,231,TurpKa00
P1600,2023,246,Jalen Tolbert,WR,102,DAL,24,17,6,0,0,58.8,0,0,0,0,0,0,0,,0,36,22,268,12.18,2,1,1,2,,,-150.0,232,TolbJa00
P1444,2023,247,Michael Carter,RB,62,2TM,24,15,0,0,0,58.8,0,0,0,0,0,30,187,6.23,0,31,24,101,4.21,1,0,0,1,,,-140.5,220,CartMi03
P1601,2023,248,Xavier Gipson,WR,103,NYJ,22,17,3,0,0,58.7,0,0,0,0,0,8,68,8.5,1,38,21,229,10.9,0,5,2,2,,,-150.1,233,GipsXa00
P1410,2023,249,Braxton Berrios,WR,104,MIA,28,16,1,0,0,57.9,0,0,0,0,0,1,11,11,0,33,27,238,8.81,1,1,0,1,,,-150.9,234,BerrBr00
P1324,2023,250,Daniel Jones,QB,44,NYG,26,6,6,0,0,57.0,108,160,909,2,6,40,206,5.15,1,0,0,0,,0,4,1,1,,,-217.1,250,JoneDa05
P1265,2024,1,Lamar Jackson,QB,1,BAL,27,17,17,1,1,430.4,316,474,4172,41,4,139,915,6.58,4,0,0,0,,0,10,5,4,1,,133.2,6,JackLa00
P1429,2024,2,Ja'Marr Chase,WR,1,CIN,24,17,16,1,1,403.0,0,0,0,0,0,3,32,10.67,0,175,127,1708,13.45,17,0,0,17,,,203.8,1,ChasJa00
P1258,2024,3,Josh Allen,QB,2,BUF,28,17,17,1,0,379.0,307,483,3731,28,6,102,531,5.21,12,0,0,7,,1,5,2,13,,1,81.8,14,AlleJo02
P1392,2024,4,Joe Burrow,QB,3,CIN,28,17,17,1,0,372.8,460,652,4918,43,9,42,201,4.79,2,0,0,0,,0,11,5,2,,,75.6,16,BurrJo01
P1256,2024,5,Baker Mayfield,QB,4,TAM,29,17,17,1,0,365.8,407,570,4500,41,16,60,378,6.3,3,0,0,0,,0,13,2,3,,1,68.6,20,MayfBa00
P1543,2024,6,Jahmyr Gibbs,RB,1,DET,22,17,4,1,0,362.9,0,0,0,0,0,250,1412,5.65,16,63,52,517,9.94,4,1,1,20,,,163.3,2,GibbJa01
P1602,2024,7,Jayden Daniels,QB,5,WAS,24,17,17,1,0,355.8,331,480,3568,25,9,148,891,6.02,6,0,0,0,,0,5,0,6,1,2,58.6,26,DaniJa02
P1254,2024,8,Saquon Barkley,RB,2,PHI,27,16,16,1,1,355.3,0,0,0,0,0,345,2005,5.81,13,43,33,278,8.42,2,2,1,15,3,,155.7,3,BarkSa00
P1542,2024,9,Bijan Robinson,RB,3,ATL,22,17,17,1,0,341.7,0,0,0,0,0,304,1456,4.79,14,72,61,431,7.07,1,1,0,15,1,,142.1,4,RobiBi01
P1162,2024,10,Derrick Henry,RB,4,BAL,30,17,17,1,0,336.4,0,0,0,0,0,325,1921,5.91,16,22,19,193,10.16,2,3,1,18,,,136.8,5,HenrDe00
P1193,2024,11,Jared Goff,QB,6,DET,30,17,17,1,0,324.5,390,539,4629,37,12,35,56,1.6,0,1,1,7,7,1,6,0,1,,1,27.3,44,GoffJa00
P1380,2024,12,Justin Jefferson,WR,2,MIN,25,17,17,1,1,317.5,1,1,22,0,0,1,3,3,0,154,103,1533,14.88,10,1,0,10,,,118.3,7,JeffJu00
P1603,2024,13,Bo Nix,QB,7,DEN,24,17,17,0,0,317.2,376,567,3775,29,12,92,430,4.67,4,1,1,2,2,1,3,0,5,,,20.0,48,NixxBo00
P1432,2024,14,Amon-Ra St. Brown,WR,3,DET,25,17,17,1,1,316.2,1,1,7,1,0,2,6,3,0,141,115,1263,10.98,12,1,1,12,,,117.0,8,StxxAm00
P1405,2024,15,Jalen Hurts,QB,8,PHI,26,15,15,0,0,315.1,248,361,2903,18,5,150,630,4.2,14,0,0,0,,0,9,5,14,,,17.9,51,HurtJa00
P1263,2024,16,Sam Darnold,QB,9,MIN,27,17,17,1,0,308.0,361,545,4319,35,12,67,212,3.16,1,0,0,0,,0,8,4,1,,,10.8,60,DarnSa00
P1551,2024,17,De'Von Achane,RB,5,MIA,23,17,16,0,0,299.9,0,0,0,0,0,203,907,4.47,6,87,78,592,7.59,6,1,0,12,,,100.3,9,AchaDe00
P1318,2024,18,Kyler Murray,QB,10,ARI,27,17,17,0,0,297.2,372,541,3851,21,11,78,572,7.33,5,0,0,0,,0,8,4,5,1,,0.0,68,MurrKy00
P1326,2024,19,Josh Jacobs,RB,6,GNB,26,17,17,1,0,293.1,0,0,0,0,0,301,1329,4.42,15,43,36,342,9.5,1,4,3,16,,,93.5,11,JacoJo01
P1379,2024,20,Justin Herbert,QB,11,LAC,26,17,17,0,0,285.4,332,504,3870,23,3,69,306,4.43,2,0,0,0,,0,6,2,2,,3,-11.8,77,HerbJu00
P1604,2024,21,Brian Thomas,WR,4,JAX,22,17,16,1,0,284.0,0,0,0,0,0,6,48,8,0,133,87,1282,14.74,10,0,0,10,2,,84.8,13,ThomBr06
P1253,2024,22,Patrick Mahomes,QB,12,KAN,29,16,16,0,0,283.0,392,581,3928,26,11,58,307,5.29,2,1,1,2,2,0,2,0,2,,,-14.2,80,MahoPa00
P1489,2024,23,Drake London,WR,5,ATL,23,17,17,0,0,280.8,0,0,0,0,0,1,-3,-3,0,158,100,1271,12.71,9,0,0,9,,,81.6,15,LondDr00
P1605,2024,24,Malik Nabers,WR,6,NYG,21,15,13,1,0,273.6,0,1,0,0,0,5,2,0.4,0,170,109,1204,11.05,7,1,0,7,1,,74.4,17,NabeMa00
P1541,2024,25,Kyren Williams,RB,7,LAR,24,16,16,0,0,272.1,0,0,0,0,0,316,1299,4.11,14,40,34,182,5.35,2,5,3,16,,,72.5,19,WillKy02
P1325,2024,26,Terry McLaurin,WR,7,WAS,29,17,17,1,0,267.8,0,0,0,0,0,2,2,1,0,117,82,1096,13.37,13,1,1,13,,,68.6,21,McLaTe00
P1506,2024,27,Brock Purdy,QB,13,SFO,25,15,15,0,0,266.9,300,455,3864,20,12,66,323,4.89,5,0,0,0,,0,7,3,5,,,-30.3,95,PurdBr00
P1507,2024,28,James Cook,RB,8,BUF,25,16,16,1,0,266.7,0,0,0,0,0,207,1009,4.87,16,38,32,258,8.06,2,1,0,18,,,67.1,22,CookJa01
P0959,2024,29,Geno Smith,QB,14,SEA,34,17,17,0,0,266.0,407,578,4320,21,15,53,272,5.13,2,0,0,0,,0,9,0,2,,,-31.2,96,SmitGe00
P1191,2024,30,Alvin Kamara,RB,9,NOR,29,14,14,0,0,265.3,0,0,0,0,0,228,950,4.17,6,89,68,543,7.99,2,1,0,8,,,65.7,23,KamaAl00
P1383,2024,31,CeeDee Lamb,WR,8,DAL,25,15,15,1,0,263.4,0,0,0,0,0,14,70,5,0,152,101,1194,11.82,6,1,1,6,1,,64.2,24,LambCe00
P1606,2024,32,Brock Bowers,TE,1,LVR,22,17,16,1,1,262.7,0,0,0,0,0,5,13,2.6,0,153,112,1194,10.66,5,0,0,5,,,99.4,10,BoweBr01
P0671,2024,33,Aaron Rodgers,QB,15,NYJ,41,17,17,0,0,256.6,368,584,3897,28,11,22,107,4.86,0,0,0,0,,0,5,2,0,,2,-40.6,104,RodgAa00
P1607,2024,34,Chase Brown,RB,10,CIN,24,16,10,0,0,255.0,0,0,0,0,0,229,990,4.32,7,65,54,360,6.67,4,2,1,11,1,,55.4,27,BrowCh10
P1608,2024,35,Caleb Williams,QB,16,CHI,23,17,17,0,0,254.5,351,562,3541,20,6,81,489,6.04,0,0,0,0,,0,10,5,0,,3,-42.7,107,WillCa03
P1255,2024,36,James Conner,RB,11,ARI,29,16,16,0,0,253.8,0,0,0,0,0,236,1094,4.64,8,55,47,414,8.81,1,4,1,9,2,,54.2,28,ConnJa00
P1559,2024,37,Jaxon Smith-Njigba,WR,9,SEA,22,17,16,1,0,253.0,1,1,35,0,0,5,26,5.2,0,137,100,1130,11.3,6,1,0,6,,,53.8,29,SmitJa06
P1485,2024,38,Garrett Wilson,WR,10,NYJ,24,17,17,0,0,251.9,0,0,0,0,0,2,5,2.5,0,154,101,1104,10.93,7,2,2,7,1,,52.7,30,WilsGa00
P1534,2024,39,Trey McBride,TE,2,ARI,25,16,16,1,0,249.8,0,0,0,0,0,1,2,2,1,147,111,1146,10.32,2,0,0,4,,,86.5,12,McBrTr01
P1381,2024,40,Jonathan Taylor,RB,12,IND,25,14,13,1,0,244.7,0,0,0,0,0,303,1431,4.72,11,31,18,136,7.56,1,4,1,12,,,45.1,31,TaylJo02
P1609,2024,41,Bucky Irving,RB,13,TAM,22,17,3,0,0,244.4,0,0,0,0,0,207,1122,5.42,8,52,47,392,8.34,0,2,1,8,,,44.8,32,IrviBu00
P1233,2024,42,Aaron Jones,RB,14,MIN,30,17,17,0,0,241.6,0,0,0,0,0,255,1138,4.46,5,62,51,408,8,2,5,3,7,,,42.0,34,JoneAa00
P1451,2024,43,Chuba Hubbard,RB,15,CAR,25,15,15,0,0,241.6,0,0,0,0,0,250,1195,4.78,10,54,43,171,3.98,1,4,3,11,1,,42.0,35,HubbCh01
P1039,2024,44,Davante Adams,WR,11,2TM,32,14,14,0,0,241.3,0,0,0,0,0,0,0,,0,141,85,1063,12.51,8,0,0,8,1,,42.1,33,AdamDa01
P1501,2024,45,Breece Hall,RB,16,NYJ,23,16,16,0,0,240.9,0,0,0,0,0,209,876,4.19,5,76,57,483,8.47,3,6,2,8,2,,41.3,38,HallBr03
P1396,2024,46,Jerry Jeudy,WR,12,CLE,25,17,16,1,0,240.9,0,0,0,0,0,0,0,,0,145,90,1229,13.66,4,0,0,4,2,,41.7,36,JeudJe00
P1610,2024,47,Ladd McConkey,WR,13,LAC,23,16,14,0,0,240.9,0,0,0,0,0,0,0,,0,112,82,1149,14.01,7,2,0,7,1,,41.7,37,McCoLa00
P1206,2024,48,Joe Mixon,RB,17,HOU,28,14,14,1,0,240.5,0,1,0,0,0,245,1016,4.15,11,52,36,309,8.58,1,0,0,12,,,40.9,41,MixoJo00
P1008,2024,49,Mike Evans,WR,14,TAM,31,14,14,1,0,240.4,0,0,0,0,0,0,0,,0,110,74,1004,13.57,11,0,0,11,,,41.2,39,EvanMi00
P1271,2024,50,Courtland Sutton,WR,15,DEN,29,17,13,0,0,240.3,2,2,30,1,0,0,0,,0,135,81,1081,13.35,8,1,1,8,,,41.1,40,SuttCo00
P1266,2024,51,D.J. Moore,WR,16,CHI,27,17,17,0,0,238.1,0,1,0,0,0,14,75,5.36,0,140,98,966,9.86,6,1,1,6,1,,38.9,42,MoorD.00
P1215,2024,52,George Kittle,TE,3,SFO,31,15,15,1,0,236.6,0,0,0,0,0,0,0,,0,94,78,1106,14.18,8,0,0,8,,,73.3,18,KittGe00
P1537,2024,53,Jordan Love,QB,17,GNB,26,15,15,0,0,233.9,268,425,3389,25,11,25,83,3.32,1,0,0,0,,0,4,0,1,,3,-63.3,132,LoveJo03
P1312,2024,54,Jonnu Smith,TE,4,MIA,29,17,6,1,0,222.3,0,0,0,0,0,2,-1,-0.5,0,111,88,884,10.05,8,2,1,8,,,59.0,25,SmitJo01
P1386,2024,55,Tee Higgins,WR,17,CIN,25,12,9,0,0,222.1,0,0,0,0,0,0,0,,0,109,73,911,12.48,10,1,1,10,,,22.9,46,HiggTe00
P1330,2024,56,David Montgomery,RB,18,DET,27,14,14,0,0,221.7,1,1,3,1,0,185,775,4.19,12,38,36,341,9.47,0,2,1,12,,,22.1,47,MontDa01
P1539,2024,57,C.J. Stroud,QB,18,HOU,23,17,17,0,0,220.4,336,532,3727,20,12,52,233,4.48,0,1,0,0,,0,6,4,0,,,-76.8,153,StroCJ00
P1137,2024,58,Tyreek Hill,WR,18,MIA,30,17,17,0,0,218.2,0,0,0,0,0,8,53,6.63,0,123,81,959,11.84,6,0,0,6,,,19.0,49,HillTy00
P1373,2024,59,Jakobi Meyers,WR,19,LVR,28,15,15,0,0,218.0,0,0,0,0,0,2,23,11.5,0,129,87,1027,11.8,4,0,0,4,1,,18.8,50,MeyeJa01
P1323,2024,60,A.J. Brown,WR,20,PHI,27,13,13,0,0,216.9,0,0,0,0,0,0,0,,0,97,67,1079,16.1,7,0,0,7,,,17.7,52,BrowAJ00
P0745,2024,61,Matthew Stafford,QB,19,LAR,36,16,16,0,0,214.6,340,517,3762,20,8,30,41,1.37,0,0,0,0,,0,6,2,0,,,-82.6,161,StafMa00
P1387,2024,62,D'Andre Swift,RB,19,CHI,25,17,17,0,0,214.5,0,0,0,0,0,253,959,3.79,6,52,42,386,9.19,0,2,0,6,1,,14.9,53,SwifDA00
P1545,2024,63,Jordan Addison,WR,21,MIN,22,15,15,0,0,212.5,0,0,0,0,0,3,20,6.67,1,99,63,875,13.89,9,0,0,10,,,13.3,55,AddiJo00
P1579,2024,64,Jameson Williams,WR,22,DET,23,15,11,0,0,212.2,0,0,0,0,0,11,61,5.55,1,91,58,1001,17.26,7,0,0,8,,,13.0,56,WillJa11
P1471,2024,65,Nico Collins,WR,23,HOU,25,12,12,1,0,210.6,0,0,0,0,0,0,0,,0,99,68,1006,14.79,7,0,0,7,,,11.4,57,CollNi00
P1475,2024,66,Jauan Jennings,WR,24,SFO,27,15,10,0,0,210.5,0,0,0,0,0,0,0,,0,113,77,975,12.66,6,1,0,6,,,11.3,58,JennJa00
P1549,2024,67,Zay Flowers,WR,25,BAL,24,17,15,1,0,209.5,0,0,0,0,0,9,56,6.22,0,116,74,1059,14.31,4,0,0,4,,,10.3,61,FlowZa00
P1538,2024,68,Puka Nacua,WR,26,LAR,23,11,11,0,0,206.6,0,0,0,0,0,11,46,4.18,1,106,79,990,12.53,3,0,0,4,,,7.4,62,NacuPu00
P1430,2024,69,Najee Harris,RB,20,PIT,26,17,17,0,0,204.6,0,0,0,0,0,263,1043,3.97,6,48,36,283,7.86,0,0,0,6,,,5.0,63,HarrNa00
P1353,2024,70,Tony Pollard,RB,21,TEN,27,16,16,0,0,200.7,0,0,0,0,0,260,1079,4.15,5,57,41,238,5.8,0,2,2,5,1,,1.1,65,PollTo00
P1497,2024,71,Rachaad White,RB,22,TAM,25,16,15,0,0,199.6,0,0,0,0,0,144,613,4.26,3,57,51,393,7.71,6,3,3,9,,,0.0,69,WhitRa01
P1438,2024,72,DeVonta Smith,WR,27,PHI,26,13,13,0,0,199.4,0,0,0,0,0,1,1,1,0,89,68,833,12.25,8,0,0,8,,,0.2,66,SmitDe07
P1259,2024,73,Calvin Ridley,WR,28,TEN,30,17,14,0,0,199.2,0,0,0,0,0,8,55,6.88,1,120,64,1017,15.89,4,1,1,5,,,0.0,67,RidlCa00
P1576,2024,74,Rico Dowdle,RB,23,DAL,26,16,15,0,0,197.8,0,0,0,0,0,235,1079,4.59,2,49,39,249,6.38,3,3,2,5,,,-1.8,71,DowdRi01
P1546,2024,75,Jayden Reed,WR,29,GNB,24,17,10,0,0,197.0,0,0,0,0,0,20,163,8.15,1,75,55,857,15.58,6,3,1,7,,,-2.2,72,ReedJa03
P1611,2024,76,Marvin Harrison Jr.,WR,30,ARI,22,17,16,0,0,196.5,0,0,0,0,0,0,0,,0,116,62,885,14.27,8,1,1,8,,,-2.7,73,HarrMa09
P1016,2024,77,Travis Kelce,TE,5,KAN,35,16,16,1,0,195.4,0,0,0,0,0,1,1,1,0,133,97,823,8.48,3,2,1,3,,,32.1,43,KelcTr00
P1556,2024,78,Bryce Young,QB,20,CAR,23,14,12,0,0,195.0,234,384,2403,15,9,43,249,5.79,6,0,0,0,,0,5,2,6,,,-102.2,183,YounBr01
P1398,2024,79,Darnell Mooney,WR,31,ATL,27,16,16,0,0,193.2,0,1,0,0,0,0,0,,0,106,64,992,15.5,5,0,0,5,,,-6.0,74,MoonDa00
P1393,2024,80,J.K. Dobbins,RB,24,LAC,26,13,11,0,0,191.8,0,0,0,0,0,195,905,4.64,9,38,32,153,4.78,0,0,0,9,,,-7.8,75,DobbJK00
P1328,2024,81,D.K. Metcalf,WR,32,SEA,27,15,12,0,0,191.2,0,0,0,0,0,0,0,,0,108,66,992,15.03,5,2,2,5,,,-8.0,76,MetcDK00
P1281,2024,82,Mark Andrews,TE,6,BAL,29,17,13,0,0,188.8,0,0,0,0,0,4,5,1.25,0,69,55,673,12.24,11,0,0,11,,,25.5,45,AndrMa00
P1612,2024,83,Xavier Worthy,WR,33,KAN,21,17,13,0,0,187.2,0,0,0,0,0,20,104,5.2,3,98,59,638,10.81,6,0,0,9,,,-12.0,78,WortXa00
P1568,2024,84,Zach Charbonnet,RB,25,SEA,23,17,6,0,0,186.9,0,0,0,0,0,135,569,4.21,8,52,42,340,8.1,1,0,0,9,,,-12.7,79,CharZa00
P0955,2024,85,Keenan Allen,WR,34,CHI,32,15,15,0,0,184.4,0,1,0,0,1,0,0,,0,121,70,744,10.63,7,1,0,7,,,-14.8,82,AlleKe00
P1555,2024,86,Josh Downs,WR,35,IND,23,14,8,0,0,183.5,0,0,0,0,0,1,12,12,0,107,72,803,11.15,5,0,0,5,,,-15.7,83,DownJo00
P1561,2024,87,Wan'Dale Robinson,WR,36,NYG,23,17,7,0,0,182.7,0,0,0,0,0,3,18,6,0,140,93,699,7.52,3,0,0,3,,,-16.5,84,RobiWa01
P1565,2024,88,Khalil Shakir,WR,37,BUF,24,15,9,0,0,182.5,0,0,0,0,0,2,4,2,0,100,76,821,10.8,4,1,0,4,,,-16.7,85,ShakKh00
P1613,2024,89,Tyrone Tracy Jr.,RB,26,NYG,25,17,12,0,0,182.3,0,0,0,0,0,192,839,4.37,5,53,38,284,7.47,1,5,2,6,,,-17.3,86,TracTy00
P1402,2024,90,Tua Tagovailoa,QB,21,MIA,26,11,11,0,0,181.6,291,399,2867,19,7,17,49,2.88,0,0,0,0,,0,7,2,0,,2,-115.6,202,TagoTu00
P1487,2024,91,Kenneth Walker III,RB,27,SEA,24,11,11,0,0,181.2,0,0,0,0,0,153,573,3.75,7,53,46,299,6.5,1,1,0,8,,,-18.4,88,WalkKe00
P0981,2024,92,Zach Ertz,TE,7,WAS,34,17,17,0,0,177.4,0,0,0,0,0,0,0,,0,91,66,654,9.91,7,1,0,7,2,,14.1,54,ErtzZa00
P1614,2024,93,Drake Maye,QB,22,NWE,22,13,12,1,0,177.1,225,338,2276,15,10,54,421,7.8,2,0,0,0,,0,9,6,2,,2,-120.1,208,MayeDr00
P1047,2024,94,Kirk Cousins,QB,23,ATL,36,14,14,0,0,176.3,303,453,3508,18,16,23,0,0,0,0,0,0,,0,13,2,0,,,-120.9,209,CousKi00
P1458,2024,95,Rhamondre Stevenson,RB,28,NWE,26,15,14,0,0,175.9,0,0,0,0,0,207,801,3.87,7,41,33,168,5.09,1,7,3,8,2,,-23.7,91,StevRh00
P1198,2024,96,Cooper Kupp,WR,38,LAR,31,12,11,0,0,175.0,0,0,0,0,0,2,10,5,0,100,67,710,10.6,6,1,0,6,,,-24.2,92,KuppCo00
P1574,2024,97,Quentin Johnston,WR,39,LAC,23,15,11,0,0,174.7,0,0,0,0,0,3,6,2,0,91,55,711,12.93,8,0,0,8,,,-24.5,93,JohnQu02
P1465,2024,98,Rashod Bateman,WR,40,BAL,25,17,14,0,0,174.6,0,0,0,0,0,0,0,,0,72,45,756,16.8,9,0,0,9,,,-24.6,94,BateRa00
P1544,2024,99,Sam LaPorta,TE,8,DET,23,16,16,0,0,174.6,0,0,0,0,0,0,0,,0,83,60,726,12.1,7,0,0,7,,,11.3,59,LaPoSa01
P0891,2024,100,Russell Wilson,QB,24,PIT,36,11,11,1,0,172.8,214,336,2482,16,5,43,155,3.6,2,0,0,0,,0,5,4,2,,,-124.4,214,WilsRu00
P1447,2024,101,Pat Freiermuth,TE,9,PIT,26,17,11,0,0,168.3,0,0,0,0,0,0,0,,0,78,65,653,10.05,7,3,2,7,,,5.0,64,FreiPa00
P1409,2024,102,Michael Pittman Jr.,WR,41,IND,27,16,14,0,0,165.8,0,0,0,0,0,0,0,,0,111,69,808,11.71,3,1,1,3,,,-33.4,98,PittMi01
P1490,2024,103,George Pickens,WR,42,PIT,23,14,12,0,0,164.4,0,0,0,0,0,2,-6,-3,0,103,59,900,15.25,3,1,1,3,,,-34.8,99,PickGe00
P1587,2024,104,Anthony Richardson,QB,25,IND,22,11,11,0,0,163.4,126,264,1814,8,12,86,499,5.8,6,1,1,-1,-1,0,9,3,6,1,,-133.8,221,RichAn03
P1582,2024,105,Tucker Kraft,TE,10,GNB,24,17,17,0,0,163.3,0,0,0,0,0,3,6,2,0,70,50,707,14.14,7,1,1,7,1,,0.0,70,KrafTu00
P1505,2024,106,Alec Pierce,WR,43,IND,24,16,13,0,0,161.4,0,0,0,0,0,0,0,,0,69,37,824,22.27,7,0,0,7,,,-37.8,100,PierAl00
P1504,2024,107,Brian Robinson Jr.,RB,29,WAS,25,14,13,0,0,159.8,0,0,0,0,0,187,799,4.27,8,25,20,159,7.95,0,2,2,8,,,-39.8,102,RobiBr01
P1435,2024,108,Javonte Williams,RB,30,DEN,24,17,11,0,0,157.9,0,0,0,0,0,139,513,3.69,4,70,52,346,6.65,0,2,2,4,,,-41.7,106,WillJa10
P1192,2024,109,Kareem Hunt,RB,31,KAN,29,13,8,0,0,155.4,0,0,0,0,0,200,728,3.64,7,32,23,176,7.65,0,0,0,7,,,-44.2,109,HuntKa00
P1327,2024,110,Deebo Samuel,WR,44,SFO,28,15,15,0,0,153.6,0,0,0,0,0,42,136,3.24,1,81,51,670,13.14,3,2,1,4,,,-45.6,111,SamuDe00
P1600,2024,111,Jalen Tolbert,WR,45,DAL,25,17,15,0,0,152.0,0,0,0,0,0,0,0,,0,79,49,610,12.45,7,0,0,7,,,-47.2,112,TolbJa00
P1015,2024,112,Derek Carr,QB,26,NOR,33,10,10,0,0,150.9,189,279,2145,15,5,17,71,4.18,1,0,0,0,,0,3,0,1,,1,-146.3,234,CarrDe02
P1431,2024,113,Jaylen Waddle,WR,46,MIA,26,15,15,0,0,149.6,0,0,0,0,0,4,12,3,0,83,58,744,12.83,2,0,0,2,2,,-49.6,113,WaddJa00
P1223,2024,114,David Njoku,TE,11,CLE,28,11,11,0,0,148.5,0,0,0,0,0,0,0,,0,97,64,505,7.89,5,0,0,5,2,,-14.8,81,NjokDa00
P1567,2024,115,DeMario Douglas,WR,47,NWE,24,17,7,0,0,147.7,0,0,0,0,0,3,16,5.33,0,87,66,621,9.41,3,1,0,3,,,-51.5,116,DougDe00
P0968,2024,116,DeAndre Hopkins,WR,48,2TM,32,16,8,0,0,147.0,0,0,0,0,0,0,0,,0,80,56,610,10.89,5,1,0,5,,,-52.2,117,HopkDe00
P1155,2024,117,Hunter Henry,TE,12,NWE,30,16,16,0,0,145.4,0,0,0,0,0,0,0,,0,97,66,674,10.21,2,0,0,2,,,-17.9,87,HenrHu00
P1436,2024,118,Trevor Lawrence,QB,27,JAX,25,10,10,0,0,145.2,172,284,2045,11,7,26,119,4.58,3,0,0,-5,,0,3,1,3,,3,-152.0,235,LawrTr00
P1615,2024,119,Rome Odunze,WR,49,CHI,22,17,12,0,0,144.9,0,0,0,0,0,3,15,5,0,101,54,734,13.59,3,2,1,3,,,-54.3,119,OdunRo00
P1337,2024,120,Mike Gesicki,TE,13,CIN,29,17,3,0,0,141.5,0,0,0,0,0,0,0,,0,83,65,665,10.23,2,1,1,2,,,-21.8,89,GesiMi00
P1514,2024,121,Cade Otton,TE,14,TAM,25,14,14,0,0,140.6,0,0,0,0,0,1,-4,-4,0,87,59,600,10.17,4,2,1,4,,,-22.7,90,OttoCa00
P1484,2024,122,Ray-Ray McCloud,WR,50,ATL,28,17,13,0,0,140.5,0,0,0,0,0,10,79,7.9,0,87,62,686,11.06,1,4,2,1,,,-58.7,121,McClRa00
P1554,2024,123,Tank Dell,WR,51,HOU,25,14,10,0,0,140.0,0,0,0,0,0,9,43,4.78,0,81,51,667,13.08,3,0,0,3,,,-59.2,123,DellNa00
P1141,2024,124,Adam Thielen,WR,52,CAR,34,10,10,0,0,139.5,0,0,0,0,0,0,0,,0,62,48,615,12.81,5,0,0,5,,,-59.7,125,ThieAd00
P1225,2024,125,Chris Godwin,WR,53,TAM,28,7,7,0,0,137.8,0,0,0,0,0,1,2,2,0,62,50,576,11.52,5,1,0,5,,,-61.4,129,GodwCh00
P1365,2024,126,Alexander Mattison,RB,32,LVR,26,14,7,0,0,137.4,0,0,0,0,0,132,420,3.18,4,48,36,294,8.17,1,1,1,5,1,,-62.2,130,MattAl01
P1463,2024,127,Nick Westbrook-Ikhine,WR,54,TEN,27,17,9,0,0,135.7,0,0,0,0,0,0,0,,0,60,32,497,15.53,9,0,0,9,,,-63.5,133,WestNi00
P1616,2024,128,Jalen McMillan,WR,55,TAM,23,13,12,0,0,135.4,0,0,0,0,0,4,43,10.75,0,58,37,461,12.46,8,0,0,8,,,-63.8,134,McMiJa01
P1324,2024,129,Daniel Jones,QB,28,NYG,27,10,10,0,0,135.3,216,341,2070,8,7,67,265,3.96,2,0,0,0,,0,4,2,2,,,-161.9,236,JoneDa05
P1548,2024,130,Jerome Ford,RB,33,CLE,25,14,6,0,0,134.0,0,0,0,0,0,104,565,5.43,3,43,37,225,6.08,0,0,0,3,,,-65.6,135,FordJe00
P1214,2024,131,Austin Ekeler,RB,34,WAS,29,12,6,0,0,132.3,0,0,0,0,0,77,367,4.77,4,41,35,366,10.46,0,3,0,4,,,-67.3,137,EkelAu00
P1508,2024,132,Romeo Doubs,WR,56,GNB,24,13,12,0,0,132.1,0,0,0,0,0,0,0,,0,72,46,601,13.07,4,0,0,4,1,,-67.1,136,DoubRo00
P1439,2024,133,Kyle Pitts,TE,15,ATL,24,17,15,0,0,131.2,0,0,0,0,0,0,0,,0,74,47,602,12.81,4,0,0,4,,,-32.1,97,PittKy00
P1076,2024,134,Jameis Winston,QB,29,CLE,30,12,7,0,0,131.1,181,296,2121,13,12,25,83,3.32,1,0,0,0,,0,5,2,1,,4,-166.1,237,WinsJa00
P1486,2024,135,Travis Etienne,RB,35,JAX,25,15,15,0,0,130.2,0,0,0,0,0,150,558,3.72,2,52,39,254,6.51,0,1,1,2,,,-69.4,138,EtieTr00
P1590,2024,136,Marvin Mims,WR,57,DEN,22,17,2,1,1,129.5,0,0,0,0,0,13,42,3.23,0,52,39,503,12.9,6,1,0,6,,,-69.7,139,MimsMa00
P1588,2024,137,Tre Tucker,WR,58,LVR,23,17,14,0,0,129.3,0,0,0,0,0,9,44,4.89,1,81,47,539,11.47,3,0,0,4,,,-69.9,140,TuckTr00
P1617,2024,138,Tank Bigsby,RB,36,JAX,23,16,1,0,0,129.0,0,0,0,0,0,168,766,4.56,7,12,7,54,7.71,0,4,1,7,,,-70.6,141,BigsTa00
P1566,2024,139,Justice Hill,RB,37,BAL,27,15,0,0,0,127.1,0,0,0,0,0,47,228,4.85,1,51,42,383,9.12,3,0,0,4,,,-72.5,144,HillJu00
P1344,2024,140,Allen Lazard,WR,59,NYJ,29,12,10,0,0,126.0,0,1,0,0,0,0,0,,0,60,37,530,14.32,6,0,0,6,,,-73.2,145,LazaAl00
P1098,2024,141,Ameer Abdullah,RB,38,LVR,31,16,3,0,0,125.2,0,0,0,0,0,66,311,4.71,2,47,40,261,6.53,3,2,1,5,,,-74.4,148,AbduAm00
P1618,2024,142,Xavier Legette,WR,60,CAR,23,16,13,0,0,125.1,0,0,0,0,0,6,24,4,0,84,49,497,10.14,4,0,0,4,,,-74.1,147,LegeXa00
P1564,2024,143,Michael Wilson,WR,61,ARI,24,16,13,0,0,124.5,0,0,0,0,0,1,7,7,0,71,47,548,11.66,4,1,1,4,,,-74.7,149,WilsMi02
P1513,2024,144,Jaylen Warren,RB,39,PIT,26,15,0,0,0,124.1,0,0,0,0,0,120,511,4.26,1,47,38,310,8.16,0,2,1,1,,,-75.5,150,WarrJa01
P1515,2024,145,Isaiah Likely,TE,16,BAL,24,16,9,0,0,123.7,0,0,0,0,0,0,0,,0,58,42,477,11.36,6,1,1,6,,,-39.6,101,LikeIs00
P1301,2024,146,Demarcus Robinson,WR,62,LAR,30,17,17,0,0,123.5,0,0,0,0,0,0,0,,0,64,31,505,16.29,7,0,0,7,,,-75.7,151,RobiDe01
P1499,2024,147,Juwan Johnson,TE,17,NOR,28,17,5,0,0,122.8,0,0,0,0,0,0,0,,0,66,50,548,10.96,3,2,0,3,,,-40.5,103,JohnJu02
P1080,2024,148,Amari Cooper,WR,63,2TM,30,14,10,0,0,122.7,0,0,0,0,0,0,0,,0,85,44,547,12.43,4,0,0,4,,,-76.5,152,CoopAm00
P1619,2024,149,Kayshon Boutte,WR,64,NWE,22,15,13,0,0,121.9,0,0,0,0,0,0,0,,0,68,43,589,13.7,3,0,0,3,1,,-77.3,155,BoutKa00
P1088,2024,150,Stefon Diggs,WR,65,HOU,31,8,8,0,0,121.9,1,1,13,0,0,3,8,2.67,1,64,47,496,10.55,3,0,0,4,,,-77.3,156,DiggSt00
P1449,2024,151,Tyler Conklin,TE,18,NYJ,29,16,15,0,0,121.9,0,0,0,0,0,1,0,0,0,72,51,449,8.8,4,0,0,4,1,,-41.4,105,ConkTy00
P1084,2024,152,Tyler Lockett,WR,66,SEA,32,17,14,0,0,121.0,0,0,0,0,0,0,0,,0,74,49,600,12.24,2,0,0,2,,,-78.2,157,LockTy00
P1450,2024,153,Elijah Moore,WR,67,CLE,24,17,13,0,0,120.9,0,0,0,0,0,1,1,1,0,102,61,538,8.82,1,0,0,1,,,-78.3,158,MoorEl00
P1456,2024,154,Cole Kmet,TE,19,CHI,25,17,16,0,0,120.4,0,0,0,0,0,0,0,,0,55,47,474,10.09,4,0,0,4,1,,-42.9,108,KmetCo00
P1620,2024,155,Andrei Iosivas,WR,68,CIN,25,17,8,0,0,119.9,0,0,0,0,0,0,0,,0,61,36,479,13.31,6,0,0,6,,,-79.3,159,IosiAn00
P1571,2024,156,Will Levis,QB,30,TEN,25,12,12,0,0,119.9,190,301,2091,13,12,45,183,4.07,0,0,0,0,,0,10,6,0,,1,-177.3,238,LeviWi00
P1454,2024,157,Justin Fields,QB,31,PIT,25,10,6,0,0,119.1,106,161,1106,5,1,62,289,4.66,5,0,0,0,,0,6,1,5,,,-178.1,239,FielJu00
P1621,2024,158,Calvin Austin III,WR,69,PIT,25,17,8,0,0,118.8,0,0,0,0,0,0,0,,0,58,36,548,15.22,4,1,1,5,,,-80.4,160,AustCa00
P1399,2024,159,Dalton Schultz,TE,20,HOU,28,17,13,0,0,118.2,0,0,0,0,0,0,0,,0,85,53,532,10.04,2,0,0,2,,,-45.1,110,SchuDa00
P1134,2024,160,Dak Prescott,QB,32,DAL,31,8,8,0,0,116.5,185,286,1978,11,8,13,54,4.15,1,0,0,0,,0,4,1,1,,,-180.7,240,PresDa01
P1622,2024,161,Ray Davis,RB,40,BUF,25,17,0,0,0,116.1,0,0,0,0,0,113,442,3.91,3,19,17,189,11.12,3,0,0,6,,,-83.5,162,DaviRa04
P1623,2024,162,Jordan Mason,RB,41,SFO,25,12,6,0,0,115.0,0,0,0,0,0,153,789,5.16,3,14,11,91,8.27,0,3,1,3,,,-84.6,163,MasoJo00
P1511,2024,163,Chig Okonkwo,TE,21,TEN,25,17,11,0,0,113.6,0,0,0,0,0,1,17,17,0,70,52,479,9.21,2,2,1,2,1,,-49.7,114,OkonCh00
P1557,2024,164,Tyjae Spears,RB,42,TEN,23,12,1,0,0,113.6,0,0,0,0,0,84,312,3.71,4,35,30,224,7.47,1,1,0,5,,,-86.0,165,SpeaTy00
P1525,2024,165,Noah Gray,TE,22,KAN,25,17,10,0,0,113.3,0,0,0,0,0,1,-4,-4,0,49,40,437,10.93,5,0,0,5,,,-50.0,115,GrayNo00
P1468,2024,166,Olamide Zaccheaus,WR,70,WAS,27,17,6,0,0,112.4,0,0,0,0,0,1,8,8,0,64,45,506,11.24,3,3,1,3,,,-86.8,166,ZaccOl01
P1624,2024,167,Keon Coleman,WR,71,BUF,21,13,12,0,0,111.5,0,0,0,0,0,1,9,9,0,57,29,556,19.17,4,0,0,4,1,,-87.7,167,ColeKe02
P1563,2024,168,Dontayvion Wicks,WR,72,GNB,23,17,5,0,0,110.5,0,0,0,0,0,0,0,,0,76,39,415,10.64,5,0,0,5,,,-88.7,168,WickDo00
P1363,2024,169,Will Dissly,TE,23,LAC,28,15,8,0,0,110.1,0,0,0,0,0,0,0,,0,64,50,481,9.62,2,0,0,2,,,-53.2,118,DissWi00
P1331,2024,170,Darius Slayton,WR,73,NYG,27,16,13,0,0,110.0,0,0,0,0,0,2,17,8.5,0,71,39,573,14.69,2,1,0,2,,,-89.2,169,SlayDa01
P1625,2024,171,Cooper Rush,QB,33,DAL,31,12,8,0,0,109.6,187,308,1844,12,5,26,18,0.69,0,0,0,0,,0,9,3,0,,1,-187.6,241,RushCo00
P1186,2024,172,Austin Hooper,TE,24,NWE,30,17,8,0,0,108.6,0,0,0,0,0,0,0,,0,59,45,476,10.58,3,2,1,3,,,-54.7,120,HoopAu00
P1467,2024,173,Josh Palmer,WR,74,LAC,25,15,7,0,0,107.4,0,0,0,0,0,0,0,,0,65,39,584,14.97,1,0,0,1,2,,-91.8,171,PalmJo00
P1626,2024,174,Devaughn Vele,WR,75,DEN,27,13,7,0,0,106.5,0,0,0,0,0,0,0,,0,55,41,475,11.59,3,0,0,3,,,-92.7,172,VeleDe00
P1493,2024,175,Tyler Allgeier,RB,43,ATL,24,17,0,0,0,106.2,0,0,0,0,0,137,644,4.7,3,13,13,88,6.77,0,0,0,3,1,,-93.4,173,AllgTy00
P1492,2024,176,Christian Watson,WR,76,GNB,25,15,15,0,0,105.3,0,0,0,0,0,4,23,5.75,0,53,29,620,21.38,2,1,1,2,1,,-93.9,174,WatsCh00
P1553,2024,177,Jake Ferguson,TE,25,DAL,25,14,14,0,0,104.4,0,0,0,0,0,0,0,,0,86,59,494,8.37,0,4,2,0,,,-58.9,122,FergJa00
P1599,2024,178,KaVontae Turpin,WR,77,DAL,28,17,2,1,1,104.2,0,0,0,0,0,16,92,5.75,0,52,31,420,13.55,2,3,1,4,,,-95.0,175,TurpKa00
P1341,2024,179,Noah Fant,TE,26,SEA,27,14,9,0,0,104.0,0,0,0,0,0,0,0,,0,64,48,500,10.42,1,0,0,1,,,-59.3,124,FantNo00
P1291,2024,180,Dallas Goedert,TE,27,PHI,29,10,10,0,0,103.6,0,0,0,0,0,0,0,,0,52,42,496,11.81,2,2,0,2,,,-59.7,126,GoedDa00
P1385,2024,181,Antonio Gibson,RB,44,NWE,26,17,3,0,0,103.4,0,0,0,0,0,120,538,4.48,1,29,23,206,8.96,0,2,0,1,,,-96.2,177,GibsAn00
P1366,2024,182,Foster Moreau,TE,28,NOR,27,17,17,0,0,103.3,0,0,0,0,0,0,0,,0,43,32,413,12.91,5,0,0,5,,,-60.0,127,MoreFo00
P1627,2024,183,Jalen Nailor,WR,78,MIN,25,17,7,0,0,103.0,0,0,0,0,0,3,-4,-1.33,0,42,28,414,14.79,6,1,1,6,,,-96.2,178,NailJa00
P1345,2024,184,Taysom Hill,TE,29,NOR,34,8,8,0,0,102.3,2,4,21,0,1,39,278,7.13,6,31,23,187,8.13,0,1,1,6,,,-61.0,128,HillTa00
P1558,2024,185,Dalton Kincaid,TE,30,BUF,25,13,9,0,0,100.8,0,0,0,0,0,0,0,,0,75,44,448,10.18,2,1,0,2,,,-62.5,131,KincDa00
P0681,2024,186,Joe Flacco,QB,34,IND,39,8,6,0,0,99.0,162,248,1761,12,7,9,26,2.89,0,0,0,0,,0,4,4,0,,,-198.2,242,FlacJo00
P1531,2024,187,Tutu Atwell,WR,79,LAR,25,17,5,0,0,98.9,0,1,0,0,0,2,7,3.5,0,62,42,562,13.38,0,0,0,0,,,-100.3,181,AtweTu00
P1494,2024,188,Mack Hollins,WR,80,BUF,31,17,13,0,0,98.8,0,0,0,0,0,0,0,,0,50,31,378,12.19,5,0,0,5,,,-100.4,182,HollMa00
P1569,2024,189,Jaleel McLaughlin,RB,45,DEN,24,16,5,0,0,97.2,0,0,0,0,0,113,496,4.39,1,27,24,76,3.17,2,1,1,3,,,-102.4,185,McLaJa00
P1628,2024,190,Parker Washington,WR,81,JAX,22,17,7,0,0,97.0,0,0,0,0,0,0,0,,0,51,32,390,12.19,3,2,0,4,1,,-102.2,184,WashPa01
P1335,2024,191,Devin Singletary,RB,46,NYG,27,15,5,0,0,96.6,0,0,0,0,0,113,437,3.87,4,24,21,119,5.67,0,2,2,4,,,-103.0,187,SingDe00
P1319,2024,192,Gardner Minshew II,QB,35,LVR,28,10,9,0,0,96.3,203,306,2013,9,10,19,58,3.05,0,0,0,0,,0,6,4,0,,1,-200.9,243,MinsGa00
P1433,2024,193,Mac Jones,QB,36,JAX,26,10,7,0,0,96.1,171,262,1672,8,8,28,92,3.29,1,0,0,0,,0,2,2,1,,1,-201.1,244,JoneMa05
P1629,2024,194,Emanuel Wilson,RB,47,GNB,25,17,0,0,0,96.0,0,0,0,0,0,103,502,4.87,4,14,11,48,4.36,1,0,0,5,,,-103.6,189,WilsEm00
P1343,2024,195,Mason Rudolph,QB,37,TEN,29,8,5,0,0,95.8,146,228,1530,9,9,25,106,4.24,1,0,0,0,,0,5,1,1,,1,-201.4,245,RudoMa00
P1630,2024,196,Isaac Guerendo,RB,48,SFO,24,16,3,0,0,94.2,0,0,0,0,0,84,420,5,4,16,15,152,10.13,0,3,1,4,,,-105.4,190,GuerIs00
P1562,2024,197,Aidan O'Connell,QB,38,LVR,26,9,7,0,0,93.5,154,243,1612,8,4,21,30,1.43,1,0,0,0,,0,2,2,1,,,-203.7,246,OConAi00
P1631,2024,198,Ricky Pearsall,WR,82,SFO,24,11,4,0,0,93.5,0,1,0,0,0,3,45,15,0,46,31,400,12.9,3,0,0,3,,,-105.7,191,PearRi00
P1407,2024,199,Cam Akers,RB,49,2TM,25,17,2,0,0,93.2,0,0,0,0,0,104,444,4.27,2,18,14,68,4.86,3,1,1,5,,,-106.4,192,AkerCa00
P1632,2024,200,Jalen Coker,WR,83,CAR,23,11,4,0,0,92.6,1,1,19,0,0,0,0,,0,46,32,478,14.94,2,0,0,2,,,-106.6,193,CokeJa01
P1395,2024,201,Tim Patrick,WR,84,DET,31,16,9,0,0,92.4,0,0,0,0,0,0,0,,0,44,33,394,11.94,3,0,0,3,1,,-106.8,194,PatrTi00
P1374,2024,202,Ty Johnson,RB,50,BUF,27,17,1,0,0,91.7,0,0,0,0,0,41,213,5.2,1,25,18,284,15.78,3,0,0,4,,,-107.9,195,JohnTy02
P1633,2024,203,Brenton Strange,TE,31,JAX,24,17,10,0,0,91.1,0,0,0,0,0,0,0,,0,53,40,411,10.28,2,1,1,2,,,-72.2,142,StraBr00
P1352,2024,204,Jordan Akins,TE,32,CLE,32,17,6,0,0,91.0,0,0,0,0,0,0,0,,0,58,40,390,9.75,2,1,0,2,,,-72.3,143,AkinJo00
P1503,2024,205,Greg Dortch,WR,85,ARI,26,17,4,0,0,90.3,0,0,0,0,0,5,31,6.2,0,50,37,342,9.24,3,3,1,3,,,-108.9,196,DortGr01
P1200,2024,206,Evan Engram,TE,33,JAX,30,9,9,0,0,89.5,0,0,0,0,0,0,0,,0,64,47,365,7.77,1,1,1,1,1,,-73.8,146,EngrEv00
P1334,2024,207,Diontae Johnson,WR,86,3TM,28,12,8,0,0,89.1,0,0,0,0,0,2,6,3,0,67,33,375,11.36,3,0,0,3,,,-110.1,197,JohnDi01
P1354,2024,208,T.J. Hockenson,TE,34,MIN,27,10,9,0,0,86.5,0,0,0,0,0,0,0,,0,62,41,455,11.1,0,0,0,0,,,-76.8,154,HockTJ00
P1502,2024,209,Noah Brown,WR,87,WAS,28,11,9,0,0,86.3,0,0,0,0,0,0,0,,0,56,35,453,12.94,1,0,0,1,,,-112.9,198,BrowNo00
P1634,2024,210,Braelon Allen,RB,51,NYJ,20,17,2,0,0,85.2,0,0,0,0,0,92,334,3.63,2,27,19,148,7.79,1,0,0,3,,,-114.4,200,AlleBr05
P1285,2024,211,David Moore,WR,88,CAR,29,17,5,0,0,85.1,0,0,0,0,0,1,0,0,0,57,32,351,10.97,3,0,0,3,,,-114.1,199,MoorDa03
P1280,2024,212,Marquez Valdes-Scantling,WR,89,2TM,30,14,8,0,0,84.5,0,0,0,0,0,1,4,4,0,44,19,411,21.63,4,0,0,4,,,-114.7,201,ValdMa00
P1408,2024,213,Zack Moss,RB,52,CIN,27,8,6,0,0,81.9,0,0,0,0,0,74,242,3.27,2,27,23,187,8.13,1,2,1,3,,,-117.7,203,MossZa00
P1213,2024,214,Samaje Perine,RB,53,KAN,29,17,0,0,0,81.4,0,0,0,0,0,20,92,4.6,1,35,28,322,11.5,1,0,0,2,,,-118.2,204,PeriSa00
P1635,2024,215,Cedric Tillman,WR,90,CLE,24,11,6,0,0,80.4,0,0,0,0,0,1,-5,-5,0,49,29,339,11.69,3,1,1,3,1,,-118.8,205,TillCe01
P1144,2024,216,Sterling Shepard,WR,91,TAM,31,14,5,0,0,80.3,0,0,0,0,0,8,69,8.63,0,51,32,334,10.44,1,0,0,1,1,,-118.9,206,ShepSt00
P1368,2024,217,Drew Lock,QB,39,NYG,28,8,5,0,0,80.1,107,181,1071,6,5,18,133,7.39,2,0,0,0,,0,5,2,2,,1,-217.1,247,LockDr00
P1509,2024,218,Rashid Shaheed,WR,92,NOR,26,6,5,0,0,79.8,0,0,0,0,0,6,29,4.83,0,41,20,349,17.45,3,1,1,4,,,-119.4,207,ShahRa00
P1636,2024,219,AJ Barner,TE,35,SEA,22,17,6,0,0,78.5,0,0,0,0,0,0,0,,0,38,30,245,8.17,4,0,0,4,,,-84.8,164,BarnAJ00
P1159,2024,220,Tyler Boyd,WR,93,TEN,30,16,8,0,0,78.3,0,1,0,0,0,1,3,3,0,57,39,390,10,0,0,0,0,,,-120.9,210,BoydTy00
P1570,2024,221,Roschon Johnson,RB,54,CHI,23,14,0,0,0,77.4,0,0,0,0,0,55,150,2.73,6,20,16,104,6.5,0,0,0,6,,,-122.2,211,JohnRo07
P1322,2024,222,Miles Sanders,RB,55,CAR,27,11,2,0,0,77.3,0,0,0,0,0,55,205,3.73,2,30,24,148,6.17,1,1,0,3,,,-122.3,212,SandMi01
P1488,2024,223,Chris Olave,WR,94,NOR,24,8,8,0,0,76.7,0,0,0,0,0,1,7,7,0,44,32,400,12.5,1,1,1,1,,,-122.5,213,OlavCh00
P1202,2024,224,Deshaun Watson,QB,40,CLE,29,7,7,0,0,76.7,137,216,1148,5,3,31,148,4.77,1,0,0,0,,0,5,3,1,,1,-220.5,248,WatsDe00
P1637,2024,225,Ja'Tavion Sanders,TE,36,CAR,21,16,8,0,0,73.2,0,0,0,0,0,0,0,,0,43,33,342,10.36,1,1,0,1,,,-90.1,170,SandJa01
P1273,2024,226,Christian Kirk,WR,95,JAX,28,8,7,0,0,70.9,0,0,0,0,0,0,0,,0,47,27,379,14.04,1,0,0,1,,,-128.3,215,KirkCh01
P1333,2024,227,Raheem Mostert,RB,56,MIA,32,13,1,0,0,70.9,0,0,0,0,0,85,278,3.27,2,23,19,161,8.47,0,2,2,2,,,-128.7,216,MostRa00
P1026,2024,228,Brandin Cooks,WR,96,DAL,31,10,9,0,0,69.6,0,0,0,0,0,3,-3,-1,0,54,26,259,9.96,3,0,0,3,,,-129.6,217,CookBr00
P1638,2024,229,Sean Tucker,RB,57,TAM,23,17,0,0,0,68.7,0,0,0,0,0,50,308,6.16,2,12,9,109,12.11,1,1,0,3,,,-130.9,218,TuckSe00
P1639,2024,230,Theo Johnson,TE,37,NYG,23,12,11,0,0,68.1,0,0,0,0,0,0,0,,0,43,29,331,11.41,1,0,0,1,,,-95.2,176,JohnTh00
P1640,2024,231,Dyami Brown,WR,97,WAS,25,16,3,0,0,67.4,0,1,0,0,0,3,26,8.67,0,40,30,308,10.27,1,1,1,1,,,-131.8,219,BrowDy00
P1641,2024,232,Spencer Rattler,QB,41,NOR,24,7,6,0,0,67.3,130,228,1317,4,5,18,146,8.11,0,0,0,0,,0,5,3,0,,,-229.9,249,RattSp00
P1642,2024,233,Troy Franklin,WR,98,DEN,21,16,6,0,0,67.1,0,0,0,0,0,2,8,4,0,53,28,263,9.39,2,0,0,2,,,-132.1,220,FranTr00
P1643,2024,234,Josh Oliver,TE,38,MIN,27,15,12,0,0,65.8,0,0,0,0,0,0,0,,0,28,22,258,11.73,3,0,0,3,,,-97.5,179,OlivJo00
P1526,2024,235,Colby Parkinson,TE,39,LAR,25,17,9,0,0,65.4,0,0,0,0,0,0,0,,0,49,30,294,9.8,1,0,0,1,,,-97.9,180,ParkCo02
P1277,2024,236,Kendrick Bourne,WR,99,NWE,29,12,9,0,0,65.1,0,1,0,0,0,1,6,6,0,38,28,305,10.89,1,0,0,1,,,-134.1,222,BourKe00
P1547,2024,237,Rashee Rice,WR,100,KAN,24,4,4,0,0,64.9,0,0,0,0,0,1,1,1,0,29,24,288,12,2,0,0,2,,,-134.3,223,RiceRa01
P1644,2024,238,Lil'Jordan Humphrey,WR,101,DEN,26,17,7,0,0,64.3,0,0,0,0,0,0,0,,0,45,31,293,9.45,1,2,1,1,,,-134.9,224,HumpLi01
P1292,2024,239,Gus Edwards,RB,58,LAC,29,11,6,0,0,64.1,0,0,0,0,0,101,365,3.61,4,5,3,6,2,0,0,0,4,,,-135.5,226,EdwaGu00
P1479,2024,240,Jeremy McNichols,RB,59,WAS,29,17,1,0,0,63.8,0,0,0,0,0,55,261,4.75,4,12,9,27,3,0,0,0,4,1,,-135.8,228,McNiJe00
P1269,2024,241,Curtis Samuel,WR,102,BUF,28,14,2,0,0,63.7,0,0,0,0,0,5,14,2.8,0,46,31,253,8.16,1,0,0,1,,,-135.5,225,SamuCu00
P1440,2024,242,Van Jefferson,WR,103,PIT,28,17,12,0,0,63.6,0,0,0,0,0,0,0,,0,40,24,276,11.5,2,0,0,2,,,-135.6,227,JeffVa00
P1261,2024,243,Nick Chubb,RB,60,CLE,29,8,8,0,0,63.3,0,0,0,0,0,102,332,3.25,3,11,5,31,6.2,1,1,1,4,,,-136.3,230,ChubNi00
P1577,2024,244,Justin Watson,WR,104,KAN,28,17,7,0,0,62.9,0,0,0,0,0,0,0,,0,32,22,289,13.14,2,0,0,2,,,-136.3,229,WatsJu01
P1455,2024,245,Kenneth Gainwell,RB,61,PHI,25,17,1,0,0,62.6,0,0,0,0,0,75,290,3.87,1,22,16,116,7.25,0,0,0,1,,,-137.0,232,GainKe00
P1388,2024,246,Brandon Aiyuk,WR,105,SFO,26,7,7,0,0,62.4,0,0,0,0,0,0,0,,0,47,25,374,14.96,0,0,0,0,,,-136.8,231,AiyuBr00
P1481,2024,247,Tyler Johnson,WR,106,LAR,26,15,2,0,0,61.1,0,0,0,0,0,0,0,,0,41,26,291,11.19,1,0,0,1,,,-138.1,233,JohnTy00
P1645,2024,248,Josh Whyle,TE,40,TEN,25,17,4,0,0,60.8,0,0,0,0,0,0,0,,0,37,28,248,8.86,1,0,0,1,1,,-102.5,186,WhylJo01
P1473,2024,249,Tyler Huntley,QB,42,MIA,26,5,5,0,0,60.7,86,133,829,3,3,26,135,5.19,2,0,0,0,,0,6,2,2,,,-236.5,250,HuntTy01
P1646,2024,250,Grant Calcaterra,TE,41,PHI,26,17,13,0,0,59.8,0,0,0,0,0,0,0,,0,30,24,298,12.42,1,0,0,1,,,-103.5,188,CalcGr00
P1195,2025,1,Christian McCaffrey,RB,1,SFO,29,17,17,1,1,416.6,0,1,0,0,0,311,1202,3.86,10,129,102,924,9.06,7,2,0,17,,,230.8,1,McCaCh01
P1538,2025,2,Puka Nacua,WR,1,LAR,24,16,15,1,1,375.0,0,0,0,0,0,10,105,10.5,1,166,129,1715,13.29,10,1,1,11,,,190.3,2,NacuPu00
P1542,2025,3,Bijan Robinson,RB,2,ATL,23,17,17,1,1,370.8,0,0,0,0,0,287,1478,5.15,7,103,79,820,10.38,4,4,3,11,1,,185.0,3,RobiBi01
P1543,2025,4,Jahmyr Gibbs,RB,3,DET,23,17,17,1,0,366.9,0,0,0,0,0,243,1223,5.03,13,94,77,616,8,5,2,1,18,,,181.1,4,GibbJa01
P1258,2025,5,Josh Allen,QB,1,BUF,29,17,17,1,0,364.6,319,460,3668,25,10,112,579,5.17,14,0,0,0,,0,7,3,14,,1,77.7,16,AlleJo02
P1381,2025,6,Jonathan Taylor,RB,4,IND,26,17,17,1,0,362.3,0,0,0,0,0,323,1585,4.91,18,55,46,378,8.22,2,2,1,20,1,,176.5,5,TaylJo02
P1559,2025,7,Jaxon Smith-Njigba,WR,2,SEA,23,17,17,1,1,359.9,0,0,0,0,0,7,36,5.14,0,163,119,1793,15.07,10,3,1,10,,,175.2,6,SmitJa06
P1614,2025,8,Drake Maye,QB,2,NWE,23,17,17,1,0,352.0,354,492,4394,31,8,103,450,4.37,4,1,1,2,2,0,8,3,4,1,1,65.1,19,MayeDr00
P0745,2025,9,Matthew Stafford,QB,3,LAR,37,17,17,1,1,350.4,388,597,4707,46,8,29,1,0.03,0,0,0,0,,0,7,3,0,,,63.5,20,StafMa00
P1436,2025,10,Trevor Lawrence,QB,4,JAX,26,17,17,0,0,338.2,341,560,4007,29,12,82,359,4.38,9,0,0,0,,0,5,3,9,1,,51.3,25,LawrTr00
P1432,2025,11,Amon-Ra St. Brown,WR,3,DET,26,17,17,1,0,324.0,0,0,0,0,0,3,9,3,0,172,117,1401,11.97,11,1,0,11,,,139.3,7,StxxAm00
P1551,2025,12,De'Von Achane,RB,5,MIA,24,16,16,1,0,322.8,0,0,0,0,0,238,1350,5.67,8,85,67,488,7.28,4,1,0,12,,,137.0,9,AchaDe00
P1608,2025,13,Caleb Williams,QB,5,CHI,24,17,17,0,0,318.7,330,568,3942,27,7,77,388,5.04,3,2,2,22,11,1,9,1,4,,1,31.8,37,WillCa03
P1534,2025,14,Trey McBride,TE,1,ARI,26,17,17,1,1,315.9,0,0,0,0,0,0,0,,0,169,126,1239,9.83,11,0,0,11,,,138.2,8,McBrTr01
P1134,2025,15,Dak Prescott,QB,6,DAL,32,17,17,1,0,313.8,404,600,4552,30,10,53,177,3.34,2,0,0,0,,0,6,2,2,,3,26.9,40,PresDa01
P1429,2025,16,Ja'Marr Chase,WR,4,CIN,25,16,16,1,1,313.6,0,0,0,0,0,3,14,4.67,0,185,125,1412,11.3,8,1,1,8,,,128.9,10,ChasJa00
P1603,2025,17,Bo Nix,QB,7,DEN,25,17,17,0,0,304.8,388,612,3931,25,11,83,356,4.29,5,1,0,0,,0,4,2,5,,4,17.9,47,NixxBo00
P1507,2025,18,James Cook,RB,6,BUF,26,17,17,1,0,302.2,0,0,0,0,0,309,1621,5.25,12,40,33,291,8.82,2,6,3,14,,,116.4,11,CookJa01
P1405,2025,19,Jalen Hurts,QB,8,PHI,27,16,16,1,0,299.1,294,454,3224,25,6,105,421,4.01,8,0,0,0,,0,8,4,8,,,12.2,54,HurtJa00
P1193,2025,20,Jared Goff,QB,9,DET,31,17,17,1,0,297.1,393,578,4564,34,8,19,45,2.37,0,0,0,0,,0,6,5,0,,,10.2,58,GoffJa00
P1490,2025,21,George Pickens,WR,5,DAL,24,17,15,1,0,291.9,0,0,0,0,0,0,0,,0,137,93,1429,15.37,9,4,0,9,1,,107.2,12,PickGe00
P1379,2025,22,Justin Herbert,QB,10,LAC,27,16,16,1,0,286.9,340,512,3727,26,13,83,498,6,2,0,0,0,,0,7,2,2,1,,0.0,68,HerbJu00
P1253,2025,23,Patrick Mahomes,QB,11,KAN,30,14,14,0,0,285.7,315,502,3587,22,11,64,422,6.59,5,1,1,-10,-10,0,3,0,5,,2,-1.2,71,MahoPa00
P1607,2025,24,Chase Brown,RB,7,CIN,25,17,17,0,0,282.6,0,0,0,0,0,232,1019,4.39,6,88,69,437,6.33,5,2,0,11,1,,96.8,13,BrowCh10
P1162,2025,25,Derrick Henry,RB,8,BAL,31,17,17,0,0,279.5,0,1,0,0,0,307,1595,5.2,16,21,15,150,10,0,4,3,16,,,93.7,14,HenrDe00
P1256,2025,26,Baker Mayfield,QB,12,TAM,30,17,17,0,0,271.9,343,543,3693,26,11,55,382,6.95,1,0,0,0,,0,11,3,1,,2,-15.0,84,MayfBa00
P1488,2025,27,Chris Olave,WR,6,NOR,25,16,16,0,0,268.0,0,1,0,0,1,1,-3,-3,0,156,100,1163,11.63,9,0,0,9,,,83.3,15,OlavCh00
P1541,2025,28,Kyren Williams,RB,9,LAR,25,17,17,0,0,263.3,0,0,0,0,0,259,1252,4.83,10,50,36,281,7.81,3,2,2,13,,,77.5,17,WillKy02
P1486,2025,29,Travis Etienne,RB,10,JAX,26,17,16,0,0,253.9,0,0,0,0,0,260,1107,4.26,7,52,36,292,8.11,6,1,0,13,,,68.1,18,EtieTr00
P1647,2025,30,Ashton Jeanty,RB,11,LVR,22,17,17,0,0,245.1,0,0,0,0,0,266,975,3.67,5,73,55,346,6.29,5,2,1,10,,,59.3,21,JeanAs00
P1549,2025,31,Zay Flowers,WR,7,BAL,25,17,17,1,0,243.3,0,0,0,0,0,10,62,6.2,1,118,86,1211,14.08,5,3,3,6,,,58.6,22,FlowZa00
P1435,2025,32,Javonte Williams,RB,12,DAL,25,16,16,0,0,242.8,0,0,0,0,0,252,1201,4.77,11,51,35,137,3.91,2,2,2,13,,,57.0,23,WillJa10
P1648,2025,33,Jaxson Dart,QB,13,NYG,22,14,12,0,0,241.6,216,339,2272,15,5,86,487,5.66,9,0,0,0,,0,5,2,9,,1,-45.3,100,DartJa00
P1326,2025,34,Josh Jacobs,RB,13,GNB,27,15,15,0,0,237.1,0,0,0,0,0,234,929,3.97,13,44,36,282,7.83,1,3,2,14,,,51.3,24,JacoJo01
P1263,2025,35,Sam Darnold,QB,14,SEA,28,17,17,1,0,235.4,323,477,4048,25,14,35,95,2.71,0,0,0,0,,0,11,6,0,,2,-51.5,113,DarnSa00
P1537,2025,36,Jordan Love,QB,15,GNB,27,15,15,0,0,235.1,291,439,3381,23,6,47,199,4.23,0,0,0,0,,0,7,2,0,,2,-51.8,115,LoveJo03
P1254,2025,37,Saquon Barkley,RB,14,PHI,28,16,16,0,0,232.3,0,0,0,0,0,280,1140,4.07,7,50,37,273,7.38,2,1,1,9,1,,46.5,26,BarkSa00
P1387,2025,38,D'Andre Swift,RB,15,CHI,26,16,16,0,0,228.6,0,0,0,0,0,223,1087,4.87,9,48,34,299,8.79,1,2,2,10,,,42.8,27,SwifDA00
P1196,2025,39,Jacoby Brissett,QB,16,ARI,33,14,12,0,0,227.4,315,485,3366,23,8,38,168,4.42,1,0,0,0,,0,5,4,1,,1,-59.5,125,BrisJa00
P0671,2025,40,Aaron Rodgers,QB,17,PIT,42,16,16,0,0,227.1,327,498,3322,24,7,21,61,2.9,1,1,1,-9,-9,0,4,1,1,,1,-59.8,127,RodgAa00
P1324,2025,41,Daniel Jones,QB,18,IND,28,13,13,0,0,226.4,261,384,3101,19,8,45,164,3.64,5,0,0,0,,0,9,3,5,,1,-60.5,129,JoneDa05
P1471,2025,42,Nico Collins,WR,8,HOU,26,15,15,1,0,226.2,0,0,0,0,0,2,15,7.5,1,120,71,1117,15.73,6,1,1,7,1,,41.5,28,CollNi00
P1039,2025,43,Davante Adams,WR,9,LAR,33,14,14,0,0,222.9,0,0,0,0,0,0,0,,0,114,60,789,13.15,14,0,0,14,,,38.2,29,AdamDa01
P1455,2025,44,Kenneth Gainwell,RB,16,PIT,26,17,2,0,0,221.3,0,0,0,0,0,114,537,4.71,5,85,73,486,6.66,3,2,1,8,,,35.5,32,GainKe00
P1564,2025,45,Michael Wilson,WR,10,ARI,25,17,13,0,0,220.6,0,0,0,0,0,0,0,,0,126,78,1006,12.9,7,0,0,7,,,35.9,30,WilsMi02
P1323,2025,46,A.J. Brown,WR,11,PHI,28,15,15,0,0,220.3,0,0,0,0,0,0,0,,0,121,78,1003,12.86,7,0,0,7,,,35.6,31,BrowAJ00
P1579,2025,47,Jameson Williams,WR,12,DET,24,17,15,0,0,219.9,0,0,0,0,0,6,12,2,0,102,65,1117,17.18,7,0,0,7,,,35.2,33,WillJa11
P1271,2025,48,Courtland Sutton,WR,13,DEN,30,17,16,1,0,219.7,0,0,0,0,0,0,0,,0,124,74,1017,13.74,7,0,0,7,1,,35.0,34,SuttCo00
P1556,2025,49,Bryce Young,QB,19,CAR,24,16,16,0,0,218.0,304,478,3011,23,11,54,216,4,2,0,0,0,,0,7,4,2,,1,-68.9,142,YounBr01
P1561,2025,50,Wan'Dale Robinson,WR,14,NYG,24,16,15,0,0,217.9,0,0,0,0,0,3,5,1.67,0,140,92,1014,11.02,4,1,0,4,,,33.2,35,RobiWa01
P1513,2025,51,Jaylen Warren,RB,17,PIT,27,16,15,0,0,217.1,0,0,0,0,0,211,958,4.54,6,45,40,333,8.33,2,1,0,8,,,31.3,38,WarrJa01
P1576,2025,52,Rico Dowdle,RB,18,CAR,27,17,11,0,0,216.3,0,0,0,0,0,236,1076,4.56,6,50,39,297,7.62,1,2,1,7,,,30.5,39,DowdRi01
P1265,2025,53,Lamar Jackson,QB,20,BAL,28,13,13,0,0,214.9,192,302,2549,21,7,67,349,5.21,2,0,0,0,,0,7,3,2,,1,-72.0,148,JackLa00
P1386,2025,54,Tee Higgins,WR,15,CIN,26,15,14,1,0,211.6,0,0,0,0,0,0,0,,0,98,59,846,14.34,11,0,0,11,1,,26.9,41,HiggTe00
P1649,2025,55,Tetairoa McMillan,WR,16,CAR,22,17,17,0,0,211.4,0,0,0,0,0,0,0,,0,122,70,1014,14.49,7,1,1,7,,,26.7,42,McMiTe00
P1439,2025,56,Kyle Pitts,TE,2,ATL,25,17,17,0,0,210.8,0,0,0,0,0,0,0,,0,118,88,928,10.55,5,0,0,5,,,33.1,36,PittKy00
P1088,2025,57,Stefon Diggs,WR,17,NWE,32,17,17,0,0,210.3,0,0,0,0,0,0,0,,0,102,85,1013,11.92,4,0,0,4,,,25.6,43,DiggSt00
P1539,2025,58,C.J. Stroud,QB,21,HOU,24,14,14,0,0,208.5,273,423,3041,19,8,48,209,4.35,1,0,0,0,,0,2,0,1,,,-78.4,154,StroCJ00
P1501,2025,59,Breece Hall,RB,19,NYJ,24,16,16,0,0,207.7,1,1,4,1,0,243,1065,4.38,4,48,36,350,9.72,1,2,2,5,,,21.9,44,HallBr03
P1650,2025,60,RJ Harvey,RB,20,DEN,24,17,7,0,0,206.6,0,1,0,0,0,146,540,3.7,7,58,47,356,7.57,5,1,1,12,,,20.8,45,HarvRJ00
P1651,2025,61,TreVeyon Henderson,RB,21,NWE,23,17,4,0,0,206.2,0,0,0,0,0,180,911,5.06,9,42,35,221,6.31,1,1,1,10,,,20.4,46,HendTr02
P1409,2025,62,Michael Pittman Jr.,WR,18,IND,28,17,16,0,0,202.4,0,0,0,0,0,0,0,,0,111,80,784,9.8,7,0,0,7,1,,17.7,48,PittMi01
P1489,2025,63,Drake London,WR,19,ATL,24,12,12,0,0,201.9,0,0,0,0,0,0,0,,0,112,68,919,13.51,7,1,1,7,1,,17.2,49,LondDr00
P1438,2025,64,DeVonta Smith,WR,20,PHI,27,17,16,0,0,201.8,0,0,0,0,0,0,0,,0,113,77,1008,13.09,4,0,0,4,,,17.1,50,SmitDe07
P1380,2025,65,Justin Jefferson,WR,21,MIN,26,17,17,0,0,201.5,0,0,0,0,0,2,7,3.5,0,141,84,1048,12.48,2,0,0,2,,,16.8,51,JeffJu00
P1383,2025,66,CeeDee Lamb,WR,22,DAL,26,14,13,1,0,200.9,0,0,0,0,0,1,2,2,0,117,75,1077,14.36,3,0,0,3,,,16.2,52,LambCe00
P1652,2025,67,Emeka Egbuka,WR,23,TAM,23,17,13,0,0,195.7,0,0,0,0,0,2,9,4.5,0,127,63,938,14.89,6,0,0,6,1,,11.0,55,EgbuEm01
P1431,2025,68,Jaylen Waddle,WR,24,MIA,27,16,16,0,0,194.1,1,1,8,0,0,2,28,14,0,100,64,910,14.22,6,1,0,6,,,9.4,59,WaddJa00
P1016,2025,69,Travis Kelce,TE,3,KAN,36,17,17,1,0,193.2,0,0,0,0,0,1,1,1,0,108,76,851,11.2,5,1,0,5,1,,15.5,53,KelcTr00
P1487,2025,70,Kenneth Walker III,RB,22,SEA,25,17,17,0,0,191.9,0,0,0,0,0,221,1027,4.65,5,36,31,282,9.1,0,1,0,5,,,6.1,62,WalkKe00
P1653,2025,71,Tyler Warren,TE,4,IND,23,17,12,1,0,188.5,0,1,0,0,0,6,8,1.33,1,112,76,817,10.75,4,1,0,5,,,10.8,56,WarrTy00
P1327,2025,72,Deebo Samuel,WR,25,WAS,29,16,12,0,0,188.2,0,0,0,0,0,17,75,4.41,1,99,72,727,10.1,5,3,0,6,,,3.5,63,SamuDe00
P1553,2025,73,Jake Ferguson,TE,5,DAL,26,17,10,1,0,188.1,0,0,0,0,0,1,1,1,0,102,82,600,7.32,8,3,2,8,1,,10.4,57,FergJa00
P1328,2025,74,D.K. Metcalf,WR,26,PIT,28,15,15,0,0,187.2,0,0,0,0,0,2,12,6,1,99,59,850,14.41,6,0,0,7,,,2.5,64,MetcDK00
P1654,2025,75,Cam Ward,QB,22,TEN,23,17,17,0,0,186.7,323,540,3169,15,7,39,159,4.08,2,0,0,0,,0,11,7,2,,,-100.2,190,WardCa00
P1655,2025,76,Harold Fannin,TE,6,CLE,21,16,13,0,0,186.4,0,0,0,0,0,7,13,1.86,1,107,72,731,10.15,6,1,1,7,,,8.7,60,FannHa00
P1353,2025,77,Tony Pollard,RB,23,TEN,28,17,17,0,0,185.8,0,0,0,0,0,242,1082,4.47,5,41,33,206,6.24,0,4,3,5,,,0.0,70,PollTo00
P1291,2025,78,Dallas Goedert,TE,7,PHI,30,15,15,0,0,185.1,0,0,0,0,0,0,0,,0,82,60,591,9.85,11,0,0,11,,,7.4,61,GoedDa00
P1628,2025,79,Parker Washington,WR,27,JAX,23,16,7,0,0,184.7,0,0,0,0,0,7,0,0,0,95,58,847,14.6,5,2,0,7,,,0.0,69,WashPa01
P1505,2025,80,Alec Pierce,WR,28,IND,25,15,14,0,0,183.3,0,0,0,0,0,0,0,,0,84,47,1003,21.34,6,0,0,6,,,-1.4,72,PierAl00
P0955,2025,81,Keenan Allen,WR,29,LAC,33,17,3,0,0,182.7,0,0,0,0,0,0,0,,0,122,81,777,9.59,4,2,0,4,,,-2.0,74,AlleKe00
P1568,2025,82,Zach Charbonnet,RB,24,SEA,24,16,0,0,0,181.4,0,0,0,0,0,184,730,3.97,12,24,20,144,7.2,0,0,0,12,1,,-4.4,76,CharZa00
P1610,2025,83,Ladd McConkey,WR,30,LAC,24,16,12,0,0,180.9,0,0,0,0,0,0,0,,0,106,66,789,11.95,6,0,0,6,,,-3.8,75,McCoLa00
P1499,2025,84,Juwan Johnson,TE,8,NOR,29,17,10,0,0,179.9,0,0,0,0,0,0,0,,0,102,77,889,11.55,3,2,2,3,,,2.2,65,JohnJu02
P1155,2025,85,Hunter Henry,TE,9,NWE,31,17,17,0,0,178.8,0,0,0,0,0,0,0,,0,87,60,768,12.8,7,0,0,7,,,1.1,66,HenrHu00
P1458,2025,86,Rhamondre Stevenson,RB,25,NWE,27,14,13,0,0,178.8,0,0,0,0,0,130,603,4.64,7,37,32,345,10.78,2,3,3,9,2,,-7.0,77,StevRh00
P1399,2025,87,Dalton Schultz,TE,10,HOU,29,17,6,0,0,177.7,0,0,0,0,0,0,0,,0,106,82,777,9.48,3,1,0,3,,,0.0,67,SchuDa00
P1506,2025,88,Brock Purdy,QB,23,SFO,26,9,9,0,0,177.4,197,284,2167,20,10,33,147,4.45,3,0,0,0,,0,3,2,3,,1,-109.5,204,PurdBr00
P1642,2025,89,Troy Franklin,WR,31,DEN,22,17,7,0,0,177.1,0,0,0,0,0,5,12,2.4,0,104,65,709,10.91,6,1,1,6,3,,-7.6,78,FranTr00
P1606,2025,90,Brock Bowers,TE,11,LVR,23,12,8,1,0,176.2,0,0,0,0,0,2,2,1,0,86,64,680,10.63,7,0,0,7,1,,-1.5,73,BoweBr01
P1373,2025,91,Jakobi Meyers,WR,32,2TM,29,16,13,0,0,175.8,0,0,0,0,0,5,13,2.6,0,110,75,835,11.13,3,1,1,3,,,-8.9,79,MeyeJa01
P0959,2025,92,Geno Smith,QB,24,LVR,35,15,15,0,0,173.9,302,448,3025,19,17,41,109,2.66,0,0,0,0,,0,4,1,0,,1,-113.0,210,SmitGe00
P1475,2025,93,Jauan Jennings,WR,33,SFO,28,15,15,0,0,173.3,0,0,0,0,0,0,0,,0,90,55,643,11.69,9,1,1,9,1,,-11.4,80,JennJa00
P1574,2025,94,Quentin Johnston,WR,34,LAC,24,14,10,0,0,171.2,0,0,0,0,0,2,7,3.5,0,84,51,735,14.41,8,1,1,8,,,-13.5,82,JohnQu02
P1266,2025,95,D.J. Moore,WR,35,CHI,28,17,17,0,0,170.2,1,1,2,1,0,15,79,5.27,1,85,50,682,13.64,6,1,1,7,,,-14.5,83,MoorD.00
P1656,2025,96,Quinshon Judkins,RB,26,CLE,22,14,14,0,0,169.8,0,0,0,0,0,230,827,3.6,7,36,26,171,6.58,0,0,0,7,1,,-16.0,85,JudkQu00
P1330,2025,97,David Montgomery,RB,27,DET,28,17,0,0,0,166.9,1,2,3,1,0,158,716,4.53,8,29,24,192,8,0,2,1,8,1,,-18.9,88,MontDa01
P1565,2025,98,Khalil Shakir,WR,36,BUF,25,16,10,0,0,166.4,0,0,0,0,0,1,5,5,0,95,72,719,9.99,4,1,1,4,,,-18.3,87,ShakKh00
P1508,2025,99,Romeo Doubs,WR,37,GNB,25,16,15,0,0,165.4,0,0,0,0,0,0,0,,0,85,55,724,13.16,6,1,0,6,1,,-19.3,89,DoubRo00
P1657,2025,100,Colston Loveland,TE,12,CHI,21,16,11,0,0,165.1,0,0,0,0,0,1,-2,-2,0,82,58,713,12.29,6,0,0,6,,,-12.6,81,LoveCo00
P1588,2025,101,Tre Tucker,WR,38,LVR,24,17,17,0,0,161.7,0,0,0,0,0,11,51,4.64,0,92,57,696,12.21,5,0,0,5,,,-23.0,90,TuckTr00
P1215,2025,102,George Kittle,TE,13,SFO,32,11,11,1,0,161.5,0,0,0,0,0,1,-3,-3,0,69,57,628,11.02,7,0,0,7,,,-16.2,86,KittGe00
P1613,2025,103,Tyrone Tracy Jr.,RB,28,NYG,26,15,11,0,0,160.8,0,0,0,0,0,176,740,4.2,2,48,36,288,8,2,1,1,4,,,-25.0,91,TracTy00
P1402,2025,104,Tua Tagovailoa,QB,25,MIA,27,14,14,0,0,160.7,260,384,2660,20,15,20,43,2.15,0,0,0,0,,0,8,1,0,,1,-126.2,233,TagoTu00
P1658,2025,105,Tyler Shough,QB,26,NOR,26,11,9,0,0,158.0,221,327,2384,10,6,45,186,4.13,3,0,0,0,,0,3,2,3,1,,-128.9,234,ShouTy00
P1509,2025,106,Rashid Shaheed,WR,39,2TM,27,18,13,1,0,156.6,0,0,0,0,0,9,69,7.67,0,92,59,687,11.64,2,2,1,4,,,-28.1,92,ShahRa00
P1659,2025,107,Woody Marks,RB,29,HOU,25,16,8,0,0,151.1,0,0,0,0,0,196,703,3.59,2,36,24,208,8.67,3,1,0,6,,,-34.7,95,MarkWo00
P1547,2025,108,Rashee Rice,WR,40,KAN,25,8,8,0,0,150.1,0,0,0,0,0,5,20,4,1,78,53,571,10.77,5,2,0,6,1,,-34.6,94,RiceRa01
P1636,2025,109,AJ Barner,TE,14,SEA,23,17,17,0,0,147.3,0,0,0,0,0,10,14,1.4,1,68,52,519,9.98,6,2,0,7,,,-30.4,93,BarnAJ00
P0681,2025,110,Joe Flacco,QB,27,2TM,40,13,10,1,0,146.7,251,416,2479,15,10,21,35,1.67,1,0,0,0,,0,3,3,1,,2,-140.2,235,FlacJo00
P1660,2025,111,Kyle Monangai,RB,30,CHI,23,17,1,0,0,146.7,0,0,0,0,0,169,783,4.63,5,30,18,164,9.11,0,0,0,5,2,,-39.1,97,MonaKy00
P1615,2025,112,Rome Odunze,WR,41,CHI,23,12,12,0,0,146.1,0,0,0,0,0,0,0,,0,90,44,661,15.02,6,0,0,6,,,-38.6,96,OdunRo00
P1192,2025,113,Kareem Hunt,RB,31,KAN,30,17,4,0,0,145.4,0,0,0,0,0,163,611,3.75,8,25,18,143,7.94,1,2,1,9,,,-40.4,98,HuntKa00
P1497,2025,114,Rachaad White,RB,32,TAM,26,17,8,0,0,143.0,0,0,0,0,0,132,572,4.33,4,45,40,218,5.45,0,0,0,4,,,-42.8,99,WhitRa01
P1454,2025,115,Justin Fields,QB,28,NYJ,26,9,9,0,0,142.7,128,204,1259,7,1,71,383,5.39,4,1,0,0,,0,4,3,4,2,3,-144.2,236,FielJu00
P1661,2025,116,Jacory Croskey-Merritt,RB,33,WAS,24,17,7,0,0,140.3,0,0,0,0,0,175,805,4.6,8,13,9,68,7.56,0,4,2,8,,,-45.5,101,CrosJa00
P1604,2025,117,Brian Thomas,WR,42,JAX,23,14,14,0,0,138.8,0,0,0,0,0,3,21,7,1,91,48,707,14.73,2,0,0,3,,,-45.9,102,ThomBr06
P1609,2025,118,Bucky Irving,RB,34,TAM,23,10,9,0,0,138.5,0,0,0,0,0,173,588,3.4,1,35,30,277,9.23,3,1,1,4,,,-47.3,106,IrviBu00
P1336,2025,119,Marquise Brown,WR,43,KAN,28,16,6,0,0,137.7,0,0,0,0,0,0,0,,0,74,49,587,11.98,5,1,0,5,,,-47.0,105,BrowMa04
P1555,2025,120,Josh Downs,WR,44,IND,24,16,11,0,0,136.4,0,0,0,0,0,2,-2,-1,0,88,58,566,9.76,4,1,1,4,,,-48.3,108,DownJo00
P1662,2025,121,Omarion Hampton,RB,35,LAC,22,9,6,0,0,135.7,0,0,0,0,0,124,545,4.4,4,35,32,192,6,1,1,0,5,,,-50.1,111,HampOm00
P1545,2025,122,Jordan Addison,WR,45,MIN,23,14,12,0,0,135.1,0,0,0,0,0,2,81,40.5,1,79,42,610,14.52,3,0,0,4,,,-49.6,109,AddiJo00
P1392,2025,123,Joe Burrow,QB,29,CIN,29,8,8,1,0,134.5,173,259,1809,17,5,14,41,2.93,0,0,0,0,,0,0,0,0,,,-152.4,237,BurrJo01
P1492,2025,124,Christian Watson,WR,46,GNB,26,10,10,0,0,132.4,0,0,0,0,0,1,3,3,0,55,35,611,17.46,6,0,0,6,,,-52.3,116,WatsCh00
P1663,2025,125,Oronde Gadsden II,TE,15,LAC,22,15,7,0,0,131.4,0,0,0,0,0,0,0,,0,69,49,664,13.55,3,1,1,3,,,-46.3,103,GadsOr01
P1281,2025,126,Mark Andrews,TE,16,BAL,30,17,11,0,0,131.0,0,0,0,0,0,10,48,4.8,1,70,48,422,8.79,5,1,0,6,,,-46.7,104,AndrMa00
P1433,2025,127,Mac Jones,QB,30,SFO,27,11,8,0,0,130.0,201,289,2151,13,6,36,60,1.67,0,0,0,0,,0,4,2,0,,1,-156.9,238,JoneMa05
P1526,2025,128,Colby Parkinson,TE,17,LAR,26,15,10,0,0,129.8,0,0,0,0,0,0,0,,0,56,43,408,9.49,8,1,1,8,,,-47.9,107,ParkCo02
P1664,2025,129,Jayden Higgins,WR,47,HOU,23,17,10,0,0,129.5,0,0,0,0,0,0,0,,0,68,41,525,12.8,6,0,0,6,,,-55.2,118,HiggJa00
P1623,2025,130,Jordan Mason,RB,36,MIN,26,16,5,0,0,128.9,0,0,0,0,0,159,758,4.77,6,16,14,51,3.64,0,3,1,6,,,-56.9,121,MasoJo00
P1665,2025,131,Luther Burden,WR,48,CHI,22,15,5,0,0,127.9,0,0,0,0,0,6,37,6.17,0,60,47,652,13.87,2,0,0,2,,,-56.8,120,BurdLu00
P1611,2025,132,Marvin Harrison Jr.,WR,49,ARI,23,12,10,0,0,127.8,0,0,0,0,0,0,0,,0,73,41,608,14.83,4,0,0,4,1,,-56.9,122,HarrMa09
P1639,2025,133,Theo Johnson,TE,18,NYG,24,15,15,0,0,127.8,0,0,0,0,0,0,0,,0,74,45,528,11.73,5,0,0,5,,,-49.9,110,JohnTh00
P1666,2025,134,Cam Skattebo,RB,37,NYG,23,8,5,0,0,127.7,0,0,0,0,0,101,410,4.06,5,32,24,207,8.63,2,1,1,7,1,,-58.1,123,SkatCa00
P0981,2025,135,Zach Ertz,TE,19,WAS,35,13,13,0,0,126.4,0,0,0,0,0,0,0,,0,72,50,504,10.08,4,1,0,4,1,,-51.3,112,ErtzZa00
P1667,2025,136,Chimere Dike,WR,50,TEN,24,17,10,1,1,126.1,0,0,0,0,0,11,18,1.64,0,74,48,423,8.81,4,2,1,6,,,-58.6,124,DikeCh00
P1558,2025,137,Dalton Kincaid,TE,20,BUF,26,12,4,1,0,126.1,0,0,0,0,0,0,0,,0,49,39,571,14.64,5,1,0,5,,,-51.6,114,KincDa00
P1081,2025,138,Marcus Mariota,QB,31,WAS,32,11,8,0,0,125.5,139,227,1695,10,7,50,297,5.94,1,0,0,0,,0,6,3,1,,1,-161.4,239,MariMa01
P1451,2025,139,Chuba Hubbard,RB,38,CAR,26,15,6,0,0,125.4,0,0,0,0,0,134,511,3.81,1,39,30,223,7.43,3,1,1,4,,,-60.4,128,HubbCh01
P1668,2025,140,J.J. McCarthy,QB,32,MIN,22,10,10,0,0,125.4,140,243,1632,11,12,37,181,4.89,4,0,0,0,,0,6,2,4,,1,-161.5,240,McCaJJ00
P1619,2025,141,Kayshon Boutte,WR,51,NWE,23,14,10,0,0,124.1,0,0,0,0,0,0,0,,0,46,33,551,16.7,6,0,0,6,,,-60.6,131,BoutKa00
P1511,2025,142,Chig Okonkwo,TE,21,TEN,26,17,12,0,0,124.0,0,0,0,0,0,0,0,,0,79,56,560,10,2,0,0,2,,,-53.7,117,OkonCh00
P1493,2025,143,Tyler Allgeier,RB,39,ATL,25,17,2,0,0,123.0,0,0,0,0,0,143,514,3.59,8,16,14,96,6.86,0,0,0,8,,,-62.8,132,AllgTy00
P1669,2025,144,Blake Corum,RB,40,LAR,25,17,0,0,0,122.2,0,0,0,0,0,145,746,5.14,6,14,8,36,4.5,0,0,0,6,,,-63.6,133,CoruBl00
P1514,2025,145,Cade Otton,TE,22,TAM,26,16,16,0,0,122.2,0,0,0,0,0,0,0,,0,81,59,572,9.69,1,0,0,1,,,-55.5,119,OttoCa00
P1396,2025,146,Jerry Jeudy,WR,52,CLE,26,17,16,0,0,120.7,0,0,0,0,0,1,5,5,0,106,50,602,12.04,2,1,1,2,,,-64.0,134,JeudJe00
P1670,2025,147,Michael Penix,QB,33,ATL,25,9,9,0,0,120.3,166,276,1982,9,3,21,70,3.33,1,0,0,0,,0,4,2,1,,1,-166.6,241,PeniMi00
P1233,2025,148,Aaron Jones,RB,41,MIN,31,12,12,0,0,118.7,0,0,0,0,0,132,548,4.15,2,41,28,199,7.11,1,2,1,3,,,-67.1,137,JoneAa00
P1633,2025,149,Brenton Strange,TE,23,JAX,25,12,12,0,0,118.0,0,0,0,0,0,0,0,,0,60,46,540,11.74,3,0,0,3,,,-59.7,126,StraBr00
P1671,2025,150,Kimani Vidal,RB,42,LAC,24,13,10,0,0,117.9,0,0,0,0,0,155,643,4.15,3,22,16,136,8.5,1,1,0,4,,,-67.9,138,VidaKi00
P1582,2025,151,Tucker Kraft,TE,24,GNB,25,8,8,0,0,117.2,0,0,0,0,0,1,3,3,0,44,32,489,15.28,6,0,0,6,,,-60.5,130,KrafTu00
P1672,2025,152,Malik Washington,WR,53,MIA,24,17,6,0,0,116.7,0,0,0,0,0,17,110,6.47,1,65,46,317,6.89,3,1,1,5,,,-68.0,139,WashMa00
P1673,2025,153,Elic Ayomanor,WR,54,TEN,22,16,14,0,0,116.5,0,0,0,0,0,0,0,,0,89,41,515,12.56,4,0,0,4,,,-68.2,140,AyomEl00
P1198,2025,154,Cooper Kupp,WR,55,SEA,32,16,15,0,0,116.3,0,1,0,0,1,0,0,,0,70,47,593,12.62,2,1,1,2,1,,-68.4,141,KuppCo00
P1393,2025,155,J.K. Dobbins,RB,43,DEN,27,10,9,0,0,115.9,0,0,0,0,0,153,772,5.05,4,14,11,37,3.36,0,0,0,4,,,-69.9,143,DobbJK00
P1602,2025,156,Jayden Daniels,QB,34,WAS,25,7,7,0,0,114.3,114,188,1262,8,3,58,278,4.79,2,0,0,0,,0,3,2,2,,1,-172.6,242,DaniJa02
P1325,2025,157,Terry McLaurin,WR,56,WAS,30,10,10,0,0,114.2,0,0,0,0,0,0,0,,0,60,38,582,15.32,3,0,0,3,,,-70.5,144,McLaTe00
P1674,2025,158,Ryan Flournoy,WR,57,DAL,26,16,4,0,0,114.0,0,0,0,0,0,4,25,6.25,0,56,40,475,11.88,4,0,0,4,,,-70.7,145,FlouRy00
P1447,2025,159,Pat Freiermuth,TE,25,PIT,27,17,8,0,0,113.6,0,0,0,0,0,0,0,,0,54,41,486,11.85,4,0,0,4,,,-64.1,135,FreiPa00
P1494,2025,160,Mack Hollins,WR,58,NWE,32,15,13,0,0,113.4,0,0,0,0,0,1,4,4,0,65,46,550,11.96,2,1,0,2,,,-71.3,147,HollMa00
P1354,2025,161,T.J. Hockenson,TE,26,MIN,28,15,15,0,0,112.8,0,0,0,0,0,1,0,0,0,66,51,438,8.59,3,0,0,3,,,-64.9,136,HockTJ00
P1557,2025,162,Tyjae Spears,RB,44,TEN,24,13,1,0,0,111.7,0,0,0,0,0,72,283,3.93,2,50,45,264,5.87,0,0,0,2,,,-74.1,150,SpeaTy00
P1612,2025,163,Xavier Worthy,WR,59,KAN,22,14,13,0,0,109.9,0,0,0,0,0,11,87,7.91,0,73,42,532,12.67,1,0,0,1,,,-74.8,151,WortXa00
P1335,2025,164,Devin Singletary,RB,45,NYG,28,17,1,0,0,108.8,0,0,0,0,0,119,437,3.67,5,19,18,151,8.39,0,0,0,5,,1,-77.0,153,SingDe00
P1544,2025,165,Sam LaPorta,TE,27,DET,24,9,9,0,0,106.9,0,0,0,0,0,0,0,,0,49,40,489,12.23,3,0,0,3,,,-70.8,146,LaPoSa01
P1355,2025,166,Dawson Knox,TE,28,BUF,29,17,12,0,0,103.7,0,0,0,0,0,0,0,,0,49,36,417,11.58,4,0,0,4,1,,-74.0,149,KnoxDa00
P1047,2025,167,Kirk Cousins,QB,35,ATL,37,10,8,0,0,103.5,166,269,1721,10,5,14,7,0.5,1,0,0,0,,0,3,1,1,,,-183.4,243,CousKi00
P1200,2025,168,Evan Engram,TE,29,DEN,31,16,2,0,0,102.8,0,0,0,0,0,1,7,7,0,76,50,461,9.22,1,0,0,1,,,-74.9,152,EngrEv00
P1624,2025,169,Keon Coleman,WR,60,BUF,22,13,6,0,0,102.4,0,0,0,0,0,0,0,,0,59,38,404,10.63,4,1,1,4,1,,-82.3,155,ColeKe02
P1191,2025,170,Alvin Kamara,RB,46,NOR,30,11,11,0,0,100.7,0,0,0,0,0,131,471,3.6,1,39,33,186,5.64,0,2,2,1,,,-85.1,158,KamaAl00
P1627,2025,171,Jalen Nailor,WR,61,MIN,26,17,8,0,0,100.7,0,0,0,0,0,2,13,6.5,0,53,29,444,15.31,4,0,0,4,1,,-84.0,156,NailJa00
P1374,2025,172,Ty Johnson,RB,47,BUF,28,17,0,0,0,100.3,0,0,0,0,0,50,200,4,3,33,24,263,10.96,2,1,0,5,,,-85.5,160,JohnTy02
P1485,2025,173,Garrett Wilson,WR,62,NYJ,25,7,7,0,0,99.5,0,0,0,0,0,0,0,,0,59,36,395,10.97,4,1,0,4,,,-85.2,159,WilsGa00
P1641,2025,174,Spencer Rattler,QB,36,NOR,25,9,8,0,0,99.1,174,257,1586,8,5,31,167,5.39,0,2,1,0,0,0,4,2,0,,,-187.8,244,RattSp00
P1444,2025,175,Michael Carter,RB,48,ARI,26,13,5,0,0,99.0,0,0,0,0,0,92,333,3.62,1,45,33,267,8.09,0,0,0,1,,,-86.8,164,CartMi03
P1331,2025,176,Darius Slayton,WR,63,NYG,28,14,12,0,0,98.8,0,0,0,0,0,0,0,,0,63,37,538,14.54,1,1,1,1,2,,-85.9,161,SlayDa01
P1675,2025,177,Xavier Hutchinson,WR,64,HOU,25,17,6,0,0,98.0,0,0,0,0,0,3,22,7.33,0,57,35,428,12.23,3,0,0,3,,,-86.7,163,HutcXa00
P1567,2025,178,DeMario Douglas,WR,65,NWE,25,17,0,0,0,95.8,0,0,0,0,0,7,21,3,0,46,31,447,14.42,3,0,0,3,,,-88.9,166,DougDe00
P1629,2025,179,Emanuel Wilson,RB,49,GNB,26,17,2,0,0,94.5,0,0,0,0,0,125,496,3.97,3,17,15,99,6.6,0,1,0,3,1,,-91.3,168,WilsEm00
P1676,2025,180,Jake Tonges,TE,30,SFO,26,17,2,0,0,93.3,0,0,0,0,0,0,0,,0,46,34,293,8.62,5,0,0,5,,,-84.4,157,TongJa00
P1590,2025,181,Marvin Mims,WR,66,DEN,23,15,4,0,0,93.0,0,0,0,0,0,12,78,6.5,1,51,37,322,8.7,1,2,1,3,,,-91.7,170,MimsMa00
P1536,2025,182,Zonovan Knight,RB,50,ARI,24,12,8,0,0,92.9,0,0,0,0,0,82,269,3.28,4,31,22,160,7.27,1,1,1,5,,,-92.9,174,KnigZo00
P1677,2025,183,Tez Johnson,WR,67,TAM,23,16,8,0,0,92.4,0,0,0,0,0,7,22,3.14,0,44,28,322,11.5,5,0,0,5,,,-92.3,171,JohnTe03
P1277,2025,184,Kendrick Bourne,WR,68,SFO,30,16,8,0,0,92.1,0,0,0,0,0,0,0,,0,53,37,551,14.89,0,0,0,0,,,-92.6,173,BourKe00
P1678,2025,185,Chris Rodriguez,RB,51,WAS,25,13,7,0,0,92.0,0,0,0,0,0,112,500,4.46,6,4,3,30,10,0,0,0,6,,,-93.8,175,RodrCh00
P1679,2025,186,Gunnar Helm,TE,31,TEN,23,16,10,0,0,91.7,0,0,0,0,0,0,0,,0,55,44,357,8.11,2,0,0,2,,,-86.0,162,HelmGu00
P1638,2025,187,Sean Tucker,RB,52,TAM,24,17,0,0,0,91.4,0,0,0,0,0,86,320,3.72,7,11,8,34,4.25,1,2,0,8,,,-94.4,177,TuckSe00
P1632,2025,188,Jalen Coker,WR,69,CAR,24,11,3,0,0,90.4,0,0,0,0,0,0,0,,0,43,33,394,11.94,3,1,1,3,1,,-94.3,176,CokeJa01
P1620,2025,189,Andrei Iosivas,WR,70,CIN,26,17,9,0,0,89.9,0,0,0,0,0,3,14,4.67,0,58,33,435,13.18,2,0,0,2,,,-94.8,178,IosiAn00
P1618,2025,190,Xavier Legette,WR,71,CAR,24,15,12,0,0,89.3,0,0,0,0,0,1,0,0,0,64,35,363,10.37,3,1,0,3,,,-95.4,179,LegeXa00
P1680,2025,191,Mason Taylor,TE,32,NYJ,21,13,11,0,0,88.9,0,0,0,0,0,0,0,,0,65,44,369,8.39,1,0,0,1,1,,-88.8,165,TaylMa02
P1321,2025,192,Darren Waller,TE,33,MIA,33,9,3,0,0,88.7,0,0,0,0,0,1,4,4,0,34,24,283,11.79,6,0,0,6,,,-89.0,167,WallDa01
P1681,2025,193,Bhayshul Tuten,RB,53,JAX,22,15,0,0,0,88.6,0,0,0,0,0,83,307,3.7,5,14,10,79,7.9,2,2,1,7,,,-97.2,182,TuteBh00
P1631,2025,194,Ricky Pearsall,WR,72,SFO,25,9,9,0,0,88.6,0,0,0,0,0,2,-2,-1,0,53,36,528,14.67,0,0,0,0,,,-96.1,180,PearRi00
P1261,2025,195,Nick Chubb,RB,54,HOU,30,15,9,0,0,88.3,0,0,0,0,0,122,506,4.15,3,20,13,67,5.15,0,0,0,3,,,-97.5,183,ChubNi00
P1682,2025,196,Adonai Mitchell,WR,73,2TM,23,16,5,0,0,87.9,0,0,0,0,0,1,-4,-4,0,74,33,453,13.73,2,1,1,2,,,-96.8,181,MitcAd00
P1683,2025,197,Dylan Sampson,RB,55,CLE,21,15,2,0,0,87.6,0,0,0,0,0,65,175,2.69,0,40,33,271,8.21,2,1,1,2,,,-98.2,184,SampDy00
P1498,2025,198,Isiah Pacheco,RB,56,KAN,26,13,12,0,0,87.3,0,0,0,0,0,118,462,3.92,1,26,19,101,5.32,1,0,0,2,,,-98.5,186,PachIs00
P1223,2025,199,David Njoku,TE,34,CLE,29,12,11,0,0,86.3,0,0,0,0,0,0,0,,0,48,33,293,8.88,4,0,0,4,,,-91.4,169,NjokDa00
P1621,2025,200,Calvin Austin III,WR,74,PIT,26,14,7,0,0,86.2,0,0,0,0,0,0,0,,0,55,31,372,12,3,0,0,3,,,-98.5,185,AustCa00
P1312,2025,201,Jonnu Smith,TE,35,PIT,30,17,7,0,0,85.2,0,0,0,0,0,9,70,7.78,1,54,38,222,5.84,2,1,0,3,,,-92.5,172,SmitJo01
P1684,2025,202,Shedeur Sanders,QB,37,CLE,23,8,7,1,0,84.9,120,212,1400,7,10,21,169,8.05,1,0,0,0,,0,2,1,1,,,-202.0,245,SandSh00
P1008,2025,203,Mike Evans,WR,75,TAM,32,8,8,0,0,84.8,0,0,0,0,0,0,0,,0,62,30,368,12.27,3,0,0,3,,,-99.9,188,EvanMi00
P1468,2025,204,Olamide Zaccheaus,WR,76,CHI,28,16,5,0,0,84.8,0,0,0,0,0,4,25,6.25,0,65,39,313,8.03,2,0,0,2,,,-99.9,189,ZaccOl01
P1599,2025,205,KaVontae Turpin,WR,77,DAL,29,15,2,1,0,84.5,0,0,0,0,0,17,89,5.24,0,38,26,396,15.23,2,1,1,2,,,-100.2,191,TurpKa00
P1225,2025,206,Chris Godwin,WR,78,TAM,29,9,6,0,0,83.0,0,0,0,0,0,0,0,,0,51,33,360,10.91,2,0,0,2,1,,-101.7,192,GodwCh00
P1398,2025,207,Darnell Mooney,WR,79,ATL,28,15,15,0,0,82.3,0,0,0,0,0,0,0,,0,72,32,443,13.84,1,2,0,1,,,-102.4,193,MoonDa00
P1144,2025,208,Sterling Shepard,WR,80,TAM,32,13,2,0,0,82.0,0,0,0,0,0,4,19,4.75,0,53,39,371,9.51,1,1,1,1,,,-102.7,194,ShepSt00
P1527,2025,209,Tyquan Thornton,WR,81,KAN,25,14,4,0,0,80.8,0,0,0,0,0,0,0,,0,37,19,438,23.05,3,0,0,3,,,-103.9,197,ThorTy00
P1456,2025,210,Cole Kmet,TE,36,CHI,26,16,15,0,0,78.7,0,1,0,0,0,0,0,,0,48,30,347,11.57,2,0,0,2,1,,-99.0,187,KmetCo00
P1213,2025,211,Samaje Perine,RB,57,CIN,30,15,2,0,0,77.9,0,0,0,0,0,84,382,4.55,3,21,17,87,5.12,0,3,2,3,,,-107.9,201,PeriSa00
P1318,2025,212,Kyler Murray,QB,38,ARI,28,5,5,0,0,77.8,110,161,962,6,3,29,173,5.97,1,0,0,0,,0,1,1,1,,,-209.1,246,MurrKy00
P1685,2025,213,Isaac TeSlaa,WR,82,DET,23,17,3,0,0,75.9,0,0,0,0,0,0,0,,0,27,16,239,14.94,6,0,0,6,,,-108.8,202,TeSlIs00
P1563,2025,214,Dontayvion Wicks,WR,83,GNB,24,14,7,0,0,75.8,0,0,0,0,0,1,6,6,0,46,30,332,11.07,2,0,0,2,,,-108.9,203,WickDo00
P1503,2025,215,Greg Dortch,WR,84,ARI,27,12,3,0,0,75.1,0,0,0,0,0,7,15,2.14,1,33,29,206,7.1,3,1,0,4,,,-109.6,205,DortGr01
P1341,2025,216,Noah Fant,TE,37,CIN,28,15,7,0,0,74.8,0,0,0,0,0,0,0,,0,41,34,288,8.47,3,3,3,3,,,-102.9,195,FantNo00
P1686,2025,217,Pat Bryant,WR,85,DEN,23,15,7,0,0,74.8,0,0,0,0,0,0,0,,0,49,31,378,12.19,1,0,0,1,,,-109.9,206,BryaPa00
P1589,2025,218,Michael Mayer,TE,38,LVR,24,13,12,0,0,73.8,0,0,0,0,0,0,0,,0,50,35,328,9.37,1,1,0,1,,,-103.9,196,MayeMi00
P1197,2025,219,JuJu Smith-Schuster,WR,86,KAN,29,17,12,0,0,73.5,0,0,0,0,0,0,0,,0,45,33,345,10.45,1,0,0,1,,,-111.2,207,SmitJu00
P1687,2025,220,Darnell Washington,TE,39,PIT,24,16,13,0,0,73.4,0,0,0,0,0,0,0,,0,43,31,364,11.74,1,2,1,1,1,,-104.3,198,WashDa03
P1084,2025,221,Tyler Lockett,WR,87,2TM,33,17,2,0,0,73.1,0,0,0,0,0,0,0,,0,55,32,291,9.09,1,0,0,2,,,-111.6,208,LockTy00
P1479,2025,222,Jeremy McNichols,RB,58,WAS,30,17,1,0,0,72.7,0,0,0,0,0,44,221,5.02,1,31,25,196,7.84,0,1,1,1,1,,-113.1,211,McNiJe00
P1688,2025,223,John Metchie,WR,88,2TM,25,16,7,0,0,71.9,0,0,0,0,0,3,-5,-1.67,0,48,33,274,8.3,2,0,0,2,,,-112.8,209,MetcJo00
P1689,2025,224,Isaiah Davis,RB,59,NYJ,23,16,0,0,0,71.2,0,0,0,0,0,43,236,5.49,1,28,21,186,8.86,0,0,0,1,1,,-114.6,213,DaviIs00
P1249,2025,225,Tyler Higbee,TE,40,LAR,32,10,8,0,0,71.1,0,0,0,0,0,0,0,,0,36,25,281,11.24,3,0,0,3,,,-106.6,199,HigbTy00
P1337,2025,226,Mike Gesicki,TE,41,CIN,30,13,2,0,0,70.7,0,0,0,0,0,0,0,,0,42,28,307,10.96,2,0,0,2,,,-107.0,200,GesiMi00
P1140,2025,227,Carson Wentz,QB,39,MIN,33,5,5,0,0,70.3,110,169,1216,6,5,11,57,5.18,0,0,0,0,,0,3,0,0,,1,-216.6,247,WentCa00
P1690,2025,228,Dillon Gabriel,QB,40,CLE,25,10,6,0,0,70.1,110,185,937,7,2,14,86,6.14,0,0,0,0,,0,0,0,0,,,-216.8,248,GabrDi00
P1691,2025,229,Matthew Golden,WR,89,GNB,22,14,5,0,0,70.0,0,0,0,0,0,10,49,4.9,0,44,29,361,12.45,0,0,0,0,,,-114.7,214,GoldMa02
P1440,2025,230,Van Jefferson,WR,90,TEN,29,16,7,0,0,70.0,0,0,0,0,0,0,0,,0,52,29,350,12.07,1,0,0,1,,,-114.7,215,JeffVa00
P1692,2025,231,Tre Harris,WR,91,LAC,23,17,10,0,0,69.4,0,0,0,0,0,2,10,5,0,43,30,324,10.8,1,0,0,1,,,-115.3,218,HarrTr03
P1443,2025,232,Davis Mills,QB,41,HOU,27,6,3,0,0,68.6,91,159,915,5,1,13,60,4.62,1,0,0,0,,0,1,0,1,,1,-218.3,249,MillDa02
P1693,2025,233,Jaylin Noel,WR,92,HOU,23,17,3,0,0,68.4,0,0,0,0,0,6,12,2,0,35,26,292,11.23,2,0,0,2,,,-116.3,220,NoelJa00
P0968,2025,234,DeAndre Hopkins,WR,93,BAL,33,17,3,0,0,67.0,0,0,0,0,0,0,0,,0,39,22,330,15,2,0,0,2,,,-117.7,221,HopkDe00
P1452,2025,235,Kalif Raymond,WR,94,DET,31,15,3,0,0,66.8,0,0,0,0,0,2,19,9.5,0,30,24,289,12.04,1,0,0,2,,,-117.9,222,RaymKa00
P1626,2025,236,Devaughn Vele,WR,95,NOR,28,13,7,0,0,66.3,0,0,0,0,0,0,0,,0,39,25,293,11.72,2,0,0,2,,,-118.4,224,VeleDe00
P1566,2025,237,Justice Hill,RB,60,BAL,28,10,0,0,0,65.2,0,0,0,0,0,18,93,5.17,2,27,21,169,8.05,1,1,0,3,,,-120.6,226,HillJu00
P1694,2025,238,Tory Horton,WR,96,SEA,23,8,3,0,0,65.1,0,0,0,0,0,0,0,,0,22,13,161,12.38,5,0,0,6,,,-119.6,225,HortTo00
P1622,2025,239,Ray Davis,RB,61,BUF,26,17,0,0,1,64.1,0,0,0,0,0,58,275,4.74,0,13,10,86,8.6,2,0,0,3,,,-121.7,228,DaviRa04
P1597,2025,240,Tommy Tremble,TE,42,CAR,25,17,16,0,0,63.9,0,0,0,0,0,0,0,,0,37,27,249,9.22,2,0,0,2,,,-113.8,212,TremTo00
P1695,2025,241,Travis Hunter,WR,97,JAX,22,7,4,0,0,63.8,0,0,0,0,0,1,0,0,0,45,28,298,10.64,1,1,0,1,,,-120.9,227,HuntTr00
P1696,2025,242,Brashard Smith,RB,62,KAN,22,17,1,0,0,63.3,0,0,0,0,0,44,151,3.43,0,35,25,172,6.88,1,1,0,1,,,-122.5,229,SmitBr09
P1697,2025,243,Davis Allen,TE,43,LAR,24,17,5,0,0,62.8,0,0,0,0,0,0,0,,0,33,24,208,8.67,3,0,0,3,,,-114.9,216,AlleDa02
P1517,2025,244,Greg Dulcich,TE,44,MIA,25,10,3,0,0,62.8,0,0,0,0,0,1,-7,-7,0,33,26,335,12.88,1,1,1,1,,,-114.9,217,DulcGr00
P1504,2025,245,Brian Robinson Jr.,RB,63,SFO,26,17,0,0,0,62.5,0,0,0,0,0,92,400,4.35,2,12,8,25,3.13,0,0,0,2,,,-123.3,230,RobiBr01
P1515,2025,246,Isaiah Likely,TE,45,BAL,25,14,7,0,0,61.7,0,0,0,0,0,0,0,,0,36,27,307,11.37,1,2,1,1,,,-116.0,219,LikeIs00
P1635,2025,247,Cedric Tillman,WR,98,CLE,25,13,10,0,0,60.0,0,0,0,0,0,0,0,,0,39,21,270,12.86,2,0,0,2,,,-124.7,231,TillCe01
P1698,2025,248,Devin Neal,RB,64,NOR,22,10,3,0,0,60.0,0,0,0,0,0,57,206,3.61,2,19,17,104,6.12,0,0,0,2,,,-125.8,232,NealDe00
P1522,2025,249,Daniel Bellinger,TE,46,NYG,25,16,10,0,0,59.6,0,0,0,0,0,0,0,,0,26,19,286,15.05,2,0,0,2,,,-118.1,223,BellDa00
P1077,2025,250,Tyrod Taylor,QB,42,NYJ,36,6,4,0,0,59.5,80,134,779,5,5,27,143,5.3,1,0,0,0,,0,1,1,1,,,-227.4,250,TaylTy00
