pid,season,rk,player,pos,team,age,g,gs,ppr,ppg,season_games,games_missed,next_rk,next_g,next_ppr,next_ppg,next_games_missed,made_next
P0001,2000,1,Marshall Faulk,RB,STL,27,14,14,459.9,32.85,16,2,1.0,14.0,419.7,29.98,2.0,True
P0002,2000,2,Edgerrin James,RB,IND,22,16,16,395.3,24.71,16,0,117.0,6.0,125.5,20.92,10.0,True
P0003,2000,3,Jeff Garcia,QB,SFO,30,16,16,340.5,21.28,16,0,8.0,16.0,298.9,18.68,0.0,True
P0004,2000,4,Daunte Culpepper,QB,MIN,23,16,16,338.5,21.16,16,0,55.0,11.0,201.1,18.28,5.0,True
P0005,2000,5,Eddie George,RB,TEN,27,16,16,334.2,20.89,16,0,75.0,16.0,176.8,11.05,0.0,True
P0006,2000,6,Marvin Harrison,WR,IND,28,16,16,327.3,20.46,16,0,2.0,16.0,351.7,21.98,0.0,True
P0007,2000,7,Rod Smith,WR,DEN,30,16,16,322.1,20.13,16,0,6.0,15.0,318.0,21.2,1.0,True
P0008,2000,8,Terrell Owens,WR,SFO,27,14,13,321.2,22.94,16,2,4.0,16.0,332.3,20.77,0.0,True
P0009,2000,9,Ahman Green,RB,GNB,23,16,11,316.4,19.77,16,0,5.0,16.0,318.1,19.88,0.0,True
P0010,2000,10,Randy Moss,WR,MIN,23,16,16,313.2,19.58,16,0,13.0,16.0,270.3,16.89,0.0,True
P0011,2000,11,Curtis Martin,RB,NYJ,27,16,16,307.9,19.24,16,0,10.0,16.0,297.0,18.56,0.0,True
P0012,2000,12,Charlie Garner,RB,SFO,28,16,15,300.9,18.81,16,0,36.0,16.0,227.7,14.23,0.0,True
P0013,2000,13,Ricky Watters,RB,SEA,31,16,16,298.5,18.66,16,0,204.0,5.0,59.5,11.9,11.0,True
P0014,2000,14,Rich Gannon,QB,OAK,35,16,16,296.1,18.51,16,0,17.0,16.0,266.2,16.64,0.0,True
P0015,2000,15,Peyton Manning,QB,IND,24,16,16,294.1,18.38,16,0,21.0,16.0,260.9,16.31,0.0,True
P0016,2000,16,Tiki Barber,RB,NYG,25,16,12,290.5,18.16,16,0,32.0,14.0,238.2,17.01,2.0,True
P0017,2000,17,Ed McCaffrey,WR,DEN,32,16,16,288.7,18.04,16,0,,,,,,False
P0018,2000,18,Donovan McNabb,QB,PHI,24,16,16,288.0,18.0,16,0,22.0,16.0,259.5,16.22,0.0,True
P0019,2000,19,Isaac Bruce,WR,STL,28,16,16,287.2,17.95,16,0,47.0,16.0,208.9,13.06,0.0,True
P0020,2000,20,Derrick Alexander,WR,KAN,29,16,16,281.6,17.6,16,0,153.0,13.0,93.6,7.2,3.0,True
P0021,2000,21,Robert Smith,RB,MIN,28,16,16,280.9,17.56,16,0,,,,,,False
P0022,2000,22,Fred Taylor,RB,JAX,24,13,13,279.9,21.53,16,3,,,,,,False
P0023,2000,23,Torry Holt,WR,STL,24,16,15,278.2,17.39,16,0,24.0,16.0,259.3,16.21,0.0,True
P0024,2000,24,Joe Horn,WR,NOR,28,16,16,277.0,17.31,16,0,20.0,16.0,263.9,16.49,0.0,True
P0025,2000,25,Cris Carter,WR,MIN,35,16,16,275.4,17.21,16,0,63.0,16.0,192.5,12.03,0.0,True
P0026,2000,26,Mike Anderson,RB,DEN,27,16,12,272.6,17.04,16,0,141.0,16.0,104.4,6.52,0.0,True
P0027,2000,27,Tony Gonzalez,TE,KAN,24,16,16,267.3,16.71,16,0,51.0,16.0,205.2,12.82,0.0,True
P0028,2000,28,Elvis Grbac,QB,KAN,30,15,15,261.8,17.45,16,1,97.0,14.0,143.1,10.22,2.0,True
P0029,2000,29,Jimmy Smith,WR,JAX,31,15,14,260.3,17.35,16,1,11.0,16.0,297.0,18.56,0.0,True
P0030,2000,30,Eric Moulds,WR,BUF,27,16,16,259.0,16.19,16,0,67.0,16.0,187.7,11.73,0.0,True
P0031,2000,31,Muhsin Muhammad,WR,CAR,27,16,16,257.5,16.09,16,0,131.0,11.0,112.5,10.23,5.0,True
P0032,2000,32,Tim Brown,WR,OAK,34,16,16,256.0,16.0,16,0,15.0,16.0,269.4,16.84,0.0,True
P0033,2000,33,Lamar Smith,RB,MIA,30,15,15,255.0,17.0,16,1,66.0,16.0,188.2,11.76,0.0,True
P0034,2000,34,Stephen Davis,FB,WAS,26,15,15,254.1,16.94,16,1,43.0,16.0,217.7,13.61,0.0,True
P0035,2000,35,Warrick Dunn,RB,TAM,25,16,14,251.5,15.72,16,0,56.0,13.0,200.4,15.42,3.0,True
P0036,2000,36,James Stewart,RB,DET,29,16,16,245.1,15.32,16,0,115.0,11.0,127.7,11.61,5.0,True
P0037,2000,37,Amani Toomer,WR,NYG,26,16,14,242.5,15.16,16,0,48.0,16.0,208.2,13.01,0.0,True
P0038,2000,38,Keenan McCardell,WR,JAX,30,16,16,238.7,14.92,16,0,31.0,16.0,240.0,15.0,0.0,True
P0039,2000,39,Ricky Williams,RB,NOR,23,10,10,234.3,23.43,16,6,18.0,16.0,265.6,16.6,0.0,True
P0040,2000,40,Michael Pittman,RB,ARI,25,16,12,232.8,14.55,16,0,73.0,15.0,179.0,11.93,1.0,True
P0041,2000,41,David Boston,WR,ARI,22,16,16,227.5,14.22,16,0,7.0,16.0,307.3,19.21,0.0,True
P0042,2000,42,Mark Brunell,QB,JAX,30,16,16,227.2,14.2,16,0,50.0,15.0,206.8,13.79,1.0,True
P0043,2000,43,Jamal Lewis,RB,BAL,21,16,13,227.0,14.19,16,0,,,,,,False
P0044,2000,44,Shaun King,QB,TAM,23,16,16,222.1,13.88,16,0,,,,,,False
P0045,2000,45,Terry Glenn,WR,NWE,26,16,16,215.2,13.45,16,0,,,,,,False
P0046,2000,46,Kerry Collins,QB,NYG,28,16,16,214.9,13.43,16,0,65.0,16.0,190.7,11.92,0.0,True
P0047,2000,47,Corey Dillon,RB,CIN,26,16,16,213.3,13.33,16,0,25.0,16.0,258.3,16.14,0.0,True
P0048,2000,48,Jamal Anderson,RB,ATL,28,16,16,212.6,13.29,16,0,246.0,3.0,43.1,14.37,13.0,True
P0049,2000,49,Wayne Chrebet,WR,NYJ,27,16,16,210.4,13.15,16,0,108.0,15.0,137.0,9.13,1.0,True
P0050,2000,50,Troy Brown,WR,NWE,29,16,15,208.0,13.0,16,0,14.0,16.0,270.0,16.88,0.0,True
P0051,2000,51,Tony Richardson,FB,KAN,29,16,16,206.5,12.91,16,0,127.0,14.0,117.6,8.4,2.0,True
P0052,2000,52,Antonio Freeman,WR,GNB,28,15,15,205.7,13.71,16,1,76.0,16.0,171.3,10.71,0.0,True
P0053,2000,53,Brett Favre,QB,GNB,31,16,16,205.3,12.83,16,0,26.0,16.0,256.4,16.02,0.0,True
P0054,2000,54,Keyshawn Johnson,WR,TAM,28,16,16,202.9,12.68,16,0,33.0,15.0,236.6,15.77,1.0,True
P0055,2000,55,Jerome Bettis,RB,PIT,28,16,16,202.8,12.68,16,0,92.0,11.0,149.3,13.57,5.0,True
P0056,2000,56,Tyrone Wheatley,RB,OAK,28,14,13,194.2,13.87,16,2,174.0,11.0,79.7,7.25,5.0,True
P0057,2000,57,Drew Bledsoe,QB,NWE,28,16,16,193.4,12.09,16,0,,,,,,False
P0058,2000,58,Jerry Rice,WR,SFO,38,16,16,193.3,12.08,16,0,28.0,16.0,250.9,15.68,0.0,True
P0059,2000,59,Steve Beuerlein,QB,CAR,35,16,16,191.8,11.99,16,0,,,,,,False
P0060,2000,60,James Allen,RB,CHI,25,16,15,190.1,11.88,16,0,136.0,16.0,109.2,6.82,0.0,True
P0061,2000,61,Kurt Warner,QB,STL,29,11,11,188.9,17.17,16,5,12.0,16.0,293.2,18.32,0.0,True
P0062,2000,62,Derrick Mason,WR,TEN,26,16,10,188.6,11.79,16,0,30.0,15.0,245.8,16.39,1.0,True
P0063,2000,63,Bill Schroeder,WR,GNB,29,16,16,188.0,11.75,16,0,57.0,14.0,199.4,14.24,2.0,True
P0064,2000,64,Brian Griese,QB,DEN,25,10,10,187.7,18.77,16,6,62.0,15.0,192.8,12.85,1.0,True
P0065,2000,65,Richie Anderson,FB,NYJ,29,16,10,187.6,11.72,16,0,167.0,16.0,85.4,5.34,0.0,True
P0066,2000,66,Ike Hilliard,WR,NYG,24,14,14,183.6,13.11,16,2,85.0,14.0,156.0,11.14,2.0,True
P0067,2000,67,Emmitt Smith,RB,DAL,31,16,16,183.2,11.45,16,0,94.0,14.0,146.7,10.48,2.0,True
P0068,2000,68,Vinny Testaverde,QB,NYJ,37,16,16,182.5,11.41,16,0,100.0,16.0,140.6,8.79,0.0,True
P0069,2000,69,Kordell Stewart,QB,PIT,28,16,11,182.0,11.38,16,0,34.0,16.0,236.1,14.76,0.0,True
P0070,2000,70,Steve McNair,QB,TEN,27,16,15,180.2,11.26,16,0,19.0,15.0,265.4,17.69,1.0,True
P0071,2000,71,Kevin Faulk,RB,NWE,24,16,9,178.5,11.16,16,0,168.0,15.0,82.7,5.51,1.0,True
P0072,2000,72,Shannon Sharpe,TE,BAL,32,16,15,178.0,11.12,16,0,81.0,16.0,164.1,10.26,0.0,True
P0073,2000,73,Donald Hayes,WR,CAR,25,15,15,174.6,11.64,16,1,119.0,16.0,123.7,7.73,0.0,True
P0074,2000,74,Freddie Jones,TE,SDG,26,16,16,173.6,10.85,16,0,149.0,14.0,97.8,6.99,2.0,True
P0075,2000,75,Oronde Gadsden,WR,MIA,29,16,16,170.6,10.66,16,0,101.0,14.0,140.4,10.03,2.0,True
P0076,2000,76,Larry Centers,FB,WAS,32,15,6,169.3,11.29,16,1,72.0,16.0,180.0,11.25,0.0,True
P0077,2000,77,Jeff Graham,WR,SDG,31,14,13,167.7,11.98,16,2,83.0,14.0,161.1,11.51,2.0,True
P0078,2000,78,Sean Dawkins,WR,SEA,29,16,16,166.1,10.38,16,0,245.0,16.0,43.4,2.71,0.0,True
P0079,2000,79,Peter Warrick,WR,CIN,23,16,16,165.0,10.31,16,0,102.0,16.0,140.1,8.76,0.0,True
P0080,2000,80,Frank Sanders,WR,ARI,27,16,16,164.9,10.31,16,0,130.0,15.0,112.8,7.52,1.0,True
P0081,2000,81,Charles Johnson,WR,PHI,28,16,16,164.0,10.25,16,0,,,,,,False
P0082,2000,82,Chad Lewis,TE,PHI,29,16,16,160.5,10.03,16,0,124.0,15.0,119.2,7.95,1.0,True
P0083,2000,83,Johnnie Morton,WR,DET,29,16,16,160.3,10.02,16,0,45.0,16.0,215.0,13.44,0.0,True
P0084,2000,84,Frank Wycheck,TE,TEN,29,16,16,157.7,9.86,16,0,88.0,16.0,152.1,9.51,0.0,True
P0085,2000,85,Marcus Robinson,WR,CHI,25,11,11,157.7,14.34,16,5,199.0,5.0,61.9,12.38,11.0,True
P0086,2000,86,Curtis Conway,WR,SDG,29,14,14,157.3,11.24,16,2,35.0,16.0,235.1,14.69,0.0,True
P0087,2000,87,Kyle Brady,TE,JAX,28,16,15,156.9,9.81,16,0,165.0,16.0,86.6,5.41,0.0,True
P0088,2000,88,Darrell Jackson,WR,SEA,22,16,9,156.2,9.76,16,0,37.0,16.0,227.0,14.19,0.0,True
P0089,2000,89,James McKnight,WR,DAL,28,16,15,154.6,9.66,16,0,99.0,16.0,141.3,8.83,0.0,True
P0090,2000,90,Shawn Jefferson,WR,ATL,31,16,14,154.3,9.64,16,0,140.0,16.0,104.9,6.56,0.0,True
P0091,2000,91,Travis Prentice,RB,CLE,24,16,11,153.3,9.58,16,0,,,,,,False
P0092,2000,92,Jay Fiedler,QB,MIA,29,15,15,152.8,10.19,16,1,42.0,16.0,221.7,13.86,0.0,True
P0093,2000,93,Dedric Ward,WR,NYJ,26,16,16,152.4,9.52,16,0,242.0,13.0,44.0,3.38,3.0,True
P0094,2000,94,Terance Mathis,WR,ATL,33,16,16,152.4,9.52,16,0,123.0,16.0,119.4,7.46,0.0,True
P0095,2000,95,Rob Johnson,QB,BUF,27,12,11,152.1,12.68,16,4,164.0,8.0,86.7,10.84,8.0,True
P0096,2000,96,Tim Biakabutuka,RB,CAR,26,12,11,148.8,12.4,16,4,222.0,5.0,51.1,10.22,11.0,True
P0097,2000,97,Az-Zahir Hakim,WR,STL,23,16,4,148.3,9.27,16,0,144.0,16.0,101.4,6.34,0.0,True
P0098,2000,98,Charlie Batch,QB,DET,26,15,15,147.5,9.83,16,1,125.0,10.0,118.2,11.82,6.0,True
P0099,2000,99,Jon Kitna,QB,SEA,28,15,12,147.0,9.8,16,1,103.0,16.0,139.9,8.74,0.0,True
P0100,2000,100,Trent Green,QB,STL,30,8,5,145.4,18.18,16,8,68.0,16.0,186.2,11.64,0.0,True
P0101,2000,101,Qadry Ismail,WR,BAL,30,15,13,144.5,9.63,16,1,41.0,16.0,221.9,13.87,0.0,True
P0102,2000,102,Peerless Price,WR,BUF,24,16,16,143.4,8.96,16,0,61.0,16.0,194.2,12.14,0.0,True
P0103,2000,103,Hines Ward,WR,PIT,24,16,15,142.5,8.91,16,0,38.0,16.0,224.6,14.04,0.0,True
P0104,2000,104,Terrell Fletcher,RB,SDG,27,16,6,141.9,8.87,16,0,225.0,13.0,50.1,3.85,3.0,True
P0105,2000,105,Jake Plummer,QB,ARI,26,14,14,140.1,10.01,16,2,53.0,16.0,202.4,12.65,0.0,True
P0106,2000,106,Jeff Blake,QB,NOR,30,11,11,139.3,12.66,16,5,,,,,,False
P0107,2000,107,Andre Rison,WR,OAK,33,16,0,137.6,8.6,16,0,,,,,,False
P0108,2000,108,Jacquez Green,WR,TAM,24,16,16,135.6,8.48,16,0,169.0,12.0,82.2,6.85,4.0,True
P0109,2000,109,James Thrash,WR,WAS,25,16,9,133.5,8.34,16,0,59.0,15.0,198.0,13.2,1.0,True
P0110,2000,110,Albert Connell,WR,WAS,26,16,12,133.2,8.32,16,0,244.0,11.0,43.7,3.97,5.0,True
P0111,2000,111,Jerome Pathon,WR,IND,25,16,10,132.9,8.31,16,0,186.0,4.0,68.2,17.05,12.0,True
P0112,2000,112,Shawn Bryson,RB,BUF,24,16,7,132.2,8.26,16,0,202.0,15.0,61.0,4.07,1.0,True
P0113,2000,113,Sammy Morris,RB,BUF,23,12,8,131.9,10.99,16,4,,,,,,False
P0114,2000,114,Eddie Kennison,WR,CHI,27,16,10,129.1,8.07,16,0,157.0,13.0,90.3,6.95,3.0,True
P0115,2000,115,Sylvester Morris,WR,KAN,23,15,14,129.0,8.6,16,1,,,,,,False
P0116,2000,116,Irving Fryar,WR,WAS,38,14,6,127.4,9.1,16,2,,,,,,False
P0117,2000,117,Bobby Shaw,WR,PIT,25,16,0,127.2,7.95,16,0,178.0,16.0,74.9,4.68,0.0,True
P0118,2000,118,Jeremy McDaniel,WR,BUF,24,16,6,124.7,7.79,16,0,,,,,,False
P0119,2000,119,Cade McNown,QB,CHI,23,10,9,124.4,12.44,16,6,,,,,,False
P0120,2000,120,Willie Jackson,WR,NOR,29,15,7,123.3,8.22,16,1,44.0,16.0,217.6,13.6,0.0,True
P0121,2000,121,Priest Holmes,RB,BAL,27,16,2,122.9,7.68,16,0,3.0,16.0,332.9,20.81,0.0,True
P0122,2000,122,Kevin Johnson,WR,CLE,24,16,16,122.8,7.68,16,0,29.0,16.0,247.7,15.48,0.0,True
P0123,2000,123,Brad Johnson,QB,WAS,32,12,11,120.0,10.0,16,4,60.0,16.0,196.2,12.26,0.0,True
P0124,2000,124,Ken Dilger,TE,IND,29,16,16,116.8,7.3,16,0,177.0,16.0,75.9,4.74,0.0,True
P0125,2000,125,Dwayne Carswell,TE,DEN,28,16,16,116.5,7.28,16,0,160.0,16.0,89.9,5.62,0.0,True
P0126,2000,126,Torrance Small,WR,PHI,30,14,14,115.0,8.21,16,2,,,,,,False
P0127,2000,127,Terrence Wilkins,WR,IND,25,14,7,112.7,8.05,16,2,181.0,11.0,71.2,6.47,5.0,True
P0128,2000,128,Doug Flutie,QB,BUF,38,11,5,112.1,10.19,16,5,70.0,16.0,183.8,11.49,0.0,True
P0129,2000,129,Aaron Brooks,QB,NOR,24,8,5,111.6,13.95,16,8,27.0,16.0,253.1,15.82,0.0,True
P0130,2000,130,Chris Chandler,QB,ATL,35,14,13,110.0,7.86,16,2,84.0,14.0,158.3,11.31,2.0,True
P0131,2000,131,Ron Dayne,RB,NYG,22,16,4,109.1,6.82,16,0,116.0,16.0,125.7,7.86,0.0,True
P0132,2000,132,Stephen Alexander,TE,WAS,25,16,16,108.0,6.75,16,0,,,,,,False
P0133,2000,133,Darnell Autry,RB,PHI,24,11,7,106.9,9.72,16,5,,,,,,False
P0134,2000,134,Chris Warren,RB,2TM,32,14,1,105.9,7.56,16,2,,,,,,False
P0135,2000,135,Marty Booker,WR,CHI,24,15,7,105.9,7.06,16,1,23.0,16.0,259.3,16.21,0.0,True
P0136,2000,136,Fred Beasley,FB,SFO,26,15,15,105.0,7.0,16,1,,,,,,False
P0137,2000,137,Leslie Shepherd,WR,MIA,31,13,11,103.9,7.99,16,3,,,,,,False
P0138,2000,138,J.J. Stokes,WR,SFO,28,16,3,103.0,6.44,16,0,86.0,16.0,154.5,9.66,0.0,True
P0139,2000,139,Randy Jordan,RB,OAK,30,16,0,102.2,6.39,16,0,,,,,,False
P0140,2000,140,Jackie Harris,TE,DAL,32,16,7,101.6,6.35,16,0,,,,,,False
P0141,2000,141,Herman Moore,WR,DET,31,15,11,101.4,6.76,16,1,,,,,,False
P0142,2000,142,Ricky Proehl,WR,STL,32,12,4,99.1,8.26,16,4,113.0,16.0,128.8,8.05,0.0,True
P0143,2000,143,Gus Frerotte,QB,DEN,29,10,6,97.4,9.74,16,6,,,,,,False
P0144,2000,144,David Patten,WR,CLE,26,14,11,96.6,6.9,16,2,79.0,16.0,167.0,10.44,0.0,True
P0145,2000,145,Germane Crowell,WR,DET,24,9,7,96.2,10.69,16,7,195.0,5.0,63.5,12.7,11.0,True
P0146,2000,146,Jay Riemersma,TE,BUF,27,12,12,96.2,8.02,16,4,112.0,16.0,130.0,8.12,0.0,True
P0147,2000,147,Thomas Jones,RB,ARI,22,14,4,96.1,6.86,16,2,143.0,16.0,102.1,6.38,0.0,True
P0148,2000,148,Mike Alstott,FB,TAM,27,13,13,94.8,7.29,16,3,64.0,16.0,192.1,12.01,0.0,True
P0149,2000,149,Marcus Pollard,TE,IND,28,16,14,93.9,5.87,16,0,77.0,16.0,168.9,10.56,0.0,True
P0150,2000,150,J.R. Redmond,RB,NWE,23,12,5,91.2,7.6,16,4,,,,,,False
P0151,2000,151,Trent Dilfer,QB,BAL,28,11,8,90.5,8.23,16,5,194.0,6.0,64.8,10.8,10.0,True
P0152,2000,152,Tim Dwight,WR,ATL,25,14,1,87.4,6.24,16,2,173.0,10.0,80.0,8.0,6.0,True
P0153,2000,153,Rickey Dudley,TE,OAK,28,16,16,87.3,5.46,16,0,,,,,,False
P0154,2000,154,Kevin Lockett,WR,KAN,26,16,2,87.2,5.45,16,0,215.0,16.0,54.5,3.41,0.0,True
P0155,2000,155,Tony Banks,QB,BAL,27,11,8,86.8,7.89,16,5,110.0,15.0,136.6,9.11,1.0,True
P0156,2000,156,Chris Sanders,WR,TEN,28,16,14,86.6,5.41,16,0,,,,,,False
P0157,2000,157,Wesley Walls,TE,CAR,34,8,8,85.2,10.65,16,8,126.0,14.0,118.2,8.44,2.0,True
P0158,2000,158,Dennis Northcutt,WR,CLE,23,15,8,84.5,5.63,16,1,,,,,,False
P0159,2000,159,Brandon Bennett,RB,CIN,27,16,0,84.2,5.26,16,0,207.0,16.0,58.2,3.64,0.0,True
P0160,2000,160,Greg Clark,TE,SFO,28,15,15,84.2,5.61,16,1,,,,,,False
P0161,2000,161,David Sloan,TE,DET,28,15,10,81.9,5.46,16,1,122.0,15.0,119.9,7.99,1.0,True
P0162,2000,162,Duce Staley,RB,PHI,25,5,5,81.5,16.3,16,11,49.0,13.0,208.0,16.0,3.0,True
P0163,2000,163,Napoleon Kaufman,RB,OAK,27,14,2,79.6,5.69,16,2,,,,,,False
P0164,2000,164,Desmond Clark,TE,DEN,23,16,2,78.9,4.93,16,0,96.0,16.0,143.6,8.98,0.0,True
P0165,2000,165,Bob Christian,FB,ATL,32,16,14,77.4,4.84,16,0,109.0,16.0,136.6,8.54,0.0,True
P0166,2000,166,Ryan Leaf,QB,SDG,24,11,9,76.7,6.97,16,5,,,,,,False
P0167,2000,167,Bubba Franks,TE,GNB,22,16,13,76.3,4.77,16,0,120.0,16.0,122.2,7.64,0.0,True
P0168,2000,168,Dave Moore,TE,TAM,31,16,16,75.8,4.74,16,0,163.0,16.0,87.5,5.47,0.0,True
P0169,2000,169,Reggie Kelly,TE,ATL,23,16,16,75.0,4.69,16,0,,,,,,False
P0170,2000,170,Itula Mili,TE,SEA,27,16,6,74.8,4.68,16,0,,,,,,False
P0171,2000,171,Tim Couch,QB,CLE,23,7,7,73.8,10.54,16,9,87.0,16.0,154.4,9.65,0.0,True
P0172,2000,172,Rocket Ismail,WR,DAL,31,9,9,73.3,8.14,16,7,90.0,14.0,151.5,10.82,2.0,True
P0173,2000,173,Jermaine Fazande,RB,SDG,25,13,7,73.2,5.63,16,3,,,,,,False
P0174,2000,174,Andrew Glover,TE,NOR,33,16,14,73.1,4.57,16,0,,,,,,False
P0175,2000,175,Wane McGarity,WR,DAL,24,14,0,72.9,5.21,16,2,,,,,,False
P0176,2000,176,Travis Taylor,WR,BAL,22,9,8,72.7,8.08,16,7,121.0,16.0,120.6,7.54,0.0,True
P0177,2000,177,Jeff George,QB,WAS,33,6,5,72.0,12.0,16,10,,,,,,False
P0178,2000,178,Zack Crockett,FB,OAK,28,16,4,71.2,4.45,16,0,218.0,16.0,51.5,3.22,0.0,True
P0179,2000,179,Dorsey Levens,RB,GNB,30,5,5,71.0,14.2,16,11,198.0,15.0,62.4,4.16,1.0,True
P0180,2000,180,Stanley Pritchett,FB,PHI,27,16,2,70.8,4.42,16,0,,,,,,False
P0181,2000,181,Aaron Shea,TE,CLE,24,15,8,70.2,4.68,16,1,,,,,,False
P0182,2000,182,Brian Mitchell,RB,PHI,32,16,1,69.4,4.34,16,0,,,,,,False
P0183,2000,183,Laveranues Coles,WR,NYJ,23,13,3,68.5,5.27,16,3,58.0,16.0,198.6,12.41,0.0,True
P0184,2000,184,Kimble Anders,FB,KAN,34,15,7,67.7,4.51,16,1,,,,,,False
P0185,2000,185,James Jett,WR,OAK,30,16,13,67.6,4.22,16,0,,,,,,False
P0186,2000,186,Greg Comella,FB,NYG,25,16,12,65.9,4.12,16,0,180.0,16.0,71.8,4.49,0.0,True
P0187,2000,187,Tony Martin,WR,MIA,35,10,5,65.3,6.53,16,6,135.0,11.0,109.8,9.98,5.0,True
P0188,2000,188,Jim Harbaugh,QB,SDG,37,7,5,65.0,9.29,16,9,,,,,,False
P0189,2000,189,Randall Cunningham,QB,DAL,37,6,3,64.9,10.82,16,10,247.0,6.0,42.9,7.15,10.0,True
P0190,2000,190,Troy Aikman,QB,DAL,34,11,11,64.6,5.87,16,5,,,,,,False
P0191,2000,191,Justin Watson,RB,STL,25,14,2,64.5,4.61,16,2,,,,,,False
P0192,2000,192,Antowain Smith,RB,BUF,28,11,3,64.4,5.85,16,5,40.0,16.0,223.9,13.99,0.0,True
P0193,2000,193,William Henderson,FB,GNB,29,16,6,64.0,4.0,16,0,250.0,16.0,41.4,2.59,0.0,True
P0194,2000,194,Christian Fauria,TE,SEA,29,15,10,63.7,4.25,16,1,238.0,16.0,45.8,2.86,0.0,True
P0195,2000,195,Chad Morton,RB,NOR,23,16,3,62.9,3.93,16,0,,,,,,False
P0196,2000,196,Tony McGee,TE,CIN,29,14,14,62.9,4.49,16,2,,,,,,False
P0197,2000,197,Reidel Anthony,WR,TAM,24,16,1,62.2,3.89,16,0,,,,,,False
P0198,2000,198,Donald Driver,WR,GNB,25,16,2,61.6,3.85,16,0,240.0,13.0,45.5,3.5,3.0,True
P0199,2000,199,Derrick Mayes,WR,SEA,26,13,8,61.4,4.72,16,3,,,,,,False
P0200,2000,200,Brad Hoover,FB,CAR,24,16,4,59.2,3.7,16,0,227.0,16.0,49.6,3.1,0.0,True
P0201,2000,201,Cecil Martin,FB,PHI,25,16,9,58.6,3.66,16,0,221.0,16.0,51.1,3.19,0.0,True
P0202,2000,202,Richard Huntley,RB,PIT,28,13,0,58.6,4.51,16,3,132.0,14.0,111.6,7.97,2.0,True
P0203,2000,203,Isaac Byrd,WR,CAR,26,15,4,58.1,3.87,16,1,156.0,15.0,92.0,6.13,1.0,True
P0204,2000,204,Johnny McWilliams,TE,MIN,28,15,7,58.0,3.87,16,1,,,,,,False
P0205,2000,205,Akili Smith,QB,CIN,25,12,11,57.3,4.77,16,4,,,,,,False
P0206,2000,206,Jermaine Lewis,WR,BAL,26,15,1,57.0,3.8,16,1,,,,,,False
P0207,2000,207,Byron Chamberlain,TE,DEN,29,15,0,56.3,3.75,16,1,104.0,16.0,139.6,8.72,0.0,True
P0208,2000,208,Keith Poole,WR,NOR,26,15,4,56.3,3.75,16,1,,,,,,False
P0209,2000,209,Yancey Thigpen,WR,TEN,31,12,0,55.9,4.66,16,4,,,,,,False
P0210,2000,210,Obafemi Ayanbadejo,FB,BAL,25,8,4,55.5,6.94,16,8,197.0,16.0,63.4,3.96,0.0,True
P0211,2000,211,Pete Mitchell,TE,NYG,29,14,5,55.5,3.96,16,2,,,,,,False
P0212,2000,212,Joe Jurevicius,WR,NYG,26,14,3,55.2,3.94,16,2,105.0,14.0,139.6,9.97,2.0,True
P0213,2000,213,Mark Bruener,TE,PIT,28,16,16,54.2,3.39,16,0,,,,,,False
P0214,2000,214,Craig Yeast,WR,CIN,24,15,7,53.6,3.57,16,1,,,,,,False
P0215,2000,215,Mario Bates,RB,DET,27,13,0,50.6,3.89,16,3,,,,,,False
P0216,2000,216,Chris Hetherington,FB,CAR,28,16,5,50.1,3.13,16,0,,,,,,False
P0217,2000,217,Robert Thomas,FB,DAL,26,16,15,49.8,3.11,16,0,,,,,,False
P0218,2000,218,Courtney Hawkins,WR,PIT,31,13,5,48.8,3.75,16,3,,,,,,False
P0219,2000,219,Jermaine Wiggins,TE,2TM,25,15,2,48.7,3.25,16,1,219.0,16.0,51.3,3.21,0.0,True
P0220,2000,220,Shaun Alexander,RB,SEA,23,16,1,48.4,3.02,16,0,9.0,16.0,298.1,18.63,0.0,True
P0221,2000,221,Robert Holcombe,FB,STL,25,14,9,48.0,3.43,16,2,,,,,,False
P0222,2000,222,Errict Rhett,RB,CLE,30,5,4,47.6,9.52,16,11,,,,,,False
P0223,2000,223,Macey Brooks,WR,CHI,25,16,3,47.6,2.98,16,0,,,,,,False
P0224,2000,224,Plaxico Burress,WR,PIT,23,12,9,47.3,3.94,16,4,52.0,16.0,202.8,12.68,0.0,True
P0225,2000,225,Reggie Jones,WR,SDG,29,11,2,47.3,4.3,16,5,,,,,,False
P0226,2000,226,Eric Bjornson,TE,NWE,29,8,6,47.2,5.9,16,8,,,,,,False
P0227,2000,227,Matthew Hatchette,WR,MIN,26,14,4,47.0,3.36,16,2,,,,,,False
P0228,2000,228,Terry Hardy,TE,ARI,24,16,15,47.0,2.94,16,0,,,,,,False
P0229,2000,229,Tyrone Davis,TE,GNB,28,14,9,46.7,3.34,16,2,,,,,,False
P0230,2000,230,Kris Mangum,TE,CAR,27,15,7,46.5,3.1,16,1,,,,,,False
P0231,2000,231,Tai Streets,WR,SFO,23,15,1,45.7,3.05,16,1,185.0,16.0,68.5,4.28,0.0,True
P0232,2000,232,Thurman Thomas,RB,MIA,34,9,0,45.3,5.03,16,7,,,,,,False
P0233,2000,233,Jeff Thomason,TE,PHI,31,16,5,44.6,2.79,16,0,,,,,,False
P0234,2000,234,Anthony Johnson,RB,JAX,33,12,3,44.5,3.71,16,4,,,,,,False
P0235,2000,235,E.G. Green,WR,IND,25,7,0,44.1,6.3,16,9,,,,,,False
P0236,2000,236,Mack Strong,FB,SEA,29,16,13,44.0,2.75,16,0,,,,,,False
P0237,2000,237,Danny Farmer,WR,CIN,23,13,2,43.8,3.37,16,3,243.0,12.0,43.8,3.65,4.0,True
P0238,2000,238,William Floyd,FB,CAR,28,10,8,43.7,4.37,16,6,,,,,,False
P0239,2000,239,Kaseem Sinceno,TE,CHI,24,11,11,43.6,3.96,16,5,,,,,,False
P0240,2000,240,Jon Ritchie,FB,OAK,26,13,12,43.3,3.33,16,3,237.0,15.0,46.4,3.09,1.0,True
P0241,2000,241,John Davis,TE,MIN,27,15,9,43.2,2.88,16,1,,,,,,False
P0242,2000,242,Tony Simmons,WR,NWE,26,12,2,43.1,3.59,16,4,,,,,,False
P0243,2000,243,Fred McCrary,FB,SDG,28,15,12,42.9,2.86,16,1,,,,,,False
P0244,2000,244,Alvis Whitted,WR,JAX,26,16,3,42.7,2.67,16,0,,,,,,False
P0245,2000,245,Erron Kinney,TE,TEN,23,16,9,42.7,2.67,16,0,208.0,13.0,57.3,4.41,3.0,True
P0246,2000,246,Scott Mitchell,QB,CIN,32,8,5,42.7,5.34,16,8,,,,,,False
P0247,2000,247,Chris Fuamatu-Ma'afala,RB,PIT,23,7,1,42.6,6.09,16,9,148.0,16.0,98.0,6.12,0.0,True
P0248,2000,248,Terrell Davis,RB,DEN,28,5,4,42.6,8.52,16,11,161.0,8.0,89.0,11.12,8.0,True
P0249,2000,249,Anthony Becht,TE,NYJ,23,14,10,42.4,3.03,16,2,147.0,16.0,98.1,6.13,0.0,True
P0250,2000,250,Brian Kozlowski,TE,ATL,30,16,3,42.1,2.63,16,0,234.0,16.0,48.0,3.0,0.0,True
P0001,2001,1,Marshall Faulk,RB,STL,28,14,14,419.7,29.98,16,2,17.0,14.0,283.0,20.21,2.0,True
P0006,2001,2,Marvin Harrison,WR,IND,29,16,16,351.7,21.98,16,0,3.0,16.0,384.2,24.01,0.0,True
P0121,2001,3,Priest Holmes,RB,KAN,28,16,16,332.9,20.81,16,0,1.0,14.0,440.7,31.48,2.0,True
P0008,2001,4,Terrell Owens,WR,SFO,28,16,16,332.3,20.77,16,0,8.0,14.0,321.9,22.99,2.0,True
P0009,2001,5,Ahman Green,RB,GNB,24,16,16,318.1,19.88,16,0,20.0,14.0,268.3,19.16,2.0,True
P0007,2001,6,Rod Smith,WR,DEN,31,15,14,318.0,21.2,16,1,50.0,16.0,220.6,13.79,0.0,True
P0041,2001,7,David Boston,WR,ARI,23,16,15,307.3,19.21,16,0,166.0,8.0,92.1,11.51,8.0,True
P0003,2001,8,Jeff Garcia,QB,SFO,31,16,16,298.9,18.68,16,0,31.0,16.0,255.1,15.94,0.0,True
P0220,2001,9,Shaun Alexander,RB,SEA,24,16,12,298.1,18.63,16,0,7.0,16.0,328.5,20.53,0.0,True
P0011,2001,10,Curtis Martin,RB,NYJ,28,16,16,297.0,18.56,16,0,40.0,16.0,238.6,14.91,0.0,True
P0029,2001,11,Jimmy Smith,WR,JAX,32,16,16,297.0,18.56,16,0,46.0,16.0,226.9,14.18,0.0,True
P0061,2001,12,Kurt Warner,QB,STL,30,16,16,293.2,18.32,16,0,,,,,,False
P0010,2001,13,Randy Moss,WR,MIN,24,16,16,270.3,16.89,16,0,13.0,16.0,290.3,18.14,0.0,True
P0050,2001,14,Troy Brown,WR,NWE,30,16,13,270.0,16.88,16,0,60.0,14.0,205.4,14.67,2.0,True
P0032,2001,15,Tim Brown,WR,OAK,35,16,16,269.4,16.84,16,0,69.0,16.0,187.9,11.74,0.0,True
P0251,2001,16,LaDainian Tomlinson,RB,SDG,22,16,16,269.3,16.83,16,0,2.0,16.0,384.2,24.01,0.0,True
P0014,2001,17,Rich Gannon,QB,OAK,36,16,16,266.2,16.64,16,0,12.0,16.0,303.2,18.95,0.0,True
P0039,2001,18,Ricky Williams,RB,NOR,24,16,16,265.6,16.6,16,0,4.0,16.0,362.6,22.66,0.0,True
P0070,2001,19,Steve McNair,QB,TEN,28,15,15,265.4,17.69,16,1,30.0,16.0,255.5,15.97,0.0,True
P0024,2001,20,Joe Horn,WR,NOR,29,16,16,263.9,16.49,16,0,24.0,16.0,263.4,16.46,0.0,True
P0015,2001,21,Peyton Manning,QB,IND,25,16,16,260.9,16.31,16,0,22.0,16.0,264.8,16.55,0.0,True
P0018,2001,22,Donovan McNabb,QB,PHI,25,16,16,259.5,16.22,16,0,48.0,10.0,223.6,22.36,6.0,True
P0135,2001,23,Marty Booker,WR,CHI,25,16,16,259.3,16.21,16,0,27.0,16.0,257.7,16.11,0.0,True
P0023,2001,24,Torry Holt,WR,STL,25,16,14,259.3,16.21,16,0,38.0,16.0,245.0,15.31,0.0,True
P0047,2001,25,Corey Dillon,RB,CIN,27,16,16,258.3,16.14,16,0,39.0,16.0,241.9,15.12,0.0,True
P0053,2001,26,Brett Favre,QB,GNB,32,16,16,256.4,16.02,16,0,49.0,16.0,221.6,13.85,0.0,True
P0129,2001,27,Aaron Brooks,QB,NOR,25,16,16,253.1,15.82,16,0,28.0,16.0,256.2,16.01,0.0,True
P0058,2001,28,Jerry Rice,WR,OAK,39,16,15,250.9,15.68,16,0,32.0,16.0,255.1,15.94,0.0,True
P0122,2001,29,Kevin Johnson,WR,CLE,25,16,16,247.7,15.48,16,0,91.0,16.0,166.6,10.41,0.0,True
P0062,2001,30,Derrick Mason,WR,TEN,27,15,15,245.8,16.39,16,1,59.0,14.0,208.2,14.87,2.0,True
P0038,2001,31,Keenan McCardell,WR,JAX,31,16,16,240.0,15.0,16,0,93.0,14.0,162.3,11.59,2.0,True
P0016,2001,32,Tiki Barber,RB,NYG,26,14,9,238.2,17.01,16,2,9.0,16.0,321.4,20.09,0.0,True
P0054,2001,33,Keyshawn Johnson,WR,TAM,29,15,15,236.6,15.77,16,1,52.0,16.0,218.8,13.68,0.0,True
P0069,2001,34,Kordell Stewart,QB,PIT,29,16,16,236.1,14.76,16,0,171.0,7.0,87.3,12.47,9.0,True
P0086,2001,35,Curtis Conway,WR,SDG,30,16,16,235.1,14.69,16,0,70.0,13.0,185.5,14.27,3.0,True
P0012,2001,36,Charlie Garner,RB,OAK,29,16,16,227.7,14.23,16,0,5.0,16.0,347.3,21.71,0.0,True
P0088,2001,37,Darrell Jackson,WR,SEA,23,16,16,227.0,14.19,16,0,88.0,13.0,170.0,13.08,3.0,True
P0103,2001,38,Hines Ward,WR,PIT,25,16,16,224.6,14.04,16,0,6.0,16.0,337.1,21.07,0.0,True
P0252,2001,39,Garrison Hearst,RB,SFO,30,16,16,224.3,14.02,16,0,45.0,16.0,226.9,14.18,0.0,True
P0192,2001,40,Antowain Smith,RB,NWE,29,16,15,223.9,13.99,16,0,61.0,16.0,201.5,12.59,0.0,True
P0101,2001,41,Qadry Ismail,WR,BAL,31,16,15,221.9,13.87,16,0,145.0,14.0,108.2,7.73,2.0,True
P0092,2001,42,Jay Fiedler,QB,MIA,30,16,16,221.7,13.86,16,0,113.0,11.0,144.9,13.17,5.0,True
P0034,2001,43,Stephen Davis,FB,WAS,27,16,16,217.7,13.61,16,0,96.0,12.0,159.2,13.27,4.0,True
P0120,2001,44,Willie Jackson,WR,NOR,30,16,16,217.6,13.6,16,0,237.0,12.0,54.7,4.56,4.0,True
P0083,2001,45,Johnnie Morton,WR,DET,30,16,16,215.0,13.44,16,0,172.0,14.0,87.1,6.22,2.0,True
P0253,2001,46,Dominic Rhodes,RB,IND,22,15,10,214.8,14.32,16,1,,,,,,False
P0019,2001,47,Isaac Bruce,WR,STL,29,16,16,208.9,13.06,16,0,47.0,16.0,226.3,14.14,0.0,True
P0037,2001,48,Amani Toomer,WR,NYG,27,16,14,208.2,13.01,16,0,23.0,16.0,264.5,16.53,0.0,True
P0162,2001,49,Duce Staley,RB,PHI,26,13,10,208.0,16.0,16,3,26.0,16.0,258.0,16.12,0.0,True
P0042,2001,50,Mark Brunell,QB,JAX,31,15,15,206.8,13.79,16,1,68.0,15.0,188.2,12.55,1.0,True
P0027,2001,51,Tony Gonzalez,TE,KAN,25,16,16,205.2,12.82,16,0,74.0,16.0,182.3,11.39,0.0,True
P0224,2001,52,Plaxico Burress,WR,PIT,24,16,16,202.8,12.68,16,0,33.0,16.0,252.5,15.78,0.0,True
P0105,2001,53,Jake Plummer,QB,ARI,27,16,16,202.4,12.65,16,0,73.0,16.0,182.4,11.4,0.0,True
P0254,2001,54,Anthony Thomas,RB,CHI,24,14,10,202.1,14.44,16,2,115.0,12.0,142.4,11.87,4.0,True
P0004,2001,55,Daunte Culpepper,QB,MIN,24,11,11,201.1,18.28,16,5,15.0,16.0,285.0,17.81,0.0,True
P0035,2001,56,Warrick Dunn,RB,TAM,26,13,12,200.4,15.42,16,3,44.0,15.0,228.4,15.23,1.0,True
P0063,2001,57,Bill Schroeder,WR,GNB,30,14,14,199.4,14.24,16,2,125.0,14.0,127.5,9.11,2.0,True
P0183,2001,58,Laveranues Coles,WR,NYJ,24,16,16,198.6,12.41,16,0,35.0,16.0,251.3,15.71,0.0,True
P0109,2001,59,James Thrash,WR,PHI,26,15,15,198.0,13.2,16,1,80.0,16.0,174.1,10.88,0.0,True
P0123,2001,60,Brad Johnson,QB,TAM,33,16,16,196.2,12.26,16,0,62.0,13.0,201.0,15.46,3.0,True
P0102,2001,61,Peerless Price,WR,BUF,25,16,16,194.2,12.14,16,0,19.0,16.0,269.9,16.87,0.0,True
P0064,2001,62,Brian Griese,QB,DEN,26,15,15,192.8,12.85,16,1,79.0,13.0,175.3,13.48,3.0,True
P0025,2001,63,Cris Carter,WR,MIN,36,16,16,192.5,12.03,16,0,,,,,,False
P0148,2001,64,Mike Alstott,FB,TAM,28,16,16,192.1,12.01,16,0,101.0,16.0,152.0,9.5,0.0,True
P0046,2001,65,Kerry Collins,QB,NYG,29,16,16,190.7,11.92,16,0,57.0,16.0,210.6,13.16,0.0,True
P0033,2001,66,Lamar Smith,RB,MIA,31,16,16,188.2,11.76,16,0,107.0,11.0,148.4,13.49,5.0,True
P0030,2001,67,Eric Moulds,WR,BUF,28,16,16,187.7,11.73,16,0,14.0,16.0,289.9,18.12,0.0,True
P0100,2001,68,Trent Green,QB,KAN,31,16,16,186.2,11.64,16,0,29.0,16.0,256.1,16.01,0.0,True
P0255,2001,69,Stacey Mack,RB,JAX,26,16,11,185.2,11.58,16,0,134.0,16.0,116.5,7.28,0.0,True
P0128,2001,70,Doug Flutie,QB,SDG,39,16,16,183.8,11.49,16,0,,,,,,False
P0256,2001,71,Kevin Dyson,WR,TEN,26,16,16,180.5,11.28,16,0,143.0,11.0,108.6,9.87,5.0,True
P0076,2001,72,Larry Centers,FB,BUF,33,16,13,180.0,11.25,16,0,155.0,16.0,99.4,6.21,0.0,True
P0040,2001,73,Michael Pittman,RB,ARI,26,15,14,179.0,11.93,16,1,72.0,16.0,182.5,11.41,0.0,True
P0257,2001,74,Chris Chambers,WR,MIA,23,16,7,177.2,11.08,16,0,102.0,15.0,151.2,10.08,1.0,True
P0005,2001,75,Eddie George,RB,TEN,28,16,16,176.8,11.05,16,0,25.0,16.0,260.0,16.25,0.0,True
P0052,2001,76,Antonio Freeman,WR,GNB,29,16,16,171.3,10.71,16,0,123.0,16.0,130.0,8.12,0.0,True
P0149,2001,77,Marcus Pollard,TE,IND,29,16,16,168.9,10.56,16,0,126.0,15.0,126.8,8.45,1.0,True
P0258,2001,78,Chris Weinke,QB,CAR,29,15,15,168.0,11.2,16,1,,,,,,False
P0144,2001,79,David Patten,WR,NWE,27,16,14,167.0,10.44,16,0,81.0,16.0,174.0,10.88,0.0,True
P0259,2001,80,Jamel White,RB,CLE,24,16,7,166.1,10.38,16,0,83.0,14.0,173.2,12.37,2.0,True
P0072,2001,81,Shannon Sharpe,TE,BAL,33,16,15,164.1,10.26,16,0,110.0,13.0,147.6,11.35,3.0,True
P0260,2001,82,Tom Brady,QB,NWE,24,15,14,163.3,10.89,16,1,37.0,16.0,245.6,15.35,0.0,True
P0077,2001,83,Jeff Graham,WR,SDG,32,14,11,161.1,11.51,16,2,,,,,,False
P0130,2001,84,Chris Chandler,QB,ATL,36,14,14,158.3,11.31,16,2,,,,,,False
P0066,2001,85,Ike Hilliard,WR,NYG,25,14,10,156.0,11.14,16,2,189.0,7.0,78.3,11.19,9.0,True
P0138,2001,86,J.J. Stokes,WR,SFO,29,16,16,154.5,9.66,16,0,199.0,13.0,71.2,5.48,3.0,True
P0171,2001,87,Tim Couch,QB,CLE,24,16,16,154.4,9.65,16,0,99.0,14.0,155.4,11.1,2.0,True
P0084,2001,88,Frank Wycheck,TE,TEN,30,16,16,152.1,9.51,16,0,174.0,15.0,85.1,5.67,1.0,True
P0261,2001,89,Maurice Smith,RB,ATL,25,16,12,152.0,9.5,16,0,,,,,,False
P0172,2001,90,Rocket Ismail,WR,DAL,32,14,13,151.5,10.82,16,2,,,,,,False
P0262,2001,91,Darnay Scott,WR,CIN,29,16,15,150.9,9.43,16,0,248.0,15.0,51.2,3.41,1.0,True
P0055,2001,92,Jerome Bettis,RB,PIT,29,11,11,149.3,13.57,16,5,121.0,13.0,131.3,10.1,3.0,True
P0263,2001,93,Michael Westbrook,WR,WAS,29,16,16,148.2,9.26,16,0,,,,,,False
P0067,2001,94,Emmitt Smith,RB,DAL,32,14,14,146.7,10.48,16,2,103.0,16.0,150.4,9.4,0.0,True
P0264,2001,95,Rod Gardner,WR,WAS,24,16,16,143.7,8.98,16,0,51.0,16.0,219.7,13.73,0.0,True
P0164,2001,96,Desmond Clark,TE,DEN,24,16,4,143.6,8.98,16,0,,,,,,False
P0028,2001,97,Elvis Grbac,QB,BAL,31,14,14,143.1,10.22,16,2,,,,,,False
P0265,2001,98,Joey Galloway,WR,DAL,30,16,16,143.1,8.94,16,0,66.0,16.0,188.9,11.81,0.0,True
P0089,2001,99,James McKnight,WR,MIA,29,16,15,141.3,8.83,16,0,160.0,15.0,95.6,6.37,1.0,True
P0068,2001,100,Vinny Testaverde,QB,NYJ,38,16,16,140.6,8.79,16,0,,,,,,False
P0075,2001,101,Oronde Gadsden,WR,MIA,30,14,14,140.4,10.03,16,2,,,,,,False
P0079,2001,102,Peter Warrick,WR,CIN,24,16,14,140.1,8.76,16,0,104.0,15.0,149.8,9.99,1.0,True
P0099,2001,103,Jon Kitna,QB,CIN,29,16,15,139.9,8.74,16,0,78.0,14.0,176.8,12.63,2.0,True
P0207,2001,104,Byron Chamberlain,TE,MIN,30,16,15,139.6,8.72,16,0,196.0,13.0,72.9,5.61,3.0,True
P0212,2001,105,Joe Jurevicius,WR,NYG,27,14,9,139.6,9.97,16,2,151.0,15.0,103.3,6.89,1.0,True
P0266,2001,106,Cory Schlesinger,FB,DET,29,16,13,138.0,8.62,16,0,179.0,16.0,83.2,5.2,0.0,True
P0267,2001,107,Michael Bennett,RB,MIN,23,13,13,137.8,10.6,16,3,43.0,16.0,231.7,14.48,0.0,True
P0049,2001,108,Wayne Chrebet,WR,NYJ,28,15,15,137.0,9.13,16,1,87.0,15.0,170.1,11.34,1.0,True
P0165,2001,109,Bob Christian,FB,ATL,33,16,8,136.6,8.54,16,0,229.0,15.0,58.3,3.89,1.0,True
P0155,2001,110,Tony Banks,QB,WAS,28,15,14,136.6,9.11,16,1,,,,,,False
P0268,2001,111,Travis Henry,RB,BUF,23,13,12,132.8,10.22,16,3,16.0,16.0,283.7,17.73,0.0,True
P0146,2001,112,Jay Riemersma,TE,BUF,28,16,15,130.0,8.12,16,0,208.0,16.0,67.0,4.19,0.0,True
P0142,2001,113,Ricky Proehl,WR,STL,33,16,2,128.8,8.05,16,0,138.0,16.0,113.6,7.1,0.0,True
P0269,2001,114,Kevan Barlow,RB,SFO,22,15,0,127.9,8.53,16,1,128.0,14.0,123.1,8.79,2.0,True
P0036,2001,115,James Stewart,RB,DET,30,11,10,127.7,11.61,16,5,54.0,14.0,217.4,15.53,2.0,True
P0131,2001,116,Ron Dayne,RB,NYG,23,16,7,125.7,7.86,16,0,190.0,16.0,74.7,4.67,0.0,True
P0002,2001,117,Edgerrin James,RB,IND,23,6,6,125.5,20.92,16,10,56.0,14.0,211.3,15.09,2.0,True
P0270,2001,118,Todd Pinkston,WR,PHI,24,15,15,125.1,8.34,16,1,75.0,15.0,180.3,12.02,1.0,True
P0073,2001,119,Donald Hayes,WR,CAR,26,16,15,123.7,7.73,16,0,,,,,,False
P0167,2001,120,Bubba Franks,TE,GNB,23,16,14,122.2,7.64,16,0,112.0,16.0,145.4,9.09,0.0,True
P0176,2001,121,Travis Taylor,WR,BAL,23,16,13,120.6,7.54,16,0,63.0,16.0,194.4,12.15,0.0,True
P0161,2001,122,David Sloan,TE,DET,29,15,15,119.9,7.99,16,1,,,,,,False
P0094,2001,123,Terance Mathis,WR,ATL,34,16,16,119.4,7.46,16,0,232.0,16.0,56.8,3.55,0.0,True
P0082,2001,124,Chad Lewis,TE,PHI,30,15,15,119.2,7.95,16,1,154.0,16.0,99.8,6.24,0.0,True
P0098,2001,125,Charlie Batch,QB,DET,27,10,9,118.2,11.82,16,6,,,,,,False
P0157,2001,126,Wesley Walls,TE,CAR,35,14,14,118.2,8.44,16,2,207.0,15.0,67.1,4.47,1.0,True
P0051,2001,127,Tony Richardson,FB,KAN,30,14,8,117.6,8.4,16,2,233.0,14.0,56.6,4.04,2.0,True
P0271,2001,128,Lamont Warren,RB,DET,28,16,3,116.7,7.29,16,0,,,,,,False
P0272,2001,129,Jim Miller,QB,CHI,30,14,13,116.1,8.29,16,2,146.0,10.0,106.9,10.69,6.0,True
P0080,2001,130,Frank Sanders,WR,ARI,28,15,13,112.8,7.52,16,1,170.0,12.0,88.2,7.35,4.0,True
P0031,2001,131,Muhsin Muhammad,WR,CAR,28,11,11,112.5,10.23,16,5,90.0,14.0,167.3,11.95,2.0,True
P0202,2001,132,Richard Huntley,RB,CAR,29,14,9,111.6,7.97,16,2,,,,,,False
P0273,2001,133,Alex Van Pelt,QB,BUF,31,12,8,111.5,9.29,16,4,,,,,,False
P0274,2001,134,Ernie Conwell,TE,STL,29,16,14,109.9,6.87,16,0,158.0,16.0,96.9,6.06,0.0,True
P0187,2001,135,Tony Martin,WR,ATL,36,11,9,109.8,9.98,16,5,,,,,,False
P0060,2001,136,James Allen,RB,CHI,26,16,7,109.2,6.82,16,0,120.0,16.0,133.3,8.33,0.0,True
P0275,2001,137,Travis Minor,RB,MIA,22,16,0,107.4,6.71,16,0,,,,,,False
P0276,2001,138,Trung Canidate,RB,STL,24,16,2,106.5,6.66,16,0,,,,,,False
P0277,2001,139,Terry Allen,RB,BAL,33,11,8,105.6,9.6,16,5,,,,,,False
P0090,2001,140,Shawn Jefferson,WR,ATL,32,16,6,104.9,6.56,16,0,198.0,13.0,72.4,5.57,3.0,True
P0026,2001,141,Mike Anderson,RB,DEN,28,16,7,104.4,6.52,16,0,161.0,15.0,95.3,6.35,1.0,True
P0278,2001,142,Matt Hasselbeck,QB,SEA,26,13,12,103.0,7.92,16,3,71.0,16.0,183.2,11.45,0.0,True
P0147,2001,143,Thomas Jones,RB,ARI,23,16,2,102.1,6.38,16,0,167.0,9.0,90.4,10.04,7.0,True
P0097,2001,144,Az-Zahir Hakim,WR,STL,24,16,1,101.4,6.34,16,0,136.0,10.0,115.4,11.54,6.0,True
P0279,2001,145,Koren Robinson,WR,SEA,21,16,13,99.9,6.24,16,0,41.0,16.0,237.6,14.85,0.0,True
P0280,2001,146,David Terrell,WR,CHI,22,16,6,99.5,6.22,16,0,,,,,,False
P0249,2001,147,Anthony Becht,TE,NYJ,24,16,15,98.1,6.13,16,0,177.0,16.0,84.3,5.27,0.0,True
P0247,2001,148,Chris Fuamatu-Ma'afala,RB,PIT,24,16,5,98.0,6.12,16,0,,,,,,False
P0074,2001,149,Freddie Jones,TE,SDG,27,14,9,97.8,6.99,16,2,173.0,16.0,85.8,5.36,0.0,True
P0281,2001,150,MarTay Jenkins,WR,ARI,26,13,3,96.2,7.4,16,3,226.0,8.0,58.6,7.32,8.0,True
P0282,2001,151,Corey Bradford,WR,GNB,26,16,6,95.6,5.98,16,0,105.0,16.0,149.6,9.35,0.0,True
P0283,2001,152,Eric Johnson,TE,SFO,22,16,14,94.2,5.89,16,0,205.0,12.0,68.1,5.68,4.0,True
P0020,2001,153,Derrick Alexander,WR,KAN,30,13,11,93.6,7.2,16,3,,,,,,False
P0284,2001,154,Jason Brookins,RB,BAL,25,12,3,93.6,7.8,16,4,,,,,,False
P0285,2001,155,Correll Buckhalter,RB,PHI,23,15,6,92.6,6.17,16,1,,,,,,False
P0203,2001,156,Isaac Byrd,WR,CAR,27,15,5,92.0,6.13,16,1,,,,,,False
P0114,2001,157,Eddie Kennison,WR,2TM,28,13,7,90.3,6.95,16,3,94.0,16.0,161.4,10.09,0.0,True
P0286,2001,158,Brian Finneran,WR,ATL,25,16,1,90.1,5.63,16,0,82.0,16.0,173.8,10.86,0.0,True
P0287,2001,159,Snoop Minnis,WR,KAN,24,13,11,90.1,6.93,16,3,,,,,,False
P0125,2001,160,Dwayne Carswell,TE,DEN,29,16,16,89.9,5.62,16,0,,,,,,False
P0248,2001,161,Terrell Davis,RB,DEN,29,8,8,89.0,11.12,16,8,,,,,,False
P0288,2001,162,Dez White,WR,CHI,22,14,6,87.8,6.27,16,2,119.0,16.0,139.7,8.73,0.0,True
P0168,2001,163,Dave Moore,TE,TAM,32,16,16,87.5,5.47,16,0,,,,,,False
P0095,2001,164,Rob Johnson,QB,BUF,28,8,8,86.7,10.84,16,8,,,,,,False
P0087,2001,165,Kyle Brady,TE,JAX,29,16,16,86.6,5.41,16,0,139.0,16.0,113.1,7.07,0.0,True
P0289,2001,166,Quincy Morgan,WR,CLE,24,16,9,85.9,5.37,16,0,65.0,16.0,193.1,12.07,0.0,True
P0065,2001,167,Richie Anderson,FB,NYJ,30,16,15,85.4,5.34,16,0,185.0,16.0,79.4,4.96,0.0,True
P0071,2001,168,Kevin Faulk,RB,NWE,25,15,1,82.7,5.51,16,1,116.0,15.0,142.0,9.47,1.0,True
P0108,2001,169,Jacquez Green,WR,TAM,25,12,10,82.2,6.85,16,4,,,,,,False
P0290,2001,170,Elvis Joseph,RB,JAX,23,14,3,81.7,5.84,16,2,,,,,,False
P0291,2001,171,Roland Williams,TE,OAK,26,16,15,80.8,5.05,16,0,,,,,,False
P0292,2001,172,Amos Zereoue,RB,PIT,25,14,0,80.5,5.75,16,2,84.0,16.0,172.3,10.77,0.0,True
P0152,2001,173,Tim Dwight,WR,SDG,26,10,2,80.0,8.0,16,6,117.0,16.0,141.1,8.82,0.0,True
P0056,2001,174,Tyrone Wheatley,RB,OAK,29,11,2,79.7,7.25,16,5,195.0,14.0,73.0,5.21,2.0,True
P0293,2001,175,Troy Hambrick,RB,DAL,25,16,11,78.1,4.88,16,0,209.0,16.0,66.6,4.16,0.0,True
P0294,2001,176,James Jackson,RB,CLE,25,11,10,78.0,7.09,16,5,,,,,,False
P0124,2001,177,Ken Dilger,TE,IND,30,16,16,75.9,4.74,16,0,186.0,16.0,78.9,4.93,0.0,True
P0117,2001,178,Bobby Shaw,WR,PIT,26,16,0,74.9,4.68,16,0,144.0,16.0,108.5,6.78,0.0,True
P0295,2001,179,Alge Crumpler,TE,ATL,24,16,12,74.0,4.62,16,0,140.0,16.0,111.5,6.97,0.0,True
P0186,2001,180,Greg Comella,FB,NYG,26,16,13,71.8,4.49,16,0,,,,,,False
P0127,2001,181,Terrence Wilkins,WR,IND,26,11,4,71.2,6.47,16,5,,,,,,False
P0296,2001,182,Moe Williams,RB,BAL,27,15,2,71.1,4.74,16,1,95.0,16.0,159.5,9.97,0.0,True
P0297,2001,183,Brandon Stokley,WR,BAL,25,16,5,70.5,4.41,16,0,197.0,8.0,72.8,9.1,8.0,True
P0298,2001,184,Bobby Engram,WR,SEA,28,16,4,69.0,4.31,16,0,135.0,15.0,115.9,7.73,1.0,True
P0231,2001,185,Tai Streets,WR,SFO,24,16,3,68.5,4.28,16,0,77.0,16.0,177.6,11.1,0.0,True
P0111,2001,186,Jerome Pathon,WR,IND,26,4,3,68.2,17.05,16,12,133.0,14.0,119.3,8.52,2.0,True
P0299,2001,187,Ki-Jana Carter,RB,WAS,28,14,0,68.1,4.86,16,2,,,,,,False
P0300,2001,188,Quincy Carter,QB,DAL,24,8,8,67.9,8.49,16,8,192.0,7.0,73.7,10.53,9.0,True
P0301,2001,189,Marc Edwards,FB,NWE,27,16,13,67.7,4.23,16,0,245.0,16.0,52.2,3.26,0.0,True
P0302,2001,190,Ron Dugans,WR,CIN,24,16,3,67.1,4.19,16,0,169.0,16.0,89.1,5.57,0.0,True
P0303,2001,191,Chad Johnson,WR,CIN,23,12,3,66.9,5.58,16,4,55.0,16.0,215.6,13.48,0.0,True
P0304,2001,192,Jake Reed,WR,MIN,34,16,0,65.9,4.12,16,0,194.0,14.0,73.0,5.21,2.0,True
P0305,2001,193,Drew Bennett,WR,TEN,23,14,1,64.9,4.64,16,2,164.0,16.0,92.8,5.8,0.0,True
P0151,2001,194,Trent Dilfer,QB,SEA,29,6,4,64.8,10.8,16,10,246.0,6.0,52.0,8.67,10.0,True
P0145,2001,195,Germane Crowell,WR,DET,25,5,4,63.5,12.7,16,11,,,,,,False
P0306,2001,196,Karl Williams,WR,TAM,30,15,3,63.4,4.23,16,1,,,,,,False
P0210,2001,197,Obafemi Ayanbadejo,FB,BAL,26,16,5,63.4,3.96,16,0,,,,,,False
P0179,2001,198,Dorsey Levens,RB,GNB,31,15,1,62.4,4.16,16,1,181.0,16.0,82.5,5.16,0.0,True
P0085,2001,199,Marcus Robinson,WR,CHI,26,5,4,61.9,12.38,16,11,213.0,16.0,63.4,3.96,0.0,True
P0307,2001,200,Todd Bouman,QB,MIN,29,5,3,61.9,12.38,16,11,,,,,,False
P0308,2001,201,Reggie Wayne,WR,IND,23,13,9,61.5,4.73,16,3,114.0,16.0,142.6,8.91,0.0,True
P0112,2001,202,Shawn Bryson,RB,BUF,25,15,3,61.0,4.07,16,1,,,,,,False
P0309,2001,203,Troy Edwards,WR,PIT,24,16,0,60.1,3.76,16,0,,,,,,False
P0013,2001,204,Ricky Watters,RB,SEA,32,5,4,59.5,11.9,16,11,,,,,,False
P0310,2001,205,Michael Vick,QB,ATL,21,8,2,58.3,7.29,16,8,18.0,15.0,282.7,18.85,1.0,True
P0311,2001,206,Boo Williams,TE,NOR,22,11,4,58.2,5.29,16,5,,,,,,False
P0159,2001,207,Brandon Bennett,RB,CIN,28,16,1,58.2,3.64,16,0,,,,,,False
P0245,2001,208,Erron Kinney,TE,TEN,24,13,12,57.3,4.41,16,3,,,,,,False
P0312,2001,209,Deuce McAllister,RB,NOR,23,16,4,57.2,3.58,16,0,11.0,15.0,311.0,20.73,1.0,True
P0313,2001,210,Tywan Mitchell,WR,ARI,26,16,4,56.6,3.54,16,0,,,,,,False
P0314,2001,211,JaJuan Dawson,WR,CLE,24,14,0,56.1,4.01,16,2,,,,,,False
P0315,2001,212,Doug Chapman,RB,MIN,24,16,3,55.0,3.44,16,0,,,,,,False
P0316,2001,213,Freddie Mitchell,WR,PHI,23,15,1,54.9,3.66,16,1,,,,,,False
P0317,2001,214,Michael Wiley,RB,DAL,23,16,0,54.6,3.41,16,0,,,,,,False
P0154,2001,215,Kevin Lockett,WR,WAS,27,16,0,54.5,3.41,16,0,216.0,13.0,63.1,4.85,3.0,True
P0318,2001,216,LaMont Jordan,RB,NYJ,23,16,0,52.6,3.29,16,0,188.0,14.0,78.6,5.61,2.0,True
P0319,2001,217,Jim Kleinsasser,TE,MIN,24,11,11,51.6,4.69,16,5,178.0,14.0,84.0,6.0,2.0,True
P0178,2001,218,Zack Crockett,FB,OAK,29,16,0,51.5,3.22,16,0,224.0,16.0,59.8,3.74,0.0,True
P0219,2001,219,Jermaine Wiggins,TE,NWE,26,16,6,51.3,3.21,16,0,,,,,,False
P0320,2001,220,Mike McMahon,QB,DET,22,8,3,51.3,6.41,16,8,191.0,8.0,74.3,9.29,8.0,True
P0201,2001,221,Cecil Martin,FB,PHI,26,16,15,51.1,3.19,16,0,,,,,,False
P0096,2001,222,Tim Biakabutuka,RB,CAR,27,5,4,51.1,10.22,16,11,,,,,,False
P0321,2001,223,Larry Foster,WR,DET,25,13,5,50.9,3.92,16,3,,,,,,False
P0322,2001,224,Terry Jackson,FB,SFO,25,16,1,50.9,3.18,16,0,,,,,,False
P0104,2001,225,Terrell Fletcher,RB,SDG,28,13,0,50.1,3.85,16,3,,,,,,False
P0323,2001,226,Chris Thomas,WR,KAN,30,10,5,49.7,4.97,16,6,,,,,,False
P0200,2001,227,Brad Hoover,FB,CAR,25,16,7,49.6,3.1,16,0,225.0,16.0,58.6,3.66,0.0,True
P0324,2001,228,Zeron Flemister,TE,WAS,25,16,1,49.6,3.1,16,0,,,,,,False
P0325,2001,229,Jed Weaver,TE,MIA,25,16,7,49.5,3.09,16,0,,,,,,False
P0326,2001,230,Mikhael Ricks,TE,KAN,27,16,0,49.2,3.08,16,0,187.0,14.0,78.9,5.64,2.0,True
P0327,2001,231,Cam Cleeland,TE,NOR,26,9,7,48.8,5.42,16,7,,,,,,False
P0328,2001,232,Fred Baxter,TE,CHI,30,14,14,48.8,3.49,16,2,,,,,,False
P0329,2001,233,Robert Wilson,WR,NOR,27,15,1,48.7,3.25,16,1,,,,,,False
P0250,2001,234,Brian Kozlowski,TE,ATL,31,16,0,48.0,3.0,16,0,,,,,,False
P0330,2001,235,Larry Parker,WR,KAN,25,12,4,47.5,3.96,16,4,,,,,,False
P0331,2001,236,Skip Hicks,RB,TEN,27,9,0,47.3,5.26,16,7,,,,,,False
P0240,2001,237,Jon Ritchie,FB,OAK,27,15,10,46.4,3.09,16,1,,,,,,False
P0194,2001,238,Christian Fauria,TE,SEA,30,16,11,45.8,2.86,16,0,159.0,16.0,96.3,6.02,0.0,True
P0332,2001,239,Bert Emanuel,WR,2TM,31,8,5,45.6,5.7,16,8,,,,,,False
P0198,2001,240,Donald Driver,WR,GNB,26,13,2,45.5,3.5,16,3,42.0,16.0,235.4,14.71,0.0,True
P0333,2001,241,O.J. Santiago,TE,CLE,27,14,12,44.3,3.16,16,2,,,,,,False
P0093,2001,242,Dedric Ward,WR,MIA,27,13,1,44.0,3.38,16,3,,,,,,False
P0237,2001,243,Danny Farmer,WR,CIN,24,12,1,43.8,3.65,16,4,,,,,,False
P0110,2001,244,Albert Connell,WR,NOR,27,11,1,43.7,3.97,16,5,,,,,,False
P0078,2001,245,Sean Dawkins,WR,JAX,30,16,3,43.4,2.71,16,0,,,,,,False
P0048,2001,246,Jamal Anderson,RB,ATL,29,3,3,43.1,14.37,16,13,,,,,,False
P0189,2001,247,Randall Cunningham,QB,BAL,38,6,2,42.9,7.15,16,10,,,,,,False
P0334,2001,248,Patrick Hape,TE,DEN,27,15,8,42.6,2.84,16,1,,,,,,False
P0335,2001,249,Jerry Porter,WR,OAK,23,15,1,42.3,2.82,16,1,76.0,16.0,178.4,11.15,0.0,True
P0193,2001,250,William Henderson,FB,GNB,30,16,8,41.4,2.59,16,0,202.0,15.0,69.5,4.63,1.0,True
P0121,2002,1,Priest Holmes,RB,KAN,29,14,14,440.7,31.48,16,2,1.0,16.0,445.0,27.81,0.0,True
P0251,2002,2,LaDainian Tomlinson,RB,SDG,23,16,16,384.2,24.01,16,0,2.0,16.0,443.8,27.74,0.0,True
P0006,2002,3,Marvin Harrison,WR,IND,30,16,16,384.2,24.01,16,0,12.0,15.0,279.5,18.63,1.0,True
P0039,2002,4,Ricky Williams,RB,MIA,25,16,16,362.6,22.66,16,0,17.0,16.0,272.3,17.02,0.0,True
P0012,2002,5,Charlie Garner,RB,OAK,30,16,15,347.3,21.71,16,0,70.0,14.0,165.9,11.85,2.0,True
P0103,2002,6,Hines Ward,WR,PIT,26,16,16,337.1,21.07,16,0,13.0,16.0,277.4,17.34,0.0,True
P0220,2002,7,Shaun Alexander,RB,SEA,25,16,16,328.5,20.53,16,0,9.0,16.0,305.0,19.06,0.0,True
P0008,2002,8,Terrell Owens,WR,SFO,29,14,14,321.9,22.99,16,2,27.0,15.0,244.0,16.27,1.0,True
P0016,2002,9,Tiki Barber,RB,NYG,27,16,15,321.4,20.09,16,0,26.0,16.0,244.7,15.29,0.0,True
P0336,2002,10,Clinton Portis,RB,DEN,21,16,12,316.2,19.76,16,0,8.0,13.0,312.5,24.04,3.0,True
P0312,2002,11,Deuce McAllister,RB,NOR,24,15,15,311.0,20.73,16,1,6.0,16.0,326.7,20.42,0.0,True
P0014,2002,12,Rich Gannon,QB,OAK,37,16,16,303.2,18.95,16,0,203.0,7.0,68.8,9.83,9.0,True
P0010,2002,13,Randy Moss,WR,MIN,25,16,16,290.3,18.14,16,0,4.0,16.0,376.0,23.5,0.0,True
P0030,2002,14,Eric Moulds,WR,BUF,29,16,15,289.9,18.12,16,0,92.0,13.0,148.0,11.38,3.0,True
P0004,2002,15,Daunte Culpepper,QB,MIN,25,16,16,285.0,17.81,16,0,16.0,14.0,273.4,19.53,2.0,True
P0268,2002,16,Travis Henry,RB,BUF,24,16,16,283.7,17.73,16,0,31.0,15.0,237.4,15.83,1.0,True
P0001,2002,17,Marshall Faulk,RB,STL,29,14,10,283.0,20.21,16,2,40.0,11.0,221.8,20.16,5.0,True
P0310,2002,18,Michael Vick,QB,ATL,22,15,15,282.7,18.85,16,1,221.0,5.0,62.9,12.58,11.0,True
P0102,2002,19,Peerless Price,WR,BUF,26,16,16,269.9,16.87,16,0,69.0,16.0,166.1,10.38,0.0,True
P0009,2002,20,Ahman Green,RB,GNB,25,14,14,268.3,19.16,16,2,3.0,16.0,385.0,24.06,0.0,True
P0022,2002,21,Fred Taylor,RB,JAX,26,16,16,267.2,16.7,16,0,14.0,16.0,276.2,17.26,0.0,True
P0015,2002,22,Peyton Manning,QB,IND,26,16,16,264.8,16.55,16,0,18.0,16.0,268.1,16.76,0.0,True
P0037,2002,23,Amani Toomer,WR,NYG,28,16,16,264.5,16.53,16,0,53.0,16.0,199.2,12.45,0.0,True
P0024,2002,24,Joe Horn,WR,NOR,30,16,16,263.4,16.46,16,0,30.0,15.0,237.4,15.83,1.0,True
P0005,2002,25,Eddie George,RB,TEN,29,16,16,260.0,16.25,16,0,64.0,16.0,171.4,10.71,0.0,True
P0162,2002,26,Duce Staley,RB,PHI,27,16,16,258.0,16.12,16,0,78.0,16.0,158.5,9.91,0.0,True
P0135,2002,27,Marty Booker,WR,CHI,26,16,16,257.7,16.11,16,0,95.0,13.0,146.8,11.29,3.0,True
P0129,2002,28,Aaron Brooks,QB,NOR,26,16,16,256.2,16.01,16,0,33.0,16.0,229.3,14.33,0.0,True
P0100,2002,29,Trent Green,QB,KAN,32,16,16,256.1,16.01,16,0,21.0,16.0,251.9,15.74,0.0,True
P0070,2002,30,Steve McNair,QB,TEN,29,16,16,255.5,15.97,16,0,29.0,14.0,241.8,17.27,2.0,True
P0003,2002,31,Jeff Garcia,QB,SFO,32,16,16,255.1,15.94,16,0,36.0,13.0,225.7,17.36,3.0,True
P0058,2002,32,Jerry Rice,WR,OAK,40,16,16,255.1,15.94,16,0,76.0,16.0,159.9,9.99,0.0,True
P0224,2002,33,Plaxico Burress,WR,PIT,25,16,15,252.5,15.78,16,0,67.0,16.0,169.3,10.58,0.0,True
P0043,2002,34,Jamal Lewis,RB,BAL,23,16,15,251.9,15.74,16,0,7.0,16.0,325.1,20.32,0.0,True
P0183,2002,35,Laveranues Coles,WR,NYJ,25,16,16,251.3,15.71,16,0,28.0,16.0,242.3,15.14,0.0,True
P0057,2002,36,Drew Bledsoe,QB,BUF,30,16,16,251.1,15.69,16,0,107.0,16.0,127.3,7.96,0.0,True
P0260,2002,37,Tom Brady,QB,NWE,25,16,16,245.6,15.35,16,0,47.0,16.0,215.1,13.44,0.0,True
P0023,2002,38,Torry Holt,WR,STL,26,16,11,245.0,15.31,16,0,5.0,16.0,359.1,22.44,0.0,True
P0047,2002,39,Corey Dillon,RB,CIN,28,16,16,241.9,15.12,16,0,175.0,13.0,84.2,6.48,3.0,True
P0011,2002,40,Curtis Martin,RB,NYJ,29,16,16,238.6,14.91,16,0,49.0,16.0,207.0,12.94,0.0,True
P0279,2002,41,Koren Robinson,WR,SEA,22,16,16,237.6,14.85,16,0,60.0,15.0,184.1,12.27,1.0,True
P0198,2002,42,Donald Driver,WR,GNB,27,16,16,235.4,14.71,16,0,101.0,15.0,131.2,8.75,1.0,True
P0267,2002,43,Michael Bennett,RB,MIN,24,16,16,231.7,14.48,16,0,188.0,8.0,73.9,9.24,8.0,True
P0035,2002,44,Warrick Dunn,RB,ATL,27,15,14,228.4,15.23,16,1,71.0,11.0,165.8,15.07,5.0,True
P0252,2002,45,Garrison Hearst,RB,SFO,31,16,16,226.9,14.18,16,0,96.0,12.0,142.9,11.91,4.0,True
P0029,2002,46,Jimmy Smith,WR,JAX,33,16,16,226.9,14.18,16,0,79.0,12.0,158.5,13.21,4.0,True
P0019,2002,47,Isaac Bruce,WR,STL,30,16,16,226.3,14.14,16,0,51.0,15.0,201.4,13.43,1.0,True
P0018,2002,48,Donovan McNabb,QB,PHI,26,10,10,223.6,22.36,16,6,44.0,16.0,218.4,13.65,0.0,True
P0053,2002,49,Brett Favre,QB,GNB,33,16,16,221.6,13.85,16,0,39.0,16.0,221.9,13.87,0.0,True
P0007,2002,50,Rod Smith,WR,DEN,32,16,16,220.6,13.79,16,0,54.0,15.0,195.2,13.01,1.0,True
P0264,2002,51,Rod Gardner,WR,WAS,25,16,15,219.7,13.73,16,0,77.0,16.0,158.8,9.93,0.0,True
P0054,2002,52,Keyshawn Johnson,WR,TAM,30,16,16,218.8,13.68,16,0,116.0,10.0,123.0,12.3,6.0,True
P0337,2002,53,Chad Pennington,QB,NYJ,26,15,12,217.7,14.51,16,1,105.0,10.0,127.8,12.78,6.0,True
P0036,2002,54,James Stewart,RB,DET,31,14,9,217.4,15.53,16,2,,,,,,False
P0303,2002,55,Chad Johnson,WR,CIN,24,16,14,215.6,13.48,16,0,10.0,16.0,285.5,17.84,0.0,True
P0002,2002,56,Edgerrin James,RB,IND,24,14,14,211.3,15.09,16,2,19.0,13.0,266.1,20.47,3.0,True
P0046,2002,57,Kerry Collins,QB,NYG,30,16,16,210.6,13.16,16,0,97.0,13.0,141.3,10.87,3.0,True
P0338,2002,58,Marcel Shipp,RB,ARI,24,15,6,208.7,13.91,16,1,112.0,16.0,125.4,7.84,0.0,True
P0062,2002,59,Derrick Mason,WR,TEN,28,14,14,208.2,14.87,16,2,15.0,16.0,274.4,17.15,0.0,True
P0050,2002,60,Troy Brown,WR,NWE,31,14,13,205.4,14.67,16,2,131.0,12.0,113.9,9.49,4.0,True
P0192,2002,61,Antowain Smith,RB,NWE,30,16,15,201.5,12.59,16,0,147.0,13.0,103.4,7.95,3.0,True
P0123,2002,62,Brad Johnson,QB,TAM,34,13,13,201.0,15.46,16,3,46.0,16.0,215.5,13.47,0.0,True
P0176,2002,63,Travis Taylor,WR,BAL,24,16,15,194.4,12.15,16,0,110.0,16.0,126.4,7.9,0.0,True
P0339,2002,64,Todd Heap,TE,BAL,22,16,16,193.4,12.09,16,0,84.0,16.0,154.4,9.65,0.0,True
P0289,2002,65,Quincy Morgan,WR,CLE,25,16,16,193.1,12.07,16,0,141.0,16.0,107.2,6.7,0.0,True
P0265,2002,66,Joey Galloway,WR,DAL,31,16,16,188.9,11.81,16,0,128.0,15.0,115.4,7.69,1.0,True
P0340,2002,67,Drew Brees,QB,SDG,23,16,16,188.4,11.78,16,0,137.0,11.0,111.8,10.16,5.0,True
P0042,2002,68,Mark Brunell,QB,JAX,32,15,15,188.2,12.55,16,1,,,,,,False
P0032,2002,69,Tim Brown,WR,OAK,36,16,16,187.9,11.74,16,0,119.0,16.0,120.7,7.54,0.0,True
P0086,2002,70,Curtis Conway,WR,SDG,31,13,13,185.5,14.27,16,3,118.0,16.0,122.0,7.62,0.0,True
P0278,2002,71,Matt Hasselbeck,QB,SEA,27,16,10,183.2,11.45,16,0,23.0,16.0,250.1,15.63,0.0,True
P0040,2002,72,Michael Pittman,RB,TAM,27,16,15,182.5,11.41,16,0,42.0,16.0,219.8,13.74,0.0,True
P0105,2002,73,Jake Plummer,QB,ARI,28,16,16,182.4,11.4,16,0,68.0,11.0,167.8,15.25,5.0,True
P0027,2002,74,Tony Gonzalez,TE,KAN,26,16,16,182.3,11.39,16,0,38.0,16.0,222.6,13.91,0.0,True
P0270,2002,75,Todd Pinkston,WR,PHI,25,15,15,180.3,12.02,16,1,145.0,16.0,104.4,6.52,0.0,True
P0335,2002,76,Jerry Porter,WR,OAK,24,16,14,178.4,11.15,16,0,201.0,10.0,69.1,6.91,6.0,True
P0231,2002,77,Tai Streets,WR,SFO,25,16,14,177.6,11.1,16,0,90.0,16.0,148.5,9.28,0.0,True
P0099,2002,78,Jon Kitna,QB,CIN,30,14,12,176.8,12.63,16,2,41.0,16.0,220.9,13.81,0.0,True
P0064,2002,79,Brian Griese,QB,DEN,27,13,13,175.3,13.48,16,3,,,,,,False
P0109,2002,80,James Thrash,WR,PHI,27,16,16,174.1,10.88,16,0,126.0,16.0,116.0,7.25,0.0,True
P0144,2002,81,David Patten,WR,NWE,28,16,14,174.0,10.88,16,0,,,,,,False
P0286,2002,82,Brian Finneran,WR,ATL,26,16,16,173.8,10.86,16,0,185.0,12.0,74.8,6.23,4.0,True
P0259,2002,83,Jamel White,RB,CLE,25,14,6,173.2,12.37,16,2,134.0,16.0,112.9,7.06,0.0,True
P0292,2002,84,Amos Zereoue,RB,PIT,26,16,5,172.3,10.77,16,0,111.0,16.0,126.3,7.89,0.0,True
P0017,2002,85,Ed McCaffrey,WR,DEN,34,16,16,171.5,10.72,16,0,,,,,,False
P0341,2002,86,Jeremy Shockey,TE,NYG,22,15,14,171.4,11.43,16,1,140.0,9.0,111.5,12.39,7.0,True
P0049,2002,87,Wayne Chrebet,WR,NYJ,29,15,15,170.1,11.34,16,1,229.0,7.0,61.9,8.84,9.0,True
P0088,2002,88,Darrell Jackson,WR,SEA,24,13,13,170.0,13.08,16,3,32.0,16.0,233.7,14.61,0.0,True
P0342,2002,89,Steve Smith Sr.,WR,CAR,23,15,13,168.8,11.25,16,1,22.0,16.0,251.2,15.7,0.0,True
P0031,2002,90,Muhsin Muhammad,WR,CAR,29,14,14,167.3,11.95,16,2,86.0,15.0,153.5,10.23,1.0,True
P0122,2002,91,Kevin Johnson,WR,CLE,26,16,15,166.6,10.41,16,0,98.0,15.0,139.4,9.29,1.0,True
P0343,2002,92,Tommy Maddox,QB,PIT,31,15,11,165.7,11.05,16,1,63.0,16.0,171.8,10.74,0.0,True
P0038,2002,93,Keenan McCardell,WR,TAM,32,14,14,162.3,11.59,16,2,20.0,16.0,253.4,15.84,0.0,True
P0114,2002,94,Eddie Kennison,WR,KAN,29,16,14,161.4,10.09,16,0,66.0,16.0,170.2,10.64,0.0,True
P0296,2002,95,Moe Williams,RB,MIN,28,16,0,159.5,9.97,16,0,24.0,16.0,249.9,15.62,0.0,True
P0034,2002,96,Stephen Davis,FB,WAS,28,12,12,159.2,13.27,16,4,45.0,14.0,216.3,15.45,2.0,True
P0344,2002,97,Derrius Thompson,WR,WAS,25,16,14,158.0,9.88,16,0,228.0,16.0,61.9,3.87,0.0,True
P0158,2002,98,Dennis Northcutt,WR,CLE,25,13,0,156.5,12.04,16,3,88.0,15.0,153.2,10.21,1.0,True
P0171,2002,99,Tim Couch,QB,CLE,25,14,14,155.4,11.1,16,2,189.0,10.0,73.4,7.34,6.0,True
P0345,2002,100,Antonio Bryant,WR,DAL,21,16,15,153.3,9.58,16,0,144.0,16.0,106.0,6.62,0.0,True
P0148,2002,101,Mike Alstott,FB,TAM,29,16,9,152.0,9.5,16,0,,,,,,False
P0257,2002,102,Chris Chambers,WR,MIA,24,15,15,151.2,10.08,16,1,34.0,16.0,227.3,14.21,0.0,True
P0067,2002,103,Emmitt Smith,RB,DAL,33,16,16,150.4,9.4,16,0,224.0,10.0,62.3,6.23,6.0,True
P0079,2002,104,Peter Warrick,WR,CIN,25,15,10,149.8,9.99,16,1,37.0,15.0,222.6,14.84,1.0,True
P0282,2002,105,Corey Bradford,WR,HOU,27,16,16,149.6,9.35,16,0,160.0,16.0,94.0,5.88,0.0,True
P0346,2002,106,Donte' Stallworth,WR,NOR,22,13,7,149.6,11.51,16,3,166.0,11.0,89.8,8.16,5.0,True
P0033,2002,107,Lamar Smith,RB,CAR,32,11,11,148.4,13.49,16,5,,,,,,False
P0347,2002,108,William Green,RB,CLE,23,16,10,148.0,9.25,16,0,192.0,7.0,72.9,10.41,9.0,True
P0045,2002,109,Terry Glenn,WR,GNB,28,15,14,147.7,9.85,16,1,74.0,16.0,162.9,10.18,0.0,True
P0072,2002,110,Shannon Sharpe,TE,DEN,34,13,13,147.6,11.35,16,3,57.0,15.0,187.0,12.47,1.0,True
P0348,2002,111,David Carr,QB,HOU,23,16,16,145.9,9.12,16,0,124.0,12.0,117.6,9.8,4.0,True
P0167,2002,112,Bubba Franks,TE,GNB,24,16,15,145.4,9.09,16,0,178.0,16.0,82.1,5.13,0.0,True
P0092,2002,113,Jay Fiedler,QB,MIA,31,11,10,144.9,13.17,16,5,117.0,12.0,122.3,10.19,4.0,True
P0308,2002,114,Reggie Wayne,WR,IND,24,16,7,142.6,8.91,16,0,55.0,16.0,193.8,12.11,0.0,True
P0254,2002,115,Anthony Thomas,RB,CHI,25,12,12,142.4,11.87,16,4,89.0,13.0,151.0,11.62,3.0,True
P0071,2002,116,Kevin Faulk,RB,NWE,26,15,0,142.0,9.47,16,1,93.0,15.0,147.8,9.85,1.0,True
P0152,2002,117,Tim Dwight,WR,SDG,27,16,14,141.1,8.82,16,0,,,,,,False
P0349,2002,118,D'Wayne Bates,WR,MIN,27,14,11,140.9,10.06,16,2,,,,,,False
P0288,2002,119,Dez White,WR,CHI,23,16,14,139.7,8.73,16,0,109.0,15.0,126.6,8.44,1.0,True
P0060,2002,120,James Allen,RB,HOU,27,16,5,133.3,8.33,16,0,,,,,,False
P0055,2002,121,Jerome Bettis,RB,PIT,30,13,11,131.3,10.1,16,3,99.0,16.0,138.7,8.67,0.0,True
P0350,2002,122,Billy Miller,TE,HOU,25,16,7,130.3,8.14,16,0,161.0,16.0,93.5,5.84,0.0,True
P0052,2002,123,Antonio Freeman,WR,PHI,30,16,1,130.0,8.12,16,0,,,,,,False
P0351,2002,124,Antwaan Randle El,WR,PIT,23,16,0,129.1,8.07,16,0,159.0,16.0,95.1,5.94,0.0,True
P0063,2002,125,Bill Schroeder,WR,DET,31,14,13,127.5,9.11,16,2,169.0,16.0,87.7,5.48,0.0,True
P0149,2002,126,Marcus Pollard,TE,IND,30,15,15,126.8,8.45,16,1,135.0,14.0,112.1,8.01,2.0,True
P0352,2002,127,Rodney Peete,QB,CAR,36,14,14,124.6,8.9,16,2,,,,,,False
P0269,2002,128,Kevan Barlow,RB,SFO,23,14,0,123.1,8.79,16,2,50.0,16.0,202.1,12.63,0.0,True
P0106,2002,129,Jeff Blake,QB,BAL,32,11,10,122.0,11.09,16,5,100.0,13.0,137.6,10.58,3.0,True
P0353,2002,130,Andre' Davis,WR,CLE,23,16,4,121.7,7.61,16,0,104.0,16.0,130.4,8.15,0.0,True
P0354,2002,131,Marc Bulger,QB,STL,25,7,7,121.0,17.29,16,9,43.0,15.0,219.3,14.62,1.0,True
P0355,2002,132,Kenny Watson,RB,WAS,24,16,4,120.7,7.54,16,0,,,,,,False
P0111,2002,133,Jerome Pathon,WR,NOR,27,14,13,119.3,8.52,16,2,115.0,16.0,123.8,7.74,0.0,True
P0255,2002,134,Stacey Mack,RB,JAX,27,16,0,116.5,7.28,16,0,237.0,8.0,57.8,7.22,8.0,True
P0298,2002,135,Bobby Engram,WR,SEA,29,15,6,115.9,7.73,16,1,82.0,16.0,155.7,9.73,0.0,True
P0097,2002,136,Az-Zahir Hakim,WR,DET,25,10,10,115.4,11.54,16,6,114.0,14.0,123.8,8.84,2.0,True
P0356,2002,137,Santana Moss,WR,NYJ,23,15,3,114.1,7.61,16,1,25.0,16.0,247.2,15.45,0.0,True
P0142,2002,138,Ricky Proehl,WR,STL,34,16,2,113.6,7.1,16,0,165.0,16.0,89.9,5.62,0.0,True
P0087,2002,139,Kyle Brady,TE,JAX,30,16,16,113.1,7.07,16,0,233.0,16.0,59.1,3.69,0.0,True
P0295,2002,140,Alge Crumpler,TE,ATL,25,16,9,111.5,6.97,16,0,129.0,16.0,115.2,7.2,0.0,True
P0357,2002,141,Randy McMichael,TE,MIA,23,16,16,110.3,6.89,16,0,108.0,16.0,126.8,7.92,0.0,True
P0358,2002,142,Marc Boerigter,WR,KAN,24,16,2,110.0,6.88,16,0,,,,,,False
P0256,2002,143,Kevin Dyson,WR,TEN,27,11,11,108.6,9.87,16,5,,,,,,False
P0117,2002,144,Bobby Shaw,WR,JAX,27,16,10,108.5,6.78,16,0,87.0,16.0,153.2,9.57,0.0,True
P0101,2002,145,Qadry Ismail,WR,IND,32,14,14,108.2,7.73,16,2,,,,,,False
P0272,2002,146,Jim Miller,QB,CHI,31,10,8,106.9,10.69,16,6,,,,,,False
P0359,2002,147,Joey Harrington,QB,DET,24,14,12,106.2,7.59,16,2,85.0,16.0,153.6,9.6,0.0,True
P0170,2002,148,Itula Mili,TE,SEA,29,16,12,105.8,6.61,16,0,120.0,16.0,119.2,7.45,0.0,True
P0360,2002,149,Deion Branch,WR,NWE,23,13,7,103.9,7.99,16,3,81.0,15.0,156.4,10.43,1.0,True
P0361,2002,150,Ashley Lelie,WR,DEN,22,16,1,103.5,6.47,16,0,125.0,16.0,116.1,7.26,0.0,True
P0212,2002,151,Joe Jurevicius,WR,TAM,28,15,3,103.3,6.89,16,1,,,,,,False
P0132,2002,152,Stephen Alexander,TE,SDG,27,14,14,102.0,7.29,16,2,,,,,,False
P0362,2002,153,Jabar Gaffney,WR,HOU,22,16,14,100.9,6.31,16,0,170.0,16.0,87.5,5.47,0.0,True
P0082,2002,154,Chad Lewis,TE,PHI,31,16,16,99.8,6.24,16,0,235.0,16.0,58.3,3.64,0.0,True
P0076,2002,155,Larry Centers,FB,BUF,34,16,7,99.4,6.21,16,0,,,,,,False
P0363,2002,156,James Mungro,RB,IND,24,9,1,98.7,10.97,16,7,,,,,,False
P0364,2002,157,Josh Reed,WR,BUF,22,16,2,97.9,6.12,16,0,103.0,16.0,130.6,8.16,0.0,True
P0274,2002,158,Ernie Conwell,TE,STL,30,16,11,96.9,6.06,16,0,207.0,10.0,67.0,6.7,6.0,True
P0194,2002,159,Christian Fauria,TE,NWE,31,16,13,96.3,6.02,16,0,204.0,16.0,68.5,4.28,0.0,True
P0089,2002,160,James McKnight,WR,MIA,30,15,9,95.6,6.37,16,1,181.0,15.0,77.0,5.13,1.0,True
P0026,2002,161,Mike Anderson,RB,DEN,29,15,12,95.3,6.35,16,1,190.0,12.0,73.0,6.08,4.0,True
P0365,2002,162,T.J. Houshmandzadeh,WR,CIN,25,16,5,94.2,5.89,16,0,,,,,,False
P0366,2002,163,Dante Hall,WR,KAN,24,16,0,93.6,5.85,16,0,127.0,16.0,115.6,7.22,0.0,True
P0305,2002,164,Drew Bennett,WR,TEN,24,16,7,92.8,5.8,16,0,142.0,12.0,107.0,8.92,4.0,True
P0367,2002,165,Lamar Gordon,RB,STL,22,13,5,92.6,7.12,16,3,246.0,10.0,49.7,4.97,6.0,True
P0041,2002,166,David Boston,WR,ARI,24,8,8,92.1,11.51,16,8,52.0,14.0,199.8,14.27,2.0,True
P0147,2002,167,Thomas Jones,RB,ARI,24,9,9,90.4,10.04,16,7,122.0,16.0,118.7,7.42,0.0,True
P0368,2002,168,T.J. Duckett,RB,ATL,21,12,3,89.8,7.48,16,4,75.0,16.0,160.3,10.02,0.0,True
P0302,2002,169,Ron Dugans,WR,CIN,25,16,5,89.1,5.57,16,0,,,,,,False
P0080,2002,170,Frank Sanders,WR,ARI,29,12,12,88.2,7.35,16,4,,,,,,False
P0069,2002,171,Kordell Stewart,QB,PIT,30,7,5,87.3,12.47,16,9,146.0,9.0,103.7,11.52,7.0,True
P0083,2002,172,Johnnie Morton,WR,KAN,31,14,14,87.1,6.22,16,2,80.0,16.0,157.4,9.84,0.0,True
P0074,2002,173,Freddie Jones,TE,ARI,28,16,16,85.8,5.36,16,0,113.0,16.0,124.7,7.79,0.0,True
P0084,2002,174,Frank Wycheck,TE,TEN,31,15,15,85.1,5.67,16,1,,,,,,False
P0369,2002,175,Doug Jolley,TE,OAK,23,16,3,84.9,5.31,16,0,225.0,15.0,62.0,4.13,1.0,True
P0370,2002,176,Shane Matthews,QB,WAS,32,8,7,84.8,10.6,16,8,,,,,,False
P0249,2002,177,Anthony Becht,TE,NYJ,25,16,15,84.3,5.27,16,0,152.0,16.0,101.6,6.35,0.0,True
P0319,2002,178,Jim Kleinsasser,TE,MIN,25,14,12,84.0,6.0,16,2,139.0,16.0,111.6,6.98,0.0,True
P0266,2002,179,Cory Schlesinger,FB,DET,30,16,14,83.2,5.2,16,0,193.0,16.0,72.3,4.52,0.0,True
P0371,2002,180,Jonathan Wells,RB,HOU,23,16,11,82.7,5.17,16,0,,,,,,False
P0179,2002,181,Dorsey Levens,RB,PHI,32,16,0,82.5,5.16,16,0,,,,,,False
P0372,2002,182,Dee Brown,RB,CAR,24,14,3,81.6,5.83,16,2,,,,,,False
P0373,2002,183,Trevor Gaylor,WR,ATL,25,13,2,81.5,6.27,16,3,,,,,,False
P0374,2002,184,Patrick Ramsey,QB,WAS,23,9,5,79.5,8.83,16,7,102.0,11.0,130.8,11.89,5.0,True
P0065,2002,185,Richie Anderson,FB,NYJ,31,16,14,79.4,4.96,16,0,61.0,15.0,178.9,11.93,1.0,True
P0124,2002,186,Ken Dilger,TE,TAM,31,16,15,78.9,4.93,16,0,243.0,15.0,52.4,3.49,1.0,True
P0326,2002,187,Mikhael Ricks,TE,DET,28,14,12,78.9,5.64,16,2,164.0,16.0,92.4,5.78,0.0,True
P0318,2002,188,LaMont Jordan,RB,NYJ,24,14,0,78.6,5.61,16,2,216.0,16.0,64.1,4.01,0.0,True
P0066,2002,189,Ike Hilliard,WR,NYG,26,7,7,78.3,11.19,16,9,83.0,13.0,154.7,11.9,3.0,True
P0131,2002,190,Ron Dayne,RB,NYG,24,16,1,74.7,4.67,16,0,,,,,,False
P0320,2002,191,Mike McMahon,QB,DET,23,8,4,74.3,9.29,16,8,,,,,,False
P0300,2002,192,Quincy Carter,QB,DAL,25,7,7,73.7,10.53,16,9,56.0,16.0,189.8,11.86,0.0,True
P0375,2002,193,Rob Konrad,FB,MIA,26,16,12,73.5,4.59,16,0,,,,,,False
P0304,2002,194,Jake Reed,WR,NOR,35,14,2,73.0,5.21,16,2,,,,,,False
P0056,2002,195,Tyrone Wheatley,RB,OAK,30,14,0,73.0,5.21,16,2,138.0,15.0,111.8,7.45,1.0,True
P0207,2002,196,Byron Chamberlain,TE,MIN,31,13,9,72.9,5.61,16,3,,,,,,False
P0297,2002,197,Brandon Stokley,WR,BAL,26,8,5,72.8,9.1,16,8,231.0,6.0,61.1,10.18,10.0,True
P0090,2002,198,Shawn Jefferson,WR,ATL,33,13,7,72.4,5.57,16,3,,,,,,False
P0138,2002,199,J.J. Stokes,WR,SFO,30,13,8,71.2,5.48,16,3,,,,,,False
P0376,2002,200,Aveion Cason,RB,DET,23,10,3,70.5,7.05,16,6,214.0,10.0,64.7,6.47,6.0,True
P0377,2002,201,Ron Dixon,WR,NYG,26,10,3,69.7,6.97,16,6,,,,,,False
P0193,2002,202,William Henderson,FB,GNB,31,15,12,69.5,4.63,16,1,218.0,16.0,63.4,3.96,0.0,True
P0378,2002,203,Robert Ferguson,WR,GNB,23,16,1,69.3,4.33,16,0,132.0,15.0,113.2,7.55,1.0,True
P0379,2002,204,Jerramy Stevens,TE,SEA,23,12,1,69.2,5.77,16,4,,,,,,False
P0283,2002,205,Eric Johnson,TE,SFO,23,12,10,68.1,5.68,16,4,,,,,,False
P0380,2002,206,Jason McAddley,WR,ARI,23,9,8,67.2,7.47,16,7,,,,,,False
P0157,2002,207,Wesley Walls,TE,CAR,36,15,14,67.1,4.47,16,1,248.0,14.0,48.2,3.44,2.0,True
P0146,2002,208,Jay Riemersma,TE,BUF,29,16,15,67.0,4.19,16,0,,,,,,False
P0293,2002,209,Troy Hambrick,RB,DAL,26,16,0,66.6,4.16,16,0,91.0,16.0,148.1,9.26,0.0,True
P0381,2002,210,Chad Hutchinson,QB,DAL,25,9,9,65.6,7.29,16,7,,,,,,False
P0382,2002,211,Leon Johnson,RB,CHI,28,16,4,64.5,4.03,16,0,,,,,,False
P0383,2002,212,Ladell Betts,RB,WAS,23,11,0,64.1,5.83,16,5,199.0,9.0,69.2,7.69,7.0,True
P0085,2002,213,Marcus Robinson,WR,CHI,27,16,2,63.4,3.96,16,0,136.0,15.0,112.1,7.47,1.0,True
P0384,2002,214,Tony Fisher,RB,GNB,23,15,1,63.3,4.22,16,1,180.0,15.0,79.6,5.31,1.0,True
P0385,2002,215,Scotty Anderson,WR,DET,23,16,4,63.2,3.95,16,0,217.0,9.0,63.5,7.06,7.0,True
P0154,2002,216,Kevin Lockett,WR,2TM,28,13,4,63.1,4.85,16,3,,,,,,False
P0386,2002,217,Justin McCareins,WR,TEN,24,16,1,62.9,3.93,16,0,62.0,16.0,175.6,10.98,0.0,True
P0387,2002,218,Ray Lucas,QB,MIA,30,7,6,62.4,8.91,16,9,,,,,,False
P0211,2002,219,Pete Mitchell,TE,JAX,31,16,11,61.6,3.85,16,0,,,,,,False
P0388,2002,220,Mark Campbell,TE,CLE,27,16,16,60.9,3.81,16,0,187.0,16.0,73.9,4.62,0.0,True
P0389,2002,221,Chris Redman,QB,BAL,25,6,6,60.2,10.03,16,10,,,,,,False
P0390,2002,222,Matt Schobel,TE,CIN,24,16,10,60.2,3.76,16,0,200.0,15.0,69.2,4.61,1.0,True
P0391,2002,223,Javon Walker,WR,GNB,24,15,2,60.0,4.0,16,1,72.0,16.0,164.7,10.29,0.0,True
P0178,2002,224,Zack Crockett,FB,OAK,30,16,0,59.8,3.74,16,0,208.0,16.0,66.8,4.18,0.0,True
P0200,2002,225,Brad Hoover,FB,CAR,26,16,10,58.6,3.66,16,0,,,,,,False
P0281,2002,226,MarTay Jenkins,WR,ARI,27,8,1,58.6,7.32,16,8,,,,,,False
P0392,2002,227,Reche Caldwell,WR,SDG,23,16,2,58.5,3.66,16,0,,,,,,False
P0196,2002,228,Tony McGee,TE,DAL,31,16,16,58.4,3.65,16,0,,,,,,False
P0165,2002,229,Bob Christian,FB,ATL,34,15,10,58.3,3.89,16,1,,,,,,False
P0393,2002,230,Darnerien McCants,WR,WAS,26,9,1,57.5,6.39,16,7,149.0,15.0,103.0,6.87,1.0,True
P0241,2002,231,John Davis,TE,CHI,29,10,8,57.3,5.73,16,6,,,,,,False
P0094,2002,232,Terance Mathis,WR,PIT,35,16,0,56.8,3.55,16,0,,,,,,False
P0051,2002,233,Tony Richardson,FB,KAN,31,14,12,56.6,4.04,16,2,,,,,,False
P0394,2002,234,John Simon,RB,TEN,24,12,0,56.5,4.71,16,4,,,,,,False
P0059,2002,235,Steve Beuerlein,QB,DEN,37,8,3,55.9,6.99,16,8,,,,,,False
P0236,2002,236,Mack Strong,FB,SEA,31,16,12,55.4,3.46,16,0,194.0,16.0,72.0,4.5,0.0,True
P0120,2002,237,Willie Jackson,WR,2TM,31,12,2,54.7,4.56,16,4,,,,,,False
P0395,2002,238,Kelly Holcomb,QB,CLE,29,4,2,54.5,13.62,16,12,173.0,10.0,84.6,8.46,6.0,True
P0396,2002,239,Olandis Gary,RB,DEN,27,13,2,53.5,4.12,16,3,197.0,13.0,70.3,5.41,3.0,True
P0397,2002,240,Robert Edwards,RB,MIA,28,12,0,53.3,4.44,16,4,,,,,,False
P0398,2002,241,Jamie Martin,QB,STL,32,5,2,53.2,10.64,16,11,,,,,,False
P0153,2002,242,Rickey Dudley,TE,TAM,30,14,3,53.2,3.8,16,2,,,,,,False
P0399,2002,243,A.J. Feeley,QB,PHI,25,6,5,53.0,8.83,16,10,,,,,,False
P0400,2002,244,Kevin Kasper,WR,3TM,25,13,4,52.9,4.07,16,3,,,,,,False
P0301,2002,245,Marc Edwards,FB,NWE,28,16,10,52.2,3.26,16,0,234.0,16.0,58.9,3.68,0.0,True
P0151,2002,246,Trent Dilfer,QB,SEA,30,6,6,52.0,8.67,16,10,,,,,,False
P0401,2002,247,Chris Doering,WR,WAS,29,15,3,51.2,3.41,16,1,249.0,16.0,48.0,3.0,0.0,True
P0262,2002,248,Darnay Scott,WR,DAL,30,15,1,51.2,3.41,16,1,,,,,,False
P0402,2002,249,Chester Taylor,RB,BAL,23,15,2,51.1,3.41,16,1,195.0,16.0,70.8,4.42,0.0,True
P0136,2002,250,Fred Beasley,FB,SFO,28,16,14,50.7,3.17,16,0,,,,,,False
P0121,2003,1,Priest Holmes,RB,KAN,30,16,16,445.0,27.81,16,0,55.0,8.0,212.9,26.61,8.0,True
P0251,2003,2,LaDainian Tomlinson,RB,SDG,24,16,16,443.8,27.74,16,0,4.0,15.0,336.1,22.41,1.0,True
P0009,2003,3,Ahman Green,RB,GNB,26,16,16,385.0,24.06,16,0,41.0,15.0,228.6,15.24,1.0,True
P0010,2003,4,Randy Moss,WR,MIN,26,16,16,376.0,23.5,16,0,63.0,13.0,201.2,15.48,3.0,True
P0023,2003,5,Torry Holt,WR,STL,27,16,15,359.1,22.44,16,0,12.0,16.0,291.2,18.2,0.0,True
P0312,2003,6,Deuce McAllister,RB,NOR,25,16,16,326.7,20.42,16,0,56.0,14.0,210.2,15.01,2.0,True
P0043,2003,7,Jamal Lewis,RB,BAL,24,16,16,325.1,20.32,16,0,88.0,12.0,164.2,13.68,4.0,True
P0336,2003,8,Clinton Portis,RB,DEN,22,13,13,312.5,24.04,16,3,35.0,15.0,235.6,15.71,1.0,True
P0220,2003,9,Shaun Alexander,RB,SEA,26,16,15,305.0,19.06,16,0,7.0,16.0,323.6,20.23,0.0,True
P0303,2003,10,Chad Johnson,WR,CIN,25,16,14,285.5,17.84,16,0,15.0,16.0,280.3,17.52,0.0,True
P0403,2003,11,Anquan Boldin,WR,ARI,23,16,16,282.7,17.67,16,0,122.0,10.0,122.6,12.26,6.0,True
P0006,2003,12,Marvin Harrison,WR,IND,31,15,15,279.5,18.63,16,1,14.0,16.0,285.3,17.83,0.0,True
P0103,2003,13,Hines Ward,WR,PIT,27,16,16,277.4,17.34,16,0,54.0,16.0,212.9,13.31,0.0,True
P0022,2003,14,Fred Taylor,RB,JAX,27,16,16,276.2,17.26,16,0,59.0,14.0,206.9,14.78,2.0,True
P0062,2003,15,Derrick Mason,WR,TEN,29,16,16,274.4,17.15,16,0,27.0,16.0,254.5,15.91,0.0,True
P0004,2003,16,Daunte Culpepper,QB,MIN,26,14,14,273.4,19.53,16,2,1.0,16.0,371.3,23.21,0.0,True
P0039,2003,17,Ricky Williams,RB,MIA,26,16,16,272.3,17.02,16,0,,,,,,False
P0015,2003,18,Peyton Manning,QB,IND,27,16,16,268.1,16.76,16,0,2.0,16.0,360.1,22.51,0.0,True
P0002,2003,19,Edgerrin James,RB,IND,25,13,13,266.1,20.47,16,3,9.0,16.0,306.1,19.13,0.0,True
P0038,2003,20,Keenan McCardell,WR,TAM,33,16,16,253.4,15.84,16,0,192.0,7.0,76.6,10.94,9.0,True
P0100,2003,21,Trent Green,QB,KAN,33,16,16,251.9,15.74,16,0,22.0,16.0,260.1,16.26,0.0,True
P0342,2003,22,Steve Smith Sr.,WR,CAR,24,16,11,251.2,15.7,16,0,,,,,,False
P0278,2003,23,Matt Hasselbeck,QB,SEA,28,16,16,250.1,15.63,16,0,58.0,14.0,208.3,14.88,2.0,True
P0296,2003,24,Moe Williams,RB,MIN,29,16,7,249.9,15.62,16,0,173.0,14.0,84.4,6.03,2.0,True
P0356,2003,25,Santana Moss,WR,NYJ,24,16,12,247.2,15.45,16,0,93.0,15.0,160.6,10.71,1.0,True
P0016,2003,26,Tiki Barber,RB,NYG,28,16,16,244.7,15.29,16,0,3.0,16.0,347.6,21.72,0.0,True
P0008,2003,27,Terrell Owens,WR,SFO,30,15,15,244.0,16.27,16,1,16.0,14.0,278.5,19.89,2.0,True
P0183,2003,28,Laveranues Coles,WR,WAS,26,16,16,242.3,15.14,16,0,68.0,16.0,188.7,11.79,0.0,True
P0070,2003,29,Steve McNair,QB,TEN,30,14,14,241.8,17.27,16,2,179.0,8.0,82.5,10.31,8.0,True
P0024,2003,30,Joe Horn,WR,NOR,31,15,14,237.4,15.83,16,1,10.0,16.0,301.9,18.87,0.0,True
P0268,2003,31,Travis Henry,RB,BUF,25,15,15,237.4,15.83,16,1,,,,,,False
P0088,2003,32,Darrell Jackson,WR,SEA,25,16,16,233.7,14.61,16,0,28.0,16.0,248.9,15.56,0.0,True
P0129,2003,33,Aaron Brooks,QB,NOR,27,16,16,229.3,14.33,16,0,31.0,16.0,244.8,15.3,0.0,True
P0257,2003,34,Chris Chambers,WR,MIA,25,16,16,227.3,14.21,16,0,57.0,15.0,208.4,13.89,1.0,True
P0404,2003,35,Domanick Williams,RB,HOU,23,14,10,227.2,16.23,16,2,6.0,15.0,323.6,21.57,1.0,True
P0003,2003,36,Jeff Garcia,QB,SFO,33,13,13,225.7,17.36,16,3,133.0,11.0,106.1,9.65,5.0,True
P0079,2003,37,Peter Warrick,WR,CIN,26,15,14,222.6,14.84,16,1,,,,,,False
P0027,2003,38,Tony Gonzalez,TE,KAN,27,16,16,222.6,13.91,16,0,19.0,16.0,270.3,16.89,0.0,True
P0053,2003,39,Brett Favre,QB,GNB,34,16,16,221.9,13.87,16,0,26.0,16.0,255.1,15.94,0.0,True
P0001,2003,40,Marshall Faulk,RB,STL,30,11,11,221.8,20.16,16,5,73.0,14.0,184.4,13.17,2.0,True
P0099,2003,41,Jon Kitna,QB,CIN,31,16,16,220.9,13.81,16,0,,,,,,False
P0040,2003,42,Michael Pittman,RB,TAM,28,16,13,219.8,13.74,16,0,50.0,13.0,220.7,16.98,3.0,True
P0354,2003,43,Marc Bulger,QB,STL,26,15,15,219.3,14.62,16,1,36.0,14.0,235.5,16.82,2.0,True
P0018,2003,44,Donovan McNabb,QB,PHI,27,16,16,218.4,13.65,16,0,13.0,15.0,291.0,19.4,1.0,True
P0034,2003,45,Stephen Davis,RB,CAR,29,14,14,216.3,15.45,16,2,,,,,,False
P0123,2003,46,Brad Johnson,QB,TAM,35,16,16,215.5,13.47,16,0,,,,,,False
P0260,2003,47,Tom Brady,QB,NWE,26,16,16,215.1,13.44,16,0,43.0,16.0,226.5,14.16,0.0,True
P0405,2003,48,Brian Westbrook,RB,PHI,24,15,8,207.5,13.83,16,1,18.0,13.0,276.5,21.27,3.0,True
P0011,2003,49,Curtis Martin,RB,NYJ,30,16,16,207.0,12.94,16,0,8.0,16.0,319.2,19.95,0.0,True
P0269,2003,50,Kevan Barlow,RB,SFO,24,16,4,202.1,12.63,16,0,77.0,15.0,176.4,11.76,1.0,True
P0019,2003,51,Isaac Bruce,WR,STL,31,15,15,201.4,13.43,16,1,30.0,16.0,246.2,15.39,0.0,True
P0041,2003,52,David Boston,WR,SDG,25,14,14,199.8,14.27,16,2,,,,,,False
P0037,2003,53,Amani Toomer,WR,NYG,29,16,16,199.2,12.45,16,0,120.0,15.0,123.7,8.25,1.0,True
P0007,2003,54,Rod Smith,WR,DEN,33,15,15,195.2,13.01,16,1,34.0,16.0,238.7,14.92,0.0,True
P0308,2003,55,Reggie Wayne,WR,IND,25,16,16,193.8,12.11,16,0,20.0,16.0,269.6,16.85,0.0,True
P0300,2003,56,Quincy Carter,QB,DAL,26,16,16,189.8,11.86,16,0,,,,,,False
P0072,2003,57,Shannon Sharpe,TE,DEN,35,15,15,187.0,12.47,16,1,,,,,,False
P0406,2003,58,Andre Johnson,WR,HOU,22,16,16,186.6,11.66,16,0,42.0,16.0,228.4,14.28,0.0,True
P0407,2003,59,Rudi Johnson,RB,CIN,24,13,5,185.3,14.25,16,3,40.0,16.0,232.8,14.55,0.0,True
P0279,2003,60,Koren Robinson,WR,SEA,23,15,15,184.1,12.27,16,1,156.0,10.0,92.8,9.28,6.0,True
P0065,2003,61,Richie Anderson,FB,DAL,32,15,8,178.9,11.93,16,1,183.0,12.0,80.3,6.69,4.0,True
P0386,2003,62,Justin McCareins,WR,TEN,25,16,10,175.6,10.98,16,0,99.0,16.0,156.5,9.78,0.0,True
P0343,2003,63,Tommy Maddox,QB,PIT,32,16,16,171.8,10.74,16,0,,,,,,False
P0005,2003,64,Eddie George,RB,TEN,30,16,16,171.4,10.71,16,0,178.0,13.0,82.5,6.35,3.0,True
P0408,2003,65,Jake Delhomme,QB,CAR,28,16,15,170.7,10.67,16,0,29.0,16.0,248.5,15.53,0.0,True
P0114,2003,66,Eddie Kennison,WR,KAN,30,16,16,170.2,10.64,16,0,47.0,14.0,222.1,15.86,2.0,True
P0224,2003,67,Plaxico Burress,WR,PIT,26,16,16,169.3,10.58,16,0,112.0,11.0,134.8,12.25,5.0,True
P0105,2003,68,Jake Plummer,QB,DEN,29,11,11,167.8,15.25,16,5,24.0,16.0,255.8,15.99,0.0,True
P0102,2003,69,Peerless Price,WR,ATL,27,16,15,166.1,10.38,16,0,118.0,16.0,124.9,7.81,0.0,True
P0012,2003,70,Charlie Garner,RB,OAK,31,14,9,165.9,11.85,16,2,,,,,,False
P0035,2003,71,Warrick Dunn,RB,ATL,28,11,6,165.8,15.07,16,5,51.0,16.0,219.0,13.69,0.0,True
P0391,2003,72,Javon Walker,WR,GNB,25,16,3,164.7,10.29,16,0,11.0,16.0,295.2,18.45,0.0,True
P0112,2003,73,Shawn Bryson,RB,DET,27,16,13,164.6,10.29,16,0,141.0,16.0,100.6,6.29,0.0,True
P0045,2003,74,Terry Glenn,WR,DAL,29,16,14,162.9,10.18,16,0,196.0,6.0,75.7,12.62,10.0,True
P0368,2003,75,T.J. Duckett,RB,ATL,22,16,10,160.3,10.02,16,0,144.0,13.0,99.4,7.65,3.0,True
P0058,2003,76,Jerry Rice,WR,OAK,41,16,15,159.9,9.99,16,0,159.0,17.0,90.9,5.35,-1.0,True
P0264,2003,77,Rod Gardner,WR,WAS,26,16,16,158.8,9.93,16,0,106.0,16.0,146.7,9.17,0.0,True
P0162,2003,78,Duce Staley,RB,PHI,28,16,4,158.5,9.91,16,0,148.0,10.0,96.5,9.65,6.0,True
P0029,2003,79,Jimmy Smith,WR,JAX,34,12,12,158.5,13.21,16,4,45.0,16.0,225.2,14.08,0.0,True
P0083,2003,80,Johnnie Morton,WR,KAN,32,16,16,157.4,9.84,16,0,101.0,13.0,154.8,11.91,3.0,True
P0360,2003,81,Deion Branch,WR,NWE,24,15,12,156.4,10.43,16,1,138.0,9.0,102.4,11.38,7.0,True
P0298,2003,82,Bobby Engram,WR,SEA,30,16,7,155.7,9.73,16,0,150.0,13.0,95.9,7.38,3.0,True
P0066,2003,83,Ike Hilliard,WR,NYG,27,13,12,154.7,11.9,16,3,154.0,16.0,94.1,5.88,0.0,True
P0339,2003,84,Todd Heap,TE,BAL,23,16,16,154.4,9.65,16,0,197.0,6.0,75.3,12.55,10.0,True
P0359,2003,85,Joey Harrington,QB,DET,25,16,16,153.6,9.6,16,0,69.0,16.0,187.4,11.71,0.0,True
P0031,2003,86,Muhsin Muhammad,WR,CAR,30,15,15,153.5,10.23,16,1,5.0,16.0,329.0,20.56,0.0,True
P0117,2003,87,Bobby Shaw,WR,BUF,28,16,7,153.2,9.57,16,0,,,,,,False
P0158,2003,88,Dennis Northcutt,WR,CLE,26,15,6,153.2,10.21,16,1,105.0,16.0,147.5,9.22,0.0,True
P0254,2003,89,Anthony Thomas,RB,CHI,26,13,13,151.0,11.62,16,3,181.0,12.0,80.6,6.72,4.0,True
P0231,2003,90,Tai Streets,WR,SFO,26,16,16,148.5,9.28,16,0,223.0,13.0,62.0,4.77,3.0,True
P0293,2003,91,Troy Hambrick,RB,DAL,27,16,16,148.1,9.26,16,0,,,,,,False
P0030,2003,92,Eric Moulds,WR,BUF,30,13,13,148.0,11.38,16,3,46.0,16.0,222.2,13.89,0.0,True
P0071,2003,93,Kevin Faulk,RB,NWE,27,15,8,147.8,9.85,16,1,157.0,11.0,92.3,8.39,5.0,True
P0409,2003,94,Byron Leftwich,QB,JAX,23,15,13,147.6,9.84,16,1,71.0,14.0,186.7,13.34,2.0,True
P0135,2003,95,Marty Booker,WR,CHI,27,13,13,146.8,11.29,16,3,123.0,15.0,120.9,8.06,1.0,True
P0252,2003,96,Garrison Hearst,RB,SFO,32,12,12,142.9,11.91,16,4,,,,,,False
P0046,2003,97,Kerry Collins,QB,NYG,31,13,13,141.3,10.87,16,3,75.0,14.0,181.4,12.96,2.0,True
P0122,2003,98,Kevin Johnson,WR,2TM,27,15,9,139.4,9.29,16,1,194.0,16.0,76.3,4.77,0.0,True
P0055,2003,99,Jerome Bettis,RB,PIT,31,16,10,138.7,8.67,16,0,70.0,15.0,187.1,12.47,1.0,True
P0106,2003,100,Jeff Blake,QB,ARI,33,13,13,137.6,10.58,16,3,,,,,,False
P0198,2003,101,Donald Driver,WR,GNB,28,15,15,131.2,8.75,16,1,23.0,16.0,257.2,16.08,0.0,True
P0374,2003,102,Patrick Ramsey,QB,WAS,24,11,11,130.8,11.89,16,5,172.0,9.0,84.5,9.39,7.0,True
P0364,2003,103,Josh Reed,WR,BUF,23,16,16,130.6,8.16,16,0,,,,,,False
P0353,2003,104,Andre' Davis,WR,CLE,24,16,8,130.4,8.15,16,0,211.0,7.0,69.3,9.9,9.0,True
P0337,2003,105,Chad Pennington,QB,NYJ,27,10,9,127.8,12.78,16,6,84.0,13.0,167.5,12.88,3.0,True
P0285,2003,106,Correll Buckhalter,RB,PHI,25,15,5,127.5,8.5,16,1,,,,,,False
P0057,2003,107,Drew Bledsoe,QB,BUF,31,16,16,127.3,7.96,16,0,96.0,16.0,159.0,9.94,0.0,True
P0357,2003,108,Randy McMichael,TE,MIA,24,16,16,126.8,7.92,16,0,76.0,16.0,178.1,11.13,0.0,True
P0288,2003,109,Dez White,WR,CHI,24,15,11,126.6,8.44,16,1,182.0,16.0,80.4,5.03,0.0,True
P0176,2003,110,Travis Taylor,WR,BAL,25,16,16,126.4,7.9,16,0,199.0,10.0,74.1,7.41,6.0,True
P0292,2003,111,Amos Zereoue,RB,PIT,27,16,6,126.3,7.89,16,0,116.0,15.0,125.9,8.39,1.0,True
P0338,2003,112,Marcel Shipp,RB,ARI,25,16,11,125.4,7.84,16,0,,,,,,False
P0074,2003,113,Freddie Jones,TE,ARI,29,16,16,124.7,7.79,16,0,143.0,16.0,99.6,6.22,0.0,True
P0097,2003,114,Az-Zahir Hakim,WR,DET,26,14,12,123.8,8.84,16,2,139.0,12.0,102.3,8.52,4.0,True
P0111,2003,115,Jerome Pathon,WR,NOR,28,16,12,123.8,7.74,16,0,149.0,15.0,96.1,6.41,1.0,True
P0054,2003,116,Keyshawn Johnson,WR,TAM,31,10,10,123.0,12.3,16,6,62.0,16.0,201.4,12.59,0.0,True
P0092,2003,117,Jay Fiedler,QB,MIA,32,12,11,122.3,10.19,16,4,234.0,8.0,57.3,7.16,8.0,True
P0086,2003,118,Curtis Conway,WR,NYJ,32,16,15,122.0,7.62,16,0,146.0,16.0,98.3,6.14,0.0,True
P0032,2003,119,Tim Brown,WR,OAK,37,16,15,120.7,7.54,16,0,247.0,15.0,48.0,3.2,1.0,True
P0170,2003,120,Itula Mili,TE,SEA,30,16,12,119.2,7.45,16,0,241.0,15.0,53.0,3.53,1.0,True
P0410,2003,121,David Givens,WR,NWE,23,13,5,119.0,9.15,16,3,90.0,15.0,161.4,10.76,1.0,True
P0147,2003,122,Thomas Jones,RB,TAM,25,16,3,118.7,7.42,16,0,39.0,14.0,233.5,16.68,2.0,True
P0411,2003,123,Onterrio Smith,RB,MIN,23,15,3,117.8,7.85,16,1,102.0,11.0,153.8,13.98,5.0,True
P0348,2003,124,David Carr,QB,HOU,24,12,11,117.6,9.8,16,4,64.0,16.0,201.1,12.57,0.0,True
P0361,2003,125,Ashley Lelie,WR,DEN,23,16,10,116.1,7.26,16,0,61.0,16.0,204.9,12.81,0.0,True
P0109,2003,126,James Thrash,WR,PHI,28,16,16,116.0,7.25,16,0,,,,,,False
P0366,2003,127,Dante Hall,WR,KAN,25,16,2,115.6,7.22,16,0,219.0,16.0,63.6,3.98,0.0,True
P0265,2003,128,Joey Galloway,WR,DAL,32,15,13,115.4,7.69,16,1,126.0,10.0,112.5,11.25,6.0,True
P0295,2003,129,Alge Crumpler,TE,ATL,26,16,16,115.2,7.2,16,0,94.0,14.0,159.4,11.39,2.0,True
P0311,2003,130,Boo Williams,TE,NOR,24,16,6,114.6,7.16,16,0,187.0,16.0,79.2,4.95,0.0,True
P0050,2003,131,Troy Brown,WR,NWE,32,12,10,113.9,9.49,16,4,,,,,,False
P0378,2003,132,Robert Ferguson,WR,GNB,24,15,12,113.2,7.55,16,1,213.0,13.0,68.7,5.28,3.0,True
P0412,2003,133,Dane Looker,WR,STL,27,16,2,112.9,7.06,16,0,,,,,,False
P0259,2003,134,Jamel White,RB,CLE,26,16,3,112.9,7.06,16,0,,,,,,False
P0149,2003,135,Marcus Pollard,TE,IND,31,14,13,112.1,8.01,16,2,151.0,13.0,95.9,7.38,3.0,True
P0085,2003,136,Marcus Robinson,WR,BAL,28,15,5,112.1,7.47,16,1,92.0,16.0,160.7,10.04,0.0,True
P0340,2003,137,Drew Brees,QB,SDG,24,11,11,111.8,10.16,16,5,33.0,15.0,241.7,16.11,1.0,True
P0056,2003,138,Tyrone Wheatley,RB,OAK,31,15,5,111.8,7.45,16,1,185.0,8.0,79.5,9.94,8.0,True
P0319,2003,139,Jim Kleinsasser,TE,MIN,26,16,16,111.6,6.98,16,0,,,,,,False
P0341,2003,140,Jeremy Shockey,TE,NYG,23,9,9,111.5,12.39,16,7,89.0,15.0,163.6,10.91,1.0,True
P0289,2003,141,Quincy Morgan,WR,CLE,26,16,15,107.2,6.7,16,0,160.0,15.0,89.7,5.98,1.0,True
P0305,2003,142,Drew Bennett,WR,TEN,25,12,8,107.0,8.92,16,4,17.0,16.0,276.9,17.31,0.0,True
P0413,2003,143,Kelly Campbell,WR,MIN,23,15,6,106.3,7.09,16,1,230.0,16.0,59.8,3.74,0.0,True
P0345,2003,144,Antonio Bryant,WR,DAL,22,16,5,106.0,6.62,16,0,91.0,15.0,161.2,10.75,1.0,True
P0270,2003,145,Todd Pinkston,WR,PHI,26,16,15,104.4,6.52,16,0,129.0,16.0,109.6,6.85,0.0,True
P0069,2003,146,Kordell Stewart,QB,CHI,31,9,7,103.7,11.52,16,7,,,,,,False
P0192,2003,147,Antowain Smith,RB,NWE,31,13,6,103.4,7.95,16,3,128.0,13.0,111.8,8.6,3.0,True
P0245,2003,148,Erron Kinney,TE,TEN,26,16,16,103.1,6.44,16,0,221.0,9.0,62.3,6.92,7.0,True
P0393,2003,149,Darnerien McCants,WR,WAS,27,15,1,103.0,6.87,16,1,,,,,,False
P0414,2003,150,Daniel Graham,TE,NWE,25,14,9,102.9,7.35,16,2,130.0,14.0,108.4,7.74,2.0,True
P0316,2003,151,Freddie Mitchell,WR,PHI,25,16,6,101.8,6.36,16,0,206.0,16.0,71.7,4.48,0.0,True
P0249,2003,152,Anthony Becht,TE,NYJ,26,16,16,101.6,6.35,16,0,,,,,,False
P0309,2003,153,Troy Edwards,WR,JAX,26,13,11,100.8,7.75,16,3,134.0,16.0,105.5,6.59,0.0,True
P0415,2003,154,Troy Walters,WR,IND,27,15,4,100.2,6.68,16,1,,,,,,False
P0416,2003,155,Jerald Sowell,FB,NYJ,29,16,16,96.8,6.05,16,0,167.0,16.0,86.0,5.38,0.0,True
P0417,2003,156,Rock Cartwright,FB,WAS,24,15,3,96.7,6.45,16,1,,,,,,False
P0418,2003,157,DeShaun Foster,RB,CAR,23,14,2,95.6,6.83,16,2,238.0,4.0,54.1,13.52,12.0,True
P0164,2003,158,Desmond Clark,TE,CHI,26,15,15,95.3,6.35,16,1,235.0,15.0,56.2,3.75,1.0,True
P0351,2003,159,Antwaan Randle El,WR,PIT,24,16,1,95.1,5.94,16,0,117.0,16.0,124.9,7.81,0.0,True
P0282,2003,160,Corey Bradford,WR,HOU,28,16,6,94.0,5.88,16,0,169.0,15.0,84.9,5.66,1.0,True
P0350,2003,161,Billy Miller,TE,HOU,26,16,6,93.5,5.84,16,0,,,,,,False
P0128,2003,162,Doug Flutie,QB,SDG,41,7,5,92.7,13.24,16,9,,,,,,False
P0419,2003,163,Cedrick Wilson,WR,SFO,25,16,4,92.4,5.78,16,0,114.0,15.0,129.7,8.65,1.0,True
P0326,2003,164,Mikhael Ricks,TE,DET,29,16,6,92.4,5.78,16,0,,,,,,False
P0142,2003,165,Ricky Proehl,WR,CAR,35,16,2,89.9,5.62,16,0,171.0,16.0,84.6,5.29,0.0,True
P0346,2003,166,Donte' Stallworth,WR,NOR,23,11,3,89.8,8.16,16,5,83.0,16.0,168.4,10.52,0.0,True
P0420,2003,167,Charles Lee,WR,TAM,26,8,5,89.6,11.2,16,8,,,,,,False
P0276,2003,168,Trung Canidate,RB,WAS,26,11,10,89.1,8.1,16,5,,,,,,False
P0063,2003,169,Bill Schroeder,WR,DET,32,16,13,87.7,5.48,16,0,,,,,,False
P0362,2003,170,Jabar Gaffney,WR,HOU,23,16,11,87.5,5.47,16,0,124.0,16.0,119.2,7.45,0.0,True
P0280,2003,171,David Terrell,WR,CHI,24,16,7,85.5,5.34,16,0,125.0,16.0,116.9,7.31,0.0,True
P0325,2003,172,Jed Weaver,TE,SFO,27,16,15,84.7,5.29,16,0,,,,,,False
P0395,2003,173,Kelly Holcomb,QB,CLE,30,10,8,84.6,8.46,16,6,,,,,,False
P0421,2003,174,Nate Burleson,WR,MIN,22,16,9,84.5,5.28,16,0,37.0,16.0,235.5,14.72,0.0,True
P0047,2003,175,Corey Dillon,RB,CIN,29,13,11,84.2,6.48,16,3,21.0,15.0,260.8,17.39,1.0,True
P0422,2003,176,Bryant Johnson,WR,ARI,22,15,8,82.8,5.52,16,1,131.0,16.0,108.1,6.76,0.0,True
P0423,2003,177,Doug Johnson,QB,ATL,26,10,8,82.3,8.23,16,6,,,,,,False
P0167,2003,178,Bubba Franks,TE,GNB,25,16,15,82.1,5.13,16,0,127.0,16.0,112.1,7.01,0.0,True
P0068,2003,179,Vinny Testaverde,QB,NYJ,40,7,7,81.1,11.59,16,9,79.0,16.0,175.1,10.94,0.0,True
P0384,2003,180,Tony Fisher,RB,GNB,24,15,0,79.6,5.31,16,1,137.0,16.0,104.4,6.52,0.0,True
P0089,2003,181,James McKnight,WR,MIA,31,15,1,77.0,5.13,16,1,,,,,,False
P0424,2003,182,Kelley Washington,WR,CIN,24,16,3,76.4,4.78,16,0,165.0,16.0,86.7,5.42,0.0,True
P0425,2003,183,Jason Witten,TE,DAL,21,15,7,75.7,5.05,16,1,49.0,16.0,221.0,13.81,0.0,True
P0294,2003,184,James Jackson,RB,CLE,27,12,6,75.6,6.3,16,4,,,,,,False
P0286,2003,185,Brian Finneran,WR,ATL,27,12,10,74.8,6.23,16,4,231.0,12.0,58.8,4.9,4.0,True
P0426,2003,186,Tyrone Calico,WR,TEN,23,14,2,74.2,5.3,16,2,,,,,,False
P0388,2003,187,Mark Campbell,TE,BUF,28,16,11,73.9,4.62,16,0,215.0,12.0,67.3,5.61,4.0,True
P0267,2003,188,Michael Bennett,RB,MIN,25,8,7,73.9,9.24,16,8,180.0,11.0,81.3,7.39,5.0,True
P0171,2003,189,Tim Couch,QB,CLE,26,10,8,73.4,7.34,16,6,,,,,,False
P0026,2003,190,Mike Anderson,RB,DEN,30,12,5,73.0,6.08,16,4,,,,,,False
P0427,2003,191,Antonio Gates,TE,SDG,23,15,11,72.9,4.86,16,1,25.0,15.0,255.4,17.03,1.0,True
P0347,2003,192,William Green,RB,CLE,24,7,7,72.9,10.41,16,9,161.0,15.0,88.9,5.93,1.0,True
P0266,2003,193,Cory Schlesinger,FB,DET,31,16,10,72.3,4.52,16,0,,,,,,False
P0236,2003,194,Mack Strong,FB,SEA,32,16,9,72.0,4.5,16,0,,,,,,False
P0402,2003,195,Chester Taylor,RB,BAL,24,16,1,70.8,4.42,16,0,113.0,16.0,129.8,8.11,0.0,True
P0428,2003,196,Arlen Harris,RB,STL,23,16,2,70.7,4.42,16,0,,,,,,False
P0396,2003,197,Olandis Gary,RB,DET,28,13,1,70.3,5.41,16,3,,,,,,False
P0429,2003,198,Anthony Wright,QB,BAL,27,7,7,69.3,9.9,16,9,,,,,,False
P0383,2003,199,Ladell Betts,RB,WAS,24,9,1,69.2,7.69,16,7,212.0,16.0,68.9,4.31,0.0,True
P0390,2003,200,Matt Schobel,TE,CIN,25,15,1,69.2,4.61,16,1,220.0,16.0,63.1,3.94,0.0,True
P0335,2003,201,Jerry Porter,WR,OAK,25,10,1,69.1,6.91,16,6,53.0,16.0,213.4,13.34,0.0,True
P0430,2003,202,Dallas Clark,TE,IND,24,10,10,69.0,6.9,16,6,153.0,15.0,95.3,6.35,1.0,True
P0014,2003,203,Rich Gannon,QB,OAK,38,7,7,68.8,9.83,16,9,,,,,,False
P0194,2003,204,Christian Fauria,TE,NWE,32,16,12,68.5,4.28,16,0,,,,,,False
P0431,2003,205,Josh McCown,QB,ARI,24,8,3,68.5,8.56,16,8,110.0,14.0,140.1,10.01,2.0,True
P0432,2003,206,Ricky Williams,RB,IND,25,13,4,67.2,5.17,16,3,,,,,,False
P0274,2003,207,Ernie Conwell,TE,NOR,31,10,10,67.0,6.7,16,6,,,,,,False
P0178,2003,208,Zack Crockett,FB,OAK,31,16,7,66.8,4.18,16,0,229.0,16.0,59.9,3.74,0.0,True
P0433,2003,209,Brandon Manumaleuna,TE,STL,23,16,15,66.3,4.14,16,0,,,,,,False
P0434,2003,210,Charles Rogers,WR,DET,22,5,5,66.0,13.2,16,11,,,,,,False
P0195,2003,211,Chad Morton,RB,WAS,26,15,2,65.3,4.35,16,1,,,,,,False
P0435,2003,212,L.J. Smith,TE,PHI,23,15,5,65.1,4.34,16,1,140.0,16.0,101.7,6.36,0.0,True
P0436,2003,213,LaBrandon Toefield,RB,JAX,23,16,0,65.0,4.06,16,0,218.0,14.0,64.0,4.57,2.0,True
P0376,2003,214,Aveion Cason,RB,DAL,24,10,0,64.7,6.47,16,6,,,,,,False
P0437,2003,215,Kyle Boller,QB,BAL,22,11,9,64.6,5.87,16,5,108.0,16.0,145.3,9.08,0.0,True
P0318,2003,216,LaMont Jordan,RB,NYJ,25,16,0,64.1,4.01,16,0,175.0,16.0,84.1,5.26,0.0,True
P0385,2003,217,Scotty Anderson,WR,DET,24,9,0,63.5,7.06,16,7,,,,,,False
P0193,2003,218,William Henderson,FB,GNB,32,16,12,63.4,3.96,16,0,195.0,16.0,75.9,4.74,0.0,True
P0221,2003,219,Robert Holcombe,FB,TEN,28,15,0,63.2,4.21,16,1,,,,,,False
P0438,2003,220,Rick Mirer,QB,OAK,33,9,8,63.0,7.0,16,7,,,,,,False
P0310,2003,221,Michael Vick,QB,ATL,23,5,4,62.9,12.58,16,11,52.0,15.0,218.7,14.58,1.0,True
P0439,2003,222,Eric Parker,WR,SDG,24,8,4,62.5,7.81,16,8,109.0,15.0,143.3,9.55,1.0,True
P0440,2003,223,Derrick Blaylock,RB,KAN,24,16,0,62.3,3.89,16,0,98.0,12.0,157.5,13.12,4.0,True
P0067,2003,224,Emmitt Smith,RB,ARI,34,10,5,62.3,6.23,16,6,78.0,15.0,176.0,11.73,1.0,True
P0369,2003,225,Doug Jolley,TE,OAK,24,15,9,62.0,4.13,16,1,209.0,16.0,70.3,4.39,0.0,True
P0441,2003,226,Justin Griffith,FB,ATL,23,16,11,62.0,3.88,16,0,239.0,12.0,53.9,4.49,4.0,True
P0159,2003,227,Brandon Bennett,RB,CIN,30,16,0,61.9,3.87,16,0,,,,,,False
P0344,2003,228,Derrius Thompson,WR,MIA,26,16,12,61.9,3.87,16,0,177.0,16.0,82.9,5.18,0.0,True
P0049,2003,229,Wayne Chrebet,WR,NYJ,30,7,5,61.9,8.84,16,9,191.0,16.0,76.7,4.79,0.0,True
P0442,2003,230,Najeh Davenport,RB,GNB,24,15,0,61.8,4.12,16,1,236.0,11.0,55.2,5.02,5.0,True
P0297,2003,231,Brandon Stokley,WR,IND,27,6,3,61.1,10.18,16,10,38.0,16.0,233.7,14.61,0.0,True
P0443,2003,232,Justin Gage,WR,CHI,22,10,3,60.8,6.08,16,6,,,,,,False
P0087,2003,233,Kyle Brady,TE,JAX,31,16,15,59.1,3.69,16,0,,,,,,False
P0301,2003,234,Marc Edwards,FB,JAX,29,16,16,58.9,3.68,16,0,,,,,,False
P0082,2003,235,Chad Lewis,TE,PHI,32,16,14,58.3,3.64,16,0,201.0,15.0,73.7,4.91,1.0,True
P0444,2003,236,Tim Rattay,QB,SFO,26,11,3,58.2,5.29,16,5,132.0,9.0,106.3,11.81,7.0,True
P0255,2003,237,Stacey Mack,RB,HOU,28,8,5,57.8,7.22,16,8,,,,,,False
P0445,2003,238,Tim Carter,WR,NYG,24,12,2,56.9,4.74,16,4,,,,,,False
P0446,2003,239,Bethel Johnson,WR,NWE,24,15,5,53.7,3.58,16,1,,,,,,False
P0143,2003,240,Gus Frerotte,QB,MIN,32,16,2,53.4,3.34,16,0,,,,,,False
P0447,2003,241,Terry Jones,TE,BAL,24,16,13,52.9,3.31,16,0,,,,,,False
P0448,2003,242,Kassim Osgood,WR,SDG,23,16,2,52.8,3.3,16,0,233.0,16.0,57.8,3.61,0.0,True
P0124,2003,243,Ken Dilger,TE,TAM,32,15,15,52.4,3.49,16,1,155.0,16.0,93.5,5.84,0.0,True
P0449,2003,244,Casey Fitzsimmons,TE,DET,23,16,11,51.0,3.19,16,0,,,,,,False
P0450,2003,245,Bryan Gilmore,WR,ARI,25,14,10,49.8,3.56,16,2,,,,,,False
P0367,2003,246,Lamar Gordon,RB,STL,23,10,4,49.7,4.97,16,6,,,,,,False
P0451,2003,247,Brandon Lloyd,WR,SFO,22,16,1,49.2,3.08,16,0,111.0,13.0,137.5,10.58,3.0,True
P0157,2003,248,Wesley Walls,TE,GNB,37,14,1,48.2,3.44,16,2,,,,,,False
P0401,2003,249,Chris Doering,WR,PIT,30,16,0,48.0,3.0,16,0,,,,,,False
P0180,2003,250,Stanley Pritchett,FB,CHI,30,16,11,47.6,2.98,16,0,,,,,,False
P0004,2004,1,Daunte Culpepper,QB,MIN,27,16,16,371.3,23.21,16,0,186.0,7.0,79.3,11.33,9.0,True
P0015,2004,2,Peyton Manning,QB,IND,28,16,16,360.1,22.51,16,0,21.0,16.0,246.4,15.4,0.0,True
P0016,2004,3,Tiki Barber,RB,NYG,29,16,14,347.6,21.72,16,0,4.0,16.0,359.0,22.44,0.0,True
P0251,2004,4,LaDainian Tomlinson,RB,SDG,25,15,15,336.1,22.41,16,1,2.0,16.0,366.1,22.88,0.0,True
P0031,2004,5,Muhsin Muhammad,WR,CAR,31,16,16,329.0,20.56,16,0,82.0,15.0,163.0,10.87,1.0,True
P0404,2004,6,Domanick Williams,RB,HOU,24,15,15,323.6,21.57,16,1,50.0,11.0,204.3,18.57,5.0,True
P0220,2004,7,Shaun Alexander,RB,SEA,27,16,16,323.6,20.23,16,0,1.0,16.0,376.8,23.55,0.0,True
P0011,2004,8,Curtis Martin,RB,NYJ,31,16,16,319.2,19.95,16,0,100.0,12.0,137.3,11.44,4.0,True
P0002,2004,9,Edgerrin James,RB,IND,26,16,16,306.1,19.13,16,0,6.0,15.0,310.3,20.69,1.0,True
P0024,2004,10,Joe Horn,WR,NOR,32,16,16,301.9,18.87,16,0,123.0,13.0,118.4,9.11,3.0,True
P0391,2004,11,Javon Walker,WR,GNB,26,16,12,295.2,18.45,16,0,,,,,,False
P0023,2004,12,Torry Holt,WR,STL,28,16,16,291.2,18.2,16,0,10.0,14.0,289.3,20.66,2.0,True
P0018,2004,13,Donovan McNabb,QB,PHI,28,15,15,291.0,19.4,16,1,90.0,9.0,153.8,17.09,7.0,True
P0006,2004,14,Marvin Harrison,WR,IND,32,16,16,285.3,17.83,16,0,15.0,15.0,268.6,17.91,1.0,True
P0303,2004,15,Chad Johnson,WR,CIN,26,16,16,280.3,17.52,16,0,8.0,16.0,297.5,18.59,0.0,True
P0008,2004,16,Terrell Owens,WR,PHI,31,14,14,278.5,19.89,16,2,85.0,7.0,159.5,22.79,9.0,True
P0305,2004,17,Drew Bennett,WR,TEN,26,16,16,276.9,17.31,16,0,88.0,13.0,156.1,12.01,3.0,True
P0405,2004,18,Brian Westbrook,RB,PHI,25,13,12,276.5,21.27,16,3,27.0,12.0,228.3,19.03,4.0,True
P0027,2004,19,Tony Gonzalez,TE,KAN,28,16,16,270.3,16.89,16,0,68.0,16.0,180.5,11.28,0.0,True
P0308,2004,20,Reggie Wayne,WR,IND,26,16,16,269.6,16.85,16,0,33.0,16.0,218.5,13.66,0.0,True
P0047,2004,21,Corey Dillon,RB,NWE,30,15,14,260.8,17.39,16,1,59.0,12.0,189.4,15.78,4.0,True
P0100,2004,22,Trent Green,QB,KAN,34,16,16,260.1,16.26,16,0,39.0,16.0,210.8,13.18,0.0,True
P0198,2004,23,Donald Driver,WR,GNB,29,16,11,257.2,16.08,16,0,22.0,16.0,239.4,14.96,0.0,True
P0105,2004,24,Jake Plummer,QB,DEN,30,16,16,255.8,15.99,16,0,35.0,16.0,217.7,13.61,0.0,True
P0427,2004,25,Antonio Gates,TE,SDG,24,15,15,255.4,17.03,16,1,18.0,15.0,259.1,17.27,1.0,True
P0053,2004,26,Brett Favre,QB,GNB,35,16,16,255.1,15.94,16,0,74.0,16.0,173.4,10.84,0.0,True
P0062,2004,27,Derrick Mason,WR,TEN,30,16,16,254.5,15.91,16,0,42.0,16.0,209.3,13.08,0.0,True
P0088,2004,28,Darrell Jackson,WR,SEA,26,16,16,248.9,15.56,16,0,144.0,6.0,104.9,17.48,10.0,True
P0408,2004,29,Jake Delhomme,QB,CAR,29,16,16,248.5,15.53,16,0,55.0,16.0,195.9,12.24,0.0,True
P0019,2004,30,Isaac Bruce,WR,STL,32,16,16,246.2,15.39,16,0,142.0,11.0,106.5,9.68,5.0,True
P0129,2004,31,Aaron Brooks,QB,NOR,28,16,16,244.8,15.3,16,0,76.0,13.0,169.4,13.03,3.0,True
P0452,2004,32,Michael Clayton,WR,TAM,22,16,13,244.3,15.27,16,0,205.0,14.0,69.4,4.96,2.0,True
P0340,2004,33,Drew Brees,QB,SDG,25,15,15,241.7,16.11,16,1,41.0,16.0,209.9,13.12,0.0,True
P0007,2004,34,Rod Smith,WR,DEN,34,16,16,238.7,14.92,16,0,28.0,16.0,228.2,14.26,0.0,True
P0336,2004,35,Clinton Portis,RB,WAS,23,15,15,235.6,15.71,16,1,14.0,16.0,271.9,16.99,0.0,True
P0354,2004,36,Marc Bulger,QB,STL,27,14,14,235.5,16.82,16,2,109.0,8.0,129.9,16.24,8.0,True
P0421,2004,37,Nate Burleson,WR,MIN,23,16,15,235.5,14.72,16,0,207.0,12.0,68.2,5.68,4.0,True
P0297,2004,38,Brandon Stokley,WR,IND,28,16,3,233.7,14.61,16,0,150.0,15.0,101.3,6.75,1.0,True
P0147,2004,39,Thomas Jones,RB,CHI,26,14,14,233.5,16.68,16,2,31.0,15.0,223.8,14.92,1.0,True
P0407,2004,40,Rudi Johnson,RB,CIN,25,16,16,232.8,14.55,16,0,19.0,16.0,249.8,15.61,0.0,True
P0009,2004,41,Ahman Green,RB,GNB,27,15,15,228.6,15.24,16,1,224.0,5.0,59.2,11.84,11.0,True
P0406,2004,42,Andre Johnson,WR,HOU,23,16,16,228.4,14.28,16,0,98.0,13.0,142.8,10.98,3.0,True
P0260,2004,43,Tom Brady,QB,NWE,27,16,16,226.5,14.16,16,0,20.0,16.0,249.3,15.58,0.0,True
P0453,2004,44,Willis McGahee,RB,BUF,23,16,11,225.7,14.11,16,0,53.0,16.0,198.5,12.41,0.0,True
P0029,2004,45,Jimmy Smith,WR,JAX,35,16,16,225.2,14.08,16,0,45.0,16.0,208.3,13.02,0.0,True
P0030,2004,46,Eric Moulds,WR,BUF,31,16,16,222.2,13.89,16,0,63.0,15.0,186.6,12.44,1.0,True
P0114,2004,47,Eddie Kennison,WR,KAN,31,14,14,222.1,15.86,16,2,40.0,16.0,210.5,13.16,0.0,True
P0454,2004,48,Reuben Droughns,RB,DEN,26,16,15,222.1,13.88,16,0,43.0,16.0,209.1,13.07,0.0,True
P0425,2004,49,Jason Witten,TE,DAL,22,16,15,221.0,13.81,16,0,72.0,16.0,177.7,11.11,0.0,True
P0040,2004,50,Michael Pittman,RB,TAM,29,13,13,220.7,16.98,16,3,118.0,16.0,121.6,7.6,0.0,True
P0035,2004,51,Warrick Dunn,RB,ATL,29,16,16,219.0,13.69,16,0,38.0,16.0,214.6,13.41,0.0,True
P0310,2004,52,Michael Vick,QB,ATL,24,15,15,218.7,14.58,16,1,34.0,15.0,217.8,14.52,1.0,True
P0335,2004,53,Jerry Porter,WR,OAK,26,16,16,213.4,13.34,16,0,52.0,16.0,199.4,12.46,0.0,True
P0103,2004,54,Hines Ward,WR,PIT,28,16,16,212.9,13.31,16,0,25.0,15.0,231.5,15.43,1.0,True
P0121,2004,55,Priest Holmes,RB,KAN,31,8,8,212.9,26.61,16,8,112.0,7.0,127.8,18.26,9.0,True
P0312,2004,56,Deuce McAllister,RB,NOR,26,14,14,210.2,15.01,16,2,184.0,5.0,80.2,16.04,11.0,True
P0257,2004,57,Chris Chambers,WR,MIA,26,15,15,208.4,13.89,16,1,17.0,16.0,265.0,16.56,0.0,True
P0278,2004,58,Matt Hasselbeck,QB,SEA,29,14,14,208.3,14.88,16,2,26.0,16.0,230.8,14.42,0.0,True
P0022,2004,59,Fred Taylor,RB,JAX,28,14,14,206.9,14.78,16,2,124.0,11.0,118.0,10.73,5.0,True
P0455,2004,60,Nick Goings,RB,CAR,26,16,8,206.5,12.91,16,0,,,,,,False
P0361,2004,61,Ashley Lelie,WR,DEN,24,16,16,204.9,12.81,16,0,104.0,16.0,133.4,8.34,0.0,True
P0054,2004,62,Keyshawn Johnson,WR,DAL,32,16,16,201.4,12.59,16,0,62.0,16.0,187.2,11.7,0.0,True
P0010,2004,63,Randy Moss,WR,MIN,27,13,13,201.2,15.48,16,3,44.0,16.0,208.5,13.03,0.0,True
P0348,2004,64,David Carr,QB,HOU,25,16,16,201.1,12.57,16,0,84.0,16.0,160.3,10.02,0.0,True
P0365,2004,65,T.J. Houshmandzadeh,WR,CIN,27,16,13,199.9,12.49,16,0,29.0,14.0,225.8,16.13,2.0,True
P0456,2004,66,Kevin Jones,RB,DET,22,15,14,193.3,12.89,16,1,113.0,13.0,127.3,9.79,3.0,True
P0457,2004,67,Lee Evans,WR,BUF,23,16,11,192.8,12.05,16,0,78.0,16.0,168.1,10.51,0.0,True
P0183,2004,68,Laveranues Coles,WR,WAS,27,16,16,188.7,11.79,16,0,61.0,16.0,187.5,11.72,0.0,True
P0359,2004,69,Joey Harrington,QB,DET,26,16,16,187.4,11.71,16,0,143.0,12.0,105.4,8.78,4.0,True
P0055,2004,70,Jerome Bettis,RB,PIT,32,15,6,187.1,12.47,16,1,160.0,12.0,98.8,8.23,4.0,True
P0409,2004,71,Byron Leftwich,QB,JAX,24,14,14,186.7,13.34,16,2,94.0,11.0,147.6,13.42,5.0,True
P0458,2004,72,Larry Fitzgerald,WR,ARI,21,16,16,185.4,11.59,16,0,7.0,16.0,308.0,19.25,0.0,True
P0001,2004,73,Marshall Faulk,RB,STL,31,14,14,184.4,13.17,16,2,139.0,16.0,108.3,6.77,0.0,True
P0459,2004,74,Roy Williams,WR,DET,23,14,12,181.8,12.99,16,2,83.0,13.0,161.7,12.44,3.0,True
P0046,2004,75,Kerry Collins,QB,OAK,32,14,13,181.4,12.96,16,2,46.0,15.0,208.3,13.89,1.0,True
P0357,2004,76,Randy McMichael,TE,MIA,25,16,16,178.1,11.13,16,0,95.0,16.0,146.2,9.14,0.0,True
P0269,2004,77,Kevan Barlow,RB,SFO,25,15,14,176.4,11.76,16,1,110.0,12.0,129.2,10.77,4.0,True
P0067,2004,78,Emmitt Smith,RB,ARI,35,15,15,176.0,11.73,16,1,,,,,,False
P0068,2004,79,Vinny Testaverde,QB,DAL,41,16,15,175.1,10.94,16,0,,,,,,False
P0283,2004,80,Eric Johnson,TE,SFO,25,16,14,174.5,10.91,16,0,,,,,,False
P0460,2004,81,Larry Johnson,RB,KAN,25,10,3,173.9,17.39,16,6,3.0,16.0,360.3,22.52,0.0,True
P0461,2004,82,Chris Brown,RB,TEN,23,11,11,169.4,15.4,16,5,70.0,15.0,178.8,11.92,1.0,True
P0346,2004,83,Donte' Stallworth,WR,NOR,24,16,10,168.4,10.52,16,0,49.0,16.0,204.7,12.79,0.0,True
P0337,2004,84,Chad Pennington,QB,NYJ,28,13,13,167.5,12.88,16,3,,,,,,False
P0462,2004,85,Ben Roethlisberger,QB,PIT,22,14,13,167.2,11.94,16,2,77.0,12.0,168.3,14.02,4.0,True
P0144,2004,86,David Patten,WR,NWE,30,16,11,166.5,10.41,16,0,,,,,,False
P0219,2004,87,Jermaine Wiggins,TE,MIN,29,14,13,165.5,11.82,16,2,106.0,16.0,131.8,8.24,0.0,True
P0043,2004,88,Jamal Lewis,RB,BAL,25,12,12,164.2,13.68,16,4,89.0,15.0,155.7,10.38,1.0,True
P0341,2004,89,Jeremy Shockey,TE,NYG,24,15,15,163.6,10.91,16,1,54.0,15.0,198.1,13.21,1.0,True
P0410,2004,90,David Givens,WR,NWE,24,15,12,161.4,10.76,16,1,96.0,13.0,146.1,11.24,3.0,True
P0345,2004,91,Antonio Bryant,WR,2TM,23,15,8,161.2,10.75,16,1,57.0,16.0,192.2,12.01,0.0,True
P0085,2004,92,Marcus Robinson,WR,MIN,29,16,7,160.7,10.04,16,0,129.0,15.0,114.5,7.63,1.0,True
P0356,2004,93,Santana Moss,WR,NYJ,25,15,14,160.6,10.71,16,1,12.0,16.0,284.0,17.75,0.0,True
P0295,2004,94,Alge Crumpler,TE,ATL,27,14,14,159.4,11.39,16,2,65.0,16.0,182.7,11.42,0.0,True
P0463,2004,95,Billy Volek,QB,TEN,28,10,8,159.4,15.94,16,6,,,,,,False
P0057,2004,96,Drew Bledsoe,QB,BUF,32,16,16,159.0,9.94,16,0,48.0,16.0,206.6,12.91,0.0,True
P0464,2004,97,Carson Palmer,QB,CIN,25,13,13,158.6,12.2,16,3,16.0,16.0,265.5,16.59,0.0,True
P0440,2004,98,Derrick Blaylock,RB,KAN,25,12,5,157.5,13.12,16,4,,,,,,False
P0386,2004,99,Justin McCareins,WR,NYJ,26,16,16,156.5,9.78,16,0,114.0,16.0,127.1,7.94,0.0,True
P0064,2004,100,Brian Griese,QB,TAM,29,11,10,155.6,14.15,16,5,227.0,6.0,58.6,9.77,10.0,True
P0083,2004,101,Johnnie Morton,WR,KAN,33,13,12,154.8,11.91,16,3,245.0,13.0,49.8,3.83,3.0,True
P0411,2004,102,Onterrio Smith,RB,MIN,24,11,6,153.8,13.98,16,5,,,,,,False
P0465,2004,103,Ronald Curry,WR,OAK,25,12,3,153.6,12.8,16,4,,,,,,False
P0466,2004,104,Keary Colbert,WR,CAR,22,15,15,152.4,10.16,16,1,217.0,16.0,63.8,3.99,0.0,True
P0158,2004,105,Dennis Northcutt,WR,CLE,27,16,11,147.5,9.22,16,0,140.0,16.0,107.4,6.71,0.0,True
P0264,2004,106,Rod Gardner,WR,WAS,27,16,14,146.7,9.17,16,0,,,,,,False
P0467,2004,107,Julius Jones,RB,DAL,23,8,7,145.8,18.23,16,8,66.0,13.0,182.1,14.01,3.0,True
P0437,2004,108,Kyle Boller,QB,BAL,23,16,16,145.3,9.08,16,0,154.0,9.0,100.6,11.18,7.0,True
P0439,2004,109,Eric Parker,WR,SDG,25,15,13,143.3,9.55,16,1,92.0,15.0,151.0,10.07,1.0,True
P0431,2004,110,Josh McCown,QB,ARI,25,14,13,140.1,10.01,16,2,157.0,9.0,99.3,11.03,7.0,True
P0451,2004,111,Brandon Lloyd,WR,SFO,23,13,13,137.5,10.58,16,3,93.0,16.0,149.3,9.33,0.0,True
P0224,2004,112,Plaxico Burress,WR,PIT,27,11,11,134.8,12.25,16,5,23.0,16.0,237.4,14.84,0.0,True
P0402,2004,113,Chester Taylor,RB,BAL,25,16,4,129.8,8.11,16,0,121.0,15.0,118.9,7.93,1.0,True
P0419,2004,114,Cedrick Wilson,WR,SFO,26,15,15,129.7,8.65,16,1,202.0,16.0,71.1,4.44,0.0,True
P0468,2004,115,Steven Jackson,RB,STL,21,14,3,129.2,9.23,16,2,24.0,15.0,233.6,15.57,1.0,True
P0292,2004,116,Amos Zereoue,RB,OAK,28,15,6,125.9,8.39,16,1,,,,,,False
P0351,2004,117,Antwaan Randle El,WR,PIT,25,16,7,124.9,7.81,16,0,122.0,16.0,118.8,7.42,0.0,True
P0102,2004,118,Peerless Price,WR,ATL,28,16,15,124.9,7.81,16,0,,,,,,False
P0469,2004,119,Lee Suggs,RB,CLE,24,10,3,124.2,12.42,16,6,,,,,,False
P0037,2004,120,Amani Toomer,WR,NYG,30,15,14,123.7,8.25,16,1,75.0,16.0,170.4,10.65,0.0,True
P0113,2004,121,Sammy Morris,RB,MIA,27,13,8,122.7,9.44,16,3,,,,,,False
P0403,2004,122,Anquan Boldin,WR,ARI,24,10,9,122.6,12.26,16,6,11.0,14.0,288.7,20.62,2.0,True
P0135,2004,123,Marty Booker,WR,MIA,28,15,15,120.9,8.06,16,1,115.0,15.0,125.6,8.37,1.0,True
P0362,2004,124,Jabar Gaffney,WR,HOU,24,16,12,119.2,7.45,16,0,125.0,16.0,117.5,7.34,0.0,True
P0280,2004,125,David Terrell,WR,CHI,25,16,15,116.9,7.31,16,0,,,,,,False
P0265,2004,126,Joey Galloway,WR,TAM,33,10,7,112.5,11.25,16,6,13.0,16.0,272.1,17.01,0.0,True
P0167,2004,127,Bubba Franks,TE,GNB,26,16,14,112.1,7.01,16,0,239.0,10.0,51.7,5.17,6.0,True
P0192,2004,128,Antowain Smith,RB,TEN,32,13,4,111.8,8.6,16,3,162.0,16.0,96.5,6.03,0.0,True
P0270,2004,129,Todd Pinkston,WR,PHI,27,16,16,109.6,6.85,16,0,,,,,,False
P0414,2004,130,Daniel Graham,TE,NWE,26,14,14,108.4,7.74,16,2,230.0,11.0,57.5,5.23,5.0,True
P0422,2004,131,Bryant Johnson,WR,ARI,23,16,11,108.1,6.76,16,0,174.0,14.0,89.2,6.37,2.0,True
P0444,2004,132,Tim Rattay,QB,SFO,27,9,9,106.3,11.81,16,7,,,,,,False
P0003,2004,133,Jeff Garcia,QB,CLE,34,11,10,106.1,9.65,16,5,248.0,6.0,48.6,8.1,10.0,True
P0309,2004,134,Troy Edwards,WR,JAX,27,16,4,105.5,6.59,16,0,,,,,,False
P0470,2004,135,Jeb Putzier,TE,DEN,25,16,5,105.2,6.58,16,0,176.0,16.0,87.1,5.44,0.0,True
P0471,2004,136,Chris Cooley,TE,WAS,22,16,9,104.4,6.52,16,0,60.0,16.0,188.4,11.78,0.0,True
P0384,2004,137,Tony Fisher,RB,GNB,25,16,0,104.4,6.52,16,0,132.0,14.0,112.6,8.04,2.0,True
P0360,2004,138,Deion Branch,WR,NWE,25,9,9,102.4,11.38,16,7,47.0,16.0,207.8,12.99,0.0,True
P0097,2004,139,Az-Zahir Hakim,WR,DET,27,12,5,102.3,8.52,16,4,165.0,12.0,94.9,7.91,4.0,True
P0435,2004,140,L.J. Smith,TE,PHI,24,16,8,101.7,6.36,16,0,97.0,16.0,145.2,9.07,0.0,True
P0112,2004,141,Shawn Bryson,RB,DET,28,16,1,100.6,6.29,16,0,155.0,16.0,100.0,6.25,0.0,True
P0472,2004,142,Shaun McDonald,WR,STL,23,16,0,100.4,6.28,16,0,159.0,16.0,99.0,6.19,0.0,True
P0074,2004,143,Freddie Jones,TE,ARI,30,16,15,99.6,6.22,16,0,,,,,,False
P0368,2004,144,T.J. Duckett,RB,ATL,23,13,0,99.4,7.65,16,3,166.0,14.0,94.3,6.74,2.0,True
P0061,2004,145,Kurt Warner,QB,NYG,33,10,9,99.2,9.92,16,6,108.0,10.0,130.3,13.03,6.0,True
P0086,2004,146,Curtis Conway,WR,SFO,33,16,5,98.3,6.14,16,0,,,,,,False
P0473,2004,147,Doug Gabriel,WR,OAK,24,16,5,96.8,6.05,16,0,135.0,14.0,110.9,7.92,2.0,True
P0162,2004,148,Duce Staley,RB,PIT,29,10,10,96.5,9.65,16,6,,,,,,False
P0111,2004,149,Jerome Pathon,WR,NOR,29,15,7,96.1,6.41,16,1,,,,,,False
P0298,2004,150,Bobby Engram,WR,SEA,31,13,7,95.9,7.38,16,3,87.0,13.0,158.8,12.22,3.0,True
P0149,2004,151,Marcus Pollard,TE,IND,32,13,13,95.9,7.38,16,3,130.0,16.0,113.6,7.1,0.0,True
P0474,2004,152,Bobby Wade,WR,CHI,23,16,14,95.7,5.98,16,0,,,,,,False
P0430,2004,153,Dallas Clark,TE,IND,25,15,13,95.3,6.35,16,1,136.0,15.0,109.8,7.32,1.0,True
P0066,2004,154,Ike Hilliard,WR,NYG,28,16,15,94.1,5.88,16,0,206.0,16.0,69.2,4.32,0.0,True
P0124,2004,155,Ken Dilger,TE,TAM,33,16,14,93.5,5.84,16,0,,,,,,False
P0279,2004,156,Koren Robinson,WR,SEA,24,10,8,92.8,9.28,16,6,194.0,14.0,75.4,5.39,2.0,True
P0071,2004,157,Kevin Faulk,RB,NWE,28,11,1,92.3,8.39,16,5,213.0,8.0,65.5,8.19,8.0,True
P0399,2004,158,A.J. Feeley,QB,MIA,27,11,8,91.0,8.27,16,5,,,,,,False
P0058,2004,159,Jerry Rice,WR,2TM,42,17,14,90.9,5.35,16,-1,,,,,,False
P0289,2004,160,Quincy Morgan,WR,2TM,27,15,12,89.7,5.98,16,1,,,,,,False
P0347,2004,161,William Green,RB,CLE,25,15,13,88.9,5.93,16,1,,,,,,False
P0475,2004,162,Mewelde Moore,RB,MIN,22,10,3,88.7,8.87,16,6,86.0,16.0,159.1,9.94,0.0,True
P0476,2004,163,Kevin Curtis,WR,STL,26,15,0,88.5,5.9,16,1,67.0,16.0,180.6,11.29,0.0,True
P0477,2004,164,Aaron Stecker,RB,NOR,29,16,3,86.8,5.42,16,0,168.0,15.0,93.4,6.23,1.0,True
P0424,2004,165,Kelley Washington,WR,CIN,25,16,2,86.7,5.42,16,0,,,,,,False
P0478,2004,166,Steve Heiden,TE,CLE,28,13,13,86.7,6.67,16,3,152.0,15.0,101.1,6.74,1.0,True
P0416,2004,167,Jerald Sowell,FB,NYJ,30,16,16,86.0,5.38,16,0,222.0,16.0,61.6,3.85,0.0,True
P0379,2004,168,Jerramy Stevens,TE,SEA,25,16,5,85.9,5.37,16,0,107.0,16.0,130.4,8.15,0.0,True
P0282,2004,169,Corey Bradford,WR,HOU,29,15,10,84.9,5.66,16,1,137.0,16.0,109.4,6.84,0.0,True
P0132,2004,170,Stephen Alexander,TE,DET,29,16,15,84.7,5.29,16,0,,,,,,False
P0142,2004,171,Ricky Proehl,WR,CAR,36,16,3,84.6,5.29,16,0,169.0,16.0,92.3,5.77,0.0,True
P0374,2004,172,Patrick Ramsey,QB,WAS,25,9,7,84.5,9.39,16,7,,,,,,False
P0296,2004,173,Moe Williams,RB,MIN,30,14,1,84.4,6.03,16,2,,,,,,False
P0230,2004,174,Kris Mangum,TE,CAR,31,15,10,84.3,5.62,16,1,238.0,14.0,53.2,3.8,2.0,True
P0318,2004,175,LaMont Jordan,RB,NYJ,26,16,0,84.1,5.26,16,0,9.0,14.0,294.8,21.06,2.0,True
P0179,2004,176,Dorsey Levens,RB,PHI,34,15,5,83.2,5.55,16,1,,,,,,False
P0344,2004,177,Derrius Thompson,WR,MIA,27,16,3,82.9,5.18,16,0,,,,,,False
P0005,2004,178,Eddie George,RB,DAL,31,13,8,82.5,6.35,16,3,,,,,,False
P0070,2004,179,Steve McNair,QB,TEN,31,8,8,82.5,10.31,16,8,69.0,14.0,180.3,12.88,2.0,True
P0267,2004,180,Michael Bennett,RB,MIN,26,11,7,81.3,7.39,16,5,138.0,16.0,108.7,6.79,0.0,True
P0254,2004,181,Anthony Thomas,RB,CHI,27,12,2,80.6,6.72,16,4,,,,,,False
P0288,2004,182,Dez White,WR,ATL,25,16,15,80.4,5.03,16,0,,,,,,False
P0065,2004,183,Richie Anderson,FB,DAL,33,12,4,80.3,6.69,16,4,,,,,,False
P0148,2004,184,Mike Alstott,FB,TAM,31,14,11,80.2,5.73,16,2,158.0,16.0,99.2,6.2,0.0,True
P0056,2004,185,Tyrone Wheatley,RB,OAK,32,8,7,79.5,9.94,16,8,,,,,,False
P0479,2004,186,Clarence Moore,WR,BAL,22,15,6,79.3,5.29,16,1,,,,,,False
P0311,2004,187,Boo Williams,TE,NOR,25,16,7,79.2,4.95,16,0,,,,,,False
P0480,2004,188,Darius Watts,WR,DEN,23,16,2,78.8,4.92,16,0,,,,,,False
P0371,2004,189,Jonathan Wells,RB,HOU,25,16,1,78.8,4.92,16,0,163.0,15.0,96.4,6.43,1.0,True
P0275,2004,190,Travis Minor,RB,MIA,25,11,4,77.3,7.03,16,5,,,,,,False
P0049,2004,191,Wayne Chrebet,WR,NYJ,31,16,1,76.7,4.79,16,0,,,,,,False
P0038,2004,192,Keenan McCardell,WR,SDG,34,7,6,76.6,10.94,16,9,36.0,16.0,216.3,13.52,0.0,True
P0481,2004,193,Derick Armstrong,WR,HOU,25,14,1,76.5,5.46,16,2,,,,,,False
P0122,2004,194,Kevin Johnson,WR,BAL,28,16,5,76.3,4.77,16,0,,,,,,False
P0193,2004,195,William Henderson,FB,GNB,33,16,8,75.9,4.74,16,0,237.0,16.0,53.9,3.37,0.0,True
P0045,2004,196,Terry Glenn,WR,DAL,30,6,6,75.7,12.62,16,10,32.0,16.0,223.2,13.95,0.0,True
P0339,2004,197,Todd Heap,TE,BAL,24,6,5,75.3,12.55,16,10,51.0,16.0,200.5,12.53,0.0,True
P0181,2004,198,Aaron Shea,TE,CLE,28,15,8,75.2,5.01,16,1,,,,,,False
P0176,2004,199,Travis Taylor,WR,BAL,26,10,9,74.1,7.41,16,6,102.0,16.0,134.7,8.42,0.0,True
P0200,2004,200,Brad Hoover,FB,CAR,28,14,9,73.7,5.26,16,2,,,,,,False
P0082,2004,201,Chad Lewis,TE,PHI,33,15,9,73.7,4.91,16,1,,,,,,False
P0482,2004,202,Maurice Hicks,RB,SFO,26,9,2,73.6,8.18,16,7,214.0,14.0,65.5,4.68,2.0,True
P0212,2004,203,Joe Jurevicius,WR,TAM,30,10,3,72.3,7.23,16,6,64.0,16.0,184.4,11.52,0.0,True
P0210,2004,204,Obafemi Ayanbadejo,FB,ARI,29,16,5,72.3,4.52,16,0,218.0,16.0,63.7,3.98,0.0,True
P0483,2004,205,Ben Troupe,TE,TEN,22,14,7,71.9,5.14,16,2,105.0,15.0,132.0,8.8,1.0,True
P0316,2004,206,Freddie Mitchell,WR,PHI,26,16,9,71.7,4.48,16,0,,,,,,False
P0392,2004,207,Reche Caldwell,WR,SDG,25,6,6,71.5,11.92,16,10,209.0,16.0,66.2,4.14,0.0,True
P0484,2004,208,Verron Haynes,RB,PIT,25,13,0,71.4,5.49,16,3,212.0,14.0,65.7,4.69,2.0,True
P0369,2004,209,Doug Jolley,TE,OAK,25,16,13,70.3,4.39,16,0,215.0,16.0,65.4,4.09,0.0,True
P0485,2004,210,Randy Hymes,WR,BAL,25,14,7,70.3,5.02,16,2,,,,,,False
P0353,2004,211,Andre' Davis,WR,CLE,25,7,7,69.3,9.9,16,9,,,,,,False
P0383,2004,212,Ladell Betts,RB,WAS,25,16,1,68.9,4.31,16,0,219.0,12.0,63.6,5.3,4.0,True
P0378,2004,213,Robert Ferguson,WR,GNB,25,13,5,68.7,5.28,16,3,180.0,11.0,83.6,7.6,5.0,True
P0486,2004,214,Tatum Bell,RB,DEN,23,14,0,68.6,4.9,16,2,80.0,15.0,166.5,11.1,1.0,True
P0388,2004,215,Mark Campbell,TE,BUF,29,12,12,67.3,5.61,16,4,,,,,,False
P0042,2004,216,Mark Brunell,QB,WAS,34,9,9,66.0,7.33,16,7,56.0,16.0,195.1,12.19,0.0,True
P0150,2004,217,J.R. Redmond,RB,OAK,27,16,1,65.2,4.08,16,0,,,,,,False
P0436,2004,218,LaBrandon Toefield,RB,JAX,24,14,0,64.0,4.57,16,2,,,,,,False
P0366,2004,219,Dante Hall,WR,KAN,26,16,6,63.6,3.98,16,0,153.0,16.0,100.7,6.29,0.0,True
P0390,2004,220,Matt Schobel,TE,CIN,26,16,1,63.1,3.94,16,0,,,,,,False
P0245,2004,221,Erron Kinney,TE,TEN,27,9,9,62.3,6.92,16,7,119.0,14.0,121.3,8.66,2.0,True
P0355,2004,222,Kenny Watson,RB,CIN,26,16,0,62.2,3.89,16,0,,,,,,False
P0231,2004,223,Tai Streets,WR,DET,27,13,12,62.0,4.77,16,3,,,,,,False
P0487,2004,224,Reggie Williams,WR,JAX,21,16,15,61.8,3.86,16,0,189.0,16.0,77.8,4.86,0.0,True
P0488,2004,225,Patrick Pass,FB,NWE,27,14,4,61.6,4.4,16,2,179.0,12.0,85.2,7.1,4.0,True
P0489,2004,226,Jesse Chatman,RB,SDG,25,15,0,60.9,4.06,16,1,,,,,,False
P0490,2004,227,Ernest Wilford,WR,JAX,25,15,3,60.1,4.01,16,1,91.0,16.0,151.1,9.44,0.0,True
P0491,2004,228,Quentin Griffin,RB,DEN,23,6,4,59.9,9.98,16,10,,,,,,False
P0178,2004,229,Zack Crockett,FB,OAK,32,16,9,59.9,3.74,16,0,242.0,16.0,50.9,3.18,0.0,True
P0413,2004,230,Kelly Campbell,WR,MIN,24,16,3,59.8,3.74,16,0,,,,,,False
P0286,2004,231,Brian Finneran,WR,ATL,28,12,1,58.8,4.9,16,4,111.0,16.0,129.1,8.07,0.0,True
P0492,2004,232,Chris Baker,TE,NYJ,25,16,0,58.2,3.64,16,0,241.0,8.0,50.9,6.36,8.0,True
P0448,2004,233,Kassim Osgood,WR,SDG,24,16,7,57.8,3.61,16,0,,,,,,False
P0092,2004,234,Jay Fiedler,QB,MIA,33,8,7,57.3,7.16,16,8,,,,,,False
P0164,2004,235,Desmond Clark,TE,CHI,27,15,13,56.2,3.75,16,1,225.0,16.0,58.9,3.68,0.0,True
P0442,2004,236,Najeh Davenport,RB,GNB,25,11,1,55.2,5.02,16,5,,,,,,False
P0493,2004,237,Antonio Chatman,WR,GNB,25,16,2,54.2,3.39,16,0,99.0,16.0,137.3,8.58,0.0,True
P0418,2004,238,DeShaun Foster,RB,CAR,24,4,3,54.1,13.52,16,12,73.0,15.0,175.1,11.67,1.0,True
P0441,2004,239,Justin Griffith,FB,ATL,24,12,11,53.9,4.49,16,4,235.0,16.0,54.6,3.41,0.0,True
P0494,2004,240,Eddie Berlin,WR,TEN,26,16,1,53.8,3.36,16,0,,,,,,False
P0170,2004,241,Itula Mili,TE,SEA,31,15,4,53.0,3.53,16,1,,,,,,False
P0495,2004,242,Daniel Wilcox,TE,BAL,27,16,5,52.9,3.31,16,0,,,,,,False
P0496,2004,243,Bernard Berrian,WR,CHI,24,16,1,52.3,3.27,16,0,,,,,,False
P0497,2004,244,Troy Fleming,RB,TEN,24,16,0,51.4,3.21,16,0,,,,,,False
P0498,2004,245,Ken Dorsey,QB,SFO,23,8,7,49.9,6.24,16,8,,,,,,False
P0499,2004,246,Eli Manning,QB,NYG,23,9,7,49.2,5.47,16,7,30.0,16.0,224.5,14.03,0.0,True
P0032,2004,247,Tim Brown,WR,TAM,38,15,4,48.0,3.2,16,1,,,,,,False
P0125,2004,248,Dwayne Carswell,TE,DEN,32,15,14,47.8,3.19,16,1,,,,,,False
P0500,2004,249,Shad Meier,TE,TEN,26,14,6,47.7,3.41,16,2,,,,,,False
P0501,2004,250,Artose Pinner,RB,DET,26,9,2,47.6,5.29,16,7,170.0,16.0,92.0,5.75,0.0,True
P0220,2005,1,Shaun Alexander,RB,SEA,28,16,16,376.8,23.55,16,0,106.0,10.0,142.4,14.24,6.0,True
P0251,2005,2,LaDainian Tomlinson,RB,SDG,26,16,16,366.1,22.88,16,0,1.0,16.0,481.1,30.07,0.0,True
P0460,2005,3,Larry Johnson,RB,KAN,26,16,9,360.3,22.52,16,0,3.0,16.0,370.9,23.18,0.0,True
P0016,2005,4,Tiki Barber,RB,NYG,30,16,16,359.0,22.44,16,0,8.0,16.0,298.7,18.67,0.0,True
P0342,2005,5,Steve Smith Sr.,WR,CAR,26,16,16,337.8,21.11,16,0,19.0,14.0,259.7,18.55,2.0,True
P0002,2005,6,Edgerrin James,RB,IND,27,15,15,310.3,20.69,16,1,49.0,16.0,205.6,12.85,0.0,True
P0458,2005,7,Larry Fitzgerald,WR,ARI,22,16,16,308.0,19.25,16,0,54.0,13.0,199.6,15.35,3.0,True
P0303,2005,8,Chad Johnson,WR,CIN,27,16,16,297.5,18.59,16,0,16.0,16.0,266.3,16.64,0.0,True
P0318,2005,9,LaMont Jordan,RB,OAK,27,14,14,294.8,21.06,16,2,204.0,9.0,70.8,7.87,7.0,True
P0023,2005,10,Torry Holt,WR,STL,29,14,14,289.3,20.66,16,2,14.0,16.0,269.8,16.86,0.0,True
P0403,2005,11,Anquan Boldin,WR,ARI,25,14,14,288.7,20.62,16,2,31.0,16.0,230.1,14.38,0.0,True
P0356,2005,12,Santana Moss,WR,WAS,26,16,16,284.0,17.75,16,0,71.0,14.0,180.2,12.87,2.0,True
P0265,2005,13,Joey Galloway,WR,TAM,34,16,16,272.1,17.01,16,0,45.0,16.0,210.6,13.16,0.0,True
P0336,2005,14,Clinton Portis,RB,WAS,24,16,16,271.9,16.99,16,0,124.0,8.0,128.3,16.04,8.0,True
P0006,2005,15,Marvin Harrison,WR,IND,33,15,15,268.6,17.91,16,1,7.0,16.0,301.6,18.85,0.0,True
P0464,2005,16,Carson Palmer,QB,CIN,26,16,16,265.5,16.59,16,0,28.0,16.0,237.1,14.82,0.0,True
P0257,2005,17,Chris Chambers,WR,MIA,27,16,16,265.0,16.56,16,0,87.0,16.0,160.2,10.01,0.0,True
P0427,2005,18,Antonio Gates,TE,SDG,25,15,15,259.1,17.27,16,1,42.0,16.0,217.4,13.59,0.0,True
P0407,2005,19,Rudi Johnson,RB,CIN,26,16,14,249.8,15.61,16,0,30.0,16.0,234.3,14.64,0.0,True
P0260,2005,20,Tom Brady,QB,NWE,28,16,16,249.3,15.58,16,0,39.0,16.0,219.4,13.71,0.0,True
P0015,2005,21,Peyton Manning,QB,IND,29,16,16,246.4,15.4,16,0,6.0,16.0,311.5,19.47,0.0,True
P0198,2005,22,Donald Driver,WR,GNB,30,16,16,239.4,14.96,16,0,13.0,16.0,271.1,16.94,0.0,True
P0224,2005,23,Plaxico Burress,WR,NYG,28,16,15,237.4,14.84,16,0,37.0,15.0,219.8,14.65,1.0,True
P0468,2005,24,Steven Jackson,RB,STL,22,15,15,233.6,15.57,16,1,2.0,16.0,415.4,25.96,0.0,True
P0103,2005,25,Hines Ward,WR,PIT,29,15,15,231.5,15.43,16,1,46.0,14.0,210.5,15.04,2.0,True
P0278,2005,26,Matt Hasselbeck,QB,SEA,30,16,16,230.8,14.42,16,0,98.0,12.0,148.7,12.39,4.0,True
P0405,2005,27,Brian Westbrook,RB,PHI,26,12,12,228.3,19.03,16,4,4.0,15.0,330.6,22.04,1.0,True
P0007,2005,28,Rod Smith,WR,DEN,35,16,16,228.2,14.26,16,0,135.0,16.0,118.7,7.42,0.0,True
P0365,2005,29,T.J. Houshmandzadeh,WR,CIN,28,14,12,225.8,16.13,16,2,21.0,14.0,252.7,18.05,2.0,True
P0499,2005,30,Eli Manning,QB,NYG,24,16,16,224.5,14.03,16,0,60.0,16.0,187.9,11.74,0.0,True
P0147,2005,31,Thomas Jones,RB,CHI,27,15,15,223.8,14.92,16,1,48.0,16.0,206.2,12.89,0.0,True
P0045,2005,32,Terry Glenn,WR,DAL,31,16,16,223.2,13.95,16,0,44.0,15.0,211.8,14.12,1.0,True
P0308,2005,33,Reggie Wayne,WR,IND,27,16,16,218.5,13.66,16,0,12.0,16.0,273.0,17.06,0.0,True
P0310,2005,34,Michael Vick,QB,ATL,25,15,15,217.8,14.52,16,1,17.0,16.0,264.0,16.5,0.0,True
P0105,2005,35,Jake Plummer,QB,DEN,31,16,16,217.7,13.61,16,0,146.0,16.0,111.0,6.94,0.0,True
P0038,2005,36,Keenan McCardell,WR,SDG,35,16,16,216.3,13.52,16,0,190.0,14.0,76.5,5.46,2.0,True
P0026,2005,37,Mike Anderson,RB,DEN,32,15,15,214.6,14.31,16,1,,,,,,False
P0035,2005,38,Warrick Dunn,RB,ATL,30,16,16,214.6,13.41,16,0,69.0,16.0,183.0,11.44,0.0,True
P0100,2005,39,Trent Green,QB,KAN,35,16,16,210.8,13.18,16,0,209.0,8.0,65.6,8.2,8.0,True
P0114,2005,40,Eddie Kennison,WR,KAN,32,16,16,210.5,13.16,16,0,79.0,16.0,170.6,10.66,0.0,True
P0340,2005,41,Drew Brees,QB,SDG,26,16,16,209.9,13.12,16,0,18.0,16.0,259.9,16.24,0.0,True
P0062,2005,42,Derrick Mason,WR,BAL,31,16,16,209.3,13.08,16,0,89.0,16.0,154.6,9.66,0.0,True
P0454,2005,43,Reuben Droughns,RB,CLE,27,16,16,209.1,13.07,16,0,116.0,14.0,135.7,9.69,2.0,True
P0010,2005,44,Randy Moss,WR,OAK,28,16,15,208.5,13.03,16,0,138.0,13.0,115.3,8.87,3.0,True
P0029,2005,45,Jimmy Smith,WR,JAX,36,16,16,208.3,13.02,16,0,,,,,,False
P0046,2005,46,Kerry Collins,QB,OAK,33,15,15,208.3,13.89,16,1,,,,,,False
P0360,2005,47,Deion Branch,WR,NWE,26,16,15,207.8,12.99,16,0,91.0,14.0,152.5,10.89,2.0,True
P0057,2005,48,Drew Bledsoe,QB,DAL,33,16,16,206.6,12.91,16,0,202.0,6.0,71.4,11.9,10.0,True
P0346,2005,49,Donte' Stallworth,WR,NOR,25,16,13,204.7,12.79,16,0,108.0,12.0,140.5,11.71,4.0,True
P0404,2005,50,Domanick Williams,RB,HOU,25,11,11,204.3,18.57,16,5,,,,,,False
P0339,2005,51,Todd Heap,TE,BAL,25,16,16,200.5,12.53,16,0,64.0,16.0,185.5,11.59,0.0,True
P0335,2005,52,Jerry Porter,WR,OAK,27,16,14,199.4,12.46,16,0,,,,,,False
P0453,2005,53,Willis McGahee,RB,BUF,24,16,15,198.5,12.41,16,0,83.0,14.0,164.6,11.76,2.0,True
P0341,2005,54,Jeremy Shockey,TE,NYG,25,15,15,198.1,13.21,16,1,81.0,15.0,170.3,11.35,1.0,True
P0408,2005,55,Jake Delhomme,QB,CAR,30,16,16,195.9,12.24,16,0,95.0,13.0,151.4,11.65,3.0,True
P0042,2005,56,Mark Brunell,QB,WAS,35,16,15,195.1,12.19,16,0,155.0,10.0,101.0,10.1,6.0,True
P0345,2005,57,Antonio Bryant,WR,CLE,24,16,15,192.2,12.01,16,0,118.0,14.0,131.3,9.38,2.0,True
P0502,2005,58,Willie Parker,RB,PIT,25,15,15,190.0,12.67,16,1,9.0,16.0,288.6,18.04,0.0,True
P0047,2005,59,Corey Dillon,RB,NWE,31,12,10,189.4,15.78,16,4,65.0,16.0,184.9,11.56,0.0,True
P0471,2005,60,Chris Cooley,TE,WAS,23,16,16,188.4,11.78,16,0,82.0,16.0,168.4,10.52,0.0,True
P0183,2005,61,Laveranues Coles,WR,NYJ,28,16,16,187.5,11.72,16,0,27.0,16.0,238.2,14.89,0.0,True
P0054,2005,62,Keyshawn Johnson,WR,DAL,33,16,14,187.2,11.7,16,0,72.0,16.0,177.9,11.12,0.0,True
P0030,2005,63,Eric Moulds,WR,BUF,32,15,15,186.6,12.44,16,1,134.0,16.0,119.3,7.46,0.0,True
P0212,2005,64,Joe Jurevicius,WR,SEA,31,16,12,184.4,11.52,16,0,151.0,13.0,107.5,8.27,3.0,True
P0295,2005,65,Alge Crumpler,TE,ATL,28,16,16,182.7,11.42,16,0,70.0,16.0,182.0,11.38,0.0,True
P0467,2005,66,Julius Jones,RB,DAL,24,13,12,182.1,14.01,16,3,90.0,16.0,153.6,9.6,0.0,True
P0476,2005,67,Kevin Curtis,WR,STL,27,16,9,180.6,11.29,16,0,147.0,16.0,110.3,6.89,0.0,True
P0027,2005,68,Tony Gonzalez,TE,KAN,29,16,16,180.5,11.28,16,0,56.0,15.0,195.0,13.0,1.0,True
P0070,2005,69,Steve McNair,QB,TEN,32,14,14,180.3,12.88,16,2,73.0,16.0,177.9,11.12,0.0,True
P0461,2005,70,Chris Brown,RB,TEN,24,15,14,178.8,11.92,16,1,,,,,,False
P0503,2005,71,Cadillac Williams,RB,TAM,23,14,14,177.9,12.71,16,2,123.0,14.0,129.4,9.24,2.0,True
P0425,2005,72,Jason Witten,TE,DAL,23,16,16,177.7,11.11,16,0,100.0,16.0,145.4,9.09,0.0,True
P0418,2005,73,DeShaun Foster,RB,CAR,25,15,5,175.1,11.67,16,1,93.0,14.0,151.6,10.83,2.0,True
P0053,2005,74,Brett Favre,QB,GNB,36,16,16,173.4,10.84,16,0,67.0,16.0,184.3,11.52,0.0,True
P0037,2005,75,Amani Toomer,WR,NYG,31,16,15,170.4,10.65,16,0,173.0,8.0,86.0,10.75,8.0,True
P0129,2005,76,Aaron Brooks,QB,NOR,29,13,13,169.4,13.03,16,3,249.0,8.0,46.6,5.82,8.0,True
P0462,2005,77,Ben Roethlisberger,QB,PIT,23,12,12,168.3,14.02,16,4,66.0,15.0,184.3,12.29,1.0,True
P0457,2005,78,Lee Evans,WR,BUF,24,16,15,168.1,10.51,16,0,20.0,16.0,257.2,16.08,0.0,True
P0504,2005,79,Ronnie Brown,RB,MIA,24,15,14,167.9,11.19,16,1,62.0,13.0,187.4,14.42,3.0,True
P0486,2005,80,Tatum Bell,RB,DEN,24,15,1,166.5,11.1,16,1,109.0,13.0,140.0,10.77,3.0,True
P0143,2005,81,Gus Frerotte,QB,MIA,34,16,15,163.9,10.24,16,0,,,,,,False
P0031,2005,82,Muhsin Muhammad,WR,CHI,32,15,15,163.0,10.87,16,1,75.0,16.0,174.3,10.89,0.0,True
P0459,2005,83,Roy Williams,WR,DET,24,13,12,161.7,12.44,16,3,23.0,16.0,251.2,15.7,0.0,True
P0348,2005,84,David Carr,QB,HOU,26,16,16,160.3,10.02,16,0,92.0,16.0,152.2,9.51,0.0,True
P0008,2005,85,Terrell Owens,WR,PHI,32,7,7,159.5,22.79,16,9,10.0,16.0,283.0,17.69,0.0,True
P0475,2005,86,Mewelde Moore,RB,MIN,23,16,8,159.1,9.94,16,0,131.0,16.0,122.5,7.66,0.0,True
P0298,2005,87,Bobby Engram,WR,SEA,32,13,13,158.8,12.22,16,3,226.0,7.0,59.4,8.49,9.0,True
P0305,2005,88,Drew Bennett,WR,TEN,27,13,10,156.1,12.01,16,3,113.0,16.0,137.7,8.61,0.0,True
P0043,2005,89,Jamal Lewis,RB,BAL,26,15,15,155.7,10.38,16,1,58.0,16.0,192.7,12.04,0.0,True
P0018,2005,90,Donovan McNabb,QB,PHI,29,9,9,153.8,17.09,16,7,53.0,10.0,201.1,20.11,6.0,True
P0490,2005,91,Ernest Wilford,WR,JAX,26,16,8,151.1,9.44,16,0,158.0,16.0,98.4,6.15,0.0,True
P0439,2005,92,Eric Parker,WR,SDG,26,15,9,151.0,10.07,16,1,137.0,15.0,115.8,7.72,1.0,True
P0451,2005,93,Brandon Lloyd,WR,SFO,24,16,15,149.3,9.33,16,0,227.0,15.0,57.5,3.83,1.0,True
P0409,2005,94,Byron Leftwich,QB,JAX,25,11,11,147.6,13.42,16,5,181.0,6.0,80.5,13.42,10.0,True
P0357,2005,95,Randy McMichael,TE,MIA,26,16,16,146.2,9.14,16,0,102.0,16.0,144.0,9.0,0.0,True
P0410,2005,96,David Givens,WR,NWE,25,13,10,146.1,11.24,16,3,,,,,,False
P0435,2005,97,L.J. Smith,TE,PHI,25,16,16,145.2,9.07,16,0,105.0,16.0,143.1,8.94,0.0,True
P0406,2005,98,Andre Johnson,WR,HOU,24,13,13,142.8,10.98,16,3,24.0,16.0,249.1,15.57,0.0,True
P0493,2005,99,Antonio Chatman,WR,GNB,26,16,3,137.3,8.58,16,0,,,,,,False
P0011,2005,100,Curtis Martin,RB,NYJ,32,12,12,137.3,11.44,16,4,,,,,,False
P0034,2005,101,Stephen Davis,RB,CAR,31,13,11,136.4,10.49,16,3,,,,,,False
P0176,2005,102,Travis Taylor,WR,MIN,27,16,13,134.7,8.42,16,0,114.0,16.0,136.6,8.54,0.0,True
P0039,2005,103,Ricky Williams,RB,MIA,28,12,3,134.6,11.22,16,4,,,,,,False
P0361,2005,104,Ashley Lelie,WR,DEN,25,16,13,133.4,8.34,16,0,189.0,15.0,77.0,5.13,1.0,True
P0483,2005,105,Ben Troupe,TE,TEN,23,15,11,132.0,8.8,16,1,,,,,,False
P0219,2005,106,Jermaine Wiggins,TE,MIN,30,16,8,131.8,8.24,16,0,168.0,16.0,90.6,5.66,0.0,True
P0379,2005,107,Jerramy Stevens,TE,SEA,26,16,11,130.4,8.15,16,0,206.0,11.0,69.1,6.28,5.0,True
P0061,2005,108,Kurt Warner,QB,ARI,34,10,10,130.3,13.03,16,6,216.0,6.0,63.4,10.57,10.0,True
P0354,2005,109,Marc Bulger,QB,STL,28,8,8,129.9,16.24,16,8,22.0,16.0,252.4,15.78,0.0,True
P0269,2005,110,Kevan Barlow,RB,SFO,26,12,12,129.2,10.77,16,4,180.0,12.0,82.1,6.84,4.0,True
P0286,2005,111,Brian Finneran,WR,ATL,29,16,7,129.1,8.07,16,0,,,,,,False
P0121,2005,112,Priest Holmes,RB,KAN,32,7,7,127.8,18.26,16,9,,,,,,False
P0456,2005,113,Kevin Jones,RB,DET,23,13,13,127.3,9.79,16,3,36.0,12.0,219.9,18.32,4.0,True
P0386,2005,114,Justin McCareins,WR,NYJ,27,16,16,127.1,7.94,16,0,214.0,16.0,63.7,3.98,0.0,True
P0135,2005,115,Marty Booker,WR,MIA,29,15,12,125.6,8.37,16,1,78.0,14.0,171.6,12.26,2.0,True
P0505,2005,116,Reggie Brown,WR,PHI,24,16,11,124.6,7.79,16,0,68.0,16.0,184.0,11.5,0.0,True
P0506,2005,117,Chris Perry,RB,CIN,24,14,2,121.7,8.69,16,2,,,,,,False
P0040,2005,118,Michael Pittman,RB,TAM,30,16,4,121.6,7.6,16,0,136.0,16.0,116.0,7.25,0.0,True
P0245,2005,119,Erron Kinney,TE,TEN,28,14,14,121.3,8.66,16,2,,,,,,False
P0507,2005,120,Heath Miller,TE,PIT,23,16,15,120.9,7.56,16,0,154.0,16.0,103.3,6.46,0.0,True
P0402,2005,121,Chester Taylor,RB,BAL,26,15,1,118.9,7.93,16,1,33.0,15.0,222.4,14.83,1.0,True
P0351,2005,122,Antwaan Randle El,WR,PIT,26,16,15,118.8,7.42,16,0,150.0,16.0,108.4,6.78,0.0,True
P0024,2005,123,Joe Horn,WR,NOR,33,13,13,118.4,9.11,16,3,119.0,10.0,130.9,13.09,6.0,True
P0022,2005,124,Fred Taylor,RB,JAX,29,11,11,118.0,10.73,16,5,55.0,15.0,195.8,13.05,1.0,True
P0362,2005,125,Jabar Gaffney,WR,HOU,25,16,13,117.5,7.34,16,0,,,,,,False
P0508,2005,126,Samkon Gado,RB,GNB,23,8,5,115.9,14.49,16,8,237.0,9.0,52.5,5.83,7.0,True
P0509,2005,127,Matt Jones,WR,JAX,22,16,1,114.8,7.18,16,0,128.0,14.0,125.8,8.99,2.0,True
P0123,2005,128,Brad Johnson,QB,MIN,37,15,9,114.7,7.65,16,1,120.0,15.0,130.2,8.68,1.0,True
P0085,2005,129,Marcus Robinson,WR,MIN,30,15,9,114.5,7.63,16,1,165.0,10.0,91.1,9.11,6.0,True
P0149,2005,130,Marcus Pollard,TE,DET,33,16,16,113.6,7.1,16,0,,,,,,False
P0510,2005,131,Marion Barber III,RB,DAL,22,13,2,113.3,8.72,16,3,50.0,16.0,204.0,12.75,0.0,True
P0384,2005,132,Tony Fisher,RB,GNB,26,14,4,112.6,8.04,16,2,,,,,,False
P0511,2005,133,Mark Clayton,WR,BAL,23,14,10,112.4,8.03,16,2,61.0,16.0,187.9,11.74,0.0,True
P0512,2005,134,Greg Lewis,WR,PHI,25,16,16,111.4,6.96,16,0,207.0,16.0,68.8,4.3,0.0,True
P0473,2005,135,Doug Gabriel,WR,OAK,25,14,2,110.9,7.92,16,2,170.0,15.0,88.8,5.92,1.0,True
P0430,2005,136,Dallas Clark,TE,IND,26,15,14,109.8,7.32,16,1,166.0,12.0,90.7,7.56,4.0,True
P0282,2005,137,Corey Bradford,WR,HOU,30,16,6,109.4,6.84,16,0,,,,,,False
P0267,2005,138,Michael Bennett,RB,MIN,27,16,6,108.7,6.79,16,0,,,,,,False
P0001,2005,139,Marshall Faulk,RB,STL,32,16,1,108.3,6.77,16,0,,,,,,False
P0158,2005,140,Dennis Northcutt,WR,CLE,28,16,7,107.4,6.71,16,0,,,,,,False
P0513,2005,141,Chris Henry,WR,CIN,22,14,5,107.2,7.66,16,2,96.0,13.0,150.5,11.58,3.0,True
P0019,2005,142,Isaac Bruce,WR,STL,33,11,10,106.5,9.68,16,5,51.0,16.0,203.8,12.74,0.0,True
P0359,2005,143,Joey Harrington,QB,DET,27,12,11,105.4,8.78,16,4,143.0,11.0,111.8,10.16,5.0,True
P0088,2005,144,Darrell Jackson,WR,SEA,27,6,6,104.9,17.48,16,10,40.0,13.0,218.6,16.82,3.0,True
P0151,2005,145,Trent Dilfer,QB,CLE,33,11,11,103.4,9.4,16,5,,,,,,False
P0514,2005,146,Samie Parker,WR,KAN,24,12,9,103.3,8.61,16,4,153.0,16.0,103.8,6.49,0.0,True
P0515,2005,147,Chris Simms,QB,TAM,25,11,10,103.2,9.38,16,5,,,,,,False
P0516,2005,148,Frank Gore,RB,SFO,22,14,1,102.9,7.35,16,2,5.0,16.0,323.0,20.19,0.0,True
P0517,2005,149,Michael Jenkins,WR,ATL,23,14,12,102.8,7.34,16,2,130.0,16.0,124.8,7.8,0.0,True
P0297,2005,150,Brandon Stokley,WR,IND,29,15,4,101.3,6.75,16,1,,,,,,False
P0518,2005,151,Braylon Edwards,WR,CLE,22,10,7,101.2,10.12,16,6,63.0,16.0,186.1,11.63,0.0,True
P0478,2005,152,Steve Heiden,TE,CLE,29,15,13,101.1,6.74,16,1,198.0,16.0,72.9,4.56,0.0,True
P0366,2005,153,Dante Hall,WR,KAN,27,16,2,100.7,6.29,16,0,215.0,15.0,63.5,4.23,1.0,True
P0437,2005,154,Kyle Boller,QB,BAL,24,9,9,100.6,11.18,16,7,,,,,,False
P0112,2005,155,Shawn Bryson,RB,DET,29,16,2,100.0,6.25,16,0,,,,,,False
P0338,2005,156,Marcel Shipp,RB,ARI,27,15,11,99.6,6.64,16,1,,,,,,False
P0431,2005,157,Josh McCown,QB,ARI,26,9,6,99.3,11.03,16,7,,,,,,False
P0148,2005,158,Mike Alstott,FB,TAM,32,16,7,99.2,6.2,16,0,221.0,16.0,62.6,3.91,0.0,True
P0472,2005,159,Shaun McDonald,WR,STL,24,16,2,99.0,6.19,16,0,,,,,,False
P0055,2005,160,Jerome Bettis,RB,PIT,33,12,0,98.8,8.23,16,4,,,,,,False
P0519,2005,161,Greg Jones,FB,JAX,24,14,13,98.0,7.0,16,2,,,,,,False
P0192,2005,162,Antowain Smith,RB,NOR,33,16,7,96.5,6.03,16,0,,,,,,False
P0371,2005,163,Jonathan Wells,RB,HOU,26,15,6,96.4,6.43,16,1,,,,,,False
P0520,2005,164,Ben Watson,TE,NWE,25,15,9,95.1,6.34,16,1,125.0,13.0,127.3,9.79,3.0,True
P0097,2005,165,Az-Zahir Hakim,WR,NOR,28,12,2,94.9,7.91,16,4,,,,,,False
P0368,2005,166,T.J. Duckett,RB,ATL,24,14,0,94.3,6.74,16,2,,,,,,False
P0521,2005,167,David Garrard,QB,JAX,27,7,5,93.9,13.41,16,9,141.0,11.0,112.4,10.22,5.0,True
P0477,2005,168,Aaron Stecker,RB,NOR,30,15,4,93.4,6.23,16,1,,,,,,False
P0142,2005,169,Ricky Proehl,WR,CAR,37,16,0,92.3,5.77,16,0,,,,,,False
P0501,2005,170,Artose Pinner,RB,DET,27,16,2,92.0,5.75,16,0,,,,,,False
P0522,2005,171,Roddy White,WR,ATL,24,16,8,90.8,5.68,16,0,187.0,16.0,78.6,4.91,0.0,True
P0523,2005,172,Brooks Bollinger,QB,NYJ,26,11,9,89.8,8.16,16,5,,,,,,False
P0524,2005,173,Alex Smith,TE,TAM,23,16,10,89.7,5.61,16,0,192.0,14.0,76.0,5.43,2.0,True
P0422,2005,174,Bryant Johnson,WR,ARI,24,14,4,89.2,6.37,16,2,115.0,16.0,135.7,8.48,0.0,True
P0364,2005,175,Josh Reed,WR,BUF,25,16,6,88.6,5.54,16,0,172.0,13.0,88.3,6.79,3.0,True
P0470,2005,176,Jeb Putzier,TE,DEN,26,16,4,87.1,5.44,16,0,,,,,,False
P0525,2005,177,Arnaz Battle,WR,SFO,25,10,8,86.5,8.65,16,6,99.0,16.0,146.1,9.13,0.0,True
P0526,2005,178,J.J. Arrington,RB,ARI,22,15,5,85.9,5.73,16,1,,,,,,False
P0488,2005,179,Patrick Pass,FB,NWE,28,12,4,85.2,7.1,16,4,,,,,,False
P0378,2005,180,Robert Ferguson,WR,GNB,26,11,7,83.6,7.6,16,5,,,,,,False
P0527,2005,181,Scottie Vines,WR,DET,26,13,11,82.4,6.34,16,3,,,,,,False
P0395,2005,182,Kelly Holcomb,QB,BUF,32,10,8,81.5,8.15,16,6,,,,,,False
P0528,2005,183,Zachary Hilton,TE,NOR,25,15,6,80.6,5.37,16,1,,,,,,False
P0312,2005,184,Deuce McAllister,RB,NOR,27,5,5,80.2,16.04,16,11,38.0,15.0,219.5,14.63,1.0,True
P0529,2005,185,D.J. Hackett,WR,SEA,24,13,3,80.0,6.15,16,3,121.0,14.0,130.0,9.29,2.0,True
P0004,2005,186,Daunte Culpepper,QB,MIN,28,7,7,79.3,11.33,16,9,248.0,4.0,47.2,11.8,12.0,True
P0530,2005,187,Kyle Orton,QB,CHI,23,15,15,79.2,5.28,16,1,,,,,,False
P0531,2005,188,J.P. Losman,QB,BUF,24,9,8,79.0,8.78,16,7,74.0,16.0,176.0,11.0,0.0,True
P0487,2005,189,Reggie Williams,WR,JAX,22,16,7,77.8,4.86,16,0,107.0,16.0,140.9,8.81,0.0,True
P0443,2005,190,Justin Gage,WR,CHI,24,15,11,77.6,5.17,16,1,,,,,,False
P0532,2005,191,Bo Scaife,TE,TEN,24,16,5,76.3,4.77,16,0,177.0,14.0,83.3,5.95,2.0,True
P0320,2005,192,Mike McMahon,QB,PHI,26,9,7,76.1,8.46,16,7,,,,,,False
P0533,2005,193,Troy Williamson,WR,MIN,22,14,3,76.0,5.43,16,2,178.0,14.0,82.5,5.89,2.0,True
P0279,2005,194,Koren Robinson,WR,MIN,25,14,5,75.4,5.39,16,2,,,,,,False
P0534,2005,195,Devery Henderson,WR,NOR,23,15,3,75.2,5.01,16,1,103.0,13.0,143.9,11.07,3.0,True
P0535,2005,196,Donald Lee,TE,GNB,25,15,5,74.4,4.96,16,1,,,,,,False
P0429,2005,197,Anthony Wright,QB,BAL,29,9,7,74.1,8.23,16,7,,,,,,False
P0536,2005,198,Alvin Pearman,RB,JAX,23,16,0,72.9,4.56,16,0,,,,,,False
P0537,2005,199,Wes Welker,WR,MIA,24,16,1,72.9,4.56,16,0,110.0,16.0,139.7,8.73,0.0,True
P0538,2005,200,Courtney Anderson,TE,OAK,25,14,13,72.3,5.16,16,2,210.0,16.0,65.5,4.09,0.0,True
P0152,2005,201,Tim Dwight,WR,NWE,30,16,1,71.3,4.46,16,0,,,,,,False
P0419,2005,202,Cedrick Wilson,WR,PIT,27,16,1,71.1,4.44,16,0,162.0,15.0,93.6,6.24,1.0,True
P0539,2005,203,Kyle Johnson,FB,DEN,27,16,14,69.9,4.37,16,0,,,,,,False
P0540,2005,204,David Martin,TE,GNB,26,12,8,69.4,5.78,16,4,236.0,11.0,52.8,4.8,5.0,True
P0452,2005,205,Michael Clayton,WR,TAM,23,14,10,69.4,4.96,16,2,186.0,12.0,78.7,6.56,4.0,True
P0066,2005,206,Ike Hilliard,WR,TAM,29,16,2,69.2,4.32,16,0,182.0,16.0,79.9,4.99,0.0,True
P0421,2005,207,Nate Burleson,WR,MIN,24,12,9,68.2,5.68,16,4,234.0,16.0,53.2,3.32,0.0,True
P0541,2005,208,Mike Sellers,TE,WAS,30,15,6,67.3,4.49,16,1,,,,,,False
P0392,2005,209,Reche Caldwell,WR,SDG,26,16,2,66.2,4.14,16,0,86.0,16.0,161.5,10.09,0.0,True
P0542,2005,210,Patrick Crayton,WR,DAL,26,11,0,66.1,6.01,16,5,144.0,16.0,111.6,6.98,0.0,True
P0543,2005,211,Mike Williams,WR,DET,21,14,4,66.0,4.71,16,2,,,,,,False
P0484,2005,212,Verron Haynes,RB,PIT,26,14,0,65.7,4.69,16,2,,,,,,False
P0071,2005,213,Kevin Faulk,RB,NWE,29,8,2,65.5,8.19,16,8,149.0,15.0,108.9,7.26,1.0,True
P0482,2005,214,Maurice Hicks,RB,SFO,27,14,3,65.5,4.68,16,2,,,,,,False
P0369,2005,215,Doug Jolley,TE,NYJ,26,16,7,65.4,4.09,16,0,,,,,,False
P0544,2005,216,Brandon Jones,WR,TEN,23,10,8,65.0,6.5,16,6,169.0,16.0,89.7,5.61,0.0,True
P0466,2005,217,Keary Colbert,WR,CAR,23,16,16,63.8,3.99,16,0,,,,,,False
P0210,2005,218,Obafemi Ayanbadejo,FB,ARI,30,16,2,63.7,3.98,16,0,,,,,,False
P0383,2005,219,Ladell Betts,RB,WAS,26,12,0,63.6,5.3,16,4,29.0,16.0,236.9,14.81,0.0,True
P0545,2005,220,Adrian Peterson,RB,CHI,26,16,0,62.9,3.93,16,0,,,,,,False
P0546,2005,221,Roydell Williams,WR,TEN,24,10,2,62.9,6.29,16,6,,,,,,False
P0416,2005,222,Jerald Sowell,FB,NYJ,31,16,14,61.6,3.85,16,0,,,,,,False
P0547,2005,223,Adam Bergen,TE,ARI,22,16,9,61.0,3.81,16,0,,,,,,False
P0009,2005,224,Ahman Green,RB,GNB,28,5,5,59.2,11.84,16,11,35.0,14.0,221.2,15.8,2.0,True
P0164,2005,225,Desmond Clark,TE,CHI,28,16,16,58.9,3.68,16,0,104.0,16.0,143.6,8.98,0.0,True
P0548,2005,226,Frisman Jackson,WR,CLE,26,12,0,58.7,4.89,16,4,,,,,,False
P0064,2005,227,Brian Griese,QB,TAM,30,6,6,58.6,9.77,16,10,,,,,,False
P0398,2005,228,Jamie Martin,QB,STL,35,8,5,57.7,7.21,16,8,,,,,,False
P0549,2005,229,Courtney Roby,WR,TEN,22,13,6,57.5,4.42,16,3,,,,,,False
P0414,2005,230,Daniel Graham,TE,NWE,27,11,9,57.5,5.23,16,5,230.0,12.0,54.5,4.54,4.0,True
P0550,2005,231,Bryan Fletcher,TE,IND,26,16,12,56.2,3.51,16,0,242.0,15.0,50.2,3.35,1.0,True
P0268,2005,232,Travis Henry,RB,TEN,27,10,1,56.2,5.62,16,6,59.0,14.0,188.9,13.49,2.0,True
P0551,2005,233,Cedric Houston,RB,NYJ,23,12,4,54.8,4.57,16,4,185.0,8.0,78.7,9.84,8.0,True
P0253,2005,234,Dominic Rhodes,RB,IND,26,13,1,54.6,4.2,16,3,97.0,16.0,149.2,9.32,0.0,True
P0441,2005,235,Justin Griffith,FB,ATL,25,16,15,54.6,3.41,16,0,195.0,16.0,74.4,4.65,0.0,True
P0552,2005,236,Lorenzo Neal,FB,SDG,35,16,15,54.3,3.39,16,0,,,,,,False
P0193,2005,237,William Henderson,FB,GNB,34,16,8,53.9,3.37,16,0,,,,,,False
P0230,2005,238,Kris Mangum,TE,CAR,32,14,9,53.2,3.8,16,2,,,,,,False
P0167,2005,239,Bubba Franks,TE,GNB,27,10,8,51.7,5.17,16,6,250.0,16.0,46.2,2.89,0.0,True
P0553,2005,240,Michael Turner,RB,SDG,23,16,0,51.5,3.22,16,0,205.0,13.0,69.9,5.38,3.0,True
P0492,2005,241,Chris Baker,TE,NYJ,26,8,8,50.9,6.36,16,8,174.0,16.0,85.0,5.31,0.0,True
P0178,2005,242,Zack Crockett,FB,OAK,33,16,10,50.9,3.18,16,0,,,,,,False
P0554,2005,243,Charlie Frye,QB,CLE,24,7,5,50.1,7.16,16,9,122.0,13.0,129.7,9.98,3.0,True
P0555,2005,244,Brandon Jacobs,RB,NYG,23,16,0,49.9,3.12,16,0,133.0,15.0,120.2,8.01,1.0,True
P0083,2005,245,Johnnie Morton,WR,SFO,34,13,10,49.8,3.83,16,3,,,,,,False
P0556,2005,246,Vernand Morency,RB,HOU,25,12,1,49.1,4.09,16,4,179.0,14.0,82.2,5.87,2.0,True
P0557,2005,247,Billy McMullen,WR,PHI,25,16,0,48.8,3.05,16,0,201.0,16.0,71.7,4.48,0.0,True
P0003,2005,248,Jeff Garcia,QB,DET,35,6,5,48.6,8.1,16,10,160.0,8.0,95.1,11.89,8.0,True
P0558,2005,249,Ryan Moats,RB,PHI,23,7,1,48.5,6.93,16,9,,,,,,False
P0559,2005,250,Ryan Fitzpatrick,QB,STL,23,4,3,47.5,11.88,16,12,,,,,,False
P0251,2006,1,LaDainian Tomlinson,RB,SDG,27,16,16,481.1,30.07,16,0,4.0,16.0,367.6,22.98,0.0,True
P0468,2006,2,Steven Jackson,RB,STL,23,16,16,415.4,25.96,16,0,52.0,12.0,201.4,16.78,4.0,True
P0460,2006,3,Larry Johnson,RB,KAN,27,16,16,370.9,23.18,16,0,125.0,8.0,128.5,16.06,8.0,True
P0405,2006,4,Brian Westbrook,RB,PHI,27,15,14,330.6,22.04,16,1,3.0,15.0,368.4,24.56,1.0,True
P0516,2006,5,Frank Gore,RB,SFO,23,16,16,323.0,20.19,16,0,32.0,15.0,236.8,15.79,1.0,True
P0015,2006,6,Peyton Manning,QB,IND,30,16,16,311.5,19.47,16,0,16.0,16.0,275.1,17.19,0.0,True
P0006,2006,7,Marvin Harrison,WR,IND,34,16,16,301.6,18.85,16,0,,,,,,False
P0016,2006,8,Tiki Barber,RB,NYG,31,16,16,298.7,18.67,16,0,,,,,,False
P0502,2006,9,Willie Parker,RB,PIT,26,16,16,288.6,18.04,16,0,72.0,15.0,177.0,11.8,1.0,True
P0008,2006,10,Terrell Owens,WR,DAL,33,16,15,283.0,17.69,16,0,6.0,15.0,307.0,20.47,1.0,True
P0560,2006,11,Maurice Jones-Drew,RB,JAX,21,16,1,277.7,17.36,16,0,42.0,15.0,213.5,14.23,1.0,True
P0308,2006,12,Reggie Wayne,WR,IND,28,16,16,273.0,17.06,16,0,5.0,16.0,309.4,19.34,0.0,True
P0198,2006,13,Donald Driver,WR,GNB,31,16,16,271.1,16.94,16,0,54.0,15.0,199.2,13.28,1.0,True
P0023,2006,14,Torry Holt,WR,STL,30,16,16,269.8,16.86,16,0,20.0,16.0,255.9,15.99,0.0,True
P0561,2006,15,Reggie Bush,RB,NOR,21,16,8,266.7,16.67,16,0,47.0,12.0,206.8,17.23,4.0,True
P0303,2006,16,Chad Johnson,WR,CIN,28,16,16,266.3,16.64,16,0,11.0,16.0,287.7,17.98,0.0,True
P0310,2006,17,Michael Vick,QB,ATL,26,16,16,264.0,16.5,16,0,,,,,,False
P0340,2006,18,Drew Brees,QB,NOR,27,16,16,259.9,16.24,16,0,19.0,16.0,259.1,16.19,0.0,True
P0342,2006,19,Steve Smith Sr.,WR,CAR,27,14,14,259.7,18.55,16,2,34.0,15.0,235.8,15.72,1.0,True
P0457,2006,20,Lee Evans,WR,BUF,25,16,15,257.2,16.08,16,0,77.0,16.0,169.9,10.62,0.0,True
P0365,2006,21,T.J. Houshmandzadeh,WR,CIN,29,14,13,252.7,18.05,16,2,8.0,16.0,297.7,18.61,0.0,True
P0354,2006,22,Marc Bulger,QB,STL,29,16,16,252.4,15.78,16,0,155.0,12.0,105.0,8.75,4.0,True
P0459,2006,23,Roy Williams,WR,DET,25,16,16,251.2,15.7,16,0,73.0,12.0,175.9,14.66,4.0,True
P0406,2006,24,Andre Johnson,WR,HOU,25,16,16,249.1,15.57,16,0,61.0,9.0,191.1,21.23,7.0,True
P0391,2006,25,Javon Walker,WR,DEN,28,16,16,243.7,15.23,16,0,247.0,8.0,54.4,6.8,8.0,True
P0562,2006,26,Mike Furrey,WR,DET,29,16,14,240.6,15.04,16,0,115.0,16.0,133.4,8.34,0.0,True
P0183,2006,27,Laveranues Coles,WR,NYJ,29,16,16,238.2,14.89,16,0,89.0,12.0,155.6,12.97,4.0,True
P0464,2006,28,Carson Palmer,QB,CIN,27,16,16,237.1,14.82,16,0,38.0,16.0,228.2,14.26,0.0,True
P0383,2006,29,Ladell Betts,RB,WAS,27,16,9,236.9,14.81,16,0,185.0,16.0,81.9,5.12,0.0,True
P0407,2006,30,Rudi Johnson,RB,CIN,27,16,15,234.3,14.64,16,0,169.0,11.0,95.7,8.7,5.0,True
P0403,2006,31,Anquan Boldin,WR,ARI,26,16,16,230.1,14.38,16,0,44.0,12.0,209.7,17.47,4.0,True
P0563,2006,32,Joseph Addai,RB,IND,23,16,0,226.6,14.16,16,0,15.0,15.0,276.6,18.44,1.0,True
P0402,2006,33,Chester Taylor,RB,MIN,27,15,15,222.4,14.83,16,1,70.0,14.0,177.5,12.68,2.0,True
P0564,2006,34,Marques Colston,WR,NOR,23,14,12,221.8,15.84,16,2,12.0,16.0,282.2,17.64,0.0,True
P0009,2006,35,Ahman Green,RB,GNB,29,14,14,221.2,15.8,16,2,217.0,6.0,64.3,10.72,10.0,True
P0456,2006,36,Kevin Jones,RB,DET,24,12,12,219.9,18.32,16,4,88.0,13.0,155.8,11.98,3.0,True
P0224,2006,37,Plaxico Burress,WR,NYG,29,15,15,219.8,14.65,16,1,27.0,16.0,244.5,15.28,0.0,True
P0312,2006,38,Deuce McAllister,RB,NOR,28,15,13,219.5,14.63,16,1,,,,,,False
P0260,2006,39,Tom Brady,QB,NWE,29,16,16,219.4,13.71,16,0,1.0,16.0,390.0,24.38,0.0,True
P0088,2006,40,Darrell Jackson,WR,SEA,28,13,13,218.6,16.82,16,3,142.0,15.0,113.7,7.58,1.0,True
P0099,2006,41,Jon Kitna,QB,DET,34,16,16,217.9,13.62,16,0,60.0,16.0,192.9,12.06,0.0,True
P0427,2006,42,Antonio Gates,TE,SDG,26,16,16,217.4,13.59,16,0,39.0,16.0,227.4,14.21,0.0,True
P0565,2006,43,Jerricho Cotchery,WR,NYJ,24,16,16,216.6,13.54,16,0,45.0,15.0,208.8,13.92,1.0,True
P0045,2006,44,Terry Glenn,WR,DAL,32,15,14,211.8,14.12,16,1,,,,,,False
P0265,2006,45,Joey Galloway,WR,TAM,35,16,14,210.6,13.16,16,0,57.0,15.0,194.5,12.97,1.0,True
P0103,2006,46,Hines Ward,WR,PIT,30,14,14,210.5,15.04,16,2,62.0,13.0,189.3,14.56,3.0,True
P0566,2006,47,Philip Rivers,QB,SDG,25,16,16,208.4,13.02,16,0,71.0,16.0,177.4,11.09,0.0,True
P0147,2006,48,Thomas Jones,RB,CHI,28,16,16,206.2,12.89,16,0,75.0,16.0,173.6,10.85,0.0,True
P0002,2006,49,Edgerrin James,RB,ARI,28,16,16,205.6,12.85,16,0,46.0,16.0,208.6,13.04,0.0,True
P0510,2006,50,Marion Barber III,RB,DAL,23,16,1,204.0,12.75,16,0,30.0,16.0,241.7,15.11,0.0,True
P0019,2006,51,Isaac Bruce,WR,STL,34,16,13,203.8,12.74,16,0,94.0,14.0,151.9,10.85,2.0,True
P0567,2006,52,Vince Young,QB,TEN,23,15,13,203.2,13.55,16,1,91.0,15.0,153.3,10.22,1.0,True
P0018,2006,53,Donovan McNabb,QB,PHI,30,10,10,201.1,20.11,16,6,48.0,14.0,206.6,14.76,2.0,True
P0458,2006,54,Larry Fitzgerald,WR,ARI,23,13,13,199.6,15.35,16,3,10.0,15.0,294.9,19.66,1.0,True
P0022,2006,55,Fred Taylor,RB,JAX,30,15,15,195.8,13.05,16,1,81.0,15.0,163.0,10.87,1.0,True
P0027,2006,56,Tony Gonzalez,TE,KAN,30,15,15,195.0,13.0,16,1,26.0,16.0,246.2,15.39,0.0,True
P0568,2006,57,Kellen Winslow,TE,CLE,23,16,16,194.5,12.16,16,0,40.0,16.0,222.6,13.91,0.0,True
P0043,2006,58,Jamal Lewis,RB,BAL,27,16,16,192.7,12.04,16,0,25.0,15.0,247.2,16.48,1.0,True
P0268,2006,59,Travis Henry,RB,TEN,28,14,13,188.9,13.49,16,2,156.0,12.0,104.6,8.72,4.0,True
P0499,2006,60,Eli Manning,QB,NYG,25,16,16,187.9,11.74,16,0,67.0,16.0,184.3,11.52,0.0,True
P0511,2006,61,Mark Clayton,WR,BAL,24,16,12,187.9,11.74,16,0,161.0,16.0,101.1,6.32,0.0,True
P0504,2006,62,Ronnie Brown,RB,MIA,25,13,12,187.4,14.42,16,3,76.0,7.0,170.1,24.3,9.0,True
P0518,2006,63,Braylon Edwards,WR,CLE,23,16,15,186.1,11.63,16,0,7.0,16.0,300.9,18.81,0.0,True
P0339,2006,64,Todd Heap,TE,BAL,26,16,16,185.5,11.59,16,0,,,,,,False
P0047,2006,65,Corey Dillon,RB,NWE,32,16,13,184.9,11.56,16,0,,,,,,False
P0462,2006,66,Ben Roethlisberger,QB,PIT,24,15,15,184.3,12.29,16,1,18.0,15.0,260.6,17.37,1.0,True
P0053,2006,67,Brett Favre,QB,GNB,37,16,16,184.3,11.52,16,0,28.0,16.0,243.4,15.21,0.0,True
P0505,2006,68,Reggie Brown,WR,PHI,25,16,15,184.0,11.5,16,0,79.0,16.0,166.6,10.41,0.0,True
P0035,2006,69,Warrick Dunn,RB,ATL,31,16,16,183.0,11.44,16,0,93.0,16.0,152.8,9.55,0.0,True
P0295,2006,70,Alge Crumpler,TE,ATL,29,16,16,182.0,11.38,16,0,138.0,14.0,116.4,8.31,2.0,True
P0356,2006,71,Santana Moss,WR,WAS,27,14,14,180.2,12.87,16,2,87.0,14.0,157.1,11.22,2.0,True
P0054,2006,72,Keyshawn Johnson,WR,CAR,34,16,16,177.9,11.12,16,0,,,,,,False
P0070,2006,73,Steve McNair,QB,BAL,33,16,16,177.9,11.12,16,0,,,,,,False
P0531,2006,74,J.P. Losman,QB,BUF,25,16,16,176.0,11.0,16,0,235.0,8.0,59.2,7.4,8.0,True
P0031,2006,75,Muhsin Muhammad,WR,CHI,33,16,16,174.3,10.89,16,0,139.0,16.0,115.0,7.19,0.0,True
P0569,2006,76,Tony Romo,QB,DAL,26,16,10,174.3,10.89,16,0,9.0,16.0,295.3,18.46,0.0,True
P0337,2006,77,Chad Pennington,QB,NYJ,30,16,16,173.7,10.86,16,0,160.0,9.0,101.8,11.31,7.0,True
P0135,2006,78,Marty Booker,WR,MIA,30,14,13,171.6,12.26,16,2,149.0,15.0,110.8,7.39,1.0,True
P0114,2006,79,Eddie Kennison,WR,KAN,33,16,16,170.6,10.66,16,0,,,,,,False
P0570,2006,80,Rex Grossman,QB,CHI,26,16,16,170.5,10.66,16,0,245.0,8.0,55.1,6.89,8.0,True
P0341,2006,81,Jeremy Shockey,TE,NYG,26,15,15,170.3,11.35,16,1,108.0,14.0,137.5,9.82,2.0,True
P0471,2006,82,Chris Cooley,TE,WAS,24,16,16,168.4,10.52,16,0,56.0,16.0,194.6,12.16,0.0,True
P0453,2006,83,Willis McGahee,RB,BUF,25,14,14,164.6,11.76,16,2,37.0,15.0,228.8,15.25,1.0,True
P0571,2006,84,Alex Smith,QB,SFO,22,16,16,164.3,10.27,16,0,,,,,,False
P0496,2006,85,Bernard Berrian,WR,CHI,26,15,14,163.0,10.87,16,1,59.0,16.0,194.1,12.13,0.0,True
P0392,2006,86,Reche Caldwell,WR,NWE,27,16,14,161.5,10.09,16,0,,,,,,False
P0257,2006,87,Chris Chambers,WR,MIA,28,16,16,160.2,10.01,16,0,65.0,16.0,188.2,11.76,0.0,True
P0572,2006,88,Laurence Maroney,RB,NWE,21,14,0,155.9,11.14,16,2,109.0,13.0,137.1,10.55,3.0,True
P0062,2006,89,Derrick Mason,WR,BAL,32,16,15,154.6,9.66,16,0,31.0,16.0,239.7,14.98,0.0,True
P0467,2006,90,Julius Jones,RB,DAL,25,16,16,153.6,9.6,16,0,141.0,16.0,114.1,7.13,0.0,True
P0360,2006,91,Deion Branch,WR,SEA,27,14,13,152.5,10.89,16,2,107.0,11.0,139.1,12.65,5.0,True
P0348,2006,92,David Carr,QB,HOU,27,16,16,152.2,9.51,16,0,,,,,,False
P0418,2006,93,DeShaun Foster,RB,CAR,26,14,14,151.6,10.83,16,2,101.0,16.0,144.8,9.05,0.0,True
P0573,2006,94,Mike Bell,RB,DEN,23,15,3,151.5,10.1,16,1,,,,,,False
P0408,2006,95,Jake Delhomme,QB,CAR,31,13,13,151.4,11.65,16,3,238.0,3.0,57.6,19.2,13.0,True
P0513,2006,96,Chris Henry,WR,CIN,23,13,4,150.5,11.58,16,3,209.0,8.0,67.3,8.41,8.0,True
P0253,2006,97,Dominic Rhodes,RB,IND,27,16,16,149.2,9.32,16,0,,,,,,False
P0278,2006,98,Matt Hasselbeck,QB,SEA,31,12,12,148.7,12.39,16,4,24.0,16.0,249.5,15.59,0.0,True
P0525,2006,99,Arnaz Battle,WR,SFO,26,16,15,146.1,9.13,16,0,102.0,16.0,142.4,8.9,0.0,True
P0425,2006,100,Jason Witten,TE,DAL,24,16,15,145.4,9.09,16,0,23.0,16.0,250.5,15.66,0.0,True
P0574,2006,101,Santonio Holmes,WR,PIT,22,16,4,144.7,9.04,16,0,55.0,13.0,197.9,15.22,3.0,True
P0357,2006,102,Randy McMichael,TE,MIA,27,16,16,144.0,9.0,16,0,162.0,16.0,99.9,6.24,0.0,True
P0534,2006,103,Devery Henderson,WR,NOR,24,13,7,143.9,11.07,16,3,187.0,16.0,80.9,5.06,0.0,True
P0164,2006,104,Desmond Clark,TE,CHI,29,16,16,143.6,8.98,16,0,134.0,16.0,122.5,7.66,0.0,True
P0435,2006,105,L.J. Smith,TE,PHI,26,16,15,143.1,8.94,16,0,,,,,,False
P0220,2006,106,Shaun Alexander,RB,SEA,29,10,10,142.4,14.24,16,6,131.0,13.0,123.2,9.48,3.0,True
P0487,2006,107,Reggie Williams,WR,JAX,23,16,14,140.9,8.81,16,0,85.0,15.0,157.7,10.51,1.0,True
P0346,2006,108,Donte' Stallworth,WR,PHI,26,12,11,140.5,11.71,16,4,113.0,16.0,134.9,8.43,0.0,True
P0486,2006,109,Tatum Bell,RB,DEN,25,13,13,140.0,10.77,16,3,,,,,,False
P0537,2006,110,Wes Welker,WR,MIA,25,16,2,139.7,8.73,16,0,13.0,16.0,280.9,17.56,0.0,True
P0465,2006,111,Ronald Curry,WR,OAK,27,16,4,139.1,8.69,16,0,90.0,16.0,154.8,9.68,0.0,True
P0575,2006,112,Leon Washington,RB,NYJ,24,16,8,139.0,8.69,16,0,127.0,16.0,128.0,8.0,0.0,True
P0305,2006,113,Drew Bennett,WR,TEN,28,16,15,137.7,8.61,16,0,178.0,14.0,88.5,6.32,2.0,True
P0176,2006,114,Travis Taylor,WR,MIN,28,16,16,136.6,8.54,16,0,,,,,,False
P0422,2006,115,Bryant Johnson,WR,ARI,25,16,8,135.7,8.48,16,0,148.0,16.0,110.8,6.92,0.0,True
P0454,2006,116,Reuben Droughns,RB,CLE,28,14,12,135.7,9.69,16,2,199.0,16.0,75.4,4.71,0.0,True
P0576,2006,117,Matt Leinart,QB,ARI,23,12,11,134.8,11.23,16,4,,,,,,False
P0345,2006,118,Antonio Bryant,WR,SFO,25,14,13,131.3,9.38,16,2,,,,,,False
P0024,2006,119,Joe Horn,WR,NOR,34,10,9,130.9,13.09,16,6,239.0,12.0,57.3,4.77,4.0,True
P0123,2006,120,Brad Johnson,QB,MIN,38,15,14,130.2,8.68,16,1,,,,,,False
P0529,2006,121,D.J. Hackett,WR,SEA,25,14,5,130.0,9.29,16,2,179.0,6.0,88.4,14.73,10.0,True
P0554,2006,122,Charlie Frye,QB,CLE,25,13,13,129.7,9.98,16,3,,,,,,False
P0503,2006,123,Cadillac Williams,RB,TAM,24,14,14,129.4,9.24,16,2,,,,,,False
P0336,2006,124,Clinton Portis,RB,WAS,25,8,7,128.3,16.04,16,8,17.0,16.0,272.7,17.04,0.0,True
P0520,2006,125,Ben Watson,TE,NWE,26,13,13,127.3,9.79,16,3,145.0,12.0,112.0,9.33,4.0,True
P0577,2006,126,DeAngelo Williams,RB,CAR,23,13,2,126.4,9.72,16,3,105.0,16.0,140.2,8.76,0.0,True
P0578,2006,127,Greg Jennings,WR,GNB,23,14,11,126.2,9.01,16,2,41.0,13.0,217.0,16.69,3.0,True
P0509,2006,128,Matt Jones,WR,JAX,23,14,4,125.8,8.99,16,2,190.0,12.0,79.7,6.64,4.0,True
P0579,2006,129,Wali Lundy,RB,HOU,23,14,8,125.0,8.93,16,2,,,,,,False
P0517,2006,130,Michael Jenkins,WR,ATL,24,16,16,124.8,7.8,16,0,122.0,15.0,130.2,8.68,1.0,True
P0475,2006,131,Mewelde Moore,RB,MIN,24,16,0,122.5,7.66,16,0,,,,,,False
P0580,2006,132,Nate Washington,WR,PIT,23,16,2,122.2,7.64,16,0,158.0,16.0,104.0,6.5,0.0,True
P0555,2006,133,Brandon Jacobs,RB,NYG,24,15,0,120.2,8.01,16,1,78.0,11.0,169.3,15.39,5.0,True
P0030,2006,134,Eric Moulds,WR,HOU,33,16,16,119.3,7.46,16,0,213.0,16.0,66.2,4.14,0.0,True
P0007,2006,135,Rod Smith,WR,DEN,36,16,16,118.7,7.42,16,0,,,,,,False
P0040,2006,136,Michael Pittman,RB,TAM,31,16,3,116.0,7.25,16,0,206.0,10.0,71.7,7.17,6.0,True
P0439,2006,137,Eric Parker,WR,SDG,27,15,12,115.8,7.72,16,1,,,,,,False
P0010,2006,138,Randy Moss,WR,OAK,29,13,13,115.3,8.87,16,3,2.0,16.0,385.3,24.08,0.0,True
P0131,2006,139,Ron Dayne,RB,HOU,28,11,6,114.9,10.45,16,5,104.0,13.0,141.5,10.88,3.0,True
P0581,2006,140,Cedric Benson,RB,CHI,24,15,0,114.1,7.61,16,1,137.0,11.0,116.7,10.61,5.0,True
P0521,2006,141,David Garrard,QB,JAX,28,11,10,112.4,10.22,16,5,63.0,12.0,188.9,15.74,4.0,True
P0582,2006,142,Vincent Jackson,WR,SDG,23,16,7,111.9,6.99,16,0,135.0,16.0,121.3,7.58,0.0,True
P0359,2006,143,Joey Harrington,QB,MIA,28,11,11,111.8,10.16,16,5,154.0,12.0,105.3,8.78,4.0,True
P0542,2006,144,Patrick Crayton,WR,DAL,27,16,7,111.6,6.98,16,0,83.0,15.0,159.7,10.65,1.0,True
P0583,2006,145,Damon Huard,QB,KAN,33,10,8,111.4,11.14,16,6,159.0,11.0,102.2,9.29,5.0,True
P0105,2006,146,Jake Plummer,QB,DEN,32,16,11,111.0,6.94,16,0,,,,,,False
P0476,2006,147,Kevin Curtis,WR,STL,28,16,1,110.3,6.89,16,0,33.0,16.0,236.0,14.75,0.0,True
P0050,2006,148,Troy Brown,WR,NWE,35,16,9,109.2,6.82,16,0,,,,,,False
P0071,2006,149,Kevin Faulk,RB,NWE,30,15,1,108.9,7.26,16,1,136.0,16.0,117.8,7.36,0.0,True
P0351,2006,150,Antwaan Randle El,WR,WAS,27,16,16,108.4,6.78,16,0,117.0,15.0,132.3,8.82,1.0,True
P0212,2006,151,Joe Jurevicius,WR,CLE,32,13,8,107.5,8.27,16,3,119.0,16.0,131.4,8.21,0.0,True
P0102,2006,152,Peerless Price,WR,BUF,30,16,15,107.0,6.69,16,0,,,,,,False
P0514,2006,153,Samie Parker,WR,KAN,25,16,15,103.8,6.49,16,0,214.0,15.0,66.0,4.4,1.0,True
P0507,2006,154,Heath Miller,TE,PIT,24,16,16,103.3,6.46,16,0,100.0,16.0,145.6,9.1,0.0,True
P0042,2006,155,Mark Brunell,QB,WAS,36,10,9,101.0,10.1,16,6,,,,,,False
P0285,2006,156,Correll Buckhalter,RB,PHI,28,16,1,100.1,6.26,16,0,198.0,14.0,76.0,5.43,2.0,True
P0584,2006,157,Owen Daniels,TE,HOU,24,14,12,99.2,7.09,16,2,95.0,16.0,151.8,9.49,0.0,True
P0490,2006,158,Ernest Wilford,WR,JAX,27,16,12,98.4,6.15,16,0,140.0,16.0,114.8,7.18,0.0,True
P0585,2006,159,Jerious Norwood,RB,ATL,23,14,0,97.5,6.96,16,2,132.0,15.0,123.0,8.2,1.0,True
P0003,2006,160,Jeff Garcia,QB,PHI,36,8,6,95.1,11.89,16,8,86.0,13.0,157.2,12.09,3.0,True
P0586,2006,161,Justin Fargas,RB,OAK,26,16,6,94.0,5.88,16,0,80.0,14.0,164.7,11.76,2.0,True
P0419,2006,162,Cedrick Wilson,WR,PIT,28,15,12,93.6,6.24,16,1,,,,,,False
P0587,2006,163,George Wrighster,TE,JAX,25,16,10,92.3,5.77,16,0,,,,,,False
P0474,2006,164,Bobby Wade,WR,TEN,25,16,2,91.1,5.69,16,0,114.0,16.0,133.8,8.36,0.0,True
P0085,2006,165,Marcus Robinson,WR,MIN,31,10,3,91.1,9.11,16,6,,,,,,False
P0430,2006,166,Dallas Clark,TE,IND,27,12,12,90.7,7.56,16,4,64.0,15.0,188.5,12.57,1.0,True
P0588,2006,167,Jason Campbell,QB,WAS,25,7,7,90.6,12.94,16,9,99.0,13.0,146.5,11.27,3.0,True
P0219,2006,168,Jermaine Wiggins,TE,MIN,31,16,3,90.6,5.66,16,0,,,,,,False
P0544,2006,169,Brandon Jones,WR,TEN,24,16,10,89.7,5.61,16,0,229.0,9.0,61.5,6.83,7.0,True
P0473,2006,170,Doug Gabriel,WR,2TM,26,15,5,88.8,5.92,16,1,,,,,,False
P0589,2006,171,Bruce Gradkowski,QB,TAM,23,13,11,88.5,6.81,16,3,,,,,,False
P0364,2006,172,Josh Reed,WR,BUF,26,13,1,88.3,6.79,16,3,151.0,15.0,109.8,7.32,1.0,True
P0037,2006,173,Amani Toomer,WR,NYG,32,8,8,86.0,10.75,16,8,92.0,16.0,153.0,9.56,0.0,True
P0492,2006,174,Chris Baker,TE,NYJ,27,16,14,85.0,5.31,16,0,165.0,15.0,97.9,6.53,1.0,True
P0254,2006,175,Anthony Thomas,RB,BUF,29,16,2,83.7,5.23,16,0,,,,,,False
P0590,2006,176,Drew Carter,WR,CAR,25,14,2,83.5,5.96,16,2,143.0,16.0,113.7,7.11,0.0,True
P0532,2006,177,Bo Scaife,TE,TEN,25,14,12,83.3,5.95,16,2,170.0,16.0,92.1,5.76,0.0,True
P0533,2006,178,Troy Williamson,WR,MIN,23,14,11,82.5,5.89,16,2,,,,,,False
P0556,2006,179,Vernand Morency,RB,2TM,26,14,2,82.2,5.87,16,2,232.0,13.0,60.7,4.67,3.0,True
P0269,2006,180,Kevan Barlow,RB,NYJ,27,12,3,82.1,6.84,16,4,,,,,,False
P0409,2006,181,Byron Leftwich,QB,JAX,26,6,6,80.5,13.42,16,10,,,,,,False
P0066,2006,182,Ike Hilliard,WR,TAM,30,16,0,79.9,4.99,16,0,110.0,15.0,136.8,9.12,1.0,True
P0113,2006,183,Sammy Morris,RB,MIA,29,12,4,79.2,6.6,16,4,215.0,6.0,65.9,10.98,10.0,True
P0591,2006,184,Noah Herron,RB,GNB,24,16,0,79.1,4.94,16,0,,,,,,False
P0551,2006,185,Cedric Houston,RB,NYJ,24,8,1,78.7,9.84,16,8,,,,,,False
P0452,2006,186,Michael Clayton,WR,TAM,24,12,9,78.7,6.56,16,4,248.0,14.0,54.3,3.88,2.0,True
P0522,2006,187,Roddy White,WR,ATL,25,16,5,78.6,4.91,16,0,35.0,16.0,235.0,14.69,0.0,True
P0592,2006,188,Hank Baskett,WR,PHI,24,16,5,78.4,4.9,16,0,,,,,,False
P0361,2006,189,Ashley Lelie,WR,ATL,26,15,10,77.0,5.13,16,1,,,,,,False
P0038,2006,190,Keenan McCardell,WR,SDG,36,14,11,76.5,5.46,16,2,249.0,10.0,53.6,5.36,6.0,True
P0593,2006,191,Terrance Copper,WR,NOR,24,15,4,76.3,5.09,16,1,,,,,,False
P0524,2006,192,Alex Smith,TE,TAM,24,14,7,76.0,5.43,16,2,177.0,14.0,88.5,6.32,2.0,True
P0594,2006,193,Dan Campbell,TE,DET,30,16,11,75.8,4.74,16,0,,,,,,False
P0283,2006,194,Eric Johnson,TE,SFO,27,13,9,75.2,5.78,16,3,166.0,14.0,97.8,6.99,2.0,True
P0441,2006,195,Justin Griffith,FB,ATL,26,16,11,74.4,4.65,16,0,,,,,,False
P0595,2006,196,Maurice Morris,RB,SEA,27,16,8,74.0,4.62,16,0,111.0,14.0,135.1,9.65,2.0,True
P0596,2006,197,Demetrius Williams,WR,BAL,23,16,0,73.6,4.6,16,0,,,,,,False
P0478,2006,198,Steve Heiden,TE,CLE,30,16,6,72.9,4.56,16,0,,,,,,False
P0597,2006,199,Roscoe Parrish,WR,BUF,24,16,1,72.8,4.55,16,0,174.0,16.0,90.1,5.63,0.0,True
P0598,2006,200,Ben Utecht,TE,IND,25,15,15,72.7,4.85,16,1,201.0,14.0,73.4,5.24,2.0,True
P0557,2006,201,Billy McMullen,WR,MIN,26,16,0,71.7,4.48,16,0,,,,,,False
P0057,2006,202,Drew Bledsoe,QB,DAL,34,6,6,71.4,11.9,16,10,,,,,,False
P0599,2006,203,Tony Scheffler,TE,DEN,23,13,5,70.9,5.45,16,3,118.0,16.0,131.9,8.24,0.0,True
P0318,2006,204,LaMont Jordan,RB,OAK,28,9,8,70.8,7.87,16,7,129.0,12.0,125.6,10.47,4.0,True
P0553,2006,205,Michael Turner,RB,SDG,24,13,0,69.9,5.38,16,3,,,,,,False
P0379,2006,206,Jerramy Stevens,TE,SEA,27,11,6,69.1,6.28,16,5,230.0,15.0,60.9,4.06,1.0,True
P0512,2006,207,Greg Lewis,WR,PHI,26,16,3,68.8,4.3,16,0,244.0,15.0,55.5,3.7,1.0,True
P0442,2006,208,Najeh Davenport,RB,PIT,27,13,0,68.4,5.26,16,3,126.0,15.0,128.3,8.55,1.0,True
P0100,2006,209,Trent Green,QB,KAN,36,8,8,65.6,8.2,16,8,,,,,,False
P0538,2006,210,Courtney Anderson,TE,OAK,26,16,11,65.5,4.09,16,0,,,,,,False
P0600,2006,211,Brandon Marshall,WR,DEN,22,15,1,64.1,4.27,16,1,14.0,16.0,280.2,17.51,0.0,True
P0355,2006,212,Kenny Watson,RB,CIN,28,16,0,64.1,4.01,16,0,51.0,16.0,203.7,12.73,0.0,True
P0601,2006,213,Jay Cutler,QB,DEN,23,5,5,63.8,12.76,16,11,43.0,16.0,210.4,13.15,0.0,True
P0386,2006,214,Justin McCareins,WR,NYJ,28,16,7,63.7,3.98,16,0,,,,,,False
P0366,2006,215,Dante Hall,WR,KAN,28,15,0,63.5,4.23,16,1,,,,,,False
P0061,2006,216,Kurt Warner,QB,ARI,35,6,5,63.4,10.57,16,10,50.0,14.0,204.2,14.59,2.0,True
P0602,2006,217,Robert Royal,TE,BUF,27,16,15,63.4,3.96,16,0,222.0,16.0,63.8,3.99,0.0,True
P0445,2006,218,Tim Carter,WR,NYG,27,16,8,63.3,3.96,16,0,,,,,,False
P0603,2006,219,Vernon Davis,TE,SFO,22,10,8,63.0,6.3,16,6,130.0,14.0,124.9,8.92,2.0,True
P0604,2006,220,Ruvell Martin,WR,GNB,24,13,3,62.8,4.83,16,3,219.0,15.0,64.2,4.28,1.0,True
P0148,2006,221,Mike Alstott,FB,TAM,33,16,15,62.6,3.91,16,0,,,,,,False
P0605,2006,222,Rashied Davis,WR,CHI,27,16,2,62.3,3.89,16,0,,,,,,False
P0236,2006,223,Mack Strong,FB,SEA,35,16,10,61.8,3.86,16,0,,,,,,False
P0606,2006,224,Seneca Wallace,QB,SEA,26,8,4,61.3,7.66,16,8,,,,,,False
P0607,2006,225,Mark Bradley,WR,CHI,24,10,0,60.2,6.02,16,6,,,,,,False
P0298,2006,226,Bobby Engram,WR,SEA,33,7,6,59.4,8.49,16,9,29.0,16.0,242.7,15.17,0.0,True
P0451,2006,227,Brandon Lloyd,WR,WAS,25,15,12,57.5,3.83,16,1,,,,,,False
P0415,2006,228,Troy Walters,WR,ARI,30,15,3,55.9,3.73,16,1,,,,,,False
P0244,2006,229,Alvis Whitted,WR,OAK,32,14,13,55.3,3.95,16,2,,,,,,False
P0414,2006,230,Daniel Graham,TE,NWE,28,12,11,54.5,4.54,16,4,233.0,15.0,60.6,4.04,1.0,True
P0608,2006,231,Ovie Mughelli,FB,BAL,26,16,8,54.2,3.39,16,0,,,,,,False
P0609,2006,232,Malcom Floyd,WR,SDG,25,12,0,54.0,4.5,16,4,,,,,,False
P0610,2006,233,Randal Williams,TE,OAK,28,16,10,53.3,3.33,16,0,,,,,,False
P0421,2006,234,Nate Burleson,WR,SEA,25,16,7,53.2,3.32,16,0,68.0,16.0,183.8,11.49,0.0,True
P0428,2006,235,Arlen Harris,RB,DET,26,10,3,53.0,5.3,16,6,,,,,,False
P0540,2006,236,David Martin,TE,GNB,27,11,4,52.8,4.8,16,5,196.0,15.0,76.3,5.09,1.0,True
P0508,2006,237,Samkon Gado,RB,2TM,24,9,1,52.5,5.83,16,7,223.0,8.0,63.6,7.95,8.0,True
P0169,2006,238,Reggie Kelly,TE,CIN,29,16,16,52.4,3.28,16,0,,,,,,False
P0611,2006,239,ReShard Lee,RB,OAK,26,16,3,51.0,3.19,16,0,,,,,,False
P0612,2006,240,David Tyree,WR,NYG,26,16,1,50.7,3.17,16,0,,,,,,False
P0495,2006,241,Daniel Wilcox,TE,BAL,29,14,6,50.6,3.61,16,2,,,,,,False
P0550,2006,242,Bryan Fletcher,TE,IND,27,15,3,50.2,3.35,16,1,,,,,,False
P0613,2006,243,Derek Hagan,WR,MIA,22,16,0,49.1,3.07,16,0,189.0,16.0,80.3,5.02,0.0,True
P0614,2006,244,Musa Smith,RB,BAL,24,12,0,48.8,4.07,16,4,183.0,16.0,84.6,5.29,0.0,True
P0615,2006,245,Joe Klopfenstein,TE,STL,23,16,16,48.6,3.04,16,0,,,,,,False
P0616,2006,246,Chad Jackson,WR,NWE,21,12,1,48.4,4.03,16,4,,,,,,False
P0390,2006,247,Matt Schobel,TE,PHI,28,16,4,47.4,2.96,16,0,,,,,,False
P0004,2006,248,Daunte Culpepper,QB,MIA,29,4,4,47.2,11.8,16,12,191.0,7.0,79.2,11.31,9.0,True
P0129,2006,249,Aaron Brooks,QB,OAK,30,8,8,46.6,5.82,16,8,,,,,,False
P0167,2006,250,Bubba Franks,TE,GNB,28,16,14,46.2,2.89,16,0,,,,,,False
P0260,2007,1,Tom Brady,QB,NWE,30,16,16,390.0,24.38,16,0,,,,,,False
P0010,2007,2,Randy Moss,WR,NWE,30,16,16,385.3,24.08,16,0,34.0,16.0,231.8,14.49,0.0,True
P0405,2007,3,Brian Westbrook,RB,PHI,28,15,15,368.4,24.56,16,1,15.0,14.0,269.8,19.27,2.0,True
P0251,2007,4,LaDainian Tomlinson,RB,SDG,28,16,16,367.6,22.98,16,0,11.0,16.0,277.6,17.35,0.0,True
P0308,2007,5,Reggie Wayne,WR,IND,29,16,16,309.4,19.34,16,0,32.0,16.0,234.5,14.66,0.0,True
P0008,2007,6,Terrell Owens,WR,DAL,34,15,15,307.0,20.47,16,1,31.0,16.0,235.5,14.72,0.0,True
P0518,2007,7,Braylon Edwards,WR,CLE,24,16,16,300.9,18.81,16,0,89.0,16.0,164.3,10.27,0.0,True
P0365,2007,8,T.J. Houshmandzadeh,WR,CIN,30,16,15,297.7,18.61,16,0,50.0,15.0,207.3,13.82,1.0,True
P0569,2007,9,Tony Romo,QB,DAL,27,16,16,295.3,18.46,16,0,53.0,13.0,204.0,15.69,3.0,True
P0458,2007,10,Larry Fitzgerald,WR,ARI,24,15,15,294.9,19.66,16,1,2.0,16.0,311.1,19.44,0.0,True
P0303,2007,11,Chad Johnson,WR,CIN,29,16,16,287.7,17.98,16,0,124.0,13.0,131.0,10.08,3.0,True
P0564,2007,12,Marques Colston,WR,NOR,24,16,14,282.2,17.64,16,0,99.0,11.0,153.0,13.91,5.0,True
P0537,2007,13,Wes Welker,WR,NWE,26,16,13,280.9,17.56,16,0,27.0,16.0,248.1,15.51,0.0,True
P0600,2007,14,Brandon Marshall,WR,DEN,23,16,16,280.2,17.51,16,0,21.0,15.0,260.1,17.34,1.0,True
P0563,2007,15,Joseph Addai,RB,IND,24,15,15,276.6,18.44,16,1,114.0,12.0,140.0,11.67,4.0,True
P0015,2007,16,Peyton Manning,QB,IND,31,16,16,275.1,17.19,16,0,24.0,16.0,254.2,15.89,0.0,True
P0336,2007,17,Clinton Portis,RB,WAS,26,16,16,272.7,17.04,16,0,28.0,16.0,246.5,15.41,0.0,True
P0462,2007,18,Ben Roethlisberger,QB,PIT,25,15,15,260.6,17.37,16,1,78.0,16.0,178.4,11.15,0.0,True
P0340,2007,19,Drew Brees,QB,NOR,28,16,16,259.1,16.19,16,0,5.0,16.0,302.7,18.92,0.0,True
P0023,2007,20,Torry Holt,WR,STL,31,16,16,255.9,15.99,16,0,93.0,16.0,161.6,10.1,0.0,True
P0617,2007,21,Derek Anderson,QB,CLE,24,16,15,252.5,15.78,16,0,186.0,10.0,90.1,9.01,6.0,True
P0618,2007,22,Adrian Peterson,RB,MIN,22,14,9,251.9,17.99,16,2,20.0,16.0,261.5,16.34,0.0,True
P0425,2007,23,Jason Witten,TE,DAL,25,16,16,250.5,15.66,16,0,54.0,16.0,201.9,12.62,0.0,True
P0278,2007,24,Matt Hasselbeck,QB,SEA,32,16,16,249.5,15.59,16,0,234.0,7.0,55.5,7.93,9.0,True
P0043,2007,25,Jamal Lewis,RB,CLE,28,15,15,247.2,16.48,16,1,92.0,16.0,163.0,10.19,0.0,True
P0027,2007,26,Tony Gonzalez,TE,KAN,31,16,16,246.2,15.39,16,0,19.0,16.0,261.8,16.36,0.0,True
P0224,2007,27,Plaxico Burress,WR,NYG,30,16,16,244.5,15.28,16,0,156.0,10.0,104.4,10.44,6.0,True
P0053,2007,28,Brett Favre,QB,GNB,38,16,16,243.4,15.21,16,0,66.0,16.0,191.4,11.96,0.0,True
P0298,2007,29,Bobby Engram,WR,SEA,34,16,13,242.7,15.17,16,0,171.0,13.0,95.9,7.38,3.0,True
P0510,2007,30,Marion Barber III,RB,DAL,24,16,0,241.7,15.11,16,0,36.0,15.0,230.2,15.35,1.0,True
P0062,2007,31,Derrick Mason,WR,BAL,33,16,16,239.7,14.98,16,0,47.0,16.0,214.0,13.38,0.0,True
P0516,2007,32,Frank Gore,RB,SFO,24,15,15,236.8,15.79,16,1,38.0,14.0,229.9,16.42,2.0,True
P0476,2007,33,Kevin Curtis,WR,PHI,29,16,16,236.0,14.75,16,0,193.0,9.0,84.0,9.33,7.0,True
P0342,2007,34,Steve Smith Sr.,WR,CAR,28,15,15,235.8,15.72,16,1,23.0,14.0,258.1,18.44,2.0,True
P0522,2007,35,Roddy White,WR,ATL,26,16,15,235.0,14.69,16,0,17.0,16.0,264.6,16.54,0.0,True
P0619,2007,36,Earnest Graham,RB,TAM,27,15,10,229.2,15.28,16,1,134.0,10.0,122.8,12.28,6.0,True
P0453,2007,37,Willis McGahee,RB,BAL,26,15,15,228.8,15.25,16,1,109.0,13.0,144.4,11.11,3.0,True
P0464,2007,38,Carson Palmer,QB,CIN,28,16,16,228.2,14.26,16,0,,,,,,False
P0427,2007,39,Antonio Gates,TE,SDG,27,16,16,227.4,14.21,16,0,80.0,16.0,176.4,11.02,0.0,True
P0568,2007,40,Kellen Winslow,TE,CLE,24,16,14,222.6,13.91,16,0,162.0,10.0,101.8,10.18,6.0,True
P0578,2007,41,Greg Jennings,WR,GNB,24,13,13,217.0,16.69,16,3,16.0,16.0,265.2,16.58,0.0,True
P0560,2007,42,Maurice Jones-Drew,RB,JAX,22,15,0,213.5,14.23,16,1,8.0,16.0,280.9,17.56,0.0,True
P0601,2007,43,Jay Cutler,QB,DEN,24,16,16,210.4,13.15,16,0,12.0,16.0,277.0,17.31,0.0,True
P0403,2007,44,Anquan Boldin,WR,ARI,27,12,11,209.7,17.47,16,4,22.0,12.0,259.5,21.62,4.0,True
P0565,2007,45,Jerricho Cotchery,WR,NYJ,25,15,15,208.8,13.92,16,1,67.0,16.0,187.6,11.72,0.0,True
P0002,2007,46,Edgerrin James,RB,ARI,29,16,16,208.6,13.04,16,0,187.0,13.0,87.9,6.76,3.0,True
P0561,2007,47,Reggie Bush,RB,NOR,22,12,10,206.8,17.23,16,4,69.0,10.0,186.4,18.64,6.0,True
P0018,2007,48,Donovan McNabb,QB,PHI,31,14,14,206.6,14.76,16,2,30.0,16.0,243.3,15.21,0.0,True
P0472,2007,49,Shaun McDonald,WR,DET,26,16,7,205.5,12.84,16,0,208.0,12.0,72.2,6.02,4.0,True
P0061,2007,50,Kurt Warner,QB,ARI,36,14,11,204.2,14.59,16,2,18.0,16.0,263.1,16.44,0.0,True
P0355,2007,51,Kenny Watson,FB,CIN,29,16,5,203.7,12.73,16,0,,,,,,False
P0468,2007,52,Steven Jackson,RB,STL,24,12,12,201.4,16.78,16,4,42.0,12.0,224.1,18.68,4.0,True
P0620,2007,53,Dwayne Bowe,WR,KAN,23,16,15,199.5,12.47,16,0,35.0,16.0,230.2,14.39,0.0,True
P0198,2007,54,Donald Driver,WR,GNB,32,15,14,199.2,13.28,16,1,52.0,16.0,205.6,12.85,0.0,True
P0574,2007,55,Santonio Holmes,WR,PIT,23,13,13,197.9,15.22,16,3,90.0,15.0,164.0,10.93,1.0,True
P0471,2007,56,Chris Cooley,TE,WAS,25,16,16,194.6,12.16,16,0,85.0,16.0,169.9,10.62,0.0,True
P0265,2007,57,Joey Galloway,WR,TAM,36,15,15,194.5,12.97,16,1,,,,,,False
P0621,2007,58,Marshawn Lynch,RB,BUF,21,13,13,194.2,14.94,16,3,33.0,15.0,232.6,15.51,1.0,True
P0496,2007,59,Bernard Berrian,WR,CHI,27,16,15,194.1,12.13,16,0,64.0,16.0,193.0,12.06,0.0,True
P0099,2007,60,Jon Kitna,QB,DET,35,16,16,192.9,12.06,16,0,,,,,,False
P0406,2007,61,Andre Johnson,WR,HOU,26,9,9,191.1,21.23,16,7,1.0,16.0,320.5,20.03,0.0,True
P0103,2007,62,Hines Ward,WR,PIT,31,13,13,189.3,14.56,16,3,40.0,16.0,227.7,14.23,0.0,True
P0521,2007,63,David Garrard,QB,JAX,29,12,12,188.9,15.74,16,4,46.0,16.0,215.4,13.46,0.0,True
P0430,2007,64,Dallas Clark,TE,IND,28,15,15,188.5,12.57,16,1,61.0,15.0,195.8,13.05,1.0,True
P0257,2007,65,Chris Chambers,WR,2TM,29,16,12,188.2,11.76,16,0,154.0,14.0,107.3,7.66,2.0,True
P0622,2007,66,Ryan Grant,RB,GNB,25,15,7,186.1,12.41,16,1,82.0,16.0,173.9,10.87,0.0,True
P0499,2007,67,Eli Manning,QB,NYG,26,16,16,184.3,11.52,16,0,57.0,16.0,198.5,12.41,0.0,True
P0421,2007,68,Nate Burleson,WR,SEA,26,16,12,183.8,11.49,16,0,,,,,,False
P0623,2007,69,Kevin Walter,WR,HOU,26,16,15,178.0,11.12,16,0,55.0,16.0,200.2,12.51,0.0,True
P0402,2007,70,Chester Taylor,RB,MIN,28,14,8,177.5,12.68,16,2,94.0,16.0,161.0,10.06,0.0,True
P0566,2007,71,Philip Rivers,QB,SDG,26,16,16,177.4,11.09,16,0,9.0,16.0,278.8,17.42,0.0,True
P0502,2007,72,Willie Parker,RB,PIT,27,15,15,177.0,11.8,16,1,147.0,11.0,113.4,10.31,5.0,True
P0459,2007,73,Roy Williams,WR,DET,26,12,12,175.9,14.66,16,4,178.0,15.0,92.3,6.15,1.0,True
P0624,2007,74,LenDale White,RB,TEN,23,16,16,174.4,10.9,16,0,83.0,16.0,171.9,10.74,0.0,True
P0147,2007,75,Thomas Jones,RB,NYJ,29,16,14,173.6,10.85,16,0,13.0,16.0,275.9,17.24,0.0,True
P0504,2007,76,Ronnie Brown,RB,MIA,26,7,7,170.1,24.3,16,9,48.0,16.0,213.6,13.35,0.0,True
P0457,2007,77,Lee Evans,WR,BUF,26,16,16,169.9,10.62,16,0,73.0,16.0,184.9,11.56,0.0,True
P0555,2007,78,Brandon Jacobs,RB,NYG,25,11,9,169.3,15.39,16,5,51.0,13.0,206.5,15.88,3.0,True
P0505,2007,79,Reggie Brown,WR,PHI,26,16,14,166.6,10.41,16,0,245.0,10.0,49.8,4.98,6.0,True
P0586,2007,80,Justin Fargas,RB,OAK,27,14,7,164.7,11.76,16,2,155.0,14.0,104.5,7.46,2.0,True
P0022,2007,81,Fred Taylor,RB,JAX,31,15,15,163.0,10.87,16,1,191.0,13.0,85.4,6.57,3.0,True
P0545,2007,82,Adrian Peterson,RB,CHI,28,16,5,162.4,10.15,16,0,,,,,,False
P0542,2007,83,Patrick Crayton,WR,DAL,28,15,13,159.7,10.65,16,1,143.0,16.0,119.1,7.44,0.0,True
P0625,2007,84,Calvin Johnson,WR,DET,22,15,10,158.8,10.59,16,1,7.0,16.0,281.0,17.56,0.0,True
P0487,2007,85,Reggie Williams,WR,JAX,24,15,6,157.7,10.51,16,1,182.0,16.0,91.4,5.71,0.0,True
P0003,2007,86,Jeff Garcia,QB,TAM,37,13,13,157.2,12.09,16,3,91.0,12.0,163.3,13.61,4.0,True
P0356,2007,87,Santana Moss,WR,WAS,28,14,14,157.1,11.22,16,2,41.0,16.0,226.1,14.13,0.0,True
P0456,2007,88,Kevin Jones,RB,DET,25,13,10,155.8,11.98,16,3,,,,,,False
P0183,2007,89,Laveranues Coles,WR,NYJ,30,12,10,155.6,12.97,16,4,58.0,16.0,197.9,12.37,0.0,True
P0465,2007,90,Ronald Curry,WR,OAK,28,16,13,154.8,9.68,16,0,249.0,13.0,49.2,3.78,3.0,True
P0567,2007,91,Vince Young,QB,TEN,24,15,15,153.3,10.22,16,1,,,,,,False
P0037,2007,92,Amani Toomer,WR,NYG,33,16,15,153.0,9.56,16,0,125.0,16.0,130.0,8.12,0.0,True
P0035,2007,93,Warrick Dunn,RB,ATL,32,16,15,152.8,9.55,16,0,84.0,15.0,170.6,11.37,1.0,True
P0019,2007,94,Isaac Bruce,WR,STL,35,14,12,151.9,10.85,16,2,70.0,16.0,186.2,11.64,0.0,True
P0584,2007,95,Owen Daniels,TE,HOU,25,16,16,151.8,9.49,16,0,88.0,16.0,166.2,10.39,0.0,True
P0335,2007,96,Jerry Porter,WR,OAK,29,16,16,150.5,9.41,16,0,,,,,,False
P0546,2007,97,Roydell Williams,WR,TEN,26,16,14,149.2,9.32,16,0,,,,,,False
P0144,2007,98,David Patten,WR,NOR,33,16,5,148.7,9.29,16,0,,,,,,False
P0588,2007,99,Jason Campbell,QB,WAS,26,13,13,146.5,11.27,16,3,56.0,16.0,199.6,12.48,0.0,True
P0507,2007,100,Heath Miller,TE,PIT,25,16,16,145.6,9.1,16,0,145.0,14.0,115.4,8.24,2.0,True
P0418,2007,101,DeShaun Foster,RB,CAR,27,16,16,144.8,9.05,16,0,219.0,16.0,62.7,3.92,0.0,True
P0525,2007,102,Arnaz Battle,WR,SFO,27,16,15,142.4,8.9,16,0,233.0,9.0,55.6,6.18,7.0,True
P0443,2007,103,Justin Gage,WR,TEN,26,16,8,142.0,8.88,16,0,122.0,12.0,135.1,11.26,4.0,True
P0131,2007,104,Ron Dayne,RB,HOU,29,13,8,141.5,10.88,16,3,,,,,,False
P0577,2007,105,DeAngelo Williams,RB,CAR,24,16,0,140.2,8.76,16,0,3.0,16.0,307.6,19.23,0.0,True
P0535,2007,106,Donald Lee,TE,GNB,27,15,12,139.5,9.3,16,1,165.0,16.0,99.3,6.21,0.0,True
P0360,2007,107,Deion Branch,WR,SEA,28,11,11,139.1,12.65,16,5,173.0,8.0,95.2,11.9,8.0,True
P0341,2007,108,Jeremy Shockey,TE,NYG,27,14,14,137.5,9.82,16,2,176.0,12.0,94.3,7.86,4.0,True
P0572,2007,109,Laurence Maroney,RB,NWE,22,13,6,137.1,10.55,16,3,,,,,,False
P0066,2007,110,Ike Hilliard,WR,TAM,31,15,10,136.8,9.12,16,1,150.0,16.0,109.4,6.84,0.0,True
P0595,2007,111,Maurice Morris,RB,SEA,28,14,6,135.1,9.65,16,2,164.0,13.0,100.0,7.69,3.0,True
P0626,2007,112,Selvin Young,RB,DEN,24,15,8,135.0,9.0,16,1,,,,,,False
P0346,2007,113,Donte' Stallworth,WR,NWE,27,16,9,134.9,8.43,16,0,,,,,,False
P0474,2007,114,Bobby Wade,WR,MIN,26,16,12,133.8,8.36,16,0,126.0,16.0,129.5,8.09,0.0,True
P0562,2007,115,Mike Furrey,WR,DET,30,16,10,133.4,8.34,16,0,,,,,,False
P0297,2007,116,Brandon Stokley,WR,DEN,31,13,9,132.9,10.22,16,3,139.0,15.0,119.8,7.99,1.0,True
P0351,2007,117,Antwaan Randle El,WR,WAS,28,15,13,132.3,8.82,16,1,112.0,16.0,142.6,8.91,0.0,True
P0599,2007,118,Tony Scheffler,TE,DEN,24,16,7,131.9,8.24,16,0,138.0,13.0,120.4,9.26,3.0,True
P0212,2007,119,Joe Jurevicius,WR,CLE,33,16,12,131.4,8.21,16,0,,,,,,False
P0158,2007,120,Dennis Northcutt,WR,JAX,30,15,11,130.8,8.72,16,1,149.0,14.0,109.4,7.81,2.0,True
P0627,2007,121,Tarvaris Jackson,QB,MIN,24,12,12,130.4,10.87,16,4,195.0,9.0,82.7,9.19,7.0,True
P0517,2007,122,Michael Jenkins,WR,ATL,25,15,6,130.2,8.68,16,1,105.0,16.0,147.7,9.23,0.0,True
P0477,2007,123,Aaron Stecker,RB,NOR,32,16,6,129.9,8.12,16,0,,,,,,False
P0353,2007,124,Andre' Davis,WR,HOU,28,14,8,129.3,9.24,16,2,,,,,,False
P0460,2007,125,Larry Johnson,RB,KAN,28,8,8,128.5,16.06,16,8,117.0,12.0,139.0,11.58,4.0,True
P0442,2007,126,Najeh Davenport,RB,PIT,28,15,1,128.3,8.55,16,1,,,,,,False
P0575,2007,127,Leon Washington,RB,NYJ,25,16,4,128.0,8.0,16,0,77.0,16.0,179.3,11.21,0.0,True
P0628,2007,128,Derrick Ward,RB,NYG,27,8,5,126.1,15.76,16,8,62.0,16.0,193.9,12.12,0.0,True
P0318,2007,129,LaMont Jordan,RB,OAK,29,12,7,125.6,10.47,16,4,224.0,8.0,60.3,7.54,8.0,True
P0603,2007,130,Vernon Davis,TE,SFO,23,14,14,124.9,8.92,16,2,202.0,16.0,77.9,4.87,0.0,True
P0220,2007,131,Shaun Alexander,RB,SEA,30,13,10,123.2,9.48,16,3,,,,,,False
P0585,2007,132,Jerious Norwood,RB,ATL,24,15,2,123.0,8.2,16,1,96.0,16.0,154.7,9.67,0.0,True
P0629,2007,133,James Jones,WR,GNB,23,16,9,122.6,7.66,16,0,237.0,10.0,53.4,5.34,6.0,True
P0164,2007,134,Desmond Clark,TE,CHI,30,16,16,122.5,7.66,16,0,194.0,16.0,83.7,5.23,0.0,True
P0582,2007,135,Vincent Jackson,WR,SDG,24,16,16,121.3,7.58,16,0,45.0,16.0,215.7,13.48,0.0,True
P0071,2007,136,Kevin Faulk,RB,NWE,31,16,8,117.8,7.36,16,0,63.0,15.0,193.2,12.88,1.0,True
P0581,2007,137,Cedric Benson,RB,CHI,25,11,11,116.7,10.61,16,5,132.0,12.0,123.2,10.27,4.0,True
P0295,2007,138,Alge Crumpler,TE,ATL,30,14,10,116.4,8.31,16,2,232.0,15.0,55.7,3.71,1.0,True
P0031,2007,139,Muhsin Muhammad,WR,CHI,34,16,16,115.0,7.19,16,0,71.0,16.0,185.3,11.58,0.0,True
P0490,2007,140,Ernest Wilford,WR,JAX,28,16,14,114.8,7.18,16,0,,,,,,False
P0467,2007,141,Julius Jones,RB,DAL,26,16,16,114.1,7.13,16,0,169.0,15.0,98.4,6.56,1.0,True
P0088,2007,142,Darrell Jackson,WR,SFO,29,15,15,113.7,7.58,16,1,,,,,,False
P0590,2007,143,Drew Carter,WR,CAR,26,16,7,113.7,7.11,16,0,,,,,,False
P0630,2007,144,Anthony Gonzalez,WR,IND,23,13,9,112.6,8.66,16,3,106.0,16.0,147.4,9.21,0.0,True
P0520,2007,145,Ben Watson,TE,NWE,27,12,8,112.0,9.33,16,4,240.0,14.0,52.9,3.78,2.0,True
P0631,2007,146,Cleo Lemon,QB,MIA,28,9,7,111.1,12.34,16,7,,,,,,False
P0362,2007,147,Jabar Gaffney,WR,NWE,27,16,7,110.9,6.93,16,0,167.0,16.0,98.8,6.18,0.0,True
P0422,2007,148,Bryant Johnson,WR,ARI,26,16,8,110.8,6.92,16,0,144.0,16.0,117.6,7.35,0.0,True
P0135,2007,149,Marty Booker,WR,MIA,31,15,15,110.8,7.39,16,1,,,,,,False
P0632,2007,150,Sage Rosenfels,QB,HOU,29,9,5,110.5,12.28,16,7,221.0,6.0,60.9,10.15,10.0,True
P0364,2007,151,Josh Reed,WR,BUF,27,15,9,109.8,7.32,16,1,135.0,13.0,121.7,9.36,3.0,True
P0633,2007,152,Matt Schaub,QB,HOU,26,11,11,106.8,9.71,16,5,81.0,11.0,174.5,15.86,5.0,True
P0461,2007,153,Chris Brown,RB,TEN,26,12,1,106.0,8.83,16,4,,,,,,False
P0359,2007,154,Joey Harrington,QB,ATL,29,12,10,105.3,8.78,16,4,,,,,,False
P0354,2007,155,Marc Bulger,QB,STL,30,12,12,105.0,8.75,16,4,129.0,15.0,126.6,8.44,1.0,True
P0268,2007,156,Travis Henry,RB,DEN,29,12,7,104.6,8.72,16,4,,,,,,False
P0634,2007,157,Zach Miller,TE,OAK,22,16,16,104.4,6.52,16,0,115.0,16.0,139.8,8.74,0.0,True
P0580,2007,158,Nate Washington,WR,PIT,24,16,4,104.0,6.5,16,0,133.0,16.0,122.9,7.68,0.0,True
P0583,2007,159,Damon Huard,QB,KAN,34,11,10,102.2,9.29,16,5,,,,,,False
P0337,2007,160,Chad Pennington,QB,NYJ,31,9,8,101.8,11.31,16,7,43.0,16.0,218.3,13.64,0.0,True
P0511,2007,161,Mark Clayton,WR,BAL,25,16,12,101.1,6.32,16,0,103.0,16.0,147.9,9.24,0.0,True
P0357,2007,162,Randy McMichael,TE,STL,28,16,15,99.9,6.24,16,0,,,,,,False
P0635,2007,163,Sidney Rice,WR,MIN,21,13,4,98.4,7.57,16,3,238.0,13.0,53.1,4.08,3.0,True
P0636,2007,164,Kenton Keith,RB,IND,27,16,1,98.0,6.12,16,0,,,,,,False
P0492,2007,165,Chris Baker,TE,NYJ,28,15,15,97.9,6.53,16,1,,,,,,False
P0283,2007,166,Eric Johnson,TE,NOR,28,14,12,97.8,6.99,16,2,,,,,,False
P0637,2007,167,Jeff King,TE,CAR,24,16,16,96.6,6.04,16,0,,,,,,False
P0489,2007,168,Jesse Chatman,RB,MIA,28,14,6,96.6,6.9,16,2,,,,,,False
P0407,2007,169,Rudi Johnson,RB,CIN,28,11,9,95.7,8.7,16,5,231.0,14.0,56.5,4.04,2.0,True
P0532,2007,170,Bo Scaife,TE,TEN,26,16,15,92.1,5.76,16,0,130.0,16.0,126.1,7.88,0.0,True
P0638,2007,171,Greg Olsen,TE,CHI,22,14,4,92.1,6.58,16,2,120.0,16.0,137.4,8.59,0.0,True
P0639,2007,172,Leonard Weaver,RB,SEA,25,16,4,90.9,5.68,16,0,215.0,14.0,65.2,4.66,2.0,True
P0640,2007,173,Ted Ginn Jr.,WR,MIA,22,16,9,90.3,5.64,16,0,87.0,16.0,166.3,10.39,0.0,True
P0597,2007,174,Roscoe Parrish,WR,BUF,25,16,3,90.1,5.63,16,0,229.0,13.0,58.1,4.47,3.0,True
P0641,2007,175,Kolby Smith,FB,KAN,23,16,6,89.5,5.59,16,0,,,,,,False
P0064,2007,176,Brian Griese,QB,CHI,32,7,6,88.9,12.7,16,9,,,,,,False
P0524,2007,177,Alex Smith,TE,TAM,25,14,14,88.5,6.32,16,2,214.0,14.0,66.0,4.71,2.0,True
P0305,2007,178,Drew Bennett,WR,STL,29,14,1,88.5,6.32,16,2,,,,,,False
P0529,2007,179,D.J. Hackett,WR,SEA,26,6,6,88.4,14.73,16,10,,,,,,False
P0642,2007,180,Marcedes Lewis,TE,JAX,23,16,16,88.1,5.51,16,0,161.0,16.0,101.9,6.37,0.0,True
P0437,2007,181,Kyle Boller,QB,BAL,26,12,8,86.6,7.22,16,4,,,,,,False
P0643,2007,182,Laurent Robinson,WR,ATL,22,15,6,84.7,5.65,16,1,,,,,,False
P0614,2007,183,Musa Smith,RB,BAL,25,16,1,84.6,5.29,16,0,,,,,,False
P0644,2007,184,Trent Edwards,QB,BUF,24,10,9,82.1,8.21,16,6,98.0,14.0,153.7,10.98,2.0,True
P0383,2007,185,Ladell Betts,RB,WAS,28,16,0,81.9,5.12,16,0,213.0,13.0,66.6,5.12,3.0,True
P0645,2007,186,Brad Smith,WR,NYJ,24,16,9,81.0,5.06,16,0,,,,,,False
P0534,2007,187,Devery Henderson,WR,NOR,25,16,9,80.9,5.06,16,0,123.0,16.0,132.6,8.29,0.0,True
P0646,2007,188,Lance Moore,WR,NOR,24,16,4,80.9,5.06,16,0,39.0,16.0,229.8,14.36,0.0,True
P0613,2007,189,Derek Hagan,WR,MIA,23,16,1,80.3,5.02,16,0,,,,,,False
P0509,2007,190,Matt Jones,WR,JAX,24,12,0,79.7,6.64,16,4,102.0,12.0,151.1,12.59,4.0,True
P0004,2007,191,Daunte Culpepper,QB,OAK,30,7,6,79.2,11.31,16,9,,,,,,False
P0647,2007,192,Brian Leonard,FB,STL,23,16,7,78.6,4.91,16,0,,,,,,False
P0648,2007,193,Pierre Thomas,RB,NOR,23,12,1,77.3,6.44,16,4,65.0,15.0,191.9,12.79,1.0,True
P0378,2007,194,Robert Ferguson,WR,MIN,28,15,8,77.1,5.14,16,1,,,,,,False
P0649,2007,195,Jason Wright,RB,CLE,25,16,1,77.0,4.81,16,0,242.0,15.0,52.1,3.47,1.0,True
P0540,2007,196,David Martin,TE,MIA,28,15,15,76.3,5.09,16,1,179.0,16.0,92.0,5.75,0.0,True
P0650,2007,197,Kellen Clemens,QB,NYJ,24,10,8,76.3,7.63,16,6,,,,,,False
P0285,2007,198,Correll Buckhalter,RB,PHI,29,14,2,76.0,5.43,16,2,141.0,14.0,119.3,8.52,2.0,True
P0454,2007,199,Reuben Droughns,RB,NYG,29,16,1,75.4,4.71,16,0,,,,,,False
P0651,2007,200,Leonard Pope,TE,ARI,24,13,11,74.8,5.75,16,3,,,,,,False
P0598,2007,201,Ben Utecht,TE,IND,26,14,13,73.4,5.24,16,2,,,,,,False
P0652,2007,202,Quinn Gray,QB,JAX,28,8,4,73.1,9.14,16,8,,,,,,False
P0389,2007,203,Chris Redman,QB,ATL,30,7,4,72.8,10.4,16,9,,,,,,False
P0431,2007,204,Josh McCown,QB,OAK,28,9,9,72.3,8.03,16,7,,,,,,False
P0350,2007,205,Billy Miller,TE,NOR,30,16,6,71.8,4.49,16,0,151.0,15.0,108.9,7.26,1.0,True
P0040,2007,206,Michael Pittman,RB,TAM,32,10,3,71.7,7.17,16,6,203.0,8.0,77.2,9.65,8.0,True
P0653,2007,207,Fred Jackson,RB,BUF,26,8,1,71.0,8.88,16,8,113.0,16.0,141.8,8.86,0.0,True
P0654,2007,208,Devard Darling,WR,BAL,25,16,1,68.6,4.29,16,0,,,,,,False
P0513,2007,209,Chris Henry,WR,CIN,24,8,2,67.3,8.41,16,8,239.0,12.0,53.0,4.42,4.0,True
P0149,2007,210,Marcus Pollard,TE,SEA,35,14,10,67.3,4.81,16,2,,,,,,False
P0526,2007,211,J.J. Arrington,RB,ARI,24,16,0,66.9,4.18,16,0,184.0,11.0,91.2,8.29,5.0,True
P0655,2007,212,Jerheme Urban,WR,ARI,27,10,2,66.9,6.69,16,6,158.0,16.0,103.5,6.47,0.0,True
P0030,2007,213,Eric Moulds,WR,TEN,34,16,8,66.2,4.14,16,0,,,,,,False
P0514,2007,214,Samie Parker,WR,KAN,26,15,7,66.0,4.4,16,1,,,,,,False
P0113,2007,215,Sammy Morris,RB,NWE,30,6,2,65.9,10.98,16,10,108.0,13.0,145.8,11.22,3.0,True
P0466,2007,216,Keary Colbert,WR,CAR,25,12,8,65.2,5.43,16,4,,,,,,False
P0009,2007,217,Ahman Green,RB,HOU,30,6,5,64.3,10.72,16,10,220.0,8.0,61.6,7.7,8.0,True
P0656,2007,218,Lorenzo Booker,RB,MIA,23,7,1,64.2,9.17,16,9,,,,,,False
P0604,2007,219,Ruvell Martin,WR,GNB,25,15,5,64.2,4.28,16,1,,,,,,False
P0657,2007,220,Jeff Webb,WR,KAN,25,16,2,63.8,3.99,16,0,,,,,,False
P0658,2007,221,Justin Peelle,TE,MIA,28,16,10,63.8,3.99,16,0,,,,,,False
P0602,2007,222,Robert Royal,TE,BUF,28,16,15,63.8,3.99,16,0,209.0,15.0,70.1,4.67,1.0,True
P0508,2007,223,Samkon Gado,RB,2TM,25,8,2,63.6,7.95,16,8,,,,,,False
P0659,2007,224,Visanthe Shiancoe,TE,MIN,27,16,15,63.3,3.96,16,0,110.0,16.0,143.6,8.98,0.0,True
P0660,2007,225,Quinn Sypniewski,TE,BAL,25,15,9,62.6,4.17,16,1,,,,,,False
P0661,2007,226,Luke McCown,QB,TAM,26,5,3,62.1,12.42,16,11,,,,,,False
P0662,2007,227,Jason Avant,WR,PHI,24,15,5,61.8,4.12,16,1,197.0,15.0,81.7,5.45,1.0,True
P0663,2007,228,Brandon Jackson,RB,GNB,22,11,3,61.7,5.61,16,5,200.0,13.0,79.3,6.1,3.0,True
P0544,2007,229,Brandon Jones,WR,TEN,25,9,2,61.5,6.83,16,7,172.0,16.0,95.4,5.96,0.0,True
P0379,2007,230,Jerramy Stevens,TE,TAM,28,15,3,60.9,4.06,16,1,188.0,14.0,87.7,6.26,2.0,True
P0368,2007,231,T.J. Duckett,RB,DET,26,12,1,60.9,5.08,16,4,216.0,16.0,65.2,4.08,0.0,True
P0556,2007,232,Vernand Morency,RB,GNB,27,13,0,60.7,4.67,16,3,,,,,,False
P0414,2007,233,Daniel Graham,TE,DEN,29,15,15,60.6,4.04,16,1,175.0,16.0,94.9,5.93,0.0,True
P0664,2007,234,DeShawn Wynn,RB,GNB,24,7,4,60.6,8.66,16,9,,,,,,False
P0531,2007,235,J.P. Losman,QB,BUF,26,8,7,59.2,7.4,16,8,,,,,,False
P0267,2007,236,Michael Bennett,RB,2TM,29,14,1,59.2,4.23,16,2,,,,,,False
P0665,2007,237,Michael Gaines,TE,BUF,27,15,14,58.5,3.9,16,1,244.0,16.0,51.0,3.19,0.0,True
P0408,2007,238,Jake Delhomme,QB,CAR,32,3,3,57.6,19.2,16,13,79.0,16.0,177.6,11.1,0.0,True
P0024,2007,239,Joe Horn,WR,ATL,35,12,12,57.3,4.77,16,4,,,,,,False
P0666,2007,240,Brodie Croyle,QB,KAN,24,9,6,56.9,6.32,16,7,,,,,,False
P0519,2007,241,Greg Jones,FB,JAX,26,16,11,56.8,3.55,16,0,,,,,,False
P0667,2007,242,Sam Hurd,WR,DAL,22,16,2,56.4,3.52,16,0,,,,,,False
P0668,2007,243,Darius Walker,RB,HOU,22,4,2,55.5,13.88,16,12,,,,,,False
P0512,2007,244,Greg Lewis,WR,PHI,27,15,1,55.5,3.7,16,1,246.0,16.0,49.7,3.11,0.0,True
P0570,2007,245,Rex Grossman,QB,CHI,27,8,7,55.1,6.89,16,8,,,,,,False
P0541,2007,246,Mike Sellers,FB,WAS,32,14,12,54.5,3.89,16,2,,,,,,False
P0391,2007,247,Javon Walker,WR,DEN,29,8,5,54.4,6.8,16,8,,,,,,False
P0452,2007,248,Michael Clayton,WR,TAM,25,14,4,54.3,3.88,16,2,185.0,15.0,90.9,6.06,1.0,True
P0038,2007,249,Keenan McCardell,WR,WAS,37,10,1,53.6,5.36,16,6,,,,,,False
P0669,2007,250,Darren Sproles,RB,SDG,24,15,0,53.5,3.57,16,1,118.0,16.0,138.2,8.64,0.0,True
P0406,2008,1,Andre Johnson,WR,HOU,27,16,16,320.5,20.03,16,0,6.0,16.0,314.9,19.68,0.0,True
P0458,2008,2,Larry Fitzgerald,WR,ARI,25,16,16,311.1,19.44,16,0,11.0,16.0,284.2,17.76,0.0,True
P0577,2008,3,DeAngelo Williams,RB,CAR,25,16,16,307.6,19.23,16,0,61.0,13.0,203.9,15.68,3.0,True
P0670,2008,4,Matt Forte,RB,CHI,23,16,16,304.5,19.03,16,0,46.0,16.0,217.0,13.56,0.0,True
P0340,2008,5,Drew Brees,QB,NOR,29,16,16,302.7,18.92,16,0,7.0,15.0,295.4,19.69,1.0,True
P0671,2008,6,Aaron Rodgers,QB,GNB,25,16,16,288.2,18.01,16,0,2.0,16.0,343.0,21.44,0.0,True
P0625,2008,7,Calvin Johnson,WR,DET,23,16,16,281.0,17.56,16,0,64.0,14.0,198.7,14.19,2.0,True
P0560,2008,8,Maurice Jones-Drew,RB,JAX,23,16,3,280.9,17.56,16,0,4.0,16.0,323.5,20.22,0.0,True
P0566,2008,9,Philip Rivers,QB,SDG,27,16,16,278.8,17.42,16,0,22.0,16.0,269.2,16.82,0.0,True
P0553,2008,10,Michael Turner,RB,ATL,26,16,16,278.0,17.38,16,0,102.0,11.0,151.6,13.78,5.0,True
P0251,2008,11,LaDainian Tomlinson,RB,SDG,29,16,16,277.6,17.35,16,0,81.0,14.0,176.4,12.6,2.0,True
P0601,2008,12,Jay Cutler,QB,DEN,25,16,16,277.0,17.31,16,0,42.0,16.0,227.9,14.24,0.0,True
P0147,2008,13,Thomas Jones,RB,NYJ,30,16,14,275.9,17.24,16,0,33.0,16.0,240.0,15.0,0.0,True
P0672,2008,14,Steve Slaton,RB,HOU,22,16,15,271.9,16.99,16,0,92.0,11.0,161.4,14.67,5.0,True
P0405,2008,15,Brian Westbrook,RB,PHI,29,14,14,269.8,19.27,16,2,185.0,8.0,82.5,10.31,8.0,True
P0578,2008,16,Greg Jennings,WR,GNB,25,16,15,265.2,16.58,16,0,56.0,16.0,207.3,12.96,0.0,True
P0522,2008,17,Roddy White,WR,ATL,27,16,15,264.6,16.54,16,0,24.0,16.0,266.5,16.66,0.0,True
P0061,2008,18,Kurt Warner,QB,ARI,37,16,16,263.1,16.44,16,0,49.0,15.0,215.1,14.34,1.0,True
P0027,2008,19,Tony Gonzalez,TE,KAN,32,16,16,261.8,16.36,16,0,59.0,16.0,205.7,12.86,0.0,True
P0618,2008,20,Adrian Peterson,RB,MIN,23,16,15,261.5,16.34,16,0,5.0,16.0,320.9,20.06,0.0,True
P0600,2008,21,Brandon Marshall,WR,DEN,24,15,15,260.1,17.34,16,1,17.0,15.0,276.9,18.46,1.0,True
P0403,2008,22,Anquan Boldin,WR,ARI,28,12,11,259.5,21.62,16,4,51.0,15.0,213.6,14.24,1.0,True
P0342,2008,23,Steve Smith Sr.,WR,CAR,29,14,14,258.1,18.44,16,2,54.0,15.0,209.4,13.96,1.0,True
P0015,2008,24,Peyton Manning,QB,IND,32,16,16,254.2,15.89,16,0,15.0,16.0,278.7,17.42,0.0,True
P0345,2008,25,Antonio Bryant,WR,TAM,27,16,15,250.0,15.62,16,0,140.0,13.0,123.0,9.46,3.0,True
P0673,2008,26,Chris Johnson,RB,TEN,23,15,14,249.8,16.65,16,1,1.0,16.0,392.9,24.56,0.0,True
P0537,2008,27,Wes Welker,WR,NWE,27,16,14,248.1,15.51,16,0,9.0,14.0,285.4,20.39,2.0,True
P0336,2008,28,Clinton Portis,RB,WAS,27,16,16,246.5,15.41,16,0,208.0,8.0,74.1,9.26,8.0,True
P0674,2008,29,Matt Cassel,QB,NWE,26,16,15,244.7,15.29,16,0,91.0,15.0,161.9,10.79,1.0,True
P0018,2008,30,Donovan McNabb,QB,PHI,32,16,16,243.3,15.21,16,0,35.0,14.0,237.2,16.94,2.0,True
P0008,2008,31,Terrell Owens,WR,DAL,35,16,16,235.5,14.72,16,0,77.0,16.0,179.3,11.21,0.0,True
P0308,2008,32,Reggie Wayne,WR,IND,30,16,16,234.5,14.66,16,0,10.0,16.0,284.4,17.77,0.0,True
P0621,2008,33,Marshawn Lynch,RB,BUF,22,15,15,232.6,15.51,16,1,162.0,13.0,100.9,7.76,3.0,True
P0010,2008,34,Randy Moss,WR,NWE,31,16,16,231.8,14.49,16,0,8.0,16.0,287.4,17.96,0.0,True
P0620,2008,35,Dwayne Bowe,WR,KAN,24,16,16,230.2,14.39,16,0,131.0,11.0,129.9,11.81,5.0,True
P0510,2008,36,Marion Barber III,RB,DAL,25,15,13,230.2,15.35,16,1,76.0,15.0,179.3,11.95,1.0,True
P0675,2008,37,Eddie Royal,WR,DEN,22,15,15,229.9,15.33,16,1,186.0,14.0,81.6,5.83,2.0,True
P0516,2008,38,Frank Gore,RB,SFO,25,14,14,229.9,16.42,16,2,16.0,14.0,278.6,19.9,2.0,True
P0646,2008,39,Lance Moore,WR,NOR,25,16,6,229.8,14.36,16,0,,,,,,False
P0103,2008,40,Hines Ward,WR,PIT,32,16,15,227.7,14.23,16,0,30.0,16.0,245.7,15.36,0.0,True
P0356,2008,41,Santana Moss,WR,WAS,29,16,16,226.1,14.13,16,0,80.0,16.0,177.0,11.06,0.0,True
P0468,2008,42,Steven Jackson,RB,STL,25,12,11,224.1,18.68,16,4,31.0,15.0,244.8,16.32,1.0,True
P0337,2008,43,Chad Pennington,QB,MIA,32,16,16,218.3,13.64,16,0,,,,,,False
P0676,2008,44,Tyler Thigpen,QB,KAN,24,14,11,217.6,15.54,16,2,,,,,,False
P0582,2008,45,Vincent Jackson,WR,SDG,25,16,16,215.7,13.48,16,0,34.0,15.0,239.8,15.99,1.0,True
P0521,2008,46,David Garrard,QB,JAX,30,16,16,215.4,13.46,16,0,44.0,16.0,220.2,13.76,0.0,True
P0062,2008,47,Derrick Mason,WR,BAL,34,16,16,214.0,13.38,16,0,45.0,16.0,218.0,13.62,0.0,True
P0504,2008,48,Ronnie Brown,RB,MIA,27,16,13,213.6,13.35,16,0,122.0,9.0,139.5,15.5,7.0,True
P0677,2008,49,Kevin Smith,RB,DET,22,16,12,211.2,13.2,16,0,74.0,13.0,183.2,14.09,3.0,True
P0365,2008,50,T.J. Houshmandzadeh,WR,CIN,31,15,15,207.3,13.82,16,1,71.0,16.0,186.1,11.63,0.0,True
P0555,2008,51,Brandon Jacobs,RB,NYG,26,13,13,206.5,15.88,16,3,100.0,15.0,153.9,10.26,1.0,True
P0198,2008,52,Donald Driver,WR,GNB,33,16,16,205.6,12.85,16,0,52.0,16.0,211.4,13.21,0.0,True
P0569,2008,53,Tony Romo,QB,DAL,28,13,13,204.0,15.69,16,3,18.0,16.0,273.8,17.11,0.0,True
P0425,2008,54,Jason Witten,TE,DAL,26,16,16,201.9,12.62,16,0,55.0,16.0,209.0,13.06,0.0,True
P0623,2008,55,Kevin Walter,WR,HOU,27,16,16,200.2,12.51,16,0,135.0,14.0,128.7,9.19,2.0,True
P0588,2008,56,Jason Campbell,QB,WAS,27,16,16,199.6,12.48,16,0,47.0,16.0,216.3,13.52,0.0,True
P0499,2008,57,Eli Manning,QB,NYG,27,16,16,198.5,12.41,16,0,39.0,16.0,231.3,14.46,0.0,True
P0183,2008,58,Laveranues Coles,WR,NYJ,31,16,16,197.9,12.37,16,0,139.0,16.0,125.4,7.84,0.0,True
P0678,2008,59,Steve Breaston,WR,ARI,25,16,9,196.4,12.28,16,0,112.0,15.0,146.6,9.77,1.0,True
P0679,2008,60,Matt Ryan,QB,ATL,23,16,16,196.0,12.25,16,0,72.0,14.0,183.5,13.11,2.0,True
P0430,2008,61,Dallas Clark,TE,IND,29,15,15,195.8,13.05,16,1,19.0,16.0,271.7,16.98,0.0,True
P0628,2008,62,Derrick Ward,RB,NYG,28,16,3,193.9,12.12,16,0,174.0,14.0,93.9,6.71,2.0,True
P0071,2008,63,Kevin Faulk,RB,NWE,32,15,3,193.2,12.88,16,1,149.0,15.0,116.6,7.77,1.0,True
P0496,2008,64,Bernard Berrian,WR,MIN,28,16,13,193.0,12.06,16,0,121.0,16.0,140.8,8.8,0.0,True
P0648,2008,65,Pierre Thomas,RB,NOR,24,15,5,191.9,12.79,16,1,66.0,14.0,194.5,13.89,2.0,True
P0053,2008,66,Brett Favre,QB,NYJ,39,16,16,191.4,11.96,16,0,12.0,16.0,281.6,17.6,0.0,True
P0565,2008,67,Jerricho Cotchery,WR,NYJ,26,16,16,187.6,11.72,16,0,88.0,14.0,163.8,11.7,2.0,True
P0680,2008,68,Le'Ron McClain,FB,BAL,24,16,16,187.5,11.72,16,0,225.0,16.0,65.1,4.07,0.0,True
P0561,2008,69,Reggie Bush,RB,NOR,23,10,9,186.4,18.64,16,6,89.0,14.0,163.5,11.68,2.0,True
P0019,2008,70,Isaac Bruce,WR,SFO,36,16,15,186.2,11.64,16,0,,,,,,False
P0031,2008,71,Muhsin Muhammad,WR,CAR,35,16,15,185.3,11.58,16,0,148.0,14.0,117.1,8.36,2.0,True
P0253,2008,72,Dominic Rhodes,RB,IND,29,15,4,185.0,12.33,16,1,,,,,,False
P0457,2008,73,Lee Evans,WR,BUF,27,16,16,184.9,11.56,16,0,111.0,16.0,147.2,9.2,0.0,True
P0681,2008,74,Joe Flacco,QB,BAL,23,16,16,184.1,11.51,16,0,58.0,16.0,206.1,12.88,0.0,True
P0530,2008,75,Kyle Orton,QB,CHI,26,15,15,181.8,12.12,16,1,48.0,16.0,215.2,13.45,0.0,True
P0682,2008,76,DeSean Jackson,WR,PHI,22,16,15,180.8,11.3,16,0,25.0,15.0,261.3,17.42,1.0,True
P0575,2008,77,Leon Washington,RB,NYJ,26,16,1,179.3,11.21,16,0,241.0,7.0,59.2,8.46,9.0,True
P0462,2008,78,Ben Roethlisberger,QB,PIT,26,16,16,178.4,11.15,16,0,23.0,15.0,267.3,17.82,1.0,True
P0408,2008,79,Jake Delhomme,QB,CAR,33,16,16,177.6,11.1,16,0,193.0,11.0,78.6,7.15,5.0,True
P0427,2008,80,Antonio Gates,TE,SDG,28,16,16,176.4,11.02,16,0,32.0,16.0,242.7,15.17,0.0,True
P0633,2008,81,Matt Schaub,QB,HOU,27,11,11,174.5,15.86,16,5,13.0,16.0,280.5,17.53,0.0,True
P0622,2008,82,Ryan Grant,RB,GNB,26,16,14,173.9,10.87,16,0,36.0,16.0,234.0,14.62,0.0,True
P0624,2008,83,LenDale White,RB,TEN,24,16,2,171.9,10.74,16,0,,,,,,False
P0035,2008,84,Warrick Dunn,RB,TAM,33,15,6,170.6,11.37,16,1,,,,,,False
P0471,2008,85,Chris Cooley,TE,WAS,26,16,16,169.9,10.62,16,0,207.0,7.0,74.2,10.6,9.0,True
P0475,2008,86,Mewelde Moore,RB,PIT,26,16,4,166.8,10.42,16,0,228.0,16.0,64.3,4.02,0.0,True
P0640,2008,87,Ted Ginn Jr.,WR,MIA,23,16,14,166.3,10.39,16,0,157.0,16.0,106.2,6.64,0.0,True
P0584,2008,88,Owen Daniels,TE,HOU,26,16,16,166.2,10.39,16,0,142.0,8.0,121.9,15.24,8.0,True
P0518,2008,89,Braylon Edwards,WR,CLE,25,16,16,164.3,10.27,16,0,126.0,16.0,137.0,8.56,0.0,True
P0574,2008,90,Santonio Holmes,WR,PIT,24,15,15,164.0,10.93,16,1,37.0,16.0,232.4,14.52,0.0,True
P0003,2008,91,Jeff Garcia,QB,TAM,38,12,11,163.3,13.61,16,4,,,,,,False
P0043,2008,92,Jamal Lewis,RB,CLE,29,16,16,163.0,10.19,16,0,217.0,9.0,68.8,7.64,7.0,True
P0023,2008,93,Torry Holt,WR,STL,32,16,14,161.6,10.1,16,0,144.0,15.0,121.2,8.08,1.0,True
P0402,2008,94,Chester Taylor,RB,MIN,29,16,1,161.0,10.06,16,0,134.0,16.0,128.7,8.04,0.0,True
P0683,2008,95,Tim Hightower,RB,ARI,22,16,7,157.6,9.85,16,0,60.0,16.0,205.6,12.85,0.0,True
P0585,2008,96,Jerious Norwood,RB,ATL,25,16,0,154.7,9.67,16,0,221.0,10.0,66.8,6.68,6.0,True
P0684,2008,97,Jonathan Stewart,RB,CAR,21,16,0,154.3,9.64,16,0,57.0,16.0,207.2,12.95,0.0,True
P0644,2008,98,Trent Edwards,QB,BUF,25,14,14,153.7,10.98,16,2,219.0,8.0,67.4,8.43,8.0,True
P0564,2008,99,Marques Colston,WR,NOR,25,11,6,153.0,13.91,16,5,40.0,16.0,230.0,14.38,0.0,True
P0006,2008,100,Marvin Harrison,WR,IND,36,15,15,151.6,10.11,16,1,,,,,,False
P0685,2008,101,Donnie Avery,WR,STL,24,15,12,151.3,10.09,16,1,127.0,16.0,134.9,8.43,0.0,True
P0509,2008,102,Matt Jones,WR,JAX,25,12,10,151.1,12.59,16,4,,,,,,False
P0511,2008,103,Mark Clayton,WR,BAL,26,16,13,147.9,9.24,16,0,172.0,14.0,94.8,6.77,2.0,True
P0686,2008,104,John Carlson,TE,SEA,24,16,9,147.7,9.23,16,0,104.0,16.0,150.4,9.4,0.0,True
P0517,2008,105,Michael Jenkins,WR,ATL,26,16,12,147.7,9.23,16,0,147.0,15.0,119.5,7.97,1.0,True
P0630,2008,106,Anthony Gonzalez,WR,IND,24,16,2,147.4,9.21,16,0,,,,,,False
P0046,2008,107,Kerry Collins,QB,TEN,36,16,15,145.9,9.12,16,0,236.0,7.0,60.5,8.64,9.0,True
P0113,2008,108,Sammy Morris,RB,NWE,31,13,7,145.8,11.22,16,3,192.0,12.0,78.9,6.58,4.0,True
P0453,2008,109,Willis McGahee,RB,BAL,27,13,8,144.4,11.11,16,3,94.0,16.0,159.9,9.99,0.0,True
P0659,2008,110,Visanthe Shiancoe,TE,MIN,28,16,15,143.6,8.98,16,0,78.0,16.0,178.6,11.16,0.0,True
P0039,2008,111,Ricky Williams,RB,MIA,31,16,3,142.8,8.93,16,0,29.0,16.0,247.5,15.47,0.0,True
P0351,2008,112,Antwaan Randle El,WR,WAS,29,16,16,142.6,8.91,16,0,167.0,16.0,99.0,6.19,0.0,True
P0653,2008,113,Fred Jackson,RB,BUF,27,16,3,141.8,8.86,16,0,50.0,16.0,214.4,13.4,0.0,True
P0563,2008,114,Joseph Addai,RB,IND,25,12,12,140.0,11.67,16,4,28.0,15.0,248.3,16.55,1.0,True
P0634,2008,115,Zach Miller,TE,OAK,23,16,15,139.8,8.74,16,0,87.0,15.0,164.5,10.97,1.0,True
P0687,2008,116,Devin Hester,WR,CHI,26,15,8,139.6,9.31,16,1,105.0,13.0,148.6,11.43,3.0,True
P0460,2008,117,Larry Johnson,RB,KAN,29,12,12,139.0,11.58,16,4,191.0,14.0,79.1,5.65,2.0,True
P0669,2008,118,Darren Sproles,RB,SDG,25,16,0,138.2,8.64,16,0,79.0,16.0,177.0,11.06,0.0,True
P0688,2008,119,JaMarcus Russell,QB,OAK,23,15,15,137.6,9.17,16,1,,,,,,False
P0638,2008,120,Greg Olsen,TE,CHI,23,16,7,137.4,8.59,16,0,84.0,16.0,169.2,10.58,0.0,True
P0689,2008,121,Shaun Hill,QB,SFO,28,9,8,137.3,15.26,16,7,243.0,6.0,58.7,9.78,10.0,True
P0443,2008,122,Justin Gage,WR,TEN,27,12,11,135.1,11.26,16,4,181.0,12.0,84.3,7.02,4.0,True
P0534,2008,123,Devery Henderson,WR,NOR,26,16,13,132.6,8.29,16,0,116.0,16.0,144.7,9.04,0.0,True
P0303,2008,124,Chad Johnson,WR,CIN,30,13,10,131.0,10.08,16,3,41.0,16.0,229.9,14.37,0.0,True
P0037,2008,125,Amani Toomer,WR,NYG,34,16,12,130.0,8.12,16,0,,,,,,False
P0474,2008,126,Bobby Wade,WR,MIN,27,16,14,129.5,8.09,16,0,183.0,12.0,83.8,6.98,4.0,True
P0690,2008,127,Darren McFadden,RB,OAK,21,13,5,129.4,9.95,16,3,187.0,12.0,81.2,6.77,4.0,True
P0691,2008,128,Greg Camarillo,WR,MIA,26,11,11,128.4,11.67,16,5,160.0,16.0,105.2,6.58,0.0,True
P0354,2008,129,Marc Bulger,QB,STL,31,15,15,126.6,8.44,16,1,220.0,9.0,67.0,7.44,7.0,True
P0532,2008,130,Bo Scaife,TE,TEN,27,16,7,126.1,7.88,16,0,175.0,14.0,93.0,6.64,2.0,True
P0559,2008,131,Ryan Fitzpatrick,QB,CIN,26,13,12,123.3,9.48,16,3,178.0,10.0,89.0,8.9,6.0,True
P0581,2008,132,Cedric Benson,RB,CIN,26,12,10,123.2,10.27,16,4,70.0,13.0,189.2,14.55,3.0,True
P0580,2008,133,Nate Washington,WR,PIT,25,16,1,122.9,7.68,16,0,120.0,16.0,141.4,8.84,0.0,True
P0619,2008,134,Earnest Graham,RB,TAM,28,10,10,122.8,12.28,16,6,,,,,,False
P0364,2008,135,Josh Reed,WR,BUF,28,13,13,121.7,9.36,16,3,238.0,14.0,60.1,4.29,2.0,True
P0692,2008,136,Anthony Fasano,TE,MIA,24,16,16,121.4,7.59,16,0,204.0,14.0,74.9,5.35,2.0,True
P0693,2008,137,Steve Smith,WR,NYG,23,16,4,120.4,7.52,16,0,20.0,16.0,271.0,16.94,0.0,True
P0599,2008,138,Tony Scheffler,TE,DEN,25,13,7,120.4,9.26,16,3,180.0,15.0,84.6,5.64,1.0,True
P0297,2008,139,Brandon Stokley,WR,DEN,32,15,2,119.8,7.99,16,1,200.0,16.0,75.7,4.73,0.0,True
P0694,2008,140,Dustin Keller,TE,NYJ,24,16,6,119.5,7.47,16,0,155.0,16.0,109.9,6.87,0.0,True
P0285,2008,141,Correll Buckhalter,RB,PHI,30,14,2,119.3,8.52,16,2,143.0,14.0,121.2,8.66,2.0,True
P0695,2008,142,Domenik Hixon,WR,NYG,24,16,7,119.2,7.45,16,0,,,,,,False
P0542,2008,143,Patrick Crayton,WR,DAL,29,16,7,119.1,7.44,16,0,119.0,16.0,142.0,8.88,0.0,True
P0422,2008,144,Bryant Johnson,WR,SFO,27,16,12,117.6,7.35,16,0,173.0,16.0,94.7,5.92,0.0,True
P0507,2008,145,Heath Miller,TE,PIT,26,14,14,115.4,8.24,16,2,67.0,16.0,190.9,11.93,0.0,True
P0696,2008,146,Davone Bess,WR,MIA,23,16,6,114.7,7.17,16,0,95.0,16.0,158.9,9.93,0.0,True
P0502,2008,147,Willie Parker,RB,PIT,28,11,11,113.4,10.31,16,5,245.0,14.0,55.3,3.95,2.0,True
P0143,2008,148,Gus Frerotte,QB,MIN,37,11,11,111.0,10.09,16,5,,,,,,False
P0158,2008,149,Dennis Northcutt,WR,JAX,31,14,3,109.4,7.81,16,2,205.0,16.0,74.7,4.67,0.0,True
P0066,2008,150,Ike Hilliard,WR,TAM,32,16,2,109.4,6.84,16,0,,,,,,False
P0350,2008,151,Billy Miller,TE,NOR,31,15,5,108.9,7.26,16,1,,,,,,False
P0312,2008,152,Deuce McAllister,RB,NOR,30,13,6,108.6,8.35,16,3,,,,,,False
P0697,2008,153,Kevin Boss,TE,NYG,24,15,15,107.4,7.16,16,1,130.0,15.0,130.3,8.69,1.0,True
P0257,2008,154,Chris Chambers,WR,SDG,30,14,9,107.3,7.66,16,2,109.0,16.0,148.0,9.25,0.0,True
P0586,2008,155,Justin Fargas,RB,OAK,28,14,14,104.5,7.46,16,2,171.0,12.0,95.4,7.95,4.0,True
P0224,2008,156,Plaxico Burress,WR,NYG,31,10,9,104.4,10.44,16,6,,,,,,False
P0698,2008,157,Ray Rice,RB,BAL,21,13,4,103.7,7.98,16,3,3.0,16.0,326.1,20.38,0.0,True
P0655,2008,158,Jerheme Urban,WR,ARI,28,16,2,103.5,6.47,16,0,,,,,,False
P0699,2008,159,Peyton Hillis,RB,DEN,22,12,6,102.2,8.52,16,4,,,,,,False
P0700,2008,160,Johnnie Lee Higgins,WR,OAK,25,16,3,102.0,6.38,16,0,,,,,,False
P0642,2008,161,Marcedes Lewis,TE,JAX,24,16,16,101.9,6.37,16,0,170.0,15.0,95.8,6.39,1.0,True
P0568,2008,162,Kellen Winslow,TE,CLE,25,10,8,101.8,10.18,16,6,65.0,16.0,196.1,12.26,0.0,True
P0606,2008,163,Seneca Wallace,QB,SEA,28,10,8,101.1,10.11,16,6,,,,,,False
P0595,2008,164,Maurice Morris,RB,SEA,29,13,6,100.0,7.69,16,3,166.0,14.0,99.4,7.1,2.0,True
P0535,2008,165,Donald Lee,TE,GNB,28,16,14,99.3,6.21,16,0,216.0,16.0,69.0,4.31,0.0,True
P0605,2008,166,Rashied Davis,WR,CHI,29,16,12,98.9,6.18,16,0,,,,,,False
P0362,2008,167,Jabar Gaffney,WR,NWE,28,16,7,98.8,6.18,16,0,123.0,16.0,139.2,8.7,0.0,True
P0701,2008,168,Tashard Choice,RB,DAL,24,16,3,98.7,6.17,16,0,184.0,16.0,83.1,5.19,0.0,True
P0467,2008,169,Julius Jones,RB,SEA,27,15,10,98.4,6.56,16,1,106.0,14.0,148.5,10.61,2.0,True
P0609,2008,170,Malcom Floyd,WR,SDG,27,13,2,97.5,7.5,16,3,136.0,16.0,128.6,8.04,0.0,True
P0298,2008,171,Bobby Engram,WR,SEA,35,13,11,95.9,7.38,16,3,,,,,,False
P0544,2008,172,Brandon Jones,WR,TEN,26,16,7,95.4,5.96,16,0,,,,,,False
P0360,2008,173,Deion Branch,WR,SEA,29,8,8,95.2,11.9,16,8,164.0,14.0,99.9,7.14,2.0,True
P0592,2008,174,Hank Baskett,WR,PHI,26,15,6,95.0,6.33,16,1,,,,,,False
P0414,2008,175,Daniel Graham,TE,DEN,30,16,16,94.9,5.93,16,0,233.0,16.0,62.9,3.93,0.0,True
P0341,2008,176,Jeremy Shockey,TE,NOR,28,12,11,94.3,7.86,16,4,141.0,13.0,122.9,9.45,3.0,True
P0702,2008,177,Michael Bush,RB,OAK,24,15,0,93.6,6.24,16,1,163.0,16.0,100.4,6.28,0.0,True
P0459,2008,178,Roy Williams,WR,2TM,27,15,11,92.3,6.15,16,1,124.0,15.0,137.6,9.17,1.0,True
P0540,2008,179,David Martin,TE,MIA,29,16,7,92.0,5.75,16,0,,,,,,False
P0703,2008,180,Jamaal Charles,RB,KAN,22,16,2,91.9,5.74,16,0,38.0,15.0,231.7,15.45,1.0,True
P0607,2008,181,Mark Bradley,WR,2TM,26,12,8,91.5,7.62,16,4,212.0,13.0,71.0,5.46,3.0,True
P0487,2008,182,Reggie Williams,WR,JAX,25,16,11,91.4,5.71,16,0,,,,,,False
P0339,2008,183,Todd Heap,TE,BAL,28,16,16,91.3,5.71,16,0,108.0,16.0,148.5,9.28,0.0,True
P0526,2008,184,J.J. Arrington,RB,ARI,25,11,3,91.2,8.29,16,5,,,,,,False
P0452,2008,185,Michael Clayton,WR,TAM,26,15,9,90.9,6.06,16,1,,,,,,False
P0617,2008,186,Derek Anderson,QB,CLE,25,10,9,90.1,9.01,16,6,,,,,,False
P0002,2008,187,Edgerrin James,RB,ARI,30,13,7,87.9,6.76,16,3,,,,,,False
P0379,2008,188,Jerramy Stevens,TE,TAM,29,14,3,87.7,6.26,16,2,,,,,,False
P0704,2008,189,Dan Orlovsky,QB,DET,25,10,7,87.5,8.75,16,6,,,,,,False
P0705,2008,190,Chansi Stuckey,WR,NYJ,25,15,2,86.0,5.73,16,1,206.0,15.0,74.4,4.96,1.0,True
P0022,2008,191,Fred Taylor,RB,JAX,32,13,13,85.4,6.57,16,3,248.0,6.0,52.6,8.77,10.0,True
P0435,2008,192,L.J. Smith,TE,PHI,28,13,12,84.8,6.52,16,3,,,,,,False
P0476,2008,193,Kevin Curtis,WR,PHI,30,9,8,84.0,9.33,16,7,,,,,,False
P0164,2008,194,Desmond Clark,TE,CHI,31,16,16,83.7,5.23,16,0,,,,,,False
P0627,2008,195,Tarvaris Jackson,QB,MIN,25,9,5,82.7,9.19,16,7,,,,,,False
P0279,2008,196,Koren Robinson,WR,SEA,28,12,12,82.6,6.88,16,4,,,,,,False
P0662,2008,197,Jason Avant,WR,PHI,25,15,6,81.7,5.45,16,1,146.0,16.0,119.7,7.48,0.0,True
P0706,2008,198,Jordy Nelson,WR,GNB,23,16,2,81.6,5.1,16,0,223.0,13.0,66.0,5.08,3.0,True
P0707,2008,199,J.T. O'Sullivan,QB,SFO,29,9,8,79.6,8.84,16,7,,,,,,False
P0663,2008,200,Brandon Jackson,RB,GNB,23,13,0,79.3,6.1,16,3,213.0,12.0,70.8,5.9,4.0,True
P0708,2008,201,Harry Douglas,WR,ATL,24,16,0,77.9,4.87,16,0,,,,,,False
P0603,2008,202,Vernon Davis,TE,SFO,24,16,16,77.9,4.87,16,0,27.0,16.0,252.5,15.78,0.0,True
P0040,2008,203,Michael Pittman,RB,DEN,33,8,3,77.2,9.65,16,8,,,,,,False
P0451,2008,204,Brandon Lloyd,WR,CHI,27,11,5,76.4,6.95,16,5,,,,,,False
P0709,2008,205,Jason Hill,WR,SFO,23,16,2,74.2,4.64,16,0,,,,,,False
P0710,2008,206,Patrick Cobbs,RB,MIA,25,16,2,73.3,4.58,16,0,,,,,,False
P0711,2008,207,Martellus Bennett,TE,DAL,21,16,7,72.3,4.52,16,0,,,,,,False
P0472,2008,208,Shaun McDonald,WR,DET,27,12,7,72.2,6.02,16,4,,,,,,False
P0602,2008,209,Robert Royal,TE,BUF,29,15,7,70.1,4.67,16,1,,,,,,False
P0712,2008,210,Josh Morgan,WR,SFO,23,12,1,69.9,5.82,16,4,133.0,16.0,128.8,8.05,0.0,True
P0386,2008,211,Justin McCareins,WR,TEN,30,14,10,68.0,4.86,16,2,,,,,,False
P0713,2008,212,Robert Meachem,WR,NOR,24,14,3,66.9,4.78,16,2,73.0,16.0,183.4,11.46,0.0,True
P0383,2008,213,Ladell Betts,RB,WAS,29,13,0,66.6,5.12,16,3,218.0,10.0,67.9,6.79,6.0,True
P0524,2008,214,Alex Smith,TE,TAM,26,14,12,66.0,4.71,16,2,,,,,,False
P0639,2008,215,Leonard Weaver,FB,SEA,26,14,7,65.2,4.66,16,2,179.0,16.0,85.3,5.33,0.0,True
P0368,2008,216,T.J. Duckett,RB,SEA,27,16,0,65.2,4.08,16,0,,,,,,False
P0714,2008,217,Brent Celek,TE,PHI,23,16,7,64.8,4.05,16,0,43.0,16.0,221.1,13.82,0.0,True
P0715,2008,218,BenJarvus Green-Ellis,RB,NWE,23,9,3,64.2,7.13,16,7,,,,,,False
P0418,2008,219,DeShaun Foster,RB,SFO,28,16,2,62.7,3.92,16,0,,,,,,False
P0009,2008,220,Ahman Green,RB,HOU,31,8,1,61.6,7.7,16,8,,,,,,False
P0632,2008,221,Sage Rosenfels,QB,HOU,30,6,5,60.9,10.15,16,10,,,,,,False
P0716,2008,222,Antonio Pittman,FB,STL,23,12,5,60.8,5.07,16,4,,,,,,False
P0412,2008,223,Dane Looker,WR,STL,32,13,6,60.8,4.68,16,3,,,,,,False
P0318,2008,224,LaMont Jordan,RB,NWE,30,8,0,60.3,7.54,16,8,,,,,,False
P0717,2008,225,Jerome Harrison,RB,CLE,25,15,0,60.2,4.01,16,1,75.0,14.0,180.2,12.87,2.0,True
P0506,2008,226,Chris Perry,RB,CIN,27,13,6,60.0,4.62,16,3,,,,,,False
P0718,2008,227,Miles Austin,WR,DAL,24,12,0,58.8,4.9,16,4,14.0,16.0,278.8,17.42,0.0,True
P0503,2008,228,Cadillac Williams,RB,TAM,26,6,1,58.6,9.77,16,10,82.0,16.0,174.0,10.88,0.0,True
P0597,2008,229,Roscoe Parrish,WR,BUF,26,13,1,58.1,4.47,16,3,,,,,,False
P0719,2008,230,Ahmad Bradshaw,RB,NYG,22,15,0,56.7,3.78,16,1,98.0,15.0,157.5,10.5,1.0,True
P0407,2008,231,Rudi Johnson,RB,DET,29,14,4,56.5,4.04,16,2,,,,,,False
P0295,2008,232,Alge Crumpler,TE,TEN,31,15,15,55.7,3.71,16,1,247.0,16.0,53.2,3.32,0.0,True
P0525,2008,233,Arnaz Battle,WR,SFO,28,9,0,55.6,6.18,16,7,,,,,,False
P0278,2008,234,Matt Hasselbeck,QB,SEA,33,7,7,55.5,7.93,16,9,93.0,14.0,161.1,11.51,2.0,True
P0720,2008,235,David Anderson,WR,HOU,25,16,1,55.1,3.44,16,0,202.0,16.0,75.0,4.69,0.0,True
P0721,2008,236,Felix Jones,RB,DAL,21,6,0,53.6,8.93,16,10,151.0,14.0,113.4,8.1,2.0,True
P0629,2008,237,James Jones,WR,GNB,24,10,2,53.4,5.34,16,6,158.0,16.0,106.0,6.62,0.0,True
P0635,2008,238,Sidney Rice,WR,MIN,22,13,3,53.1,4.08,16,3,26.0,16.0,260.2,16.26,0.0,True
P0513,2008,239,Chris Henry,WR,CIN,25,12,1,53.0,4.42,16,4,,,,,,False
P0520,2008,240,Ben Watson,TE,NWE,28,14,9,52.9,3.78,16,2,165.0,16.0,99.4,6.21,0.0,True
P0486,2008,241,Tatum Bell,RB,DEN,27,7,3,52.6,7.51,16,9,,,,,,False
P0649,2008,242,Jason Wright,RB,CLE,26,15,0,52.1,3.47,16,1,,,,,,False
P0169,2008,243,Reggie Kelly,TE,CIN,31,16,15,51.7,3.23,16,0,,,,,,False
P0665,2008,244,Michael Gaines,TE,DET,28,16,6,51.0,3.19,16,0,,,,,,False
P0505,2008,245,Reggie Brown,WR,PHI,27,10,3,49.8,4.98,16,6,,,,,,False
P0512,2008,246,Greg Lewis,WR,PHI,28,16,0,49.7,3.11,16,0,,,,,,False
P0722,2008,247,Chaz Schilens,WR,OAK,23,16,6,49.4,3.09,16,0,195.0,8.0,77.5,9.69,8.0,True
P0723,2008,248,Kenneth Darby,RB,STL,26,10,0,49.3,4.93,16,6,,,,,,False
P0465,2008,249,Ronald Curry,WR,OAK,29,13,10,49.2,3.78,16,3,,,,,,False
P0478,2008,250,Steve Heiden,TE,CLE,32,14,11,47.9,3.42,16,2,,,,,,False
P0673,2009,1,Chris Johnson,RB,TEN,24,16,16,392.9,24.56,16,0,17.0,16.0,272.9,17.06,0.0,True
P0671,2009,2,Aaron Rodgers,QB,GNB,26,16,16,343.0,21.44,16,0,4.0,15.0,304.5,20.3,1.0,True
P0698,2009,3,Ray Rice,RB,BAL,22,16,15,326.1,20.38,16,0,14.0,16.0,276.6,17.29,0.0,True
P0560,2009,4,Maurice Jones-Drew,RB,JAX,24,16,16,323.5,20.22,16,0,35.0,14.0,234.1,16.72,2.0,True
P0618,2009,5,Adrian Peterson,RB,MIN,24,16,15,320.9,20.06,16,0,15.0,15.0,275.9,18.39,1.0,True
P0406,2009,6,Andre Johnson,WR,HOU,28,16,16,314.9,19.68,16,0,23.0,13.0,256.6,19.74,3.0,True
P0340,2009,7,Drew Brees,QB,NOR,30,15,15,295.4,19.69,16,1,18.0,16.0,270.2,16.89,0.0,True
P0010,2009,8,Randy Moss,WR,NWE,32,16,16,287.4,17.96,16,0,178.0,16.0,97.3,6.08,0.0,True
P0537,2009,9,Wes Welker,WR,NWE,28,14,13,285.4,20.39,16,2,48.0,15.0,213.8,14.25,1.0,True
P0308,2009,10,Reggie Wayne,WR,IND,31,16,16,284.4,17.77,16,0,12.0,16.0,280.5,17.53,0.0,True
P0458,2009,11,Larry Fitzgerald,WR,ARI,26,16,16,284.2,17.76,16,0,31.0,16.0,241.7,15.11,0.0,True
P0053,2009,12,Brett Favre,QB,MIN,40,16,16,281.6,17.6,16,0,179.0,13.0,97.2,7.48,3.0,True
P0633,2009,13,Matt Schaub,QB,HOU,28,16,16,280.5,17.53,16,0,29.0,16.0,245.6,15.35,0.0,True
P0718,2009,14,Miles Austin,WR,DAL,25,16,9,278.8,17.42,16,0,40.0,16.0,228.4,14.28,0.0,True
P0015,2009,15,Peyton Manning,QB,IND,33,16,16,278.7,17.42,16,0,9.0,16.0,285.8,17.86,0.0,True
P0516,2009,16,Frank Gore,RB,SFO,26,14,14,278.6,19.9,16,2,56.0,11.0,202.5,18.41,5.0,True
P0600,2009,17,Brandon Marshall,WR,DEN,25,15,13,276.9,18.46,16,1,55.0,14.0,203.7,14.55,2.0,True
P0569,2009,18,Tony Romo,QB,DAL,29,16,16,273.8,17.11,16,0,176.0,6.0,99.1,16.52,10.0,True
P0430,2009,19,Dallas Clark,TE,IND,30,16,16,271.7,16.98,16,0,190.0,6.0,89.7,14.95,10.0,True
P0693,2009,20,Steve Smith,WR,NYG,24,16,15,271.0,16.94,16,0,144.0,9.0,118.9,13.21,7.0,True
P0260,2009,21,Tom Brady,QB,NWE,32,16,16,270.3,16.89,16,0,5.0,16.0,299.0,18.69,0.0,True
P0566,2009,22,Philip Rivers,QB,SDG,28,16,16,269.2,16.82,16,0,11.0,16.0,281.6,17.6,0.0,True
P0462,2009,23,Ben Roethlisberger,QB,PIT,27,15,15,267.3,17.82,16,1,51.0,12.0,209.6,17.47,4.0,True
P0522,2009,24,Roddy White,WR,ATL,28,16,16,266.5,16.66,16,0,2.0,16.0,316.2,19.76,0.0,True
P0682,2009,25,DeSean Jackson,WR,PHI,23,15,15,261.3,17.42,16,1,52.0,14.0,209.0,14.93,2.0,True
P0635,2009,26,Sidney Rice,WR,MIN,23,16,14,260.2,16.26,16,0,246.0,6.0,57.0,9.5,10.0,True
P0603,2009,27,Vernon Davis,TE,SFO,25,16,16,252.5,15.78,16,0,63.0,16.0,191.4,11.96,0.0,True
P0563,2009,28,Joseph Addai,RB,IND,26,15,15,248.3,16.55,16,1,168.0,8.0,102.9,12.86,8.0,True
P0039,2009,29,Ricky Williams,RB,MIA,32,16,7,247.5,15.47,16,0,153.0,16.0,114.4,7.15,0.0,True
P0103,2009,30,Hines Ward,WR,PIT,33,16,16,245.7,15.36,16,0,91.0,16.0,162.3,10.14,0.0,True
P0468,2009,31,Steven Jackson,RB,STL,26,15,15,244.8,16.32,16,1,30.0,16.0,242.4,15.15,0.0,True
P0427,2009,32,Antonio Gates,TE,SDG,29,16,16,242.7,15.17,16,0,66.0,10.0,188.2,18.82,6.0,True
P0147,2009,33,Thomas Jones,RB,NYJ,31,16,16,240.0,15.0,16,0,107.0,16.0,149.8,9.36,0.0,True
P0582,2009,34,Vincent Jackson,WR,SDG,26,15,15,239.8,15.99,16,1,238.0,5.0,58.2,11.64,11.0,True
P0018,2009,35,Donovan McNabb,QB,PHI,33,14,14,237.2,16.94,16,2,81.0,13.0,174.2,13.4,3.0,True
P0622,2009,36,Ryan Grant,RB,GNB,27,16,16,234.0,14.62,16,0,,,,,,False
P0574,2009,37,Santonio Holmes,WR,PIT,25,16,16,232.4,14.52,16,0,94.0,12.0,160.3,13.36,4.0,True
P0703,2009,38,Jamaal Charles,RB,KAN,23,15,10,231.7,15.45,16,1,10.0,16.0,282.5,17.66,0.0,True
P0499,2009,39,Eli Manning,QB,NYG,28,16,16,231.3,14.46,16,0,37.0,16.0,229.1,14.32,0.0,True
P0564,2009,40,Marques Colston,WR,NOR,26,16,14,230.0,14.38,16,0,39.0,15.0,228.4,15.23,1.0,True
P0303,2009,41,Chad Johnson,WR,CIN,31,16,15,229.9,14.37,16,0,82.0,14.0,174.1,12.44,2.0,True
P0601,2009,42,Jay Cutler,QB,CHI,26,16,16,227.9,14.24,16,0,50.0,15.0,210.2,14.01,1.0,True
P0714,2009,43,Brent Celek,TE,PHI,24,16,15,221.1,13.82,16,0,147.0,16.0,117.1,7.32,0.0,True
P0521,2009,44,David Garrard,QB,JAX,31,16,16,220.2,13.76,16,0,46.0,14.0,221.3,15.81,2.0,True
P0062,2009,45,Derrick Mason,WR,BAL,35,16,16,218.0,13.62,16,0,72.0,16.0,183.2,11.45,0.0,True
P0670,2009,46,Matt Forte,RB,CHI,24,16,16,217.0,13.56,16,0,21.0,16.0,264.6,16.54,0.0,True
P0588,2009,47,Jason Campbell,QB,WAS,28,16,16,216.3,13.52,16,0,97.0,13.0,157.7,12.13,3.0,True
P0530,2009,48,Kyle Orton,QB,DEN,27,16,15,215.2,13.45,16,0,53.0,13.0,207.9,15.99,3.0,True
P0061,2009,49,Kurt Warner,QB,ARI,38,15,15,215.1,14.34,16,1,,,,,,False
P0653,2009,50,Fred Jackson,RB,BUF,28,16,11,214.4,13.4,16,0,73.0,16.0,183.2,11.45,0.0,True
P0403,2009,51,Anquan Boldin,WR,ARI,29,15,15,213.6,14.24,16,1,67.0,16.0,187.7,11.73,0.0,True
P0198,2009,52,Donald Driver,WR,GNB,34,16,16,211.4,13.21,16,0,134.0,15.0,129.5,8.63,1.0,True
P0464,2009,53,Carson Palmer,QB,CIN,30,16,16,211.1,13.19,16,0,44.0,16.0,223.8,13.99,0.0,True
P0342,2009,54,Steve Smith Sr.,WR,CAR,30,15,15,209.4,13.96,16,1,157.0,14.0,110.3,7.88,2.0,True
P0425,2009,55,Jason Witten,TE,DAL,27,16,16,209.0,13.06,16,0,27.0,16.0,248.2,15.51,0.0,True
P0578,2009,56,Greg Jennings,WR,GNB,26,16,13,207.3,12.96,16,0,16.0,16.0,274.4,17.15,0.0,True
P0684,2009,57,Jonathan Stewart,RB,CAR,22,16,3,207.2,12.95,16,0,165.0,14.0,105.3,7.52,2.0,True
P0681,2009,58,Joe Flacco,QB,BAL,24,16,16,206.1,12.88,16,0,36.0,16.0,231.3,14.46,0.0,True
P0027,2009,59,Tony Gonzalez,TE,ATL,33,16,16,205.7,12.86,16,0,84.0,16.0,171.6,10.72,0.0,True
P0683,2009,60,Tim Hightower,RB,ARI,23,16,16,205.6,12.85,16,0,130.0,16.0,130.2,8.14,0.0,True
P0577,2009,61,DeAngelo Williams,RB,CAR,26,13,13,203.9,15.68,16,3,244.0,6.0,57.2,9.53,10.0,True
P0724,2009,62,Rashard Mendenhall,RB,PIT,22,16,12,203.9,12.74,16,0,32.0,16.0,241.0,15.06,0.0,True
P0725,2009,63,Percy Harvin,WR,MIN,21,15,8,200.5,13.37,16,1,49.0,14.0,210.5,15.04,2.0,True
P0625,2009,64,Calvin Johnson,WR,DET,24,14,14,198.7,14.19,16,2,20.0,15.0,266.2,17.75,1.0,True
P0568,2009,65,Kellen Winslow,TE,TAM,26,16,14,196.1,12.26,16,0,86.0,16.0,169.0,10.56,0.0,True
P0648,2009,66,Pierre Thomas,RB,NOR,25,14,6,194.5,13.89,16,2,195.0,6.0,88.0,14.67,10.0,True
P0507,2009,67,Heath Miller,TE,PIT,27,16,16,190.9,11.93,16,0,167.0,14.0,103.2,7.37,2.0,True
P0726,2009,68,Knowshon Moreno,RB,DEN,22,16,9,190.0,11.88,16,0,62.0,13.0,196.1,15.08,3.0,True
P0727,2009,69,Mike Sims-Walker,WR,JAX,25,15,14,189.9,12.66,16,1,121.0,14.0,139.2,9.94,2.0,True
P0581,2009,70,Cedric Benson,RB,CIN,27,13,13,189.2,14.55,16,3,60.0,16.0,196.9,12.31,0.0,True
P0365,2009,71,T.J. Houshmandzadeh,WR,SEA,32,16,16,186.1,11.63,16,0,196.0,16.0,87.8,5.49,0.0,True
P0679,2009,72,Matt Ryan,QB,ATL,24,14,14,183.5,13.11,16,2,24.0,16.0,250.4,15.65,0.0,True
P0713,2009,73,Robert Meachem,WR,NOR,25,16,7,183.4,11.46,16,0,122.0,16.0,139.2,8.7,0.0,True
P0677,2009,74,Kevin Smith,RB,DET,23,13,13,183.2,14.09,16,3,,,,,,False
P0717,2009,75,Jerome Harrison,RB,CLE,26,14,7,180.2,12.87,16,2,241.0,12.0,57.5,4.79,4.0,True
P0510,2009,76,Marion Barber III,RB,DAL,26,15,15,179.3,11.95,16,1,207.0,13.0,77.3,5.95,3.0,True
P0008,2009,77,Terrell Owens,WR,BUF,36,16,16,179.3,11.21,16,0,43.0,14.0,224.3,16.02,2.0,True
P0659,2009,78,Visanthe Shiancoe,TE,MIN,29,16,13,178.6,11.16,16,0,155.0,16.0,112.0,7.0,0.0,True
P0669,2009,79,Darren Sproles,RB,SDG,26,16,2,177.0,11.06,16,0,118.0,16.0,141.7,8.86,0.0,True
P0356,2009,80,Santana Moss,WR,WAS,30,16,16,177.0,11.06,16,0,34.0,16.0,235.9,14.74,0.0,True
P0251,2009,81,LaDainian Tomlinson,RB,SDG,30,14,14,176.4,12.6,16,2,47.0,15.0,216.2,14.41,1.0,True
P0503,2009,82,Cadillac Williams,RB,TAM,27,16,15,174.0,10.88,16,0,119.0,16.0,141.2,8.82,0.0,True
P0728,2009,83,Austin Collie,WR,IND,24,16,5,169.7,10.61,16,0,87.0,9.0,168.9,18.77,7.0,True
P0638,2009,84,Greg Olsen,TE,CHI,24,16,15,169.2,10.58,16,0,159.0,16.0,109.4,6.84,0.0,True
P0729,2009,85,Mario Manningham,WR,NYG,23,14,10,167.2,11.94,16,2,54.0,16.0,206.6,12.91,0.0,True
P0730,2009,86,Justin Forsett,RB,SEA,24,16,2,165.9,10.37,16,0,141.0,16.0,122.5,7.66,0.0,True
P0634,2009,87,Zach Miller,TE,OAK,24,15,15,164.5,10.97,16,1,96.0,15.0,158.5,10.57,1.0,True
P0565,2009,88,Jerricho Cotchery,WR,NYJ,27,14,12,163.8,11.7,16,2,183.0,14.0,96.0,6.86,2.0,True
P0561,2009,89,Reggie Bush,RB,NOR,24,14,8,163.5,11.68,16,2,209.0,8.0,75.8,9.48,8.0,True
P0731,2009,90,Hakeem Nicks,WR,NYG,21,14,6,162.8,11.63,16,2,25.0,13.0,250.2,19.25,3.0,True
P0674,2009,91,Matt Cassel,QB,KAN,27,15,15,161.9,10.79,16,1,38.0,15.0,229.1,15.27,1.0,True
P0672,2009,92,Steve Slaton,RB,HOU,23,11,10,161.4,14.67,16,5,,,,,,False
P0278,2009,93,Matt Hasselbeck,QB,SEA,34,14,14,161.1,11.51,16,2,108.0,14.0,148.0,10.57,2.0,True
P0453,2009,94,Willis McGahee,RB,BAL,28,16,1,159.9,9.99,16,0,191.0,15.0,89.5,5.97,1.0,True
P0696,2009,95,Davone Bess,WR,MIA,24,16,2,158.9,9.93,16,0,65.0,16.0,188.7,11.79,0.0,True
P0421,2009,96,Nate Burleson,WR,SEA,28,13,12,158.6,12.2,16,3,98.0,14.0,157.6,11.26,2.0,True
P0732,2009,97,LeSean McCoy,RB,PHI,21,16,4,158.5,9.91,16,0,6.0,15.0,297.2,19.81,1.0,True
P0719,2009,98,Ahmad Bradshaw,RB,NYG,23,15,1,157.5,10.5,16,1,33.0,16.0,239.9,14.99,0.0,True
P0733,2009,99,Jeremy Maclin,WR,PHI,21,15,13,156.6,10.44,16,1,41.0,16.0,228.0,14.25,0.0,True
P0555,2009,100,Brandon Jacobs,RB,NYG,27,15,15,153.9,10.26,16,1,113.0,16.0,145.2,9.07,0.0,True
P0734,2009,101,Mike Wallace,WR,PIT,23,16,4,153.4,9.59,16,0,26.0,16.0,249.6,15.6,0.0,True
P0553,2009,102,Michael Turner,RB,ATL,27,11,11,151.6,13.78,16,5,42.0,16.0,225.6,14.1,0.0,True
P0735,2009,103,Jermichael Finley,TE,GNB,22,13,10,150.6,11.58,16,3,245.0,5.0,57.1,11.42,11.0,True
P0686,2009,104,John Carlson,TE,SEA,25,16,16,150.4,9.4,16,0,216.0,15.0,68.8,4.59,1.0,True
P0687,2009,105,Devin Hester,WR,CHI,27,13,12,148.6,11.43,16,3,129.0,16.0,132.5,8.28,0.0,True
P0467,2009,106,Julius Jones,RB,SEA,28,14,14,148.5,10.61,16,2,,,,,,False
P0736,2009,107,Pierre Garcon,WR,IND,23,14,13,148.5,10.61,16,2,76.0,14.0,182.0,13.0,2.0,True
P0339,2009,108,Todd Heap,TE,BAL,29,16,16,148.5,9.28,16,0,132.0,13.0,129.9,9.99,3.0,True
P0257,2009,109,Chris Chambers,WR,2TM,31,16,14,148.0,9.25,16,0,,,,,,False
P0572,2009,110,Laurence Maroney,RB,NWE,24,15,5,147.6,9.84,16,1,,,,,,False
P0457,2009,111,Lee Evans,WR,BUF,28,16,16,147.2,9.2,16,0,148.0,13.0,116.8,8.98,3.0,True
P0678,2009,112,Steve Breaston,WR,ARI,26,15,6,146.6,9.77,16,1,127.0,13.0,135.0,10.38,3.0,True
P0737,2009,113,Earl Bennett,WR,CHI,22,16,15,145.7,9.11,16,0,142.0,14.0,121.0,8.64,2.0,True
P0571,2009,114,Alex Smith,QB,SFO,25,11,10,145.5,13.23,16,5,128.0,11.0,134.8,12.25,5.0,True
P0738,2009,115,Jason Snelling,RB,ATL,26,14,2,145.2,10.37,16,2,126.0,14.0,136.7,9.76,2.0,True
P0534,2009,116,Devery Henderson,WR,NOR,27,16,11,144.7,9.04,16,0,198.0,16.0,87.2,5.45,0.0,True
P0739,2009,117,Chad Henne,QB,MIA,24,14,13,144.3,10.31,16,2,101.0,15.0,155.2,10.35,1.0,True
P0740,2009,118,Beanie Wells,RB,ARI,21,16,0,143.6,8.98,16,0,223.0,13.0,64.1,4.93,3.0,True
P0542,2009,119,Patrick Crayton,WR,DAL,30,16,6,142.0,8.88,16,0,200.0,9.0,85.4,9.49,7.0,True
P0580,2009,120,Nate Washington,WR,TEN,26,16,15,141.4,8.84,16,0,112.0,16.0,145.9,9.12,0.0,True
P0496,2009,121,Bernard Berrian,WR,MIN,29,16,15,140.8,8.8,16,0,,,,,,False
P0504,2009,122,Ronnie Brown,RB,MIA,28,9,9,139.5,15.5,16,7,100.0,16.0,156.6,9.79,0.0,True
P0362,2009,123,Jabar Gaffney,WR,DEN,29,16,7,139.2,8.7,16,0,90.0,16.0,164.5,10.28,0.0,True
P0459,2009,124,Roy Williams,WR,DAL,28,15,13,137.6,9.17,16,1,146.0,15.0,118.0,7.87,1.0,True
P0567,2009,125,Vince Young,QB,TEN,26,12,10,137.3,11.44,16,4,194.0,9.0,88.7,9.86,7.0,True
P0518,2009,126,Braylon Edwards,WR,2TM,26,16,15,137.0,8.56,16,0,70.0,16.0,185.8,11.61,0.0,True
P0685,2009,127,Donnie Avery,WR,STL,25,16,16,134.9,8.43,16,0,,,,,,False
P0741,2009,128,Fred Davis,TE,WAS,23,16,10,134.9,8.43,16,0,214.0,16.0,70.6,4.41,0.0,True
P0742,2009,129,Mark Sanchez,QB,NYJ,23,15,15,132.4,8.83,16,1,57.0,16.0,202.1,12.63,0.0,True
P0697,2009,130,Kevin Boss,TE,NYG,25,15,15,130.3,8.69,16,1,151.0,15.0,116.1,7.74,1.0,True
P0620,2009,131,Dwayne Bowe,WR,KAN,25,11,9,129.9,11.81,16,5,13.0,16.0,278.6,17.41,0.0,True
P0743,2009,132,Johnny Knox,WR,CHI,23,15,0,129.7,8.65,16,1,80.0,16.0,175.2,10.95,0.0,True
P0712,2009,133,Josh Morgan,WR,SFO,24,16,15,128.8,8.05,16,0,138.0,16.0,125.5,7.84,0.0,True
P0402,2009,134,Chester Taylor,RB,MIN,30,16,0,128.7,8.04,16,0,204.0,16.0,78.6,4.91,0.0,True
P0623,2009,135,Kevin Walter,WR,HOU,28,14,14,128.7,9.19,16,2,115.0,16.0,143.1,8.94,0.0,True
P0609,2009,136,Malcom Floyd,WR,SDG,28,16,9,128.6,8.04,16,0,114.0,11.0,144.7,13.15,5.0,True
P0744,2009,137,Kenny Britt,WR,TEN,21,16,6,128.1,8.01,16,0,83.0,12.0,173.5,14.46,4.0,True
P0745,2009,138,Matthew Stafford,QB,DET,21,10,10,125.5,12.55,16,6,,,,,,False
P0183,2009,139,Laveranues Coles,WR,CIN,32,16,13,125.4,7.84,16,0,,,,,,False
P0345,2009,140,Antonio Bryant,WR,TAM,28,13,11,123.0,9.46,16,3,,,,,,False
P0341,2009,141,Jeremy Shockey,TE,NOR,29,13,12,122.9,9.45,16,3,173.0,13.0,99.8,7.68,3.0,True
P0584,2009,142,Owen Daniels,TE,HOU,27,8,8,121.9,15.24,16,8,180.0,11.0,97.1,8.83,5.0,True
P0285,2009,143,Correll Buckhalter,RB,DEN,31,14,7,121.2,8.66,16,2,193.0,15.0,88.7,5.91,1.0,True
P0023,2009,144,Torry Holt,WR,JAX,33,15,12,121.2,8.08,16,1,,,,,,False
P0746,2009,145,Michael Crabtree,WR,SFO,22,11,11,120.5,10.95,16,5,89.0,16.0,165.1,10.32,0.0,True
P0662,2009,146,Jason Avant,WR,PHI,26,16,9,119.7,7.48,16,0,149.0,16.0,116.3,7.27,0.0,True
P0517,2009,147,Michael Jenkins,WR,ATL,27,15,9,119.5,7.97,16,1,166.0,11.0,103.5,9.41,5.0,True
P0031,2009,148,Muhsin Muhammad,WR,CAR,36,14,13,117.1,8.36,16,2,,,,,,False
P0071,2009,149,Kevin Faulk,RB,NWE,33,15,7,116.6,7.77,16,1,,,,,,False
P0747,2009,150,Jacoby Jones,WR,HOU,25,14,1,114.9,8.21,16,2,136.0,15.0,127.9,8.53,1.0,True
P0721,2009,151,Felix Jones,RB,DAL,22,14,1,113.4,8.1,16,2,74.0,16.0,183.0,11.44,0.0,True
P0748,2009,152,Louis Murphy,WR,OAK,22,16,9,113.2,7.08,16,0,150.0,14.0,116.2,8.3,2.0,True
P0749,2009,153,Mohamed Massaquoi,WR,CLE,23,16,11,112.1,7.01,16,0,174.0,15.0,99.2,6.61,1.0,True
P0750,2009,154,Andre Caldwell,WR,CIN,24,16,3,110.4,6.9,16,0,242.0,15.0,57.3,3.82,1.0,True
P0694,2009,155,Dustin Keller,TE,NYJ,25,16,12,109.9,6.87,16,0,104.0,16.0,153.7,9.61,0.0,True
P0751,2009,156,Brian Hartline,WR,MIA,23,16,2,108.5,6.78,16,0,156.0,12.0,111.2,9.27,4.0,True
P0640,2009,157,Ted Ginn Jr.,WR,MIA,24,16,12,106.2,6.64,16,0,,,,,,False
P0629,2009,158,James Jones,WR,GNB,25,16,3,106.0,6.62,16,0,111.0,16.0,145.9,9.12,0.0,True
P0752,2009,159,Mike Thomas,WR,JAX,22,14,4,105.9,7.56,16,2,68.0,16.0,187.4,11.71,0.0,True
P0691,2009,160,Greg Camarillo,WR,MIA,27,16,16,105.2,6.58,16,0,,,,,,False
P0753,2009,161,Josh Cribbs,WR,CLE,26,16,12,102.3,6.39,16,0,225.0,15.0,63.6,4.24,1.0,True
P0621,2009,162,Marshawn Lynch,RB,BUF,23,13,6,100.9,7.76,16,3,124.0,16.0,138.2,8.64,0.0,True
P0702,2009,163,Michael Bush,RB,OAK,25,16,7,100.4,6.28,16,0,106.0,14.0,150.9,10.78,2.0,True
P0360,2009,164,Deion Branch,WR,SEA,30,14,5,99.9,7.14,16,2,79.0,15.0,178.8,11.92,1.0,True
P0520,2009,165,Ben Watson,TE,NWE,29,16,7,99.4,6.21,16,0,92.0,16.0,162.2,10.14,0.0,True
P0595,2009,166,Maurice Morris,RB,DET,30,14,3,99.4,7.1,16,2,164.0,14.0,105.6,7.54,2.0,True
P0351,2009,167,Antwaan Randle El,WR,WAS,30,16,3,99.0,6.19,16,0,243.0,16.0,57.2,3.58,0.0,True
P0573,2009,168,Mike Bell,RB,NOR,26,13,3,96.6,7.43,16,3,,,,,,False
P0754,2009,169,Josh Freeman,QB,TAM,21,10,9,96.4,9.64,16,6,22.0,16.0,258.4,16.15,0.0,True
P0642,2009,170,Marcedes Lewis,TE,JAX,25,15,15,95.8,6.39,16,1,71.0,16.0,184.0,11.5,0.0,True
P0586,2009,171,Justin Fargas,RB,OAK,29,12,4,95.4,7.95,16,4,,,,,,False
P0511,2009,172,Mark Clayton,WR,BAL,27,14,12,94.8,6.77,16,2,220.0,5.0,66.2,13.24,11.0,True
P0422,2009,173,Bryant Johnson,WR,DET,28,16,16,94.7,5.92,16,0,,,,,,False
P0628,2009,174,Derrick Ward,RB,TAM,29,14,1,93.9,6.71,16,2,217.0,16.0,68.6,4.29,0.0,True
P0532,2009,175,Bo Scaife,TE,TEN,28,14,10,93.0,6.64,16,2,189.0,14.0,89.8,6.41,2.0,True
P0558,2009,176,Ryan Moats,RB,HOU,27,14,2,90.6,6.47,16,2,,,,,,False
P0424,2009,177,Kelley Washington,WR,BAL,30,15,2,89.2,5.95,16,1,,,,,,False
P0559,2009,178,Ryan Fitzpatrick,QB,BUF,27,10,8,89.0,8.9,16,6,59.0,13.0,198.9,15.3,3.0,True
P0639,2009,179,Leonard Weaver,FB,PHI,27,16,8,85.3,5.33,16,0,,,,,,False
P0599,2009,180,Tony Scheffler,TE,DEN,26,15,9,84.6,5.64,16,1,199.0,15.0,86.8,5.79,1.0,True
P0443,2009,181,Justin Gage,WR,TEN,28,12,10,84.3,7.02,16,4,,,,,,False
P0755,2009,182,Brady Quinn,QB,CLE,25,10,9,84.2,8.42,16,6,,,,,,False
P0474,2009,183,Bobby Wade,WR,KAN,28,12,6,83.8,6.98,16,4,,,,,,False
P0701,2009,184,Tashard Choice,RB,DAL,25,16,0,83.1,5.19,16,0,218.0,16.0,68.2,4.26,0.0,True
P0405,2009,185,Brian Westbrook,RB,PHI,30,8,7,82.5,10.31,16,8,184.0,14.0,95.0,6.79,2.0,True
P0675,2009,186,Eddie Royal,WR,DEN,23,14,12,81.6,5.83,16,2,117.0,16.0,141.8,8.86,0.0,True
P0690,2009,187,Darren McFadden,RB,OAK,22,12,7,81.2,6.77,16,4,19.0,13.0,267.4,20.57,3.0,True
P0417,2009,188,Rock Cartwright,FB,WAS,30,16,2,80.0,5.0,16,0,,,,,,False
P0756,2009,189,Danny Amendola,WR,STL,24,14,2,79.4,5.67,16,2,77.0,16.0,180.0,11.25,0.0,True
P0757,2009,190,Julian Edelman,WR,NWE,23,11,7,79.4,7.22,16,5,,,,,,False
P0460,2009,191,Larry Johnson,RB,2TM,30,14,7,79.1,5.65,16,2,,,,,,False
P0113,2009,192,Sammy Morris,RB,NWE,32,12,5,78.9,6.58,16,4,,,,,,False
P0408,2009,193,Jake Delhomme,QB,CAR,34,11,11,78.6,7.15,16,5,,,,,,False
P0758,2009,194,Devin Aromashodu,WR,CHI,25,10,2,77.8,7.78,16,6,,,,,,False
P0722,2009,195,Chaz Schilens,WR,OAK,24,8,8,77.5,9.69,16,8,,,,,,False
P0759,2009,196,Brandon Pettigrew,TE,DET,24,11,11,76.6,6.96,16,5,88.0,16.0,167.2,10.45,0.0,True
P0760,2009,197,David Thomas,TE,NOR,26,15,8,76.6,5.11,16,1,224.0,13.0,63.9,4.92,3.0,True
P0761,2009,198,Will Heller,TE,DET,28,16,9,76.6,4.79,16,0,,,,,,False
P0762,2009,199,Sammie Stroughter,WR,TAM,23,13,0,76.4,5.88,16,3,,,,,,False
P0297,2009,200,Brandon Stokley,WR,DEN,33,16,2,75.7,4.73,16,0,219.0,11.0,66.4,6.04,5.0,True
P0763,2009,201,Devin Thomas,WR,WAS,23,14,10,75.3,5.38,16,2,,,,,,False
P0720,2009,202,David Anderson,TE,HOU,26,16,8,75.0,4.69,16,0,,,,,,False
P0764,2009,203,Mike Tolbert,RB,SDG,24,16,3,75.0,4.69,16,0,75.0,15.0,182.1,12.14,1.0,True
P0692,2009,204,Anthony Fasano,TE,MIA,25,14,14,74.9,5.35,16,2,152.0,15.0,115.8,7.72,1.0,True
P0158,2009,205,Dennis Northcutt,WR,DET,32,16,2,74.7,4.67,16,0,,,,,,False
P0705,2009,206,Chansi Stuckey,WR,2TM,26,15,3,74.4,4.96,16,1,206.0,16.0,77.5,4.84,0.0,True
P0471,2009,207,Chris Cooley,TE,WAS,27,7,7,74.2,10.6,16,9,78.0,16.0,179.9,11.24,0.0,True
P0336,2009,208,Clinton Portis,RB,WAS,28,8,8,74.1,9.26,16,8,,,,,,False
P0765,2009,209,Donald Brown,RB,IND,22,11,1,74.0,6.73,16,5,169.0,13.0,102.2,7.86,3.0,True
P0357,2009,210,Randy McMichael,TE,STL,30,16,16,73.2,4.58,16,0,,,,,,False
P0766,2009,211,Brandon Gibson,WR,2TM,22,10,4,72.8,7.28,16,6,133.0,14.0,129.8,9.27,2.0,True
P0607,2009,212,Mark Bradley,WR,KAN,27,13,6,71.0,5.46,16,3,,,,,,False
P0663,2009,213,Brandon Jackson,RB,GNB,24,12,0,70.8,5.9,16,4,85.0,16.0,171.5,10.72,0.0,True
P0767,2009,214,Matt Moore,QB,CAR,25,7,5,69.8,9.97,16,9,,,,,,False
P0768,2009,215,Dante Rosario,TE,CAR,25,14,8,69.3,4.95,16,2,237.0,16.0,58.2,3.64,0.0,True
P0535,2009,216,Donald Lee,TE,GNB,29,16,10,69.0,4.31,16,0,,,,,,False
P0043,2009,217,Jamal Lewis,RB,CLE,30,9,8,68.8,7.64,16,7,,,,,,False
P0383,2009,218,Ladell Betts,RB,WAS,30,10,2,67.9,6.79,16,6,227.0,8.0,62.1,7.76,8.0,True
P0644,2009,219,Trent Edwards,QB,BUF,26,8,7,67.4,8.43,16,8,,,,,,False
P0354,2009,220,Marc Bulger,QB,STL,32,9,8,67.0,7.44,16,7,,,,,,False
P0585,2009,221,Jerious Norwood,RB,ATL,26,10,4,66.8,6.68,16,6,,,,,,False
P0769,2009,222,Maurice Stovall,WR,TAM,24,15,7,66.6,4.44,16,1,,,,,,False
P0706,2009,223,Jordy Nelson,WR,GNB,24,13,0,66.0,5.08,16,3,160.0,16.0,109.2,6.82,0.0,True
P0589,2009,224,Bruce Gradkowski,QB,OAK,26,7,4,65.1,9.3,16,9,,,,,,False
P0680,2009,225,Le'Ron McClain,FB,BAL,25,16,14,65.1,4.07,16,0,,,,,,False
P0770,2009,226,Sam Aiken,WR,NWE,29,14,7,64.6,4.61,16,2,,,,,,False
P0771,2009,227,Daniel Fells,TE,STL,26,14,4,64.3,4.59,16,2,186.0,16.0,92.1,5.76,0.0,True
P0475,2009,228,Mewelde Moore,RB,PIT,27,16,0,64.3,4.02,16,0,232.0,15.0,60.4,4.03,1.0,True
P0461,2009,229,Chris Brown,RB,HOU,28,14,4,64.1,4.58,16,2,,,,,,False
P0772,2009,230,Joel Dreessen,TE,HOU,27,16,11,64.0,4.0,16,0,158.0,16.0,109.8,6.86,0.0,True
P0773,2009,231,J.P. Foschi,TE,CIN,27,15,10,63.0,4.2,16,1,,,,,,False
P0637,2009,232,Jeff King,TE,CAR,26,16,15,63.0,3.94,16,0,,,,,,False
P0414,2009,233,Daniel Graham,TE,DEN,31,16,14,62.9,3.93,16,0,,,,,,False
P0774,2009,234,Lex Hilliard,RB,MIA,25,16,0,62.7,3.92,16,0,,,,,,False
P0775,2009,235,Legedu Naanee,WR,SDG,26,15,1,61.7,4.11,16,1,221.0,10.0,65.9,6.59,6.0,True
P0046,2009,236,Kerry Collins,QB,TEN,37,7,6,60.5,8.64,16,9,162.0,10.0,109.0,10.9,6.0,True
P0647,2009,237,Brian Leonard,RB,CIN,25,14,1,60.1,4.29,16,2,,,,,,False
P0364,2009,238,Josh Reed,WR,BUF,29,14,4,60.1,4.29,16,2,,,,,,False
P0776,2009,239,Shonn Greene,RB,NYJ,24,14,0,60.0,4.29,16,2,154.0,15.0,112.6,7.51,1.0,True
P0777,2009,240,Malcolm Kelly,WR,WAS,23,16,10,59.7,3.73,16,0,,,,,,False
P0575,2009,241,Leon Washington,RB,NYJ,27,7,0,59.2,8.46,16,9,,,,,,False
P0778,2009,242,Arian Foster,RB,HOU,23,6,1,59.0,9.83,16,10,1.0,16.0,392.0,24.5,0.0,True
P0689,2009,243,Shaun Hill,QB,SFO,29,6,6,58.7,9.78,16,10,95.0,11.0,159.7,14.52,5.0,True
P0779,2009,244,Quinton Ganther,RB,WAS,25,8,4,57.0,7.12,16,8,,,,,,False
P0502,2009,245,Willie Parker,RB,PIT,29,14,3,55.3,3.95,16,2,,,,,,False
P0780,2009,246,Zach Miller,TE,JAX,25,14,0,54.5,3.89,16,2,,,,,,False
P0295,2009,247,Alge Crumpler,TE,TEN,32,16,14,53.2,3.32,16,0,,,,,,False
P0022,2009,248,Fred Taylor,RB,NWE,33,6,1,52.6,8.77,16,10,,,,,,False
P0781,2009,249,Rashad Jennings,RB,JAX,24,15,0,52.3,3.49,16,1,145.0,13.0,118.2,9.09,3.0,True
P0782,2009,250,Keenan Burton,WR,STL,25,9,6,50.3,5.59,16,7,,,,,,False
P0778,2010,1,Arian Foster,RB,HOU,24,16,13,392.0,24.5,16,0,11.0,13.0,305.1,23.47,3.0,True
P0522,2010,2,Roddy White,WR,ATL,29,16,16,316.2,19.76,16,0,17.0,16.0,277.6,17.35,0.0,True
P0310,2010,3,Michael Vick,QB,PHI,30,12,12,310.3,25.86,16,4,32.0,13.0,233.0,17.92,3.0,True
P0671,2010,4,Aaron Rodgers,QB,GNB,27,15,15,304.5,20.3,16,1,1.0,15.0,397.4,26.49,1.0,True
P0260,2010,5,Tom Brady,QB,NWE,33,16,16,299.0,18.69,16,0,5.0,16.0,366.3,22.89,0.0,True
P0732,2010,6,LeSean McCoy,RB,PHI,22,15,13,297.2,19.81,16,1,10.0,15.0,328.4,21.89,1.0,True
P0699,2010,7,Peyton Hillis,RB,CLE,24,16,14,294.9,18.43,16,0,158.0,10.0,109.7,10.97,6.0,True
P0451,2010,8,Brandon Lloyd,WR,DEN,29,16,11,286.0,17.88,16,0,63.0,15.0,196.6,13.11,1.0,True
P0015,2010,9,Peyton Manning,QB,IND,34,16,16,285.8,17.86,16,0,,,,,,False
P0703,2010,10,Jamaal Charles,RB,KAN,24,16,6,282.5,17.66,16,0,,,,,,False
P0566,2010,11,Philip Rivers,QB,SDG,29,16,16,281.6,17.6,16,0,24.0,16.0,254.6,15.91,0.0,True
P0308,2010,12,Reggie Wayne,WR,IND,32,16,16,280.5,17.53,16,0,64.0,16.0,195.0,12.19,0.0,True
P0620,2010,13,Dwayne Bowe,WR,KAN,26,16,16,278.6,17.41,16,0,35.0,16.0,228.1,14.26,0.0,True
P0698,2010,14,Ray Rice,RB,BAL,23,16,14,276.6,17.29,16,0,3.0,16.0,372.8,23.3,0.0,True
P0618,2010,15,Adrian Peterson,RB,MIN,25,15,15,275.9,18.39,16,1,52.0,12.0,206.9,17.24,4.0,True
P0578,2010,16,Greg Jennings,WR,GNB,27,16,16,274.4,17.15,16,0,46.0,13.0,215.9,16.61,3.0,True
P0673,2010,17,Chris Johnson,RB,TEN,25,16,16,272.9,17.06,16,0,36.0,16.0,225.5,14.09,0.0,True
P0340,2010,18,Drew Brees,QB,NOR,31,16,16,270.2,16.89,16,0,2.0,16.0,393.6,24.6,0.0,True
P0690,2010,19,Darren McFadden,RB,OAK,23,13,13,267.4,20.57,16,3,137.0,7.0,123.8,17.69,9.0,True
P0625,2010,20,Calvin Johnson,WR,DET,25,15,15,266.2,17.75,16,1,6.0,16.0,359.2,22.45,0.0,True
P0670,2010,21,Matt Forte,RB,CHI,25,16,16,264.6,16.54,16,0,41.0,12.0,220.7,18.39,4.0,True
P0754,2010,22,Josh Freeman,QB,TAM,22,16,16,258.4,16.15,16,0,55.0,15.0,205.1,13.67,1.0,True
P0406,2010,23,Andre Johnson,WR,HOU,29,13,13,256.6,19.74,16,3,176.0,7.0,95.0,13.57,9.0,True
P0679,2010,24,Matt Ryan,QB,ATL,25,16,16,250.4,15.65,16,0,20.0,16.0,273.5,17.09,0.0,True
P0731,2010,25,Hakeem Nicks,WR,NYG,22,13,12,250.2,19.25,16,3,30.0,15.0,237.2,15.81,1.0,True
P0734,2010,26,Mike Wallace,WR,PIT,24,16,16,249.6,15.6,16,0,26.0,16.0,243.0,15.19,0.0,True
P0425,2010,27,Jason Witten,TE,DAL,28,16,16,248.2,15.51,16,0,58.0,16.0,203.2,12.7,0.0,True
P0783,2010,28,Stevie Johnson,WR,BUF,24,16,13,247.3,15.46,16,0,43.0,16.0,218.4,13.65,0.0,True
P0633,2010,29,Matt Schaub,QB,HOU,29,16,16,245.6,15.35,16,0,97.0,10.0,158.1,15.81,6.0,True
P0468,2010,30,Steven Jackson,RB,STL,27,16,16,242.4,15.15,16,0,38.0,15.0,223.8,14.92,1.0,True
P0458,2010,31,Larry Fitzgerald,WR,ARI,27,16,15,241.7,15.11,16,0,21.0,16.0,269.1,16.82,0.0,True
P0724,2010,32,Rashard Mendenhall,RB,PIT,23,16,16,241.0,15.06,16,0,80.0,15.0,178.2,11.88,1.0,True
P0719,2010,33,Ahmad Bradshaw,RB,NYG,24,16,11,239.9,14.99,16,0,67.0,12.0,192.6,16.05,4.0,True
P0356,2010,34,Santana Moss,WR,WAS,31,16,16,235.9,14.74,16,0,132.0,12.0,128.4,10.7,4.0,True
P0560,2010,35,Maurice Jones-Drew,RB,JAX,25,14,14,234.1,16.72,16,2,12.0,16.0,305.0,19.06,0.0,True
P0681,2010,36,Joe Flacco,QB,BAL,25,16,16,231.3,14.46,16,0,57.0,16.0,203.4,12.71,0.0,True
P0499,2010,37,Eli Manning,QB,NYG,29,16,16,229.1,14.32,16,0,16.0,16.0,280.8,17.55,0.0,True
P0674,2010,38,Matt Cassel,QB,KAN,28,15,15,229.1,15.27,16,1,171.0,9.0,97.0,10.78,7.0,True
P0564,2010,39,Marques Colston,WR,NOR,27,15,11,228.4,15.23,16,1,27.0,14.0,240.3,17.16,2.0,True
P0718,2010,40,Miles Austin,WR,DAL,26,16,16,228.4,14.28,16,0,117.0,10.0,143.2,14.32,6.0,True
P0733,2010,41,Jeremy Maclin,WR,PHI,22,16,16,228.0,14.25,16,0,81.0,13.0,177.0,13.62,3.0,True
P0553,2010,42,Michael Turner,RB,ATL,28,16,15,225.6,14.1,16,0,33.0,16.0,229.8,14.36,0.0,True
P0008,2010,43,Terrell Owens,WR,CIN,37,14,11,224.3,16.02,16,2,,,,,,False
P0464,2010,44,Carson Palmer,QB,CIN,31,16,16,223.8,13.99,16,0,125.0,10.0,136.1,13.61,6.0,True
P0784,2010,45,Mike Williams,WR,TAM,23,16,16,223.4,13.96,16,0,102.0,16.0,156.4,9.78,0.0,True
P0521,2010,46,David Garrard,QB,JAX,32,14,14,221.3,15.81,16,2,,,,,,False
P0251,2010,47,LaDainian Tomlinson,RB,NYJ,31,15,13,216.2,14.41,16,1,129.0,14.0,132.9,9.49,2.0,True
P0537,2010,48,Wes Welker,WR,NWE,29,15,11,213.8,14.25,16,1,8.0,16.0,335.9,20.99,0.0,True
P0725,2010,49,Percy Harvin,WR,MIN,22,14,13,210.5,15.04,16,2,22.0,16.0,268.2,16.76,0.0,True
P0601,2010,50,Jay Cutler,QB,CHI,27,15,15,210.2,14.01,16,1,124.0,10.0,136.3,13.63,6.0,True
P0462,2010,51,Ben Roethlisberger,QB,PIT,28,12,12,209.6,17.47,16,4,45.0,15.0,216.1,14.41,1.0,True
P0682,2010,52,DeSean Jackson,WR,PHI,24,14,14,209.0,14.93,16,2,76.0,15.0,182.2,12.15,1.0,True
P0530,2010,53,Kyle Orton,QB,DEN,28,13,13,207.9,15.99,16,3,196.0,9.0,85.6,9.51,7.0,True
P0729,2010,54,Mario Manningham,WR,NYG,24,16,8,206.6,12.91,16,0,149.0,12.0,115.3,9.61,4.0,True
P0600,2010,55,Brandon Marshall,WR,MIA,26,14,14,203.7,14.55,16,2,28.0,16.0,237.7,14.86,0.0,True
P0516,2010,56,Frank Gore,RB,SFO,27,11,11,202.5,18.41,16,5,66.0,16.0,193.5,12.09,0.0,True
P0742,2010,57,Mark Sanchez,QB,NYJ,24,16,16,202.1,12.63,16,0,29.0,16.0,237.3,14.83,0.0,True
P0715,2010,58,BenJarvus Green-Ellis,RB,NWE,25,16,11,199.3,12.46,16,0,99.0,16.0,157.6,9.85,0.0,True
P0559,2010,59,Ryan Fitzpatrick,QB,BUF,28,13,13,198.9,15.3,16,3,39.0,16.0,222.8,13.92,0.0,True
P0581,2010,60,Cedric Benson,RB,CIN,28,16,16,196.9,12.31,16,0,94.0,15.0,161.9,10.79,1.0,True
P0785,2010,61,Jahvid Best,RB,DET,21,16,9,196.2,12.26,16,0,151.0,6.0,112.7,18.78,10.0,True
P0726,2010,62,Knowshon Moreno,RB,DEN,23,13,13,196.1,15.08,16,3,,,,,,False
P0603,2010,63,Vernon Davis,TE,SFO,26,16,16,191.4,11.96,16,0,79.0,16.0,179.7,11.23,0.0,True
P0786,2010,64,Sam Bradford,QB,STL,23,16,16,190.8,11.92,16,0,189.0,10.0,89.2,8.92,6.0,True
P0696,2010,65,Davone Bess,WR,MIA,25,16,8,188.7,11.79,16,0,140.0,16.0,119.6,7.48,0.0,True
P0427,2010,66,Antonio Gates,TE,SDG,30,10,10,188.2,18.82,16,6,73.0,13.0,183.8,14.14,3.0,True
P0403,2010,67,Anquan Boldin,WR,BAL,30,16,16,187.7,11.73,16,0,90.0,14.0,163.7,11.69,2.0,True
P0752,2010,68,Mike Thomas,WR,JAX,23,16,11,187.4,11.71,16,0,184.0,15.0,92.6,6.17,1.0,True
P0646,2010,69,Lance Moore,WR,NOR,27,16,1,186.3,11.64,16,0,86.0,14.0,166.7,11.91,2.0,True
P0518,2010,70,Braylon Edwards,WR,NYJ,27,16,15,185.8,11.61,16,0,,,,,,False
P0642,2010,71,Marcedes Lewis,TE,JAX,26,16,16,184.0,11.5,16,0,197.0,15.0,85.0,5.67,1.0,True
P0062,2010,72,Derrick Mason,WR,BAL,36,16,15,183.2,11.45,16,0,,,,,,False
P0653,2010,73,Fred Jackson,RB,BUF,29,16,13,183.2,11.45,16,0,50.0,10.0,208.6,20.86,6.0,True
P0721,2010,74,Felix Jones,RB,DAL,23,16,7,183.0,11.44,16,0,150.0,12.0,114.6,9.55,4.0,True
P0764,2010,75,Mike Tolbert,RB,SDG,25,15,4,182.1,12.14,16,1,56.0,15.0,204.3,13.62,1.0,True
P0736,2010,76,Pierre Garcon,WR,IND,24,14,14,182.0,13.0,16,2,61.0,16.0,199.5,12.47,0.0,True
P0756,2010,77,Danny Amendola,WR,STL,25,16,6,180.0,11.25,16,0,,,,,,False
P0471,2010,78,Chris Cooley,TE,WAS,28,16,16,179.9,11.24,16,0,,,,,,False
P0360,2010,79,Deion Branch,WR,2TM,31,15,12,178.8,11.92,16,1,109.0,15.0,151.2,10.08,1.0,True
P0743,2010,80,Johnny Knox,WR,CHI,24,16,16,175.2,10.95,16,0,139.0,14.0,119.7,8.55,2.0,True
P0018,2010,81,Donovan McNabb,QB,WAS,34,13,13,174.2,13.4,16,3,231.0,6.0,64.9,10.82,10.0,True
P0303,2010,82,Chad Johnson,WR,CIN,32,14,12,174.1,12.44,16,2,,,,,,False
P0744,2010,83,Kenny Britt,WR,TEN,22,12,7,173.5,14.46,16,4,239.0,3.0,61.9,20.63,13.0,True
P0027,2010,84,Tony Gonzalez,TE,ATL,34,16,16,171.6,10.72,16,0,49.0,16.0,209.5,13.09,0.0,True
P0663,2010,85,Brandon Jackson,RB,GNB,25,16,13,171.5,10.72,16,0,,,,,,False
P0568,2010,86,Kellen Winslow,TE,TAM,27,16,11,169.0,10.56,16,0,87.0,16.0,165.3,10.33,0.0,True
P0728,2010,87,Austin Collie,WR,IND,25,9,6,168.9,18.77,16,7,154.0,16.0,111.4,6.96,0.0,True
P0759,2010,88,Brandon Pettigrew,TE,DET,25,16,16,167.2,10.45,16,0,69.0,16.0,190.7,11.92,0.0,True
P0746,2010,89,Michael Crabtree,WR,SFO,23,16,15,165.1,10.32,16,0,72.0,15.0,186.0,12.4,1.0,True
P0362,2010,90,Jabar Gaffney,WR,DEN,30,16,11,164.5,10.28,16,0,70.0,16.0,190.7,11.92,0.0,True
P0103,2010,91,Hines Ward,WR,PIT,34,16,15,162.3,10.14,16,0,180.0,15.0,94.1,6.27,1.0,True
P0520,2010,92,Ben Watson,TE,CLE,30,16,16,162.2,10.14,16,0,188.0,13.0,90.0,6.92,3.0,True
P0787,2010,93,Danny Woodhead,RB,2TM,25,15,3,160.6,10.71,16,1,206.0,15.0,78.8,5.25,1.0,True
P0574,2010,94,Santonio Holmes,WR,NYJ,26,12,10,160.3,13.36,16,4,88.0,16.0,165.1,10.32,0.0,True
P0689,2010,95,Shaun Hill,QB,DET,30,11,10,159.7,14.52,16,5,,,,,,False
P0634,2010,96,Zach Miller,TE,OAK,25,15,15,158.5,10.57,16,1,,,,,,False
P0588,2010,97,Jason Campbell,QB,OAK,29,13,12,157.7,12.13,16,3,208.0,6.0,78.8,13.13,10.0,True
P0421,2010,98,Nate Burleson,WR,DET,29,14,14,157.6,11.26,16,2,84.0,16.0,173.2,10.82,0.0,True
P0099,2010,99,Jon Kitna,QB,DAL,38,10,9,157.3,15.73,16,6,,,,,,False
P0504,2010,100,Ronnie Brown,RB,MIA,29,16,16,156.6,9.79,16,0,,,,,,False
P0739,2010,101,Chad Henne,QB,MIA,25,15,14,155.2,10.35,16,1,244.0,4.0,59.9,14.98,12.0,True
P0788,2010,102,Rob Gronkowski,TE,NWE,21,16,11,154.6,9.66,16,0,9.0,16.0,330.9,20.68,0.0,True
P0789,2010,103,Jacob Tamme,TE,IND,25,16,8,154.1,9.63,16,0,,,,,,False
P0694,2010,104,Dustin Keller,TE,NYJ,26,16,13,153.7,9.61,16,0,83.0,16.0,174.5,10.91,0.0,True
P0543,2010,105,Mike Williams,WR,SEA,26,14,13,152.1,10.86,16,2,,,,,,False
P0702,2010,106,Michael Bush,RB,OAK,26,14,3,150.9,10.78,16,2,40.0,16.0,222.5,13.91,0.0,True
P0147,2010,107,Thomas Jones,RB,KAN,32,16,10,149.8,9.36,16,0,,,,,,False
P0278,2010,108,Matt Hasselbeck,QB,SEA,35,14,14,148.0,10.57,16,2,71.0,16.0,190.0,11.88,0.0,True
P0790,2010,109,Anthony Armstrong,WR,WAS,27,15,11,147.1,9.81,16,1,,,,,,False
P0791,2010,110,Dez Bryant,WR,DAL,22,12,2,147.1,12.26,16,4,53.0,15.0,206.3,13.75,1.0,True
P0629,2010,111,James Jones,WR,GNB,26,16,3,145.9,9.12,16,0,116.0,16.0,143.5,8.97,0.0,True
P0580,2010,112,Nate Washington,WR,TEN,27,16,16,145.9,9.12,16,0,37.0,16.0,224.8,14.05,0.0,True
P0555,2010,113,Brandon Jacobs,RB,NYG,28,16,5,145.2,9.07,16,0,127.0,14.0,134.9,9.64,2.0,True
P0609,2010,114,Malcom Floyd,WR,SDG,29,11,9,144.7,13.15,16,5,96.0,12.0,158.6,13.22,4.0,True
P0623,2010,115,Kevin Walter,WR,HOU,29,16,16,143.1,8.94,16,0,161.0,15.0,104.4,6.96,1.0,True
P0792,2010,116,Aaron Hernandez,TE,NWE,21,14,7,142.0,10.14,16,2,47.0,14.0,214.5,15.32,2.0,True
P0675,2010,117,Eddie Royal,WR,DEN,24,16,10,141.8,8.86,16,0,,,,,,False
P0669,2010,118,Darren Sproles,RB,SDG,27,16,3,141.7,8.86,16,0,18.0,16.0,277.3,17.33,0.0,True
P0503,2010,119,Cadillac Williams,RB,TAM,28,16,9,141.2,8.82,16,0,234.0,11.0,63.4,5.76,5.0,True
P0793,2010,120,Ryan Mathews,RB,SDG,23,12,9,140.3,11.69,16,4,31.0,14.0,236.6,16.9,2.0,True
P0727,2010,121,Mike Sims-Walker,WR,JAX,26,14,13,139.2,9.94,16,2,,,,,,False
P0713,2010,122,Robert Meachem,WR,NOR,26,16,7,139.2,8.7,16,0,118.0,16.0,139.8,8.74,0.0,True
P0794,2010,123,Ryan Torain,RB,WAS,24,10,8,138.7,13.87,16,6,,,,,,False
P0621,2010,124,Marshawn Lynch,RB,2TM,24,16,14,138.2,8.64,16,0,25.0,15.0,243.6,16.24,1.0,True
P0795,2010,125,LeGarrette Blount,RB,TAM,24,13,7,137.1,10.55,16,3,130.0,14.0,131.9,9.42,2.0,True
P0738,2010,126,Jason Snelling,RB,ATL,27,14,0,136.7,9.76,16,2,230.0,15.0,65.0,4.33,1.0,True
P0678,2010,127,Steve Breaston,WR,ARI,27,13,11,135.0,10.38,16,3,106.0,16.0,154.0,9.62,0.0,True
P0571,2010,128,Alex Smith,QB,SFO,26,11,10,134.8,12.25,16,5,48.0,16.0,211.7,13.23,0.0,True
P0687,2010,129,Devin Hester,WR,CHI,28,16,13,132.5,8.28,16,0,194.0,16.0,86.3,5.39,0.0,True
P0683,2010,130,Tim Hightower,RB,ARI,24,16,13,130.2,8.14,16,0,240.0,5.0,61.9,12.38,11.0,True
P0796,2010,131,Jordan Shipley,WR,CIN,25,15,4,130.0,8.67,16,1,,,,,,False
P0339,2010,132,Todd Heap,TE,BAL,30,13,13,129.9,9.99,16,3,247.0,10.0,58.3,5.83,6.0,True
P0766,2010,133,Brandon Gibson,WR,STL,23,14,12,129.8,9.27,16,2,193.0,15.0,86.7,5.78,1.0,True
P0198,2010,134,Donald Driver,WR,GNB,35,15,15,129.5,8.63,16,1,145.0,16.0,117.5,7.34,0.0,True
P0797,2010,135,Mike Goodson,RB,CAR,23,16,3,128.2,8.01,16,0,,,,,,False
P0747,2010,136,Jacoby Jones,WR,HOU,26,15,7,127.9,8.53,16,1,163.0,16.0,101.9,6.37,0.0,True
P0798,2010,137,Jacoby Ford,WR,OAK,23,16,9,125.5,7.84,16,0,243.0,8.0,60.0,7.5,8.0,True
P0712,2010,138,Josh Morgan,WR,SFO,25,16,11,125.5,7.84,16,0,,,,,,False
P0799,2010,139,Keiland Williams,RB,WAS,24,15,3,124.0,8.27,16,1,,,,,,False
P0800,2010,140,Jermaine Gresham,TE,CIN,22,15,10,123.1,8.21,16,1,110.0,14.0,149.6,10.69,2.0,True
P0730,2010,141,Justin Forsett,RB,SEA,25,16,5,122.5,7.66,16,0,,,,,,False
P0737,2010,142,Earl Bennett,WR,CHI,23,14,3,121.0,8.64,16,2,225.0,11.0,66.1,6.01,5.0,True
P0801,2010,143,Tony Moeaki,TE,KAN,23,15,15,120.6,8.04,16,1,,,,,,False
P0693,2010,144,Steve Smith,WR,NYG,25,9,7,118.9,13.21,16,7,,,,,,False
P0781,2010,145,Rashad Jennings,RB,JAX,25,13,3,118.2,9.09,16,3,,,,,,False
P0459,2010,146,Roy Williams,WR,DAL,29,15,9,118.0,7.87,16,1,165.0,15.0,99.7,6.65,1.0,True
P0714,2010,147,Brent Celek,TE,PHI,25,16,15,117.1,7.32,16,0,85.0,16.0,173.1,10.82,0.0,True
P0457,2010,148,Lee Evans,WR,BUF,29,13,13,116.8,8.98,16,3,,,,,,False
P0662,2010,149,Jason Avant,WR,PHI,27,16,3,116.3,7.27,16,0,136.0,16.0,123.9,7.74,0.0,True
P0748,2010,150,Louis Murphy,WR,OAK,23,14,9,116.2,8.3,16,2,,,,,,False
P0697,2010,151,Kevin Boss,TE,NYG,26,15,13,116.1,7.74,16,1,198.0,14.0,82.8,5.91,2.0,True
P0692,2010,152,Anthony Fasano,TE,MIA,26,15,15,115.8,7.72,16,1,159.0,15.0,107.1,7.14,1.0,True
P0039,2010,153,Ricky Williams,RB,MIA,33,16,0,114.4,7.15,16,0,212.0,16.0,73.7,4.61,0.0,True
P0776,2010,154,Shonn Greene,RB,NYJ,25,15,2,112.6,7.51,16,1,68.0,16.0,192.5,12.03,0.0,True
P0659,2010,155,Visanthe Shiancoe,TE,MIN,30,16,9,112.0,7.0,16,0,178.0,16.0,94.9,5.93,0.0,True
P0751,2010,156,Brian Hartline,WR,MIA,24,12,11,111.2,9.27,16,4,172.0,16.0,96.8,6.05,0.0,True
P0342,2010,157,Steve Smith Sr.,WR,CAR,31,14,14,110.3,7.88,16,2,23.0,16.0,264.0,16.5,0.0,True
P0772,2010,158,Joel Dreessen,TE,HOU,28,16,10,109.8,6.86,16,0,166.0,16.0,99.3,6.21,0.0,True
P0638,2010,159,Greg Olsen,TE,CHI,25,16,13,109.4,6.84,16,0,131.0,16.0,129.0,8.06,0.0,True
P0706,2010,160,Jordy Nelson,WR,GNB,25,16,4,109.2,6.82,16,0,15.0,16.0,284.3,17.77,0.0,True
P0802,2010,161,Ben Obomanu,WR,SEA,27,15,6,109.1,7.27,16,1,181.0,16.0,93.9,5.87,0.0,True
P0046,2010,162,Kerry Collins,QB,TEN,38,10,7,109.0,10.9,16,6,,,,,,False
P0803,2010,163,David Gettis,WR,CAR,23,15,13,106.0,7.07,16,1,,,,,,False
P0595,2010,164,Maurice Morris,RB,DET,31,14,7,105.6,7.54,16,2,183.0,16.0,92.6,5.79,0.0,True
P0684,2010,165,Jonathan Stewart,RB,CAR,23,14,7,105.3,7.52,16,2,65.0,16.0,194.4,12.15,0.0,True
P0517,2010,166,Michael Jenkins,WR,ATL,28,11,9,103.5,9.41,16,5,173.0,11.0,96.6,8.78,5.0,True
P0507,2010,167,Heath Miller,TE,PIT,28,14,14,103.2,7.37,16,2,134.0,16.0,124.7,7.79,0.0,True
P0563,2010,168,Joseph Addai,RB,IND,27,8,7,102.9,12.86,16,8,213.0,12.0,73.6,6.13,4.0,True
P0765,2010,169,Donald Brown,RB,IND,23,13,8,102.2,7.86,16,3,141.0,16.0,119.1,7.44,0.0,True
P0804,2010,170,Blair White,WR,IND,23,13,4,101.5,7.81,16,3,,,,,,False
P0805,2010,171,Brandon Tate,WR,NWE,23,16,10,101.4,6.34,16,0,,,,,,False
P0806,2010,172,Chris Ivory,RB,NOR,22,12,4,100.3,8.36,16,4,,,,,,False
P0341,2010,173,Jeremy Shockey,TE,NOR,30,13,11,99.8,7.68,16,3,160.0,15.0,104.5,6.97,1.0,True
P0749,2010,174,Mohamed Massaquoi,WR,CLE,24,15,14,99.2,6.61,16,1,199.0,14.0,81.4,5.81,2.0,True
P0807,2010,175,Deon Butler,WR,SEA,24,13,8,99.1,7.62,16,3,,,,,,False
P0569,2010,176,Tony Romo,QB,DAL,30,6,6,99.1,16.52,16,10,19.0,16.0,276.0,17.25,0.0,True
P0808,2010,177,Tim Tebow,QB,DEN,23,9,3,98.9,10.99,16,7,62.0,14.0,199.2,14.23,2.0,True
P0010,2010,178,Randy Moss,WR,3TM,33,16,11,97.3,6.08,16,0,,,,,,False
P0053,2010,179,Brett Favre,QB,MIN,41,13,13,97.2,7.48,16,3,,,,,,False
P0584,2010,180,Owen Daniels,TE,HOU,28,11,10,97.1,8.83,16,5,119.0,15.0,139.7,9.31,1.0,True
P0809,2010,181,Jimmy Graham,TE,NOR,24,15,5,96.9,6.46,16,1,13.0,16.0,294.0,18.38,0.0,True
P0810,2010,182,Brandon LaFell,WR,CAR,24,14,2,96.8,6.91,16,2,148.0,16.0,115.3,7.21,0.0,True
P0565,2010,183,Jerricho Cotchery,WR,NYJ,28,14,5,96.0,6.86,16,2,,,,,,False
P0405,2010,184,Brian Westbrook,RB,SFO,31,14,5,95.0,6.79,16,2,,,,,,False
P0811,2010,185,Marcel Reece,FB,OAK,25,16,10,92.5,5.78,16,0,209.0,12.0,78.3,6.52,4.0,True
P0771,2010,186,Daniel Fells,TE,STL,27,16,6,92.1,5.76,16,0,241.0,16.0,60.6,3.79,0.0,True
P0617,2010,187,Derek Anderson,QB,ARI,27,12,9,91.1,7.59,16,4,,,,,,False
P0812,2010,188,Colt McCoy,QB,CLE,24,8,8,90.9,11.36,16,8,95.0,13.0,161.0,12.38,3.0,True
P0532,2010,189,Bo Scaife,TE,TEN,29,14,13,89.8,6.41,16,2,,,,,,False
P0430,2010,190,Dallas Clark,TE,IND,31,6,6,89.7,14.95,16,10,204.0,11.0,79.2,7.2,5.0,True
P0453,2010,191,Willis McGahee,RB,BAL,29,15,2,89.5,5.97,16,1,91.0,15.0,163.0,10.87,1.0,True
P0813,2010,192,John Kuhn,FB,GNB,28,16,2,88.8,5.55,16,0,224.0,16.0,66.5,4.16,0.0,True
P0285,2010,193,Correll Buckhalter,RB,DEN,32,15,0,88.7,5.91,16,1,,,,,,False
P0567,2010,194,Vince Young,QB,TEN,27,9,8,88.7,9.86,16,7,,,,,,False
P0648,2010,195,Pierre Thomas,RB,NOR,26,6,3,88.0,14.67,16,10,75.0,16.0,182.7,11.42,0.0,True
P0365,2010,196,T.J. Houshmandzadeh,WR,BAL,33,16,2,87.8,5.49,16,0,,,,,,False
P0597,2010,197,Roscoe Parrish,WR,BUF,28,8,6,87.3,10.91,16,8,,,,,,False
P0534,2010,198,Devery Henderson,WR,NOR,28,16,11,87.2,5.45,16,0,174.0,16.0,95.2,5.95,0.0,True
P0599,2010,199,Tony Scheffler,TE,DET,27,15,4,86.8,5.79,16,1,167.0,15.0,99.2,6.61,1.0,True
P0542,2010,200,Patrick Crayton,WR,SDG,31,9,2,85.4,9.49,16,7,,,,,,False
P0814,2010,201,David Nelson,TE,BUF,24,15,3,84.3,5.62,16,1,101.0,16.0,156.8,9.8,0.0,True
P0815,2010,202,Arrelious Benn,WR,TAM,22,15,9,80.0,5.33,16,1,185.0,14.0,91.4,6.53,2.0,True
P0643,2010,203,Laurent Robinson,WR,STL,25,14,11,79.0,5.64,16,2,54.0,14.0,205.8,14.7,2.0,True
P0402,2010,204,Chester Taylor,RB,CHI,31,16,1,78.6,4.91,16,0,,,,,,False
P0816,2010,205,Brian Robiskie,WR,CLE,23,14,11,78.0,5.57,16,2,,,,,,False
P0705,2010,206,Chansi Stuckey,WR,CLE,27,16,5,77.5,4.84,16,0,,,,,,False
P0510,2010,207,Marion Barber III,RB,DAL,27,13,10,77.3,5.95,16,3,195.0,11.0,86.2,7.84,5.0,True
P0817,2010,208,Troy Smith,QB,SFO,26,6,6,77.1,12.85,16,10,,,,,,False
P0561,2010,209,Reggie Bush,RB,NOR,25,8,6,75.8,9.48,16,8,42.0,15.0,219.2,14.61,1.0,True
P0818,2010,210,Emmanuel Sanders,WR,PIT,23,13,1,75.6,5.82,16,3,235.0,11.0,63.4,5.76,5.0,True
P0819,2010,211,C.J. Spiller,RB,BUF,23,14,1,74.0,5.29,16,2,98.0,16.0,158.0,9.88,0.0,True
P0820,2010,212,Darrius Heyward-Bey,WR,OAK,23,15,14,71.4,4.76,16,1,74.0,15.0,183.5,12.23,1.0,True
P0821,2010,213,Jared Cook,TE,TEN,23,16,1,71.1,4.44,16,0,120.0,16.0,138.9,8.68,0.0,True
P0741,2010,214,Fred Davis,TE,WAS,24,16,9,70.6,4.41,16,0,104.0,12.0,154.6,12.88,4.0,True
P0822,2010,215,Toby Gerhart,RB,MIN,23,15,1,69.9,4.66,16,1,142.0,16.0,119.1,7.44,0.0,True
P0686,2010,216,John Carlson,TE,SEA,26,15,13,68.8,4.59,16,1,,,,,,False
P0628,2010,217,Derrick Ward,RB,HOU,30,16,0,68.6,4.29,16,0,,,,,,False
P0701,2010,218,Tashard Choice,RB,DAL,26,16,0,68.2,4.26,16,0,,,,,,False
P0297,2010,219,Brandon Stokley,WR,SEA,34,11,0,66.4,6.04,16,5,,,,,,False
P0511,2010,220,Mark Clayton,WR,STL,28,5,5,66.2,13.24,16,11,,,,,,False
P0775,2010,221,Legedu Naanee,WR,SDG,27,10,9,65.9,6.59,16,6,170.0,15.0,97.8,6.52,1.0,True
P0823,2010,222,Andre Roberts,WR,ARI,22,15,2,64.7,4.31,16,1,135.0,16.0,124.3,7.77,0.0,True
P0740,2010,223,Beanie Wells,RB,ARI,22,13,2,64.1,4.93,16,3,82.0,14.0,175.9,12.56,2.0,True
P0760,2010,224,David Thomas,TE,NOR,27,13,8,63.9,4.92,16,3,,,,,,False
P0753,2010,225,Josh Cribbs,WR,CLE,27,15,5,63.6,4.24,16,1,133.0,16.0,125.3,7.83,0.0,True
P0824,2010,226,Kevin Kolb,QB,PHI,26,7,5,62.4,8.91,16,9,168.0,9.0,98.7,10.97,7.0,True
P0383,2010,227,Ladell Betts,RB,NOR,31,8,1,62.1,7.76,16,8,,,,,,False
P0825,2010,228,Delanie Walker,TE,SFO,26,14,8,61.9,4.42,16,2,249.0,15.0,57.3,3.82,1.0,True
P0826,2010,229,Jerome Simpson,WR,CIN,24,5,3,61.9,12.38,16,11,113.0,16.0,146.5,9.16,0.0,True
P0827,2010,230,Early Doucet,WR,ARI,25,10,5,61.6,6.16,16,6,108.0,16.0,152.9,9.56,0.0,True
P0828,2010,231,Javarris James,RB,IND,23,10,0,60.5,6.05,16,6,,,,,,False
P0475,2010,232,Mewelde Moore,RB,PIT,28,15,0,60.4,4.03,16,1,,,,,,False
P0829,2010,233,Dexter McCluster,WR,KAN,21,11,7,59.0,5.36,16,5,123.0,16.0,136.4,8.52,0.0,True
P0711,2010,234,Martellus Bennett,TE,DAL,23,16,11,59.0,3.69,16,0,,,,,,False
P0645,2010,235,Brad Smith,WR,NYJ,27,16,2,58.5,3.66,16,0,226.0,15.0,65.7,4.38,1.0,True
P0830,2010,236,Demaryius Thomas,WR,DEN,23,10,2,58.4,5.84,16,6,153.0,11.0,111.6,10.15,5.0,True
P0768,2010,237,Dante Rosario,TE,CAR,26,16,6,58.2,3.64,16,0,,,,,,False
P0582,2010,238,Vincent Jackson,WR,SDG,27,5,5,58.2,11.64,16,11,34.0,16.0,229.7,14.36,0.0,True
P0831,2010,239,Jimmy Clausen,QB,CAR,23,13,10,58.0,4.46,16,3,,,,,,False
P0832,2010,240,Micheal Spurlock,WR,TAM,27,16,1,58.0,3.62,16,0,,,,,,False
P0717,2010,241,Jerome Harrison,RB,2TM,27,12,2,57.5,4.79,16,4,,,,,,False
P0750,2010,242,Andre Caldwell,WR,CIN,25,15,5,57.3,3.82,16,1,192.0,13.0,86.7,6.67,3.0,True
P0351,2010,243,Antwaan Randle El,WR,PIT,31,16,0,57.2,3.58,16,0,,,,,,False
P0577,2010,244,DeAngelo Williams,RB,CAR,27,6,6,57.2,9.53,16,10,103.0,16.0,155.1,9.69,0.0,True
P0735,2010,245,Jermichael Finley,TE,GNB,23,5,5,57.1,11.42,16,11,78.0,16.0,179.7,11.23,0.0,True
P0635,2010,246,Sidney Rice,WR,MIN,24,6,5,57.0,9.5,16,10,177.0,9.0,94.9,10.54,7.0,True
P0708,2010,247,Harry Douglas,WR,ATL,26,16,4,56.9,3.56,16,0,175.0,16.0,95.1,5.94,0.0,True
P0833,2010,248,Danario Alexander,WR,STL,24,8,2,56.6,7.08,16,8,201.0,10.0,81.1,8.11,6.0,True
P0834,2010,249,Drew Stanton,QB,DET,26,6,3,56.5,9.42,16,10,,,,,,False
P0835,2010,250,LaRod Stephens-Howling,RB,ARI,23,13,2,56.4,4.34,16,3,228.0,14.0,65.1,4.65,2.0,True
P0671,2011,1,Aaron Rodgers,QB,GNB,28,15,15,397.4,26.49,16,1,3.0,16.0,344.6,21.54,0.0,True
P0340,2011,2,Drew Brees,QB,NOR,32,16,16,393.6,24.6,16,0,2.0,16.0,345.6,21.6,0.0,True
P0698,2011,3,Ray Rice,RB,BAL,24,16,16,372.8,23.3,16,0,18.0,16.0,283.1,17.69,0.0,True
P0836,2011,4,Cam Newton,QB,CAR,22,16,16,370.3,23.14,16,0,7.0,16.0,323.5,20.22,0.0,True
P0260,2011,5,Tom Brady,QB,NWE,34,16,16,366.3,22.89,16,0,5.0,16.0,340.3,21.27,0.0,True
P0625,2011,6,Calvin Johnson,WR,DET,26,16,16,359.2,22.45,16,0,4.0,16.0,342.4,21.4,0.0,True
P0745,2011,7,Matthew Stafford,QB,DET,23,16,16,343.3,21.46,16,0,21.0,16.0,276.6,17.29,0.0,True
P0537,2011,8,Wes Welker,WR,NWE,30,16,15,335.9,20.99,16,0,17.0,16.0,289.4,18.09,0.0,True
P0788,2011,9,Rob Gronkowski,TE,NWE,22,16,16,330.9,20.68,16,0,64.0,11.0,198.0,18.0,5.0,True
P0732,2011,10,LeSean McCoy,RB,PHI,23,15,15,328.4,21.89,16,1,63.0,12.0,199.3,16.61,4.0,True
P0778,2011,11,Arian Foster,RB,HOU,25,13,13,305.1,23.47,16,3,12.0,16.0,302.1,18.88,0.0,True
P0560,2011,12,Maurice Jones-Drew,RB,JAX,26,16,16,305.0,19.06,16,0,208.0,6.0,76.0,12.67,10.0,True
P0809,2011,13,Jimmy Graham,TE,NOR,25,16,11,294.0,18.38,16,0,39.0,15.0,237.2,15.81,1.0,True
P0837,2011,14,Victor Cruz,WR,NYG,25,16,7,287.9,17.99,16,0,30.0,16.0,255.2,15.95,0.0,True
P0706,2011,15,Jordy Nelson,WR,GNB,26,16,9,284.3,17.77,16,0,92.0,12.0,167.5,13.96,4.0,True
P0499,2011,16,Eli Manning,QB,NYG,30,16,16,280.8,17.55,16,0,42.0,16.0,232.9,14.56,0.0,True
P0522,2011,17,Roddy White,WR,ATL,30,16,16,277.6,17.35,16,0,25.0,16.0,269.1,16.82,0.0,True
P0669,2011,18,Darren Sproles,RB,NOR,28,16,4,277.3,17.33,16,0,53.0,13.0,216.1,16.62,3.0,True
P0569,2011,19,Tony Romo,QB,DAL,31,16,16,276.0,17.25,16,0,19.0,16.0,279.9,17.49,0.0,True
P0679,2011,20,Matt Ryan,QB,ATL,26,16,16,273.5,17.09,16,0,11.0,16.0,304.9,19.06,0.0,True
P0458,2011,21,Larry Fitzgerald,WR,ARI,28,16,16,269.1,16.82,16,0,84.0,16.0,174.8,10.92,0.0,True
P0725,2011,22,Percy Harvin,WR,MIN,23,16,14,268.2,16.76,16,0,94.0,9.0,167.3,18.59,7.0,True
P0342,2011,23,Steve Smith Sr.,WR,CAR,32,16,16,264.0,16.5,16,0,54.0,16.0,215.1,13.44,0.0,True
P0566,2011,24,Philip Rivers,QB,SDG,30,16,16,254.6,15.91,16,0,57.0,16.0,208.2,13.01,0.0,True
P0621,2011,25,Marshawn Lynch,RB,SEA,25,15,15,243.6,16.24,16,1,23.0,16.0,269.6,16.85,0.0,True
P0734,2011,26,Mike Wallace,WR,PIT,25,16,14,243.0,15.19,16,0,67.0,15.0,194.3,12.95,1.0,True
P0564,2011,27,Marques Colston,WR,NOR,28,14,7,240.3,17.16,16,2,32.0,16.0,254.4,15.9,0.0,True
P0600,2011,28,Brandon Marshall,WR,MIA,27,16,16,237.7,14.86,16,0,6.0,16.0,334.6,20.91,0.0,True
P0742,2011,29,Mark Sanchez,QB,NYJ,25,16,16,237.3,14.83,16,0,148.0,15.0,118.1,7.87,1.0,True
P0731,2011,30,Hakeem Nicks,WR,NYG,23,15,15,237.2,15.81,16,1,121.0,13.0,140.2,10.78,3.0,True
P0793,2011,31,Ryan Mathews,RB,SDG,24,14,14,236.6,16.9,16,2,126.0,12.0,136.9,11.41,4.0,True
P0310,2011,32,Michael Vick,QB,PHI,31,13,13,233.0,17.92,16,3,107.0,10.0,151.7,15.17,6.0,True
P0553,2011,33,Michael Turner,RB,ATL,29,16,15,229.8,14.36,16,0,83.0,16.0,175.8,10.99,0.0,True
P0582,2011,34,Vincent Jackson,WR,SDG,28,16,16,229.7,14.36,16,0,28.0,16.0,260.4,16.27,0.0,True
P0620,2011,35,Dwayne Bowe,WR,KAN,27,16,14,228.1,14.26,16,0,104.0,13.0,155.1,11.93,3.0,True
P0673,2011,36,Chris Johnson,RB,TEN,26,16,16,225.5,14.09,16,0,56.0,16.0,211.5,13.22,0.0,True
P0580,2011,37,Nate Washington,WR,TEN,28,16,15,224.8,14.05,16,0,117.0,16.0,144.6,9.04,0.0,True
P0468,2011,38,Steven Jackson,RB,STL,28,15,15,223.8,14.92,16,1,62.0,16.0,200.6,12.54,0.0,True
P0559,2011,39,Ryan Fitzpatrick,QB,BUF,29,16,16,222.8,13.92,16,0,55.0,16.0,213.7,13.36,0.0,True
P0702,2011,40,Michael Bush,RB,OAK,27,16,9,222.5,13.91,16,0,187.0,13.0,86.4,6.65,3.0,True
P0670,2011,41,Matt Forte,RB,CHI,26,12,12,220.7,18.39,16,4,50.0,15.0,221.4,14.76,1.0,True
P0561,2011,42,Reggie Bush,RB,MIA,26,15,15,219.2,14.61,16,1,58.0,16.0,206.8,12.92,0.0,True
P0783,2011,43,Stevie Johnson,WR,BUF,25,16,16,218.4,13.65,16,0,52.0,16.0,217.6,13.6,0.0,True
P0838,2011,44,A.J. Green,WR,CIN,23,15,15,218.0,14.53,16,1,13.0,16.0,299.8,18.74,0.0,True
P0462,2011,45,Ben Roethlisberger,QB,PIT,29,15,15,216.1,14.41,16,1,49.0,13.0,223.8,17.22,3.0,True
P0578,2011,46,Greg Jennings,WR,GNB,28,13,13,215.9,16.61,16,3,178.0,8.0,96.6,12.08,8.0,True
P0792,2011,47,Aaron Hernandez,TE,NWE,22,14,12,214.5,15.32,16,2,136.0,10.0,129.8,12.98,6.0,True
P0571,2011,48,Alex Smith,QB,SFO,27,16,16,211.7,13.23,16,0,143.0,10.0,122.7,12.27,6.0,True
P0027,2011,49,Tony Gonzalez,TE,ATL,35,16,16,209.5,13.09,16,0,41.0,16.0,234.0,14.62,0.0,True
P0653,2011,50,Fred Jackson,RB,BUF,30,10,10,208.6,20.86,16,6,153.0,10.0,115.4,11.54,6.0,True
P0839,2011,51,Andy Dalton,QB,CIN,24,16,16,207.1,12.94,16,0,34.0,16.0,250.8,15.68,0.0,True
P0618,2011,52,Adrian Peterson,RB,MIN,26,12,12,206.9,17.24,16,4,1.0,16.0,347.4,21.71,0.0,True
P0791,2011,53,Dez Bryant,WR,DAL,23,15,13,206.3,13.75,16,1,14.0,16.0,299.7,18.73,0.0,True
P0643,2011,54,Laurent Robinson,WR,DAL,26,14,4,205.8,14.7,16,2,,,,,,False
P0754,2011,55,Josh Freeman,QB,TAM,23,15,15,205.1,13.67,16,1,36.0,16.0,248.5,15.53,0.0,True
P0764,2011,56,Mike Tolbert,RB,SDG,26,15,1,204.3,13.62,16,1,157.0,16.0,114.1,7.13,0.0,True
P0681,2011,57,Joe Flacco,QB,BAL,26,16,16,203.4,12.71,16,0,40.0,16.0,234.9,14.68,0.0,True
P0425,2011,58,Jason Witten,TE,DAL,29,16,16,203.2,12.7,16,0,43.0,16.0,231.9,14.49,0.0,True
P0840,2011,59,Antonio Brown,WR,PIT,23,16,3,201.9,12.62,16,0,88.0,13.0,171.1,13.16,3.0,True
P0841,2011,60,Julio Jones,WR,ATL,22,13,13,201.5,15.5,16,3,27.0,16.0,261.8,16.36,0.0,True
P0736,2011,61,Pierre Garcon,WR,IND,25,16,16,199.5,12.47,16,0,124.0,10.0,138.2,13.82,6.0,True
P0808,2011,62,Tim Tebow,QB,DEN,24,14,11,199.2,14.23,16,2,,,,,,False
P0451,2011,63,Brandon Lloyd,WR,2TM,30,15,14,196.6,13.11,16,1,65.0,16.0,195.1,12.19,0.0,True
P0308,2011,64,Reggie Wayne,WR,IND,33,16,16,195.0,12.19,16,0,26.0,16.0,269.0,16.81,0.0,True
P0684,2011,65,Jonathan Stewart,RB,CAR,24,16,3,194.4,12.15,16,0,202.0,9.0,78.3,8.7,7.0,True
P0516,2011,66,Frank Gore,RB,SFO,28,16,15,193.5,12.09,16,0,44.0,16.0,230.8,14.42,0.0,True
P0719,2011,67,Ahmad Bradshaw,RB,NYG,25,12,9,192.6,16.05,16,4,82.0,14.0,179.0,12.79,2.0,True
P0776,2011,68,Shonn Greene,RB,NYJ,26,16,15,192.5,12.03,16,0,72.0,16.0,186.4,11.65,0.0,True
P0759,2011,69,Brandon Pettigrew,TE,DET,26,16,16,190.7,11.92,16,0,137.0,14.0,129.7,9.26,2.0,True
P0362,2011,70,Jabar Gaffney,WR,WAS,31,16,15,190.7,11.92,16,0,,,,,,False
P0278,2011,71,Matt Hasselbeck,QB,TEN,36,16,16,190.0,11.88,16,0,207.0,8.0,76.5,9.56,8.0,True
P0746,2011,72,Michael Crabtree,WR,SFO,24,15,14,186.0,12.4,16,1,35.0,16.0,250.3,15.64,0.0,True
P0427,2011,73,Antonio Gates,TE,SDG,31,13,13,183.8,14.14,16,3,114.0,15.0,144.8,9.65,1.0,True
P0820,2011,74,Darrius Heyward-Bey,WR,OAK,24,15,14,183.5,12.23,16,1,130.0,15.0,133.2,8.88,1.0,True
P0648,2011,75,Pierre Thomas,RB,NOR,27,16,7,182.7,11.42,16,0,129.0,15.0,133.7,8.91,1.0,True
P0682,2011,76,DeSean Jackson,WR,PHI,25,15,15,182.2,12.15,16,1,141.0,11.0,126.3,11.48,5.0,True
P0842,2011,77,Torrey Smith,WR,BAL,22,16,14,180.0,11.25,16,0,78.0,16.0,183.4,11.46,0.0,True
P0735,2011,78,Jermichael Finley,TE,GNB,24,16,13,179.7,11.23,16,0,125.0,16.0,137.7,8.61,0.0,True
P0603,2011,79,Vernon Davis,TE,SFO,27,16,16,179.7,11.23,16,0,142.0,16.0,125.8,7.86,0.0,True
P0724,2011,80,Rashard Mendenhall,RB,PIT,24,15,15,178.2,11.88,16,1,,,,,,False
P0733,2011,81,Jeremy Maclin,WR,PHI,23,13,13,177.0,13.62,16,3,66.0,15.0,194.7,12.98,1.0,True
P0740,2011,82,Beanie Wells,RB,ARI,23,14,14,175.9,12.56,16,2,244.0,8.0,54.8,6.85,8.0,True
P0694,2011,83,Dustin Keller,TE,NYJ,27,16,12,174.5,10.91,16,0,213.0,8.0,71.7,8.96,8.0,True
P0421,2011,84,Nate Burleson,WR,DET,30,16,11,173.2,10.82,16,0,219.0,6.0,69.8,11.63,10.0,True
P0714,2011,85,Brent Celek,TE,PHI,26,16,16,173.1,10.82,16,0,139.0,15.0,129.4,8.63,1.0,True
P0646,2011,86,Lance Moore,WR,NOR,28,14,7,166.7,11.91,16,2,60.0,15.0,205.1,13.67,1.0,True
P0568,2011,87,Kellen Winslow,TE,TAM,28,16,15,165.3,10.33,16,0,,,,,,False
P0574,2011,88,Santonio Holmes,WR,NYJ,27,16,16,165.1,10.32,16,0,,,,,,False
P0843,2011,89,Roy Helu,RB,WAS,23,15,5,164.9,10.99,16,1,,,,,,False
P0403,2011,90,Anquan Boldin,WR,BAL,31,14,14,163.7,11.69,16,2,77.0,15.0,183.4,12.23,1.0,True
P0453,2011,91,Willis McGahee,RB,DEN,30,15,14,163.0,10.87,16,1,123.0,10.0,139.2,13.92,6.0,True
P0767,2011,92,Matt Moore,QB,MIA,27,13,12,162.4,12.49,16,3,,,,,,False
P0627,2011,93,Tarvaris Jackson,QB,SEA,28,15,14,162.4,10.83,16,1,,,,,,False
P0581,2011,94,Cedric Benson,RB,CIN,29,15,15,161.9,10.79,16,1,246.0,5.0,54.5,10.9,11.0,True
P0812,2011,95,Colt McCoy,QB,CLE,25,13,13,161.0,12.38,16,3,,,,,,False
P0609,2011,96,Malcom Floyd,WR,SDG,30,12,9,158.6,13.22,16,4,93.0,14.0,167.4,11.96,2.0,True
P0633,2011,97,Matt Schaub,QB,HOU,30,10,10,158.1,15.81,16,6,47.0,16.0,225.8,14.11,0.0,True
P0819,2011,98,C.J. Spiller,RB,BUF,24,16,11,158.0,9.88,16,0,29.0,16.0,255.3,15.96,0.0,True
P0715,2011,99,BenJarvus Green-Ellis,RB,NWE,26,16,6,157.6,9.85,16,0,86.0,15.0,173.8,11.59,1.0,True
P0844,2011,100,Eric Decker,WR,DEN,24,16,13,157.3,9.83,16,0,24.0,16.0,269.4,16.84,0.0,True
P0814,2011,101,David Nelson,TE,BUF,25,16,13,156.8,9.8,16,0,,,,,,False
P0784,2011,102,Mike Williams,WR,TAM,24,16,15,156.4,9.78,16,0,51.0,16.0,217.7,13.61,0.0,True
P0577,2011,103,DeAngelo Williams,RB,CAR,28,16,14,155.1,9.69,16,0,118.0,16.0,143.4,8.96,0.0,True
P0741,2011,104,Fred Davis,TE,WAS,25,12,12,154.6,12.88,16,4,241.0,7.0,56.6,8.09,9.0,True
P0224,2011,105,Plaxico Burress,WR,NYJ,34,16,13,154.2,9.64,16,0,,,,,,False
P0678,2011,106,Steve Breaston,WR,KAN,28,16,13,154.0,9.62,16,0,,,,,,False
P0845,2011,107,Doug Baldwin,WR,SEA,23,16,1,153.6,9.6,16,0,194.0,14.0,83.6,5.97,2.0,True
P0827,2011,108,Early Doucet,WR,ARI,26,16,6,152.9,9.56,16,0,,,,,,False
P0360,2011,109,Deion Branch,WR,NWE,32,15,15,151.2,10.08,16,1,,,,,,False
P0800,2011,110,Jermaine Gresham,TE,CIN,23,14,13,149.6,10.69,16,2,96.0,16.0,165.7,10.36,0.0,True
P0570,2011,111,Rex Grossman,QB,WAS,31,13,13,149.1,11.47,16,3,,,,,,False
P0846,2011,112,Titus Young,WR,DET,22,16,9,148.2,9.26,16,0,177.0,10.0,96.9,9.69,6.0,True
P0826,2011,113,Jerome Simpson,WR,CIN,25,16,14,146.5,9.16,16,0,,,,,,False
P0847,2011,114,DeMarco Murray,RB,DAL,23,13,7,146.0,11.23,16,3,112.0,10.0,146.4,14.64,6.0,True
P0848,2011,115,Greg Little,WR,CLE,22,16,12,145.4,9.09,16,0,119.0,16.0,143.2,8.95,0.0,True
P0629,2011,116,James Jones,WR,GNB,27,16,0,143.5,8.97,16,0,46.0,16.0,226.4,14.15,0.0,True
P0718,2011,117,Miles Austin,WR,DAL,27,10,10,143.2,14.32,16,6,68.0,16.0,194.3,12.14,0.0,True
P0713,2011,118,Robert Meachem,WR,NOR,27,16,8,139.8,8.74,16,0,,,,,,False
P0584,2011,119,Owen Daniels,TE,HOU,29,15,15,139.7,9.31,16,1,90.0,15.0,169.6,11.31,1.0,True
P0821,2011,120,Jared Cook,TE,TEN,24,16,5,138.9,8.68,16,0,147.0,13.0,118.3,9.1,3.0,True
P0849,2011,121,Denarius Moore,WR,OAK,23,13,10,136.9,10.53,16,3,95.0,15.0,166.6,11.11,1.0,True
P0850,2011,122,Ed Dickson,TE,BAL,24,16,16,136.8,8.55,16,0,,,,,,False
P0829,2011,123,Dexter McCluster,WR,KAN,22,16,4,136.4,8.52,16,0,168.0,16.0,106.2,6.64,0.0,True
P0601,2011,124,Jay Cutler,QB,CHI,28,10,10,136.3,13.63,16,6,75.0,15.0,184.6,12.31,1.0,True
P0464,2011,125,Carson Palmer,QB,OAK,32,10,9,136.1,13.61,16,6,48.0,15.0,224.3,14.95,1.0,True
P0851,2011,126,Ben Tate,RB,HOU,23,15,2,135.0,9.0,16,1,250.0,11.0,53.8,4.89,5.0,True
P0555,2011,127,Brandon Jacobs,RB,NYG,29,14,6,134.9,9.64,16,2,,,,,,False
P0852,2011,128,Damian Williams,WR,TEN,23,15,13,134.2,8.95,16,1,234.0,13.0,62.4,4.8,3.0,True
P0251,2011,129,LaDainian Tomlinson,RB,NYJ,32,14,1,132.9,9.49,16,2,,,,,,False
P0795,2011,130,LeGarrette Blount,RB,TAM,25,14,14,131.9,9.42,16,2,,,,,,False
P0638,2011,131,Greg Olsen,TE,CAR,26,16,13,129.0,8.06,16,0,79.0,16.0,183.3,11.46,0.0,True
P0356,2011,132,Santana Moss,WR,WAS,32,12,12,128.4,10.7,16,4,113.0,16.0,145.7,9.11,0.0,True
P0753,2011,133,Josh Cribbs,WR,CLE,28,16,7,125.3,7.83,16,0,,,,,,False
P0507,2011,134,Heath Miller,TE,PIT,29,16,16,124.7,7.79,16,0,61.0,15.0,202.6,13.51,1.0,True
P0823,2011,135,Andre Roberts,WR,ARI,23,16,16,124.3,7.77,16,0,87.0,15.0,172.8,11.52,1.0,True
P0662,2011,136,Jason Avant,WR,PHI,28,16,7,123.9,7.74,16,0,149.0,14.0,117.8,8.41,2.0,True
P0690,2011,137,Darren McFadden,RB,OAK,24,7,7,123.8,17.69,16,9,106.0,12.0,152.5,12.71,4.0,True
P0853,2011,138,Jake Ballard,TE,NYG,24,14,13,122.4,8.74,16,2,,,,,,False
P0743,2011,139,Johnny Knox,WR,CHI,25,14,11,119.7,8.55,16,2,,,,,,False
P0696,2011,140,Davone Bess,WR,MIA,26,16,4,119.6,7.48,16,0,116.0,13.0,144.8,11.14,3.0,True
P0765,2011,141,Donald Brown,RB,IND,24,16,2,119.1,7.44,16,0,221.0,10.0,68.0,6.8,6.0,True
P0822,2011,142,Toby Gerhart,RB,MIN,24,16,5,119.1,7.44,16,0,247.0,16.0,54.4,3.4,0.0,True
P0854,2011,143,Christian Ponder,QB,MIN,23,11,10,118.0,10.73,16,5,69.0,16.0,194.2,12.14,0.0,True
P0622,2011,144,Ryan Grant,RB,GNB,29,15,14,117.7,7.85,16,1,,,,,,False
P0198,2011,145,Donald Driver,WR,GNB,36,16,15,117.5,7.34,16,0,,,,,,False
P0855,2011,146,Blaine Gabbert,QB,JAX,22,15,14,116.4,7.76,16,1,180.0,10.0,94.1,9.41,6.0,True
P0677,2011,147,Kevin Smith,RB,DET,25,7,4,115.5,16.5,16,9,,,,,,False
P0810,2011,148,Brandon LaFell,WR,CAR,25,16,6,115.3,7.21,16,0,122.0,14.0,139.2,9.94,2.0,True
P0729,2011,149,Mario Manningham,WR,NYG,25,12,10,115.3,9.61,16,4,175.0,12.0,97.3,8.11,4.0,True
P0721,2011,150,Felix Jones,RB,DAL,24,12,8,114.6,9.55,16,4,150.0,16.0,117.4,7.34,0.0,True
P0785,2011,151,Jahvid Best,RB,DET,22,6,6,112.7,18.78,16,10,,,,,,False
P0856,2011,152,James Starks,RB,GNB,25,13,2,112.4,8.65,16,3,,,,,,False
P0830,2011,153,Demaryius Thomas,WR,DEN,24,11,5,111.6,10.15,16,5,16.0,16.0,291.4,18.21,0.0,True
P0728,2011,154,Austin Collie,WR,IND,26,16,5,111.4,6.96,16,0,,,,,,False
P0857,2011,155,Preston Parker,WR,TAM,24,16,0,111.1,6.94,16,0,,,,,,False
P0858,2011,156,Scott Chandler,TE,BUF,26,14,9,110.9,7.92,16,2,128.0,15.0,134.1,8.94,1.0,True
P0859,2011,157,Dezmon Briscoe,WR,TAM,22,16,2,109.7,6.86,16,0,,,,,,False
P0699,2011,158,Peyton Hillis,RB,CLE,25,10,9,109.7,10.97,16,6,,,,,,False
P0692,2011,159,Anthony Fasano,TE,MIA,27,15,15,107.1,7.14,16,1,167.0,16.0,106.2,6.64,0.0,True
P0341,2011,160,Jeremy Shockey,TE,CAR,31,15,13,104.5,6.97,16,1,,,,,,False
P0623,2011,161,Kevin Walter,WR,HOU,30,15,14,104.4,6.96,16,1,169.0,16.0,104.8,6.55,0.0,True
P0860,2011,162,John Skelton,QB,ARI,23,8,7,103.3,12.91,16,8,,,,,,False
P0747,2011,163,Jacoby Jones,WR,HOU,27,16,10,101.9,6.37,16,0,179.0,16.0,95.2,5.95,0.0,True
P0861,2011,164,Lavelle Hawkins,WR,TEN,25,16,2,100.0,6.25,16,0,,,,,,False
P0459,2011,165,Roy Williams,WR,CHI,30,15,9,99.7,6.65,16,1,,,,,,False
P0772,2011,166,Joel Dreessen,TE,HOU,29,16,10,99.3,6.21,16,0,166.0,16.0,106.6,6.66,0.0,True
P0599,2011,167,Tony Scheffler,TE,DET,28,15,5,99.2,6.61,16,1,174.0,15.0,98.4,6.56,1.0,True
P0824,2011,168,Kevin Kolb,QB,ARI,27,9,9,98.7,10.97,16,7,191.0,6.0,84.8,14.13,10.0,True
P0862,2011,169,Dennis Pitta,TE,BAL,26,16,2,98.5,6.16,16,0,89.0,16.0,169.9,10.62,0.0,True
P0775,2011,170,Legedu Naanee,WR,CAR,28,15,10,97.8,6.52,16,1,,,,,,False
P0674,2011,171,Matt Cassel,QB,KAN,29,9,9,97.0,10.78,16,7,203.0,9.0,78.3,8.7,7.0,True
P0751,2011,172,Brian Hartline,WR,MIA,25,16,10,96.8,6.05,16,0,73.0,16.0,186.3,11.64,0.0,True
P0517,2011,173,Michael Jenkins,WR,MIN,29,11,7,96.6,8.78,16,5,176.0,16.0,96.9,6.06,0.0,True
P0534,2011,174,Devery Henderson,WR,NOR,29,16,13,95.2,5.95,16,0,239.0,15.0,60.9,4.06,1.0,True
P0708,2011,175,Harry Douglas,WR,ATL,27,16,4,95.1,5.94,16,0,193.0,15.0,83.9,5.59,1.0,True
P0406,2011,176,Andre Johnson,WR,HOU,30,7,7,95.0,13.57,16,9,15.0,16.0,295.8,18.49,0.0,True
P0635,2011,177,Sidney Rice,WR,SEA,25,9,9,94.9,10.54,16,7,91.0,16.0,168.4,10.52,0.0,True
P0659,2011,178,Visanthe Shiancoe,TE,MIN,31,16,14,94.9,5.93,16,0,,,,,,False
P0863,2011,179,Kendall Hunter,RB,SFO,23,16,1,94.8,5.92,16,0,235.0,11.0,62.1,5.65,5.0,True
P0103,2011,180,Hines Ward,WR,PIT,35,15,9,94.1,6.27,16,1,,,,,,False
P0802,2011,181,Ben Obomanu,WR,SEA,28,16,7,93.9,5.87,16,0,,,,,,False
P0864,2011,182,Golden Tate,WR,SEA,23,16,5,92.6,5.79,16,0,98.0,15.0,160.7,10.71,1.0,True
P0595,2011,183,Maurice Morris,RB,DET,32,16,5,92.6,5.79,16,0,,,,,,False
P0752,2011,184,Mike Thomas,WR,JAX,24,15,13,92.6,6.17,16,1,,,,,,False
P0815,2011,185,Arrelious Benn,WR,TAM,23,14,14,91.4,6.53,16,2,,,,,,False
P0865,2011,186,Mark Ingram,RB,NOR,22,10,4,91.0,9.1,16,6,171.0,16.0,99.1,6.19,0.0,True
P0866,2011,187,Evan Moore,TE,CLE,26,16,4,90.4,5.65,16,0,,,,,,False
P0520,2011,188,Ben Watson,TE,CLE,31,13,11,90.0,6.92,16,3,151.0,16.0,117.1,7.32,0.0,True
P0786,2011,189,Sam Bradford,QB,STL,24,10,10,89.2,8.92,16,6,45.0,16.0,230.5,14.41,0.0,True
P0867,2011,190,Isaac Redman,RB,PIT,27,16,1,87.7,5.48,16,0,183.0,14.0,90.4,6.46,2.0,True
P0868,2011,191,Jackie Battle,RB,KAN,28,15,4,87.5,5.83,16,1,198.0,16.0,80.9,5.06,0.0,True
P0750,2011,192,Andre Caldwell,WR,CIN,26,13,2,86.7,6.67,16,3,,,,,,False
P0766,2011,193,Brandon Gibson,WR,STL,24,15,9,86.7,5.78,16,1,108.0,16.0,150.1,9.38,0.0,True
P0687,2011,194,Devin Hester,WR,CHI,29,16,8,86.3,5.39,16,0,,,,,,False
P0510,2011,195,Marion Barber III,RB,CHI,28,11,1,86.2,7.84,16,5,,,,,,False
P0530,2011,196,Kyle Orton,QB,2TM,29,9,8,85.6,9.51,16,7,,,,,,False
P0642,2011,197,Marcedes Lewis,TE,JAX,27,15,15,85.0,5.67,16,1,135.0,16.0,130.0,8.12,0.0,True
P0697,2011,198,Kevin Boss,TE,OAK,27,14,11,82.8,5.91,16,2,,,,,,False
P0749,2011,199,Mohamed Massaquoi,WR,CLE,25,14,13,81.4,5.81,16,2,,,,,,False
P0869,2011,200,Daniel Thomas,RB,MIA,24,13,2,81.3,6.25,16,3,195.0,12.0,83.1,6.92,4.0,True
P0833,2011,201,Danario Alexander,WR,STL,25,10,5,81.1,8.11,16,6,115.0,10.0,144.8,14.48,6.0,True
P0870,2011,202,Kregg Lumpkin,RB,TAM,27,16,0,80.6,5.04,16,0,,,,,,False
P0709,2011,203,Jason Hill,WR,JAX,26,10,10,79.7,7.97,16,6,,,,,,False
P0430,2011,204,Dallas Clark,TE,IND,32,11,10,79.2,7.2,16,5,155.0,16.0,114.5,7.16,0.0,True
P0871,2011,205,Lance Ball,RB,DEN,26,16,0,79.0,4.94,16,0,,,,,,False
P0787,2011,206,Danny Woodhead,RB,NWE,26,15,4,78.8,5.25,16,1,102.0,16.0,156.7,9.79,0.0,True
P0758,2011,207,Devin Aromashodu,WR,MIN,27,16,6,78.8,4.92,16,0,,,,,,False
P0588,2011,208,Jason Campbell,QB,OAK,30,6,6,78.8,13.13,16,10,,,,,,False
P0811,2011,209,Marcel Reece,FB,OAK,26,12,6,78.3,6.52,16,4,127.0,16.0,134.7,8.42,0.0,True
P0872,2011,210,Chris Ogbonnaya,RB,2TM,25,13,4,77.5,5.96,16,3,,,,,,False
P0873,2011,211,Randall Cobb,WR,GNB,21,15,0,75.0,5.0,16,1,37.0,15.0,240.6,16.04,1.0,True
P0039,2011,212,Ricky Williams,RB,BAL,34,16,0,73.7,4.61,16,0,,,,,,False
P0563,2011,213,Joseph Addai,RB,IND,28,12,11,73.6,6.13,16,4,,,,,,False
P0874,2011,214,Bernard Scott,RB,CIN,27,16,1,72.8,4.55,16,0,,,,,,False
P0875,2011,215,Curtis Painter,QB,IND,26,9,8,72.3,8.03,16,7,,,,,,False
P0876,2011,216,Dane Sanzenbacher,WR,CHI,23,16,1,72.2,4.51,16,0,,,,,,False
P0637,2011,217,Jeff King,TE,ARI,28,16,10,72.1,4.51,16,0,,,,,,False
P0877,2011,218,Jacquizz Rodgers,RB,ATL,21,16,0,70.3,4.39,16,0,120.0,16.0,141.4,8.84,0.0,True
P0878,2011,219,Kahlil Bell,RB,CHI,25,13,3,70.0,5.38,16,3,,,,,,False
P0879,2011,220,Javon Ringer,RB,TEN,24,12,0,69.2,5.77,16,4,,,,,,False
P0880,2011,221,Kyle Rudolph,TE,MIN,22,15,8,68.9,4.59,16,1,100.0,16.0,158.3,9.89,0.0,True
P0881,2011,222,Jeremy Kerley,WR,NYJ,23,14,1,68.8,4.91,16,2,105.0,16.0,153.2,9.57,0.0,True
P0882,2011,223,Kellen Davis,TE,CHI,26,16,15,68.6,4.29,16,0,,,,,,False
P0813,2011,224,John Kuhn,FB,GNB,29,16,3,66.5,4.16,16,0,,,,,,False
P0737,2011,225,Earl Bennett,WR,CHI,24,11,4,66.1,6.01,16,5,201.0,12.0,78.5,6.54,4.0,True
P0645,2011,226,Brad Smith,WR,BUF,28,15,5,65.7,4.38,16,1,233.0,15.0,62.8,4.19,1.0,True
P0883,2011,227,Kyle Williams,WR,SFO,23,13,1,65.3,5.02,16,3,,,,,,False
P0835,2011,228,LaRod Stephens-Howling,RB,ARI,24,14,1,65.1,4.65,16,2,185.0,14.0,87.2,6.23,2.0,True
P0346,2011,229,Donte' Stallworth,WR,WAS,31,11,0,65.0,5.91,16,5,,,,,,False
P0738,2011,230,Jason Snelling,RB,ATL,28,15,0,65.0,4.33,16,1,237.0,16.0,61.6,3.85,0.0,True
P0018,2011,231,Donovan McNabb,QB,MIN,35,6,6,64.9,10.82,16,10,,,,,,False
P0884,2011,232,Danny Ware,RB,NYG,26,16,1,64.3,4.02,16,0,,,,,,False
P0885,2011,233,Vincent Brown,WR,SDG,22,14,4,63.9,4.56,16,2,,,,,,False
P0503,2011,234,Cadillac Williams,RB,STL,29,11,1,63.4,5.76,16,5,,,,,,False
P0818,2011,235,Emmanuel Sanders,WR,PIT,24,11,0,63.4,5.76,16,5,163.0,16.0,109.0,6.81,0.0,True
P0619,2011,236,Earnest Graham,RB,TAM,31,7,2,62.9,8.99,16,9,,,,,,False
P0886,2011,237,Jarett Dillard,WR,JAX,26,14,5,62.2,4.44,16,2,,,,,,False
P0722,2011,238,Chaz Schilens,WR,OAK,26,15,5,62.1,4.14,16,1,222.0,15.0,66.9,4.46,1.0,True
P0744,2011,239,Kenny Britt,WR,TEN,23,3,3,61.9,20.63,16,13,140.0,14.0,127.9,9.14,2.0,True
P0683,2011,240,Tim Hightower,RB,WAS,25,5,5,61.9,12.38,16,11,,,,,,False
P0771,2011,241,Daniel Fells,TE,DEN,28,16,15,60.6,3.79,16,0,,,,,,False
P0887,2011,242,Lance Kendricks,TE,STL,23,15,10,60.4,4.03,16,1,144.0,16.0,119.9,7.49,0.0,True
P0798,2011,243,Jacoby Ford,WR,OAK,24,8,3,60.0,7.5,16,8,,,,,,False
P0739,2011,244,Chad Henne,QB,MIA,26,4,4,59.9,14.98,16,12,156.0,10.0,114.2,11.42,6.0,True
P0640,2011,245,Ted Ginn Jr.,WR,SFO,26,14,3,59.8,4.27,16,2,,,,,,False
P0704,2011,246,Dan Orlovsky,QB,IND,28,8,5,58.5,7.31,16,8,,,,,,False
P0339,2011,247,Todd Heap,TE,ARI,31,10,4,58.3,5.83,16,6,,,,,,False
P0888,2011,248,Charles Clay,TE,MIA,22,14,9,57.3,4.09,16,2,,,,,,False
P0825,2011,249,Delanie Walker,FB,SFO,27,15,7,57.3,3.82,16,1,214.0,16.0,71.4,4.46,0.0,True
P0357,2011,250,Randy McMichael,TE,SDG,32,16,14,57.1,3.57,16,0,,,,,,False
P0618,2012,1,Adrian Peterson,RB,MIN,27,16,16,347.4,21.71,16,0,45.0,14.0,232.7,16.62,2.0,True
P0340,2012,2,Drew Brees,QB,NOR,33,16,16,345.6,21.6,16,0,3.0,16.0,357.7,22.36,0.0,True
P0671,2012,3,Aaron Rodgers,QB,GNB,29,16,16,344.6,21.54,16,0,89.0,9.0,169.4,18.82,7.0,True
P0625,2012,4,Calvin Johnson,WR,DET,27,16,16,342.4,21.4,16,0,12.0,14.0,303.2,21.66,2.0,True
P0260,2012,5,Tom Brady,QB,NWE,35,16,16,340.3,21.27,16,0,35.0,16.0,251.5,15.72,0.0,True
P0600,2012,6,Brandon Marshall,WR,CHI,28,16,16,334.6,20.91,16,0,10.0,16.0,305.5,19.09,0.0,True
P0836,2012,7,Cam Newton,QB,CAR,23,16,16,323.5,20.22,16,0,13.0,16.0,297.7,18.61,0.0,True
P0889,2012,8,Robert Griffin III,QB,WAS,22,15,15,317.5,21.17,16,1,57.0,13.0,213.0,16.38,3.0,True
P0890,2012,9,Doug Martin,RB,TAM,23,16,16,311.6,19.48,16,0,236.0,6.0,68.2,11.37,10.0,True
P0015,2012,10,Peyton Manning,QB,DEN,36,16,16,311.0,19.44,16,0,1.0,16.0,410.0,25.62,0.0,True
P0679,2012,11,Matt Ryan,QB,ATL,27,16,16,304.9,19.06,16,0,36.0,16.0,248.1,15.51,0.0,True
P0778,2012,12,Arian Foster,RB,HOU,26,16,16,302.1,18.88,16,0,162.0,8.0,108.5,13.56,8.0,True
P0838,2012,13,A.J. Green,WR,CIN,24,16,16,299.8,18.74,16,0,9.0,16.0,306.6,19.16,0.0,True
P0791,2012,14,Dez Bryant,WR,DAL,24,16,14,299.7,18.73,16,0,16.0,16.0,292.4,18.27,0.0,True
P0406,2012,15,Andre Johnson,WR,HOU,31,16,16,295.8,18.49,16,0,21.0,16.0,279.7,17.48,0.0,True
P0830,2012,16,Demaryius Thomas,WR,DEN,25,16,16,291.4,18.21,16,0,6.0,16.0,319.0,19.94,0.0,True
P0537,2012,17,Wes Welker,WR,NWE,31,16,12,289.4,18.09,16,0,61.0,13.0,208.8,16.06,3.0,True
P0698,2012,18,Ray Rice,RB,BAL,25,16,16,283.1,17.69,16,0,83.0,15.0,178.1,11.87,1.0,True
P0569,2012,19,Tony Romo,QB,DAL,32,16,16,279.9,17.49,16,0,29.0,15.0,260.9,17.39,1.0,True
P0891,2012,20,Russell Wilson,QB,SEA,24,16,16,277.6,17.35,16,0,25.0,16.0,270.2,16.89,0.0,True
P0745,2012,21,Matthew Stafford,QB,DET,24,16,16,276.6,17.29,16,0,22.0,16.0,278.9,17.43,0.0,True
P0892,2012,22,Andrew Luck,QB,IND,23,16,16,276.5,17.28,16,0,15.0,16.0,292.6,18.29,0.0,True
P0621,2012,23,Marshawn Lynch,RB,SEA,26,16,15,269.6,16.85,16,0,24.0,16.0,275.3,17.21,0.0,True
P0844,2012,24,Eric Decker,WR,DEN,25,16,15,269.4,16.84,16,0,20.0,16.0,279.8,17.49,0.0,True
P0522,2012,25,Roddy White,WR,ATL,31,16,15,269.1,16.82,16,0,109.0,13.0,150.1,11.55,3.0,True
P0308,2012,26,Reggie Wayne,WR,IND,34,16,15,269.0,16.81,16,0,173.0,7.0,102.8,14.69,9.0,True
P0841,2012,27,Julio Jones,WR,ATL,23,16,15,261.8,16.36,16,0,161.0,5.0,109.7,21.94,11.0,True
P0582,2012,28,Vincent Jackson,WR,TAM,29,16,16,260.4,16.27,16,0,39.0,16.0,242.4,15.15,0.0,True
P0819,2012,29,C.J. Spiller,RB,BUF,25,16,9,255.3,15.96,16,0,105.0,15.0,154.8,10.32,1.0,True
P0837,2012,30,Victor Cruz,WR,NYG,26,16,16,255.2,15.95,16,0,70.0,14.0,194.8,13.91,2.0,True
P0893,2012,31,Trent Richardson,RB,CLE,22,15,15,254.7,16.98,16,1,117.0,16.0,144.9,9.06,0.0,True
P0564,2012,32,Marques Colston,WR,NOR,29,16,13,254.4,15.9,16,0,67.0,15.0,199.3,13.29,1.0,True
P0894,2012,33,Alfred Morris,RB,WAS,24,16,16,252.0,15.75,16,0,82.0,16.0,178.3,11.14,0.0,True
P0839,2012,34,Andy Dalton,QB,CIN,25,16,16,250.8,15.68,16,0,17.0,16.0,288.0,18.0,0.0,True
P0746,2012,35,Michael Crabtree,WR,SFO,25,16,16,250.3,15.64,16,0,,,,,,False
P0754,2012,36,Josh Freeman,QB,TAM,24,16,16,248.5,15.53,16,0,,,,,,False
P0873,2012,37,Randall Cobb,WR,GNB,22,15,8,240.6,16.04,16,1,168.0,6.0,106.1,17.68,10.0,True
P0703,2012,38,Jamaal Charles,RB,KAN,26,16,15,239.5,14.97,16,0,2.0,15.0,378.0,25.2,1.0,True
P0809,2012,39,Jimmy Graham,TE,NOR,26,15,9,237.2,15.81,16,1,11.0,16.0,303.5,18.97,0.0,True
P0681,2012,40,Joe Flacco,QB,BAL,27,16,16,234.9,14.68,16,0,62.0,16.0,207.6,12.98,0.0,True
P0027,2012,41,Tony Gonzalez,TE,ATL,36,16,16,234.0,14.62,16,0,50.0,16.0,218.9,13.68,0.0,True
P0499,2012,42,Eli Manning,QB,NYG,31,16,16,232.9,14.56,16,0,88.0,16.0,170.3,10.64,0.0,True
P0425,2012,43,Jason Witten,TE,DAL,30,16,16,231.9,14.49,16,0,63.0,16.0,206.1,12.88,0.0,True
P0516,2012,44,Frank Gore,RB,SFO,29,16,16,230.8,14.42,16,0,72.0,16.0,190.9,11.93,0.0,True
P0786,2012,45,Sam Bradford,QB,STL,25,16,16,230.5,14.41,16,0,149.0,7.0,118.6,16.94,9.0,True
P0629,2012,46,James Jones,WR,GNB,28,16,16,226.4,14.15,16,0,104.0,14.0,156.7,11.19,2.0,True
P0633,2012,47,Matt Schaub,QB,HOU,31,16,16,225.8,14.11,16,0,170.0,10.0,104.8,10.48,6.0,True
P0464,2012,48,Carson Palmer,QB,OAK,33,15,15,224.3,14.95,16,1,51.0,16.0,217.3,13.58,0.0,True
P0462,2012,49,Ben Roethlisberger,QB,PIT,30,13,13,223.8,17.22,16,3,31.0,16.0,258.8,16.18,0.0,True
P0670,2012,50,Matt Forte,RB,CHI,27,15,15,221.4,14.76,16,1,4.0,16.0,337.3,21.08,0.0,True
P0784,2012,51,Mike Williams,WR,TAM,25,16,16,217.7,13.61,16,0,,,,,,False
P0783,2012,52,Stevie Johnson,WR,BUF,26,16,16,217.6,13.6,16,0,133.0,12.0,130.7,10.89,4.0,True
P0669,2012,53,Darren Sproles,RB,NOR,29,13,6,216.1,16.62,16,3,85.0,15.0,173.4,11.56,1.0,True
P0342,2012,54,Steve Smith Sr.,WR,CAR,33,16,16,215.1,13.44,16,0,97.0,15.0,162.5,10.83,1.0,True
P0559,2012,55,Ryan Fitzpatrick,QB,BUF,30,16,16,213.7,13.36,16,0,93.0,11.0,167.7,15.25,5.0,True
P0673,2012,56,Chris Johnson,RB,TEN,27,16,15,211.5,13.22,16,0,40.0,16.0,240.2,15.01,0.0,True
P0566,2012,57,Philip Rivers,QB,SDG,31,16,16,208.2,13.01,16,0,18.0,16.0,287.4,17.96,0.0,True
P0561,2012,58,Reggie Bush,RB,MIA,27,16,16,206.8,12.92,16,0,41.0,14.0,239.2,17.09,2.0,True
P0895,2012,59,Stevan Ridley,RB,NWE,23,16,12,205.4,12.84,16,0,137.0,14.0,127.5,9.11,2.0,True
P0646,2012,60,Lance Moore,WR,NOR,29,15,7,205.1,13.67,16,1,192.0,13.0,92.7,7.13,3.0,True
P0507,2012,61,Heath Miller,TE,PIT,30,15,15,202.6,13.51,16,1,145.0,14.0,121.3,8.66,2.0,True
P0468,2012,62,Steven Jackson,RB,STL,29,16,16,200.6,12.54,16,0,110.0,12.0,148.4,12.37,4.0,True
P0732,2012,63,LeSean McCoy,RB,PHI,24,12,12,199.3,16.61,16,4,5.0,16.0,330.6,20.66,0.0,True
P0788,2012,64,Rob Gronkowski,TE,NWE,23,11,11,198.0,18.0,16,5,144.0,7.0,122.2,17.46,9.0,True
P0451,2012,65,Brandon Lloyd,WR,NWE,31,16,15,195.1,12.19,16,0,,,,,,False
P0733,2012,66,Jeremy Maclin,WR,PHI,24,15,15,194.7,12.98,16,1,,,,,,False
P0734,2012,67,Mike Wallace,WR,PIT,26,15,14,194.3,12.95,16,1,68.0,16.0,199.3,12.46,0.0,True
P0718,2012,68,Miles Austin,WR,DAL,28,16,15,194.3,12.14,16,0,,,,,,False
P0854,2012,69,Christian Ponder,QB,MIN,24,16,16,194.2,12.14,16,0,166.0,9.0,107.0,11.89,7.0,True
P0896,2012,70,Cecil Shorts,WR,JAX,25,14,9,192.5,13.75,16,2,98.0,13.0,161.7,12.44,3.0,True
P0897,2012,71,T.Y. Hilton,WR,IND,23,15,1,187.0,12.47,16,1,48.0,16.0,220.9,13.81,0.0,True
P0776,2012,72,Shonn Greene,RB,NYJ,27,16,14,186.4,11.65,16,0,241.0,11.0,63.4,5.76,5.0,True
P0751,2012,73,Brian Hartline,WR,MIA,26,16,15,186.3,11.64,16,0,65.0,16.0,201.6,12.6,0.0,True
P0898,2012,74,Justin Blackmon,WR,JAX,22,16,14,184.8,11.55,16,0,223.0,4.0,76.4,19.1,12.0,True
P0601,2012,75,Jay Cutler,QB,CHI,29,15,15,184.6,12.31,16,1,91.0,11.0,168.6,15.33,5.0,True
P0899,2012,76,Brandon Myers,TE,OAK,27,16,16,183.6,11.48,16,0,143.0,16.0,123.2,7.7,0.0,True
P0403,2012,77,Anquan Boldin,WR,BAL,32,15,15,183.4,12.23,16,1,37.0,16.0,246.0,15.38,0.0,True
P0842,2012,78,Torrey Smith,WR,BAL,23,16,16,183.4,11.46,16,0,64.0,16.0,203.8,12.74,0.0,True
P0638,2012,79,Greg Olsen,TE,CAR,27,16,16,183.3,11.46,16,0,73.0,16.0,190.6,11.91,0.0,True
P0900,2012,80,Mikel Leshoure,RB,DET,22,14,14,183.2,13.09,16,2,,,,,,False
P0901,2012,81,Ryan Tannehill,QB,MIA,24,16,16,182.9,11.43,16,0,42.0,16.0,238.3,14.89,0.0,True
P0719,2012,82,Ahmad Bradshaw,RB,NYG,26,14,12,179.0,12.79,16,2,,,,,,False
P0553,2012,83,Michael Turner,RB,ATL,30,16,16,175.8,10.99,16,0,,,,,,False
P0458,2012,84,Larry Fitzgerald,WR,ARI,29,16,16,174.8,10.92,16,0,43.0,16.0,236.2,14.76,0.0,True
P0902,2012,85,Colin Kaepernick,QB,SFO,25,13,7,174.1,13.39,16,3,28.0,16.0,264.3,16.52,0.0,True
P0715,2012,86,BenJarvus Green-Ellis,RB,CIN,27,15,15,173.8,11.59,16,1,148.0,16.0,119.8,7.49,0.0,True
P0823,2012,87,Andre Roberts,WR,ARI,24,15,15,172.8,11.52,16,1,176.0,16.0,102.1,6.38,0.0,True
P0840,2012,88,Antonio Brown,WR,PIT,24,13,10,171.1,13.16,16,3,7.0,16.0,314.9,19.68,0.0,True
P0862,2012,89,Dennis Pitta,TE,BAL,27,16,5,169.9,10.62,16,0,,,,,,False
P0584,2012,90,Owen Daniels,TE,HOU,30,15,14,169.6,11.31,16,1,238.0,5.0,67.2,13.44,11.0,True
P0635,2012,91,Sidney Rice,WR,SEA,26,16,16,168.4,10.52,16,0,,,,,,False
P0706,2012,92,Jordy Nelson,WR,GNB,27,12,10,167.5,13.96,16,4,27.0,16.0,264.4,16.52,0.0,True
P0609,2012,93,Malcom Floyd,WR,SDG,31,14,14,167.4,11.96,16,2,,,,,,False
P0725,2012,94,Percy Harvin,WR,MIN,24,9,8,167.3,18.59,16,7,,,,,,False
P0849,2012,95,Denarius Moore,WR,OAK,24,15,15,166.6,11.11,16,1,114.0,13.0,145.5,11.19,3.0,True
P0800,2012,96,Jermaine Gresham,TE,CIN,24,16,15,165.7,10.36,16,0,160.0,14.0,109.8,7.84,2.0,True
P0903,2012,97,Brandon Weeden,QB,CLE,29,15,15,165.6,11.04,16,1,203.0,8.0,89.6,11.2,8.0,True
P0864,2012,98,Golden Tate,WR,SEA,24,15,15,160.7,10.71,16,1,77.0,16.0,186.9,11.68,0.0,True
P0904,2012,99,Josh Gordon,WR,CLE,21,16,13,158.5,9.91,16,0,8.0,14.0,314.4,22.46,2.0,True
P0880,2012,100,Kyle Rudolph,TE,MIN,23,16,16,158.3,9.89,16,0,219.0,8.0,79.3,9.91,8.0,True
P0685,2012,101,Donnie Avery,WR,IND,28,16,15,157.0,9.81,16,0,159.0,16.0,110.2,6.89,0.0,True
P0787,2012,102,Danny Woodhead,RB,NWE,27,16,2,156.7,9.79,16,0,46.0,16.0,223.4,13.96,0.0,True
P0905,2012,103,Joique Bell,RB,DET,26,16,0,155.9,9.74,16,0,53.0,16.0,216.7,13.54,0.0,True
P0620,2012,104,Dwayne Bowe,WR,KAN,28,13,12,155.1,11.93,16,3,106.0,15.0,154.3,10.29,1.0,True
P0881,2012,105,Jeremy Kerley,WR,NYJ,24,16,7,153.2,9.57,16,0,153.0,12.0,114.4,9.53,4.0,True
P0690,2012,106,Darren McFadden,RB,OAK,25,12,12,152.5,12.71,16,4,183.0,10.0,98.3,9.83,6.0,True
P0310,2012,107,Michael Vick,QB,PHI,32,10,10,151.7,15.17,16,6,179.0,7.0,101.0,14.43,9.0,True
P0766,2012,108,Brandon Gibson,WR,STL,25,16,13,150.1,9.38,16,0,218.0,7.0,80.6,11.51,9.0,True
P0906,2012,109,Kendall Wright,WR,TEN,23,15,5,149.0,9.93,16,1,55.0,16.0,213.9,13.37,0.0,True
P0711,2012,110,Martellus Bennett,TE,NYG,25,16,16,147.6,9.22,16,0,90.0,16.0,168.9,10.56,0.0,True
P0756,2012,111,Danny Amendola,WR,STL,27,11,8,146.4,13.31,16,5,134.0,12.0,129.4,10.78,4.0,True
P0847,2012,112,DeMarco Murray,RB,DAL,24,10,10,146.4,14.64,16,6,32.0,14.0,258.1,18.44,2.0,True
P0356,2012,113,Santana Moss,WR,WAS,33,16,1,145.7,9.11,16,0,186.0,16.0,97.7,6.11,0.0,True
P0427,2012,114,Antonio Gates,TE,SDG,32,15,15,144.8,9.65,16,1,79.0,16.0,184.2,11.51,0.0,True
P0833,2012,115,Danario Alexander,WR,SDG,26,10,6,144.8,14.48,16,6,,,,,,False
P0696,2012,116,Davone Bess,WR,MIA,27,13,13,144.8,11.14,16,3,200.0,14.0,90.2,6.44,2.0,True
P0580,2012,117,Nate Washington,WR,TEN,29,16,14,144.6,9.04,16,0,92.0,16.0,167.9,10.49,0.0,True
P0577,2012,118,DeAngelo Williams,RB,CAR,29,16,10,143.4,8.96,16,0,96.0,15.0,163.6,10.91,1.0,True
P0848,2012,119,Greg Little,WR,CLE,23,16,16,143.2,8.95,16,0,182.0,16.0,99.5,6.22,0.0,True
P0877,2012,120,Jacquizz Rodgers,RB,ATL,22,16,0,141.4,8.84,16,0,122.0,15.0,141.3,9.42,1.0,True
P0731,2012,121,Hakeem Nicks,WR,NYG,24,13,11,140.2,10.78,16,3,113.0,15.0,145.6,9.71,1.0,True
P0810,2012,122,Brandon LaFell,WR,CAR,26,14,12,139.2,9.94,16,2,120.0,16.0,143.2,8.95,0.0,True
P0453,2012,123,Willis McGahee,RB,DEN,31,10,9,139.2,13.92,16,6,,,,,,False
P0736,2012,124,Pierre Garcon,WR,WAS,26,10,10,138.2,13.82,16,6,23.0,16.0,277.5,17.34,0.0,True
P0735,2012,125,Jermichael Finley,TE,GNB,25,16,14,137.7,8.61,16,0,227.0,6.0,73.0,12.17,10.0,True
P0793,2012,126,Ryan Mathews,RB,SDG,25,12,9,136.9,11.41,16,4,60.0,16.0,210.4,13.15,0.0,True
P0811,2012,127,Marcel Reece,FB,OAK,27,16,14,134.7,8.42,16,0,156.0,16.0,111.8,6.99,0.0,True
P0858,2012,128,Scott Chandler,TE,BUF,27,15,13,134.1,8.94,16,1,136.0,16.0,128.5,8.03,0.0,True
P0648,2012,129,Pierre Thomas,RB,NOR,28,15,4,133.7,8.91,16,1,59.0,16.0,211.2,13.2,0.0,True
P0820,2012,130,Darrius Heyward-Bey,WR,OAK,25,15,14,133.2,8.88,16,1,231.0,16.0,70.5,4.41,0.0,True
P0907,2012,131,Chris Givens,WR,STL,23,15,12,133.0,8.87,16,1,202.0,16.0,89.7,5.61,0.0,True
P0908,2012,132,Jake Locker,QB,TEN,24,11,11,132.1,12.01,16,5,181.0,7.0,99.7,14.24,9.0,True
P0909,2012,133,Vick Ballard,RB,IND,22,16,12,131.6,8.22,16,0,,,,,,False
P0910,2012,134,Andrew Hawkins,WR,CIN,26,14,2,131.3,9.38,16,2,,,,,,False
P0642,2012,135,Marcedes Lewis,TE,JAX,28,16,15,130.0,8.12,16,0,212.0,11.0,82.9,7.54,5.0,True
P0792,2012,136,Aaron Hernandez,TE,NWE,23,10,10,129.8,12.98,16,6,,,,,,False
P0759,2012,137,Brandon Pettigrew,TE,DET,27,14,11,129.7,9.26,16,2,193.0,14.0,92.6,6.61,2.0,True
P0297,2012,138,Brandon Stokley,WR,DEN,36,15,9,129.4,8.63,16,1,,,,,,False
P0714,2012,139,Brent Celek,TE,PHI,27,15,14,129.4,8.63,16,1,150.0,16.0,116.2,7.26,0.0,True
P0744,2012,140,Kenny Britt,WR,TEN,24,14,11,127.9,9.14,16,2,,,,,,False
P0682,2012,141,DeSean Jackson,WR,PHI,26,11,11,126.3,11.48,16,5,26.0,16.0,269.4,16.84,0.0,True
P0603,2012,142,Vernon Davis,TE,SFO,28,16,16,125.8,7.86,16,0,58.0,15.0,213.0,14.2,1.0,True
P0571,2012,143,Alex Smith,QB,SFO,28,10,9,122.7,12.27,16,6,33.0,15.0,254.2,16.95,1.0,True
P0887,2012,144,Lance Kendricks,TE,STL,24,16,14,119.9,7.49,16,0,216.0,15.0,81.8,5.45,1.0,True
P0789,2012,145,Jacob Tamme,TE,DEN,27,16,8,119.5,7.47,16,0,,,,,,False
P0712,2012,146,Josh Morgan,WR,WAS,27,16,15,119.5,7.47,16,0,,,,,,False
P0821,2012,147,Jared Cook,TE,TEN,25,13,5,118.3,9.1,16,3,111.0,16.0,146.1,9.13,0.0,True
P0742,2012,148,Mark Sanchez,QB,NYJ,26,15,15,118.1,7.87,16,1,,,,,,False
P0662,2012,149,Jason Avant,WR,PHI,29,14,6,117.8,8.41,16,2,191.0,16.0,92.7,5.79,0.0,True
P0721,2012,150,Felix Jones,RB,DAL,25,16,7,117.4,7.34,16,0,,,,,,False
P0520,2012,151,Ben Watson,TE,CLE,32,16,14,117.1,7.32,16,0,,,,,,False
P0911,2012,152,Dwayne Allen,TE,IND,22,16,16,115.6,7.22,16,0,,,,,,False
P0653,2012,153,Fred Jackson,RB,BUF,31,10,8,115.4,11.54,16,6,44.0,16.0,234.7,14.67,0.0,True
P0912,2012,154,Rod Streater,WR,OAK,24,16,2,115.4,7.21,16,0,86.0,16.0,172.5,10.78,0.0,True
P0430,2012,155,Dallas Clark,TE,TAM,33,16,7,114.5,7.16,16,0,211.0,12.0,83.3,6.94,4.0,True
P0739,2012,156,Chad Henne,QB,JAX,27,10,6,114.2,11.42,16,6,100.0,15.0,161.3,10.75,1.0,True
P0764,2012,157,Mike Tolbert,RB,CAR,27,16,5,114.1,7.13,16,0,142.0,16.0,123.5,7.72,0.0,True
P0726,2012,158,Knowshon Moreno,RB,DEN,25,8,6,112.2,14.02,16,8,14.0,16.0,296.6,18.54,0.0,True
P0913,2012,159,Michael Floyd,WR,ARI,23,16,3,111.2,6.95,16,0,69.0,16.0,199.1,12.44,0.0,True
P0914,2012,160,Leonard Hankerson,WR,WAS,23,16,5,110.8,6.92,16,0,208.0,10.0,85.5,8.55,6.0,True
P0915,2012,161,Donald Jones,WR,BUF,25,12,10,109.3,9.11,16,4,,,,,,False
P0916,2012,162,Andre Brown,RB,NYG,26,10,2,109.1,10.91,16,6,190.0,8.0,93.5,11.69,8.0,True
P0818,2012,163,Emmanuel Sanders,WR,PIT,25,16,7,109.0,6.81,16,0,81.0,16.0,181.5,11.34,0.0,True
P0504,2012,164,Ronnie Brown,RB,SDG,31,14,1,108.1,7.72,16,2,,,,,,False
P0695,2012,165,Domenik Hixon,WR,NYG,28,13,3,107.7,8.28,16,3,,,,,,False
P0772,2012,166,Joel Dreessen,TE,DEN,30,16,15,106.6,6.66,16,0,,,,,,False
P0692,2012,167,Anthony Fasano,TE,MIA,28,16,16,106.2,6.64,16,0,249.0,9.0,61.0,6.78,7.0,True
P0829,2012,168,Dexter McCluster,RB,KAN,23,16,6,106.2,6.64,16,0,135.0,15.0,128.6,8.57,1.0,True
P0623,2012,169,Kevin Walter,WR,HOU,31,16,14,104.8,6.55,16,0,,,,,,False
P0917,2012,170,Kevin Ogletree,WR,DAL,25,15,1,100.5,6.7,16,1,,,,,,False
P0865,2012,171,Mark Ingram,RB,NOR,23,16,5,99.1,6.19,16,0,,,,,,False
P0918,2012,172,Jonathan Dwyer,RB,PIT,23,13,6,98.9,7.61,16,3,,,,,,False
P0919,2012,173,Bilal Powell,RB,NYJ,24,14,2,98.7,7.05,16,2,126.0,16.0,140.1,8.76,0.0,True
P0599,2012,174,Tony Scheffler,TE,DET,29,15,4,98.4,6.56,16,1,,,,,,False
P0729,2012,175,Mario Manningham,WR,SFO,26,12,10,97.3,8.11,16,4,,,,,,False
P0517,2012,176,Michael Jenkins,WR,MIN,30,16,8,96.9,6.06,16,0,,,,,,False
P0846,2012,177,Titus Young,WR,DET,23,10,8,96.9,9.69,16,6,,,,,,False
P0578,2012,178,Greg Jennings,WR,GNB,29,8,5,96.6,12.08,16,8,87.0,15.0,172.4,11.49,1.0,True
P0747,2012,179,Jacoby Jones,WR,BAL,28,16,3,95.2,5.95,16,0,180.0,12.0,100.5,8.38,4.0,True
P0855,2012,180,Blaine Gabbert,QB,JAX,23,10,10,94.1,9.41,16,6,,,,,,False
P0634,2012,181,Zach Miller,TE,SEA,27,16,15,93.6,5.85,16,0,178.0,14.0,101.7,7.26,2.0,True
P0920,2012,182,Bryce Brown,RB,PHI,21,16,4,93.0,5.81,16,0,247.0,16.0,61.8,3.86,0.0,True
P0867,2012,183,Isaac Redman,RB,PIT,28,14,5,90.4,6.46,16,2,,,,,,False
P0010,2012,184,Randy Moss,WR,SFO,35,16,2,89.4,5.59,16,0,,,,,,False
P0835,2012,185,LaRod Stephens-Howling,RB,ARI,25,14,5,87.2,6.23,16,2,,,,,,False
P0921,2012,186,Rob Housler,TE,ARI,24,15,9,86.7,5.78,16,1,197.0,13.0,90.4,6.95,3.0,True
P0702,2012,187,Michael Bush,RB,CHI,28,13,1,86.4,6.65,16,3,,,,,,False
P0922,2012,188,Nick Foles,QB,PHI,23,7,6,86.2,12.31,16,9,30.0,13.0,259.7,19.98,3.0,True
P0923,2012,189,Daryl Richardson,RB,STL,22,16,0,85.8,5.36,16,0,,,,,,False
P0924,2012,190,James Casey,FB,HOU,28,16,9,85.6,5.35,16,0,,,,,,False
P0824,2012,191,Kevin Kolb,QB,ARI,28,6,5,84.8,14.13,16,10,,,,,,False
P0801,2012,192,Tony Moeaki,TE,KAN,25,15,14,84.3,5.62,16,1,,,,,,False
P0708,2012,193,Harry Douglas,WR,ATL,28,15,1,83.9,5.59,16,1,66.0,16.0,199.7,12.48,0.0,True
P0845,2012,194,Doug Baldwin,WR,SEA,24,14,4,83.6,5.97,16,2,101.0,16.0,158.4,9.9,0.0,True
P0869,2012,195,Daniel Thomas,RB,MIA,25,12,0,83.1,6.92,16,4,184.0,15.0,97.9,6.53,1.0,True
P0925,2012,196,Jeff Cumberland,TE,NYJ,25,15,12,82.9,5.53,16,1,201.0,15.0,89.8,5.99,1.0,True
P0926,2012,197,Tiquan Underwood,WR,TAM,25,14,3,82.6,5.9,16,2,195.0,12.0,92.0,7.67,4.0,True
P0868,2012,198,Jackie Battle,RB,SDG,29,16,5,80.9,5.06,16,0,,,,,,False
P0927,2012,199,Austin Pettis,WR,STL,24,14,2,80.1,5.72,16,2,177.0,16.0,101.9,6.37,0.0,True
P0928,2012,200,Alshon Jeffery,WR,CHI,22,10,6,78.7,7.87,16,6,19.0,16.0,283.6,17.73,0.0,True
P0737,2012,201,Earl Bennett,WR,CHI,25,12,4,78.5,6.54,16,4,214.0,15.0,82.3,5.49,1.0,True
P0684,2012,202,Jonathan Stewart,RB,CAR,25,9,6,78.3,8.7,16,7,,,,,,False
P0674,2012,203,Matt Cassel,QB,KAN,30,9,8,78.3,8.7,16,7,164.0,9.0,108.0,12.0,7.0,True
P0929,2012,204,David Wilson,RB,NYG,21,16,2,77.2,4.82,16,0,,,,,,False
P0757,2012,205,Julian Edelman,WR,NWE,26,9,3,77.0,8.56,16,7,34.0,16.0,251.7,15.73,0.0,True
P0930,2012,206,Alex Green,RB,GNB,24,12,4,76.9,6.41,16,4,,,,,,False
P0278,2012,207,Matt Hasselbeck,QB,TEN,37,8,5,76.5,9.56,16,8,,,,,,False
P0560,2012,208,Maurice Jones-Drew,RB,JAX,27,6,5,76.0,12.67,16,10,76.0,15.0,187.0,12.47,1.0,True
P0931,2012,209,Shaun Draughn,RB,KAN,25,16,0,73.1,4.57,16,0,,,,,,False
P0932,2012,210,Robert Turbin,RB,SEA,23,16,0,72.5,4.53,16,0,,,,,,False
P0933,2012,211,Garrett Graham,FB,HOU,26,15,9,72.3,4.82,16,1,131.0,13.0,131.5,10.12,3.0,True
P0781,2012,212,Rashad Jennings,RB,JAX,27,10,6,72.3,7.23,16,6,84.0,15.0,174.5,11.63,1.0,True
P0694,2012,213,Dustin Keller,TE,NYJ,28,8,5,71.7,8.96,16,8,,,,,,False
P0825,2012,214,Delanie Walker,WR,SFO,28,16,4,71.4,4.46,16,0,107.0,15.0,153.1,10.21,1.0,True
P0934,2012,215,Bernard Pierce,RB,BAL,21,16,0,70.9,4.43,16,0,207.0,16.0,86.0,5.38,0.0,True
P0748,2012,216,Louis Murphy,WR,CAR,25,16,5,70.9,4.43,16,0,,,,,,False
P0935,2012,217,Travis Benjamin,WR,CLE,23,14,3,70.4,5.03,16,2,,,,,,False
P0936,2012,218,Shane Vereen,RB,NWE,23,13,1,70.0,5.38,16,3,129.0,8.0,134.5,16.81,8.0,True
P0421,2012,219,Nate Burleson,WR,DET,31,6,5,69.8,11.63,16,10,199.0,9.0,90.3,10.03,7.0,True
P0937,2012,220,T.J. Graham,WR,BUF,23,15,11,69.7,4.65,16,1,232.0,16.0,70.5,4.41,0.0,True
P0765,2012,221,Donald Brown,RB,IND,25,10,4,68.0,6.8,16,6,108.0,16.0,150.1,9.38,0.0,True
P0722,2012,222,Chaz Schilens,WR,NYJ,27,15,6,66.9,4.46,16,1,,,,,,False
P0938,2012,223,Rueben Randle,WR,NYG,21,16,1,66.8,4.18,16,0,128.0,16.0,136.1,8.51,0.0,True
P0939,2012,224,Coby Fleener,TE,IND,24,12,10,66.1,5.51,16,4,125.0,16.0,140.8,8.8,0.0,True
P0940,2012,225,Jarius Wright,WR,MIN,23,7,1,66.1,9.44,16,9,205.0,16.0,87.4,5.46,0.0,True
P0941,2012,226,Joe Morgan,WR,NOR,24,14,5,66.0,4.71,16,2,,,,,,False
P0942,2012,227,Riley Cooper,WR,PHI,25,11,5,65.8,5.98,16,5,78.0,16.0,184.3,11.52,0.0,True
P0943,2012,228,Anthony McCoy,TE,SEA,25,16,5,65.1,4.07,16,0,,,,,,False
P0944,2012,229,Ryan Broyles,WR,DET,24,10,3,65.0,6.5,16,6,,,,,,False
P0945,2012,230,Stephen Hill,WR,NYJ,21,11,8,64.2,5.84,16,5,245.0,12.0,62.2,5.18,4.0,True
P0946,2012,231,Mohamed Sanu,WR,CIN,23,9,3,63.8,7.09,16,7,169.0,16.0,105.1,6.57,0.0,True
P0797,2012,232,Mike Goodson,RB,OAK,25,12,0,63.6,5.3,16,4,,,,,,False
P0645,2012,233,Brad Smith,WR,BUF,29,15,2,62.8,4.19,16,1,,,,,,False
P0852,2012,234,Damian Williams,WR,TEN,24,13,2,62.4,4.8,16,3,,,,,,False
P0863,2012,235,Kendall Hunter,RB,SFO,24,11,0,62.1,5.65,16,5,248.0,16.0,61.1,3.82,0.0,True
P0947,2012,236,Logan Paulsen,TE,WAS,25,16,10,61.8,3.86,16,0,235.0,16.0,68.7,4.29,0.0,True
P0738,2012,237,Jason Snelling,RB,ATL,29,16,2,61.6,3.85,16,0,196.0,14.0,91.0,6.5,2.0,True
P0832,2012,238,Micheal Spurlock,WR,2TM,29,14,1,61.0,4.36,16,2,,,,,,False
P0534,2012,239,Devery Henderson,WR,NOR,30,15,9,60.9,4.06,16,1,,,,,,False
P0948,2012,240,Jonathan Baldwin,WR,KAN,23,15,7,58.5,3.9,16,1,,,,,,False
P0741,2012,241,Fred Davis,TE,WAS,26,7,7,56.6,8.09,16,9,,,,,,False
P0949,2012,242,Craig Stevens,TE,TEN,28,15,15,56.5,3.77,16,1,,,,,,False
P0950,2012,243,Armon Binns,WR,2TM,23,11,5,55.7,5.06,16,5,,,,,,False
P0740,2012,244,Beanie Wells,RB,ARI,24,8,7,54.8,6.85,16,8,,,,,,False
P0675,2012,245,Eddie Royal,WR,SDG,26,10,2,54.6,5.46,16,6,102.0,15.0,158.2,10.55,1.0,True
P0581,2012,246,Cedric Benson,RB,GNB,30,5,5,54.5,10.9,16,11,,,,,,False
P0822,2012,247,Toby Gerhart,RB,MIN,25,16,0,54.4,3.4,16,0,,,,,,False
P0951,2012,248,Aldrick Robinson,WR,WAS,24,15,2,54.1,3.61,16,1,239.0,16.0,66.1,4.13,0.0,True
P0952,2012,249,William Powell,RB,ARI,24,13,1,53.9,4.15,16,3,,,,,,False
P0851,2012,250,Ben Tate,RB,HOU,24,11,0,53.8,4.89,16,5,116.0,14.0,145.1,10.36,2.0,True
P0015,2013,1,Peyton Manning,QB,DEN,37,16,16,410.0,25.62,16,0,11.0,16.0,312.7,19.54,0.0,True
P0703,2013,2,Jamaal Charles,RB,KAN,27,15,15,378.0,25.2,16,1,36.0,15.0,250.4,16.69,1.0,True
P0340,2013,3,Drew Brees,QB,NOR,34,16,16,357.7,22.36,16,0,13.0,16.0,304.0,19.0,0.0,True
P0670,2013,4,Matt Forte,RB,CHI,28,16,16,337.3,21.08,16,0,6.0,16.0,346.6,21.66,0.0,True
P0732,2013,5,LeSean McCoy,RB,PHI,25,16,16,330.6,20.66,16,0,62.0,16.0,199.4,12.46,0.0,True
P0830,2013,6,Demaryius Thomas,WR,DEN,26,16,16,319.0,19.94,16,0,7.0,16.0,340.9,21.31,0.0,True
P0840,2013,7,Antonio Brown,WR,PIT,25,16,14,314.9,19.68,16,0,1.0,16.0,386.9,24.18,0.0,True
P0904,2013,8,Josh Gordon,WR,CLE,22,14,14,314.4,22.46,16,2,,,,,,False
P0838,2013,9,A.J. Green,WR,CIN,25,16,16,306.6,19.16,16,0,59.0,13.0,205.3,15.79,3.0,True
P0600,2013,10,Brandon Marshall,WR,CHI,29,16,16,305.5,19.09,16,0,81.0,13.0,179.1,13.78,3.0,True
P0809,2013,11,Jimmy Graham,TE,NOR,27,16,12,303.5,18.97,16,0,41.0,16.0,229.9,14.37,0.0,True
P0625,2013,12,Calvin Johnson,WR,DET,28,14,14,303.2,21.66,16,2,43.0,13.0,226.7,17.44,3.0,True
P0836,2013,13,Cam Newton,QB,CAR,24,16,16,297.7,18.61,16,0,37.0,14.0,249.0,17.79,2.0,True
P0726,2013,14,Knowshon Moreno,RB,DEN,26,16,15,296.6,18.54,16,0,,,,,,False
P0892,2013,15,Andrew Luck,QB,IND,24,16,16,292.6,18.29,16,0,4.0,16.0,351.7,21.98,0.0,True
P0791,2013,16,Dez Bryant,WR,DAL,25,16,16,292.4,18.27,16,0,10.0,16.0,316.0,19.75,0.0,True
P0839,2013,17,Andy Dalton,QB,CIN,26,16,16,288.0,18.0,16,0,45.0,16.0,225.6,14.1,0.0,True
P0566,2013,18,Philip Rivers,QB,SDG,32,16,16,287.4,17.96,16,0,28.0,16.0,265.6,16.6,0.0,True
P0928,2013,19,Alshon Jeffery,WR,CHI,23,16,14,283.6,17.73,16,0,30.0,16.0,261.6,16.35,0.0,True
P0844,2013,20,Eric Decker,WR,DEN,26,16,16,279.8,17.49,16,0,61.0,15.0,200.2,13.35,1.0,True
P0406,2013,21,Andre Johnson,WR,HOU,32,16,16,279.7,17.48,16,0,69.0,15.0,190.6,12.71,1.0,True
P0745,2013,22,Matthew Stafford,QB,DET,25,16,16,278.9,17.43,16,0,34.0,16.0,251.6,15.72,0.0,True
P0736,2013,23,Pierre Garcon,WR,WAS,27,16,16,277.5,17.34,16,0,101.0,16.0,161.2,10.07,0.0,True
P0621,2013,24,Marshawn Lynch,RB,SEA,27,16,16,275.3,17.21,16,0,14.0,16.0,302.3,18.89,0.0,True
P0891,2013,25,Russell Wilson,QB,SEA,25,16,16,270.2,16.89,16,0,8.0,16.0,330.6,20.66,0.0,True
P0682,2013,26,DeSean Jackson,WR,PHI,27,16,16,269.4,16.84,16,0,58.0,15.0,209.6,13.97,1.0,True
P0706,2013,27,Jordy Nelson,WR,GNB,28,16,16,264.4,16.52,16,0,9.0,16.0,327.9,20.49,0.0,True
P0902,2013,28,Colin Kaepernick,QB,SFO,26,16,16,264.3,16.52,16,0,35.0,16.0,250.7,15.67,0.0,True
P0569,2013,29,Tony Romo,QB,DAL,33,15,15,260.9,17.39,16,1,27.0,15.0,266.3,17.75,1.0,True
P0922,2013,30,Nick Foles,QB,PHI,24,13,10,259.7,19.98,16,3,146.0,8.0,119.3,14.91,8.0,True
P0462,2013,31,Ben Roethlisberger,QB,PIT,31,16,16,258.8,16.18,16,0,12.0,16.0,306.2,19.14,0.0,True
P0847,2013,32,DeMarco Murray,RB,DAL,25,14,14,258.1,18.44,16,2,5.0,16.0,351.1,21.94,0.0,True
P0571,2013,33,Alex Smith,QB,KAN,29,15,15,254.2,16.95,16,1,50.0,15.0,220.0,14.67,1.0,True
P0757,2013,34,Julian Edelman,WR,NWE,27,16,11,251.7,15.73,16,0,42.0,14.0,228.6,16.33,2.0,True
P0260,2013,35,Tom Brady,QB,NWE,36,16,16,251.5,15.72,16,0,21.0,16.0,278.1,17.38,0.0,True
P0679,2013,36,Matt Ryan,QB,ATL,28,16,16,248.1,15.51,16,0,19.0,16.0,284.3,17.77,0.0,True
P0403,2013,37,Anquan Boldin,WR,SFO,33,16,16,246.0,15.38,16,0,51.0,16.0,219.6,13.72,0.0,True
P0953,2013,38,Eddie Lacy,RB,GNB,23,15,15,242.5,16.17,16,1,24.0,16.0,272.6,17.04,0.0,True
P0582,2013,39,Vincent Jackson,WR,TAM,30,16,16,242.4,15.15,16,0,77.0,16.0,180.2,11.26,0.0,True
P0673,2013,40,Chris Johnson,RB,TEN,28,16,16,240.2,15.01,16,0,153.0,16.0,115.4,7.21,0.0,True
P0561,2013,41,Reggie Bush,RB,DET,28,14,14,239.2,17.09,16,2,161.0,11.0,107.0,9.73,5.0,True
P0901,2013,42,Ryan Tannehill,QB,MIA,25,16,16,238.3,14.89,16,0,20.0,16.0,279.5,17.47,0.0,True
P0458,2013,43,Larry Fitzgerald,WR,ARI,30,16,16,236.2,14.76,16,0,112.0,14.0,151.4,10.81,2.0,True
P0653,2013,44,Fred Jackson,RB,BUF,32,16,6,234.7,14.67,16,0,70.0,14.0,188.6,13.47,2.0,True
P0618,2013,45,Adrian Peterson,RB,MIN,28,14,14,232.7,16.62,16,2,,,,,,False
P0787,2013,46,Danny Woodhead,RB,SDG,28,16,2,223.4,13.96,16,0,,,,,,False
P0954,2013,47,Giovani Bernard,RB,CIN,22,16,0,222.9,13.93,16,0,72.0,13.0,187.9,14.45,3.0,True
P0897,2013,48,T.Y. Hilton,WR,IND,24,16,10,220.9,13.81,16,0,32.0,15.0,258.5,17.23,1.0,True
P0955,2013,49,Keenan Allen,WR,SDG,21,15,14,219.6,14.64,16,1,87.0,14.0,175.3,12.52,2.0,True
P0027,2013,50,Tony Gonzalez,TE,ATL,37,16,16,218.9,13.68,16,0,,,,,,False
P0464,2013,51,Carson Palmer,QB,ARI,34,16,16,217.3,13.58,16,0,164.0,6.0,103.5,17.25,10.0,True
P0956,2013,52,Le'Veon Bell,RB,PIT,21,13,13,216.9,16.68,16,3,2.0,16.0,370.5,23.16,0.0,True
P0905,2013,53,Joique Bell,RB,DET,27,16,4,216.7,13.54,16,0,63.0,15.0,198.2,13.21,1.0,True
P0957,2013,54,Julius Thomas,TE,DEN,25,14,14,215.8,15.41,16,2,99.0,13.0,163.9,12.61,3.0,True
P0906,2013,55,Kendall Wright,WR,TEN,24,16,12,213.9,13.37,16,0,93.0,14.0,167.9,11.99,2.0,True
P0958,2013,56,Jordan Cameron,TE,CLE,25,15,14,213.7,14.25,16,1,206.0,10.0,78.4,7.84,6.0,True
P0889,2013,57,Robert Griffin III,QB,WAS,23,13,13,213.0,16.38,16,3,192.0,9.0,87.4,9.71,7.0,True
P0603,2013,58,Vernon Davis,TE,SFO,29,15,15,213.0,14.2,16,1,241.0,14.0,62.9,4.49,2.0,True
P0648,2013,59,Pierre Thomas,RB,NOR,29,16,9,211.2,13.2,16,0,140.0,11.0,123.0,11.18,5.0,True
P0793,2013,60,Ryan Mathews,RB,SDG,26,16,14,210.4,13.15,16,0,231.0,6.0,66.9,11.15,10.0,True
P0537,2013,61,Wes Welker,WR,DEN,32,13,13,208.8,16.06,16,3,160.0,14.0,107.4,7.67,2.0,True
P0681,2013,62,Joe Flacco,QB,BAL,28,16,16,207.6,12.98,16,0,29.0,16.0,262.4,16.4,0.0,True
P0425,2013,63,Jason Witten,TE,DAL,31,16,16,206.1,12.88,16,0,98.0,16.0,164.3,10.27,0.0,True
P0842,2013,64,Torrey Smith,WR,BAL,24,16,16,203.8,12.74,16,0,68.0,16.0,191.7,11.98,0.0,True
P0751,2013,65,Brian Hartline,WR,MIA,27,16,15,201.6,12.6,16,0,170.0,16.0,98.4,6.15,0.0,True
P0708,2013,66,Harry Douglas,WR,ATL,29,16,11,199.7,12.48,16,0,144.0,12.0,120.6,10.05,4.0,True
P0564,2013,67,Marques Colston,WR,NOR,30,15,11,199.3,13.29,16,1,83.0,16.0,177.2,11.08,0.0,True
P0734,2013,68,Mike Wallace,WR,MIA,27,16,16,199.3,12.46,16,0,53.0,16.0,212.8,13.3,0.0,True
P0913,2013,69,Michael Floyd,WR,ARI,24,16,16,199.1,12.44,16,0,96.0,16.0,165.3,10.33,0.0,True
P0837,2013,70,Victor Cruz,WR,NYG,27,14,12,194.8,13.91,16,2,243.0,6.0,62.7,10.45,10.0,True
P0959,2013,71,Geno Smith,QB,NYJ,23,16,16,194.7,12.17,16,0,113.0,14.0,150.8,10.77,2.0,True
P0516,2013,72,Frank Gore,RB,SFO,30,16,16,190.9,11.93,16,0,104.0,16.0,158.7,9.92,0.0,True
P0638,2013,73,Greg Olsen,TE,CAR,28,16,16,190.6,11.91,16,0,49.0,16.0,220.8,13.8,0.0,True
P0960,2013,74,Marvin Jones,WR,CIN,23,16,3,188.7,11.79,16,0,,,,,,False
P0888,2013,75,Charles Clay,TE,MIA,24,16,15,188.4,11.78,16,0,127.0,14.0,136.5,9.75,2.0,True
P0560,2013,76,Maurice Jones-Drew,RB,JAX,28,15,15,187.0,12.47,16,1,,,,,,False
P0864,2013,77,Golden Tate,WR,SEA,25,16,13,186.9,11.68,16,0,31.0,16.0,259.1,16.19,0.0,True
P0942,2013,78,Riley Cooper,WR,PHI,26,16,15,184.3,11.52,16,0,135.0,16.0,128.7,8.04,0.0,True
P0427,2013,79,Antonio Gates,TE,SDG,33,16,15,184.2,11.51,16,0,47.0,16.0,223.1,13.94,0.0,True
P0961,2013,80,Zac Stacy,RB,STL,22,14,12,183.4,13.1,16,2,237.0,13.0,64.5,4.96,3.0,True
P0818,2013,81,Emmanuel Sanders,WR,PIT,26,16,10,181.5,11.34,16,0,15.0,16.0,301.8,18.86,0.0,True
P0894,2013,82,Alfred Morris,RB,WAS,25,16,16,178.3,11.14,16,0,71.0,16.0,187.9,11.74,0.0,True
P0698,2013,83,Ray Rice,RB,BAL,26,15,15,178.1,11.87,16,1,,,,,,False
P0781,2013,84,Rashad Jennings,RB,OAK,28,15,8,174.5,11.63,16,1,125.0,11.0,138.5,12.59,5.0,True
P0669,2013,85,Darren Sproles,RB,NOR,30,15,4,173.4,11.56,16,1,105.0,15.0,157.6,10.51,1.0,True
P0912,2013,86,Rod Streater,WR,OAK,25,16,14,172.5,10.78,16,0,,,,,,False
P0578,2013,87,Greg Jennings,WR,MIN,30,15,15,172.4,11.49,16,1,91.0,16.0,169.2,10.58,0.0,True
P0499,2013,88,Eli Manning,QB,NYG,32,16,16,170.3,10.64,16,0,25.0,16.0,269.5,16.84,0.0,True
P0671,2013,89,Aaron Rodgers,QB,GNB,30,9,9,169.4,18.82,16,7,3.0,16.0,354.1,22.13,0.0,True
P0711,2013,90,Martellus Bennett,TE,CHI,26,16,15,168.9,10.56,16,0,48.0,16.0,221.6,13.85,0.0,True
P0601,2013,91,Jay Cutler,QB,CHI,30,11,11,168.6,15.33,16,5,33.0,15.0,255.6,17.04,1.0,True
P0580,2013,92,Nate Washington,WR,TEN,30,16,15,167.9,10.49,16,0,150.0,16.0,116.7,7.29,0.0,True
P0559,2013,93,Ryan Fitzpatrick,QB,TEN,31,11,9,167.7,15.25,16,5,78.0,12.0,179.7,14.98,4.0,True
P0565,2013,94,Jerricho Cotchery,WR,PIT,31,16,6,165.7,10.36,16,0,155.0,15.0,114.0,7.6,1.0,True
P0962,2013,95,Andre Ellington,RB,ARI,24,15,1,165.3,11.02,16,1,82.0,12.0,177.5,14.79,4.0,True
P0577,2013,96,DeAngelo Williams,RB,CAR,30,15,15,163.6,10.91,16,1,,,,,,False
P0342,2013,97,Steve Smith Sr.,WR,CAR,34,15,15,162.5,10.83,16,1,52.0,16.0,219.5,13.72,0.0,True
P0896,2013,98,Cecil Shorts,WR,JAX,26,13,13,161.7,12.44,16,3,147.0,13.0,118.0,9.08,3.0,True
P0963,2013,99,Cordarrelle Patterson,WR,MIN,22,16,6,161.7,10.11,16,0,184.0,16.0,93.1,5.82,0.0,True
P0739,2013,100,Chad Henne,QB,JAX,28,15,13,161.3,10.75,16,1,,,,,,False
P0845,2013,101,Doug Baldwin,WR,SEA,25,16,9,158.4,9.9,16,0,94.0,16.0,167.3,10.46,0.0,True
P0675,2013,102,Eddie Royal,WR,SDG,27,15,3,158.2,10.55,16,1,76.0,16.0,181.2,11.32,0.0,True
P0964,2013,103,Mike Glennon,QB,TAM,24,13,13,158.0,12.15,16,3,188.0,6.0,89.6,14.93,10.0,True
P0629,2013,104,James Jones,WR,GNB,29,14,14,156.7,11.19,16,2,89.0,16.0,173.6,10.85,0.0,True
P0819,2013,105,C.J. Spiller,RB,BUF,26,15,10,154.8,10.32,16,1,224.0,9.0,71.5,7.94,7.0,True
P0620,2013,106,Dwayne Bowe,WR,KAN,29,15,15,154.3,10.29,16,1,128.0,15.0,135.4,9.03,1.0,True
P0825,2013,107,Delanie Walker,TE,TEN,29,15,11,153.1,10.21,16,1,86.0,15.0,176.0,11.73,1.0,True
P0765,2013,108,Donald Brown,RB,IND,26,16,5,150.1,9.38,16,0,221.0,13.0,72.4,5.57,3.0,True
P0522,2013,109,Roddy White,WR,ATL,32,13,13,150.1,11.55,16,3,54.0,14.0,212.1,15.15,2.0,True
P0468,2013,110,Steven Jackson,RB,ATL,30,12,12,148.4,12.37,16,4,121.0,15.0,141.5,9.43,1.0,True
P0821,2013,111,Jared Cook,TE,STL,26,16,13,146.1,9.13,16,0,130.0,16.0,133.4,8.34,0.0,True
P0965,2013,112,Terrance Williams,WR,DAL,24,16,8,146.0,9.12,16,0,114.0,16.0,147.1,9.19,0.0,True
P0731,2013,113,Hakeem Nicks,WR,NYG,25,15,15,145.6,9.71,16,1,165.0,16.0,102.5,6.41,0.0,True
P0849,2013,114,Denarius Moore,WR,OAK,25,13,10,145.5,11.19,16,3,,,,,,False
P0966,2013,115,Marlon Brown,WR,BAL,22,14,12,145.2,10.37,16,2,,,,,,False
P0851,2013,116,Ben Tate,RB,HOU,25,14,7,145.1,10.36,16,2,210.0,11.0,76.1,6.92,5.0,True
P0893,2013,117,Trent Richardson,RB,2TM,23,16,10,144.9,9.06,16,0,148.0,15.0,117.8,7.85,1.0,True
P0724,2013,118,Rashard Mendenhall,RB,ARI,26,15,15,144.1,9.61,16,1,,,,,,False
P0967,2013,119,Terrelle Pryor,QB,OAK,24,11,9,143.5,13.05,16,5,,,,,,False
P0810,2013,120,Brandon LaFell,WR,CAR,27,16,16,143.2,8.95,16,0,57.0,16.0,210.6,13.16,0.0,True
P0968,2013,121,DeAndre Hopkins,WR,HOU,21,16,16,142.2,8.89,16,0,40.0,16.0,231.0,14.44,0.0,True
P0877,2013,122,Jacquizz Rodgers,RB,ATL,23,15,4,141.3,9.42,16,1,204.0,16.0,80.0,5.0,0.0,True
P0969,2013,123,Tim Wright,TE,TAM,23,16,8,141.3,8.83,16,0,191.0,16.0,87.7,5.48,0.0,True
P0970,2013,124,Jarrett Boykin,WR,GNB,24,16,8,141.1,8.82,16,0,,,,,,False
P0939,2013,125,Coby Fleener,TE,IND,25,16,12,140.8,8.8,16,0,84.0,16.0,176.4,11.02,0.0,True
P0919,2013,126,Bilal Powell,RB,NYJ,25,16,11,140.1,8.76,16,0,,,,,,False
P0431,2013,127,Josh McCown,QB,CHI,34,8,5,136.1,17.01,16,8,137.0,11.0,126.9,11.54,5.0,True
P0938,2013,128,Rueben Randle,WR,NYG,22,16,3,136.1,8.51,16,0,74.0,16.0,182.8,11.42,0.0,True
P0936,2013,129,Shane Vereen,RB,NWE,24,8,1,134.5,16.81,16,8,95.0,16.0,165.8,10.36,0.0,True
P0971,2013,130,EJ Manuel,QB,BUF,23,10,10,133.5,13.35,16,6,,,,,,False
P0933,2013,131,Garrett Graham,FB,HOU,27,13,11,131.5,10.12,16,3,,,,,,False
P0972,2013,132,Tavon Austin,WR,STL,23,13,3,130.9,10.07,16,3,177.0,15.0,95.6,6.37,1.0,True
P0783,2013,133,Stevie Johnson,WR,BUF,27,12,12,130.7,10.89,16,4,173.0,13.0,96.5,7.42,3.0,True
P0756,2013,134,Danny Amendola,WR,NWE,28,12,6,129.4,10.78,16,4,,,,,,False
P0829,2013,135,Dexter McCluster,WR,KAN,24,15,6,128.6,8.57,16,1,242.0,14.0,62.8,4.49,2.0,True
P0858,2013,136,Scott Chandler,TE,BUF,28,16,7,128.5,8.03,16,0,154.0,16.0,114.7,7.17,0.0,True
P0895,2013,137,Stevan Ridley,RB,NWE,24,14,6,127.5,9.11,16,2,,,,,,False
P0973,2013,138,Kenny Stills,WR,NOR,21,16,10,127.1,7.94,16,0,88.0,15.0,173.9,11.59,1.0,True
P0826,2013,139,Jerome Simpson,WR,MIN,27,16,8,126.6,7.91,16,0,,,,,,False
P0640,2013,140,Ted Ginn Jr.,WR,CAR,28,16,2,124.5,7.78,16,0,,,,,,False
P0974,2013,141,Lamar Miller,RB,MIA,22,16,15,123.9,7.74,16,0,46.0,16.0,223.4,13.96,0.0,True
P0764,2013,142,Mike Tolbert,RB,CAR,28,16,13,123.5,7.72,16,0,,,,,,False
P0899,2013,143,Brandon Myers,TE,NYG,28,16,14,123.2,7.7,16,0,,,,,,False
P0788,2013,144,Rob Gronkowski,TE,NWE,24,7,6,122.2,17.46,16,9,26.0,15.0,266.4,17.76,1.0,True
P0507,2013,145,Heath Miller,TE,PIT,31,14,14,121.3,8.66,16,2,102.0,16.0,160.1,10.01,0.0,True
P0795,2013,146,LeGarrette Blount,RB,NWE,27,16,7,121.0,7.56,16,0,171.0,16.0,98.1,6.13,0.0,True
P0975,2013,147,Robert Woods,WR,BUF,21,14,14,120.3,8.59,16,2,97.0,16.0,164.9,10.31,0.0,True
P0715,2013,148,BenJarvus Green-Ellis,RB,CIN,28,16,16,119.8,7.49,16,0,,,,,,False
P0786,2013,149,Sam Bradford,QB,STL,26,7,7,118.6,16.94,16,9,,,,,,False
P0714,2013,150,Brent Celek,TE,PHI,28,16,15,116.2,7.26,16,0,227.0,16.0,70.0,4.38,0.0,True
P0588,2013,151,Jason Campbell,QB,CLE,32,9,8,115.3,12.81,16,7,,,,,,False
P0976,2013,152,Jordan Reed,TE,WAS,23,9,4,114.7,12.74,16,7,180.0,11.0,94.5,8.59,5.0,True
P0881,2013,153,Jeremy Kerley,WR,NYJ,25,12,8,114.4,9.53,16,4,183.0,16.0,93.5,5.84,0.0,True
P0872,2013,154,Chris Ogbonnaya,RB,CLE,27,16,7,114.3,7.14,16,0,,,,,,False
P0977,2013,155,Aaron Dobson,WR,NWE,22,12,9,112.9,9.41,16,4,,,,,,False
P0811,2013,156,Marcel Reece,FB,OAK,28,16,15,111.8,6.99,16,0,213.0,15.0,76.0,5.07,1.0,True
P0978,2013,157,Ace Sanders,WR,JAX,22,15,4,110.6,7.37,16,1,,,,,,False
P0979,2013,158,Bobby Rainey,RB,2TM,26,15,6,110.2,7.35,16,1,158.0,15.0,111.1,7.41,1.0,True
P0685,2013,159,Donnie Avery,WR,KAN,29,16,14,110.2,6.89,16,0,,,,,,False
P0800,2013,160,Jermaine Gresham,TE,CIN,25,14,14,109.8,7.84,16,2,126.0,15.0,138.0,9.2,1.0,True
P0841,2013,161,Julio Jones,WR,ATL,24,5,5,109.7,21.94,16,11,16.0,15.0,297.4,19.83,1.0,True
P0778,2013,162,Arian Foster,RB,HOU,27,8,8,108.5,13.56,16,8,23.0,13.0,273.5,21.04,3.0,True
P0980,2013,163,Montee Ball,RB,DEN,23,16,0,108.4,6.78,16,0,,,,,,False
P0674,2013,164,Matt Cassel,QB,MIN,31,9,6,108.0,12.0,16,7,,,,,,False
P0843,2013,165,Roy Helu,RB,WAS,25,16,0,107.5,6.72,16,0,136.0,14.0,127.3,9.09,2.0,True
P0854,2013,166,Christian Ponder,QB,MIN,25,9,9,107.0,11.89,16,7,,,,,,False
P0981,2013,167,Zach Ertz,TE,PHI,23,16,3,106.9,6.68,16,0,119.0,16.0,144.2,9.01,0.0,True
P0873,2013,168,Randall Cobb,WR,GNB,23,6,4,106.1,17.68,16,10,18.0,16.0,293.4,18.34,0.0,True
P0946,2013,169,Mohamed Sanu,WR,CIN,24,16,14,105.1,6.57,16,0,80.0,16.0,179.3,11.21,0.0,True
P0633,2013,170,Matt Schaub,QB,HOU,32,10,8,104.8,10.48,16,6,,,,,,False
P0806,2013,171,Chris Ivory,RB,NYJ,25,15,6,104.3,6.95,16,1,110.0,16.0,152.4,9.52,0.0,True
P0982,2013,172,Case Keenum,QB,HOU,25,8,8,103.6,12.95,16,8,,,,,,False
P0308,2013,173,Reggie Wayne,WR,IND,35,7,7,102.8,14.69,16,9,111.0,15.0,151.9,10.13,1.0,True
P0983,2013,174,Mychal Rivera,TE,OAK,23,16,3,102.7,6.42,16,0,131.0,16.0,133.4,8.34,0.0,True
P0984,2013,175,Kenbrell Thompkins,WR,NWE,25,12,8,102.6,8.55,16,4,,,,,,False
P0823,2013,176,Andre Roberts,WR,ARI,25,16,2,102.1,6.38,16,0,185.0,16.0,91.4,5.71,0.0,True
P0927,2013,177,Austin Pettis,WR,STL,25,16,6,101.9,6.37,16,0,,,,,,False
P0634,2013,178,Zach Miller,TE,SEA,28,14,12,101.7,7.26,16,2,,,,,,False
P0310,2013,179,Michael Vick,QB,PHI,33,7,6,101.0,14.43,16,9,,,,,,False
P0747,2013,180,Jacoby Jones,WR,BAL,29,12,9,100.5,8.38,16,4,,,,,,False
P0908,2013,181,Jake Locker,QB,TEN,25,7,7,99.7,14.24,16,9,239.0,7.0,63.9,9.13,9.0,True
P0848,2013,182,Greg Little,WR,CLE,24,16,13,99.5,6.22,16,0,,,,,,False
P0690,2013,183,Darren McFadden,RB,OAK,26,10,7,98.3,9.83,16,6,143.0,16.0,120.6,7.54,0.0,True
P0869,2013,184,Daniel Thomas,RB,MIA,26,15,1,97.9,6.53,16,1,,,,,,False
P0985,2013,185,Rishard Matthews,TE,MIA,24,16,5,97.8,6.11,16,0,,,,,,False
P0356,2013,186,Santana Moss,WR,WAS,34,16,1,97.7,6.11,16,0,,,,,,False
P0986,2013,187,Kris Durham,WR,DET,25,16,13,97.0,6.06,16,0,,,,,,False
P0987,2013,188,Tyler Eifert,TE,CIN,23,15,15,95.5,6.37,16,1,,,,,,False
P0885,2013,189,Vincent Brown,WR,SDG,24,16,12,94.2,5.89,16,0,,,,,,False
P0916,2013,190,Andre Brown,RB,NYG,27,8,8,93.5,11.69,16,8,,,,,,False
P0662,2013,191,Jason Avant,WR,PHI,30,16,13,92.7,5.79,16,0,216.0,16.0,75.4,4.71,0.0,True
P0646,2013,192,Lance Moore,WR,NOR,30,13,5,92.7,7.13,16,3,,,,,,False
P0759,2013,193,Brandon Pettigrew,TE,DET,28,14,14,92.6,6.61,16,2,,,,,,False
P0856,2013,194,James Starks,RB,GNB,27,13,1,92.2,7.09,16,3,208.0,16.0,77.3,4.83,0.0,True
P0926,2013,195,Tiquan Underwood,WR,TAM,26,12,7,92.0,7.67,16,4,,,,,,False
P0738,2013,196,Jason Snelling,RB,ATL,30,14,1,91.0,6.5,16,2,,,,,,False
P0921,2013,197,Rob Housler,TE,ARI,25,13,10,90.4,6.95,16,3,,,,,,False
P0814,2013,198,David Nelson,WR,NYJ,27,12,6,90.3,7.52,16,4,,,,,,False
P0421,2013,199,Nate Burleson,WR,DET,32,9,8,90.3,10.03,16,7,,,,,,False
P0696,2013,200,Davone Bess,WR,CLE,28,14,3,90.2,6.44,16,2,,,,,,False
P0925,2013,201,Jeff Cumberland,TE,NYJ,26,15,12,89.8,5.99,16,1,232.0,16.0,65.7,4.11,0.0,True
P0907,2013,202,Chris Givens,WR,STL,24,16,13,89.7,5.61,16,0,,,,,,False
P0903,2013,203,Brandon Weeden,QB,CLE,30,8,5,89.6,11.2,16,8,,,,,,False
P0988,2013,204,Cole Beasley,WR,DAL,24,14,3,87.8,6.27,16,2,169.0,16.0,99.0,6.19,0.0,True
P0940,2013,205,Jarius Wright,WR,MIN,24,16,3,87.4,5.46,16,0,145.0,16.0,119.9,7.49,0.0,True
P0989,2013,206,Mike Brown,WR,JAX,24,11,6,86.6,7.87,16,5,,,,,,False
P0934,2013,207,Bernard Pierce,RB,BAL,22,16,1,86.0,5.38,16,0,,,,,,False
P0914,2013,208,Leonard Hankerson,WR,WAS,24,10,7,85.5,8.55,16,6,,,,,,False
P0650,2013,209,Kellen Clemens,QB,STL,30,10,9,85.3,8.53,16,6,,,,,,False
P0990,2013,210,Jerrel Jernigan,WR,NYG,24,15,3,83.6,5.57,16,1,,,,,,False
P0430,2013,211,Dallas Clark,TE,BAL,34,12,0,83.3,6.94,16,4,,,,,,False
P0642,2013,212,Marcedes Lewis,TE,JAX,29,11,11,82.9,7.54,16,5,,,,,,False
P0991,2013,213,Joseph Fauria,TE,DET,23,16,2,82.7,5.17,16,0,,,,,,False
P0737,2013,214,Earl Bennett,WR,CHI,26,15,3,82.3,5.49,16,1,,,,,,False
P0568,2013,215,Kellen Winslow,TE,NYJ,30,12,3,81.8,6.82,16,4,,,,,,False
P0887,2013,216,Lance Kendricks,TE,STL,25,15,13,81.8,5.45,16,1,199.0,16.0,82.9,5.18,0.0,True
P0992,2013,217,Brandon Bolden,RB,NWE,23,12,2,81.3,6.78,16,4,,,,,,False
P0766,2013,218,Brandon Gibson,WR,MIA,26,7,3,80.6,11.51,16,9,235.0,14.0,64.5,4.61,2.0,True
P0880,2013,219,Kyle Rudolph,TE,MIN,24,8,8,79.3,9.91,16,8,250.0,9.0,59.1,6.57,7.0,True
P0993,2013,220,Jermaine Kearse,WR,SEA,23,15,5,78.6,5.24,16,1,168.0,15.0,99.9,6.66,1.0,True
P0994,2013,221,Matt McGloin,QB,OAK,24,7,6,78.6,11.23,16,9,,,,,,False
P0995,2013,222,Justin Hunter,WR,TEN,22,14,0,77.4,5.53,16,2,176.0,12.0,95.8,7.98,4.0,True
P0898,2013,223,Justin Blackmon,WR,JAX,23,4,4,76.4,19.1,16,12,,,,,,False
P0996,2013,224,Andrew Quarless,TE,GNB,25,16,10,75.2,4.7,16,0,205.0,16.0,79.3,4.96,0.0,True
P0574,2013,225,Santonio Holmes,WR,NYJ,29,11,11,74.6,6.78,16,5,,,,,,False
P0997,2013,226,Andre Holmes,WR,OAK,25,10,4,74.1,7.41,16,6,122.0,16.0,140.3,8.77,0.0,True
P0735,2013,227,Jermichael Finley,TE,GNB,26,6,5,73.0,12.17,16,10,,,,,,False
P0998,2013,228,Ladarius Green,WR,SDG,23,16,10,72.6,4.54,16,0,,,,,,False
P0999,2013,229,Matt Flynn,QB,2TM,28,7,5,72.2,10.31,16,9,,,,,,False
P1000,2013,230,Knile Davis,RB,KAN,22,16,1,70.7,4.42,16,0,142.0,16.0,121.0,7.56,0.0,True
P0820,2013,231,Darrius Heyward-Bey,WR,IND,26,16,11,70.5,4.41,16,0,,,,,,False
P0937,2013,232,T.J. Graham,WR,BUF,24,16,6,70.5,4.41,16,0,,,,,,False
P0686,2013,233,John Carlson,TE,MIN,29,13,8,70.4,5.42,16,3,212.0,16.0,76.0,4.75,0.0,True
P1001,2013,234,Jordan Todman,RB,JAX,23,16,2,69.2,4.32,16,0,217.0,16.0,75.4,4.71,0.0,True
P0947,2013,235,Logan Paulsen,TE,WAS,26,16,14,68.7,4.29,16,0,,,,,,False
P0890,2013,236,Doug Martin,RB,TAM,24,6,6,68.2,11.37,16,10,202.0,11.0,80.8,7.35,5.0,True
P1002,2013,237,Sean McGrath,TE,KAN,26,16,9,68.2,4.26,16,0,,,,,,False
P0584,2013,238,Owen Daniels,TE,HOU,31,5,5,67.2,13.44,16,11,139.0,15.0,124.7,8.31,1.0,True
P0951,2013,239,Aldrick Robinson,WR,WAS,25,16,1,66.1,4.13,16,0,,,,,,False
P0647,2013,240,Brian Leonard,RB,TAM,29,16,1,65.1,4.07,16,0,,,,,,False
P0776,2013,241,Shonn Greene,RB,TEN,28,11,0,63.4,5.76,16,5,,,,,,False
P1003,2013,242,Keshawn Martin,WR,HOU,23,16,1,63.3,3.96,16,0,,,,,,False
P1004,2013,243,Clay Harbor,TE,JAX,26,16,7,63.2,3.95,16,0,248.0,13.0,60.9,4.68,3.0,True
P1005,2013,244,Marquise Goodwin,WR,BUF,23,12,1,62.6,5.22,16,4,,,,,,False
P0945,2013,245,Stephen Hill,WR,NYJ,22,12,11,62.2,5.18,16,4,,,,,,False
P1006,2013,246,Griff Whalen,WR,IND,23,9,3,61.9,6.88,16,7,,,,,,False
P0920,2013,247,Bryce Brown,RB,PHI,22,16,1,61.8,3.86,16,0,,,,,,False
P0863,2013,248,Kendall Hunter,RB,SFO,25,16,0,61.1,3.82,16,0,,,,,,False
P0692,2013,249,Anthony Fasano,TE,KAN,29,9,9,61.0,6.78,16,7,223.0,15.0,71.6,4.77,1.0,True
P0713,2013,250,Robert Meachem,WR,NOR,29,15,5,60.3,4.02,16,1,,,,,,False
P0840,2014,1,Antonio Brown,WR,PIT,26,16,16,386.9,24.18,16,0,2.0,16.0,388.2,24.26,0.0,True
P0956,2014,2,Le'Veon Bell,RB,PIT,22,16,16,370.5,23.16,16,0,161.0,6.0,111.2,18.53,10.0,True
P0671,2014,3,Aaron Rodgers,QB,GNB,31,16,16,354.1,22.13,16,0,14.0,16.0,301.2,18.82,0.0,True
P0892,2014,4,Andrew Luck,QB,IND,25,16,16,351.7,21.98,16,0,128.0,7.0,130.8,18.69,9.0,True
P0847,2014,5,DeMarco Murray,RB,DAL,26,16,16,351.1,21.94,16,0,79.0,15.0,184.4,12.29,1.0,True
P0670,2014,6,Matt Forte,RB,CHI,29,16,16,346.6,21.66,16,0,54.0,13.0,214.7,16.52,3.0,True
P0830,2014,7,Demaryius Thomas,WR,DEN,27,16,16,340.9,21.31,16,0,28.0,16.0,267.4,16.71,0.0,True
P0891,2014,8,Russell Wilson,QB,SEA,26,16,16,330.6,20.66,16,0,6.0,16.0,336.3,21.02,0.0,True
P0706,2014,9,Jordy Nelson,WR,GNB,29,16,16,327.9,20.49,16,0,,,,,,False
P0791,2014,10,Dez Bryant,WR,DAL,26,16,16,316.0,19.75,16,0,198.0,9.0,89.1,9.9,7.0,True
P0015,2014,11,Peyton Manning,QB,DEN,38,16,16,312.7,19.54,16,0,195.0,10.0,91.4,9.14,6.0,True
P0462,2014,12,Ben Roethlisberger,QB,PIT,32,16,16,306.2,19.14,16,0,47.0,12.0,228.1,19.01,4.0,True
P0340,2014,13,Drew Brees,QB,NOR,35,16,16,304.0,19.0,16,0,12.0,15.0,304.2,20.28,1.0,True
P0621,2014,14,Marshawn Lynch,RB,SEA,28,16,14,302.3,18.89,16,0,210.0,7.0,82.7,11.81,9.0,True
P0818,2014,15,Emmanuel Sanders,WR,DEN,27,16,16,301.8,18.86,16,0,51.0,15.0,224.4,14.96,1.0,True
P0841,2014,16,Julio Jones,WR,ATL,25,15,15,297.4,19.83,16,1,3.0,16.0,375.1,23.44,0.0,True
P1007,2014,17,Odell Beckham Jr.,WR,NYG,22,12,11,295.0,24.58,16,4,8.0,15.0,319.3,21.29,1.0,True
P0873,2014,18,Randall Cobb,WR,GNB,24,16,16,293.4,18.34,16,0,60.0,16.0,208.9,13.06,0.0,True
P0679,2014,19,Matt Ryan,QB,ATL,29,16,16,284.3,17.77,16,0,41.0,16.0,233.9,14.62,0.0,True
P0901,2014,20,Ryan Tannehill,QB,MIA,26,16,16,279.5,17.47,16,0,31.0,16.0,258.3,16.14,0.0,True
P0260,2014,21,Tom Brady,QB,NWE,37,16,16,278.1,17.38,16,0,4.0,16.0,344.7,21.54,0.0,True
P0733,2014,22,Jeremy Maclin,WR,PHI,26,16,16,276.8,17.3,16,0,38.0,15.0,243.2,16.21,1.0,True
P0778,2014,23,Arian Foster,RB,HOU,28,13,13,273.5,21.04,16,3,222.0,4.0,77.0,19.25,12.0,True
P0953,2014,24,Eddie Lacy,RB,GNB,24,16,16,272.6,17.04,16,0,118.0,15.0,140.6,9.37,1.0,True
P0499,2014,25,Eli Manning,QB,NYG,33,16,16,269.5,16.84,16,0,17.0,16.0,287.4,17.96,0.0,True
P0788,2014,26,Rob Gronkowski,TE,NWE,25,15,10,266.4,17.76,16,1,32.0,15.0,255.6,17.04,1.0,True
P0569,2014,27,Tony Romo,QB,DAL,34,15,15,266.3,17.75,16,1,,,,,,False
P0566,2014,28,Philip Rivers,QB,SDG,33,16,16,265.6,16.6,16,0,19.0,16.0,284.5,17.78,0.0,True
P0681,2014,29,Joe Flacco,QB,BAL,29,16,16,262.4,16.4,16,0,101.0,10.0,161.9,16.19,6.0,True
P0928,2014,30,Alshon Jeffery,WR,CHI,24,16,16,261.6,16.35,16,0,106.0,9.0,158.7,17.63,7.0,True
P0864,2014,31,Golden Tate,WR,DET,26,16,16,259.1,16.19,16,0,59.0,16.0,209.4,13.09,0.0,True
P0897,2014,32,T.Y. Hilton,WR,IND,25,15,15,258.5,17.23,16,1,56.0,16.0,211.4,13.21,0.0,True
P0601,2014,33,Jay Cutler,QB,CHI,31,15,15,255.6,17.04,16,1,49.0,15.0,226.5,15.1,1.0,True
P0745,2014,34,Matthew Stafford,QB,DET,26,16,16,251.6,15.72,16,0,16.0,16.0,290.8,18.18,0.0,True
P0902,2014,35,Colin Kaepernick,QB,SFO,27,16,16,250.7,15.67,16,0,163.0,9.0,110.2,12.24,7.0,True
P0703,2014,36,Jamaal Charles,RB,KAN,28,15,15,250.4,16.69,16,1,178.0,5.0,101.1,20.22,11.0,True
P0836,2014,37,Cam Newton,QB,CAR,25,14,14,249.0,17.79,16,2,1.0,16.0,389.1,24.32,0.0,True
P0730,2014,38,Justin Forsett,RB,BAL,29,16,14,246.9,15.43,16,0,141.0,10.0,122.4,12.24,6.0,True
P1008,2014,39,Mike Evans,WR,TAM,21,15,15,245.1,16.34,16,1,58.0,15.0,210.6,14.04,1.0,True
P0968,2014,40,DeAndre Hopkins,WR,HOU,22,16,16,231.0,14.44,16,0,7.0,16.0,331.1,20.69,0.0,True
P0809,2014,41,Jimmy Graham,TE,NOR,28,16,13,229.9,14.37,16,0,146.0,11.0,120.5,10.95,5.0,True
P0757,2014,42,Julian Edelman,WR,NWE,28,14,13,228.6,16.33,16,2,89.0,9.0,172.5,19.17,7.0,True
P0625,2014,43,Calvin Johnson,WR,DET,29,13,13,226.7,17.44,16,3,29.0,16.0,261.4,16.34,0.0,True
P1009,2014,44,Kelvin Benjamin,WR,CAR,23,16,15,225.8,14.11,16,0,,,,,,False
P0839,2014,45,Andy Dalton,QB,CIN,27,16,16,225.6,14.1,16,0,36.0,13.0,244.2,18.78,3.0,True
P0974,2014,46,Lamar Miller,RB,MIA,23,16,16,223.4,13.96,16,0,43.0,16.0,231.9,14.49,0.0,True
P0427,2014,47,Antonio Gates,TE,SDG,34,16,14,223.1,13.94,16,0,112.0,11.0,149.0,13.55,5.0,True
P0711,2014,48,Martellus Bennett,TE,CHI,27,16,15,221.6,13.85,16,0,153.0,11.0,114.9,10.45,5.0,True
P0638,2014,49,Greg Olsen,TE,CAR,29,16,16,220.8,13.8,16,0,48.0,16.0,227.4,14.21,0.0,True
P0571,2014,50,Alex Smith,QB,KAN,30,15,15,220.0,14.67,16,1,26.0,16.0,271.2,16.95,0.0,True
P0403,2014,51,Anquan Boldin,WR,SFO,34,16,16,219.6,13.72,16,0,93.0,14.0,169.9,12.14,2.0,True
P0342,2014,52,Steve Smith Sr.,WR,BAL,35,16,16,219.5,13.72,16,0,127.0,7.0,131.0,18.71,9.0,True
P0734,2014,53,Mike Wallace,WR,MIA,28,16,16,212.8,13.3,16,0,181.0,16.0,98.9,6.18,0.0,True
P0522,2014,54,Roddy White,WR,ATL,33,14,14,212.1,15.15,16,2,180.0,16.0,99.6,6.22,0.0,True
P1010,2014,55,C.J. Anderson,RB,DEN,23,15,7,211.3,14.09,16,1,117.0,15.0,141.3,9.42,1.0,True
P1011,2014,56,Jeremy Hill,RB,CIN,22,16,8,210.9,13.18,16,0,90.0,16.0,170.3,10.64,0.0,True
P0810,2014,57,Brandon LaFell,WR,NWE,28,16,13,210.6,13.16,16,0,197.0,11.0,89.4,8.13,5.0,True
P0682,2014,58,DeSean Jackson,WR,WAS,28,15,13,209.6,13.97,16,1,174.0,9.0,104.8,11.64,7.0,True
P0838,2014,59,A.J. Green,WR,CIN,26,13,13,205.3,15.79,16,3,23.0,16.0,273.7,17.11,0.0,True
P1012,2014,60,Jordan Matthews,WR,PHI,22,16,10,202.2,12.64,16,0,46.0,16.0,230.7,14.42,0.0,True
P0844,2014,61,Eric Decker,WR,NYJ,27,15,15,200.2,13.35,16,1,34.0,15.0,252.7,16.85,1.0,True
P0732,2014,62,LeSean McCoy,RB,PHI,26,16,16,199.4,12.46,16,0,85.0,12.0,178.7,14.89,4.0,True
P0905,2014,63,Joique Bell,RB,DET,28,15,6,198.2,13.21,16,1,173.0,13.0,105.7,8.13,3.0,True
P1013,2014,64,Sammy Watkins,WR,BUF,21,16,16,198.0,12.38,16,0,52.0,13.0,218.8,16.83,3.0,True
P1014,2014,65,Matt Asiata,RB,MIN,27,15,9,194.2,12.95,16,1,,,,,,False
P1015,2014,66,Derek Carr,QB,OAK,23,16,16,192.0,12.0,16,0,25.0,16.0,271.3,16.96,0.0,True
P0865,2014,67,Mark Ingram,RB,NOR,25,13,9,191.9,14.76,16,3,64.0,12.0,203.4,16.95,4.0,True
P0842,2014,68,Torrey Smith,WR,BAL,25,16,16,191.7,11.98,16,0,135.0,16.0,125.3,7.83,0.0,True
P0406,2014,69,Andre Johnson,WR,HOU,33,15,15,190.6,12.71,16,1,152.0,16.0,115.3,7.21,0.0,True
P0653,2014,70,Fred Jackson,RB,BUF,33,14,9,188.6,13.47,16,2,220.0,16.0,77.7,4.86,0.0,True
P0894,2014,71,Alfred Morris,RB,WAS,26,16,16,187.9,11.74,16,0,184.0,16.0,96.6,6.04,0.0,True
P0954,2014,72,Giovani Bernard,RB,CIN,23,13,9,187.9,14.45,16,3,82.0,16.0,181.2,11.32,0.0,True
P1016,2014,73,Travis Kelce,TE,KAN,25,16,11,183.2,11.45,16,0,76.0,16.0,189.5,11.84,0.0,True
P0938,2014,74,Rueben Randle,WR,NYG,23,16,13,182.8,11.42,16,0,78.0,16.0,184.7,11.54,0.0,True
P1017,2014,75,Jarvis Landry,WR,MIA,22,16,11,181.4,11.34,16,0,21.0,16.0,275.4,17.21,0.0,True
P0675,2014,76,Eddie Royal,WR,SDG,28,16,11,181.2,11.32,16,0,240.0,9.0,66.7,7.41,7.0,True
P0582,2014,77,Vincent Jackson,WR,TAM,31,16,16,180.2,11.26,16,0,168.0,10.0,107.3,10.73,6.0,True
P0559,2014,78,Ryan Fitzpatrick,QB,HOU,32,12,12,179.7,14.98,16,4,18.0,16.0,285.2,17.82,0.0,True
P1018,2014,79,Teddy Bridgewater,QB,MIN,22,13,12,179.7,13.82,16,3,66.0,16.0,200.4,12.52,0.0,True
P0946,2014,80,Mohamed Sanu,WR,CIN,25,16,13,179.3,11.21,16,0,194.0,16.0,91.5,5.72,0.0,True
P0600,2014,81,Brandon Marshall,WR,CHI,30,13,13,179.1,13.78,16,3,5.0,16.0,339.2,21.2,0.0,True
P0962,2014,82,Andre Ellington,RB,ARI,25,12,12,177.5,14.79,16,4,227.0,10.0,74.7,7.47,6.0,True
P0564,2014,83,Marques Colston,WR,NOR,31,16,13,177.2,11.08,16,0,145.0,13.0,121.0,9.31,3.0,True
P0939,2014,84,Coby Fleener,TE,IND,26,16,12,176.4,11.02,16,0,138.0,16.0,123.1,7.69,0.0,True
P0530,2014,85,Kyle Orton,QB,BUF,32,12,12,176.1,14.68,16,4,,,,,,False
P0825,2014,86,Delanie Walker,TE,TEN,30,15,14,176.0,11.73,16,1,35.0,15.0,244.4,16.29,1.0,True
P0955,2014,87,Keenan Allen,WR,SDG,22,14,14,175.3,12.52,16,2,103.0,8.0,161.5,20.19,8.0,True
P0973,2014,88,Kenny Stills,WR,NOR,22,15,7,173.9,11.59,16,1,199.0,16.0,89.0,5.56,0.0,True
P0629,2014,89,James Jones,WR,OAK,30,16,10,173.6,10.85,16,0,74.0,16.0,191.0,11.94,0.0,True
P0609,2014,90,Malcom Floyd,WR,SDG,33,16,16,173.6,10.85,16,0,177.0,15.0,102.1,6.81,1.0,True
P0578,2014,91,Greg Jennings,WR,MIN,31,16,13,169.2,10.58,16,0,,,,,,False
P1019,2014,92,Blake Bortles,QB,JAX,22,14,13,168.2,12.01,16,2,10.0,16.0,316.1,19.76,0.0,True
P0906,2014,93,Kendall Wright,WR,TEN,25,14,11,167.9,11.99,16,2,185.0,10.0,96.5,9.65,6.0,True
P0845,2014,94,Doug Baldwin,WR,SEA,26,16,16,167.3,10.46,16,0,27.0,16.0,268.9,16.81,0.0,True
P0936,2014,95,Shane Vereen,RB,NWE,25,16,6,165.8,10.36,16,0,107.0,16.0,158.4,9.9,0.0,True
P0913,2014,96,Michael Floyd,WR,ARI,25,16,14,165.3,10.33,16,0,88.0,15.0,172.9,11.53,1.0,True
P0975,2014,97,Robert Woods,WR,BUF,22,16,15,164.9,10.31,16,0,148.0,14.0,118.2,8.44,2.0,True
P0425,2014,98,Jason Witten,TE,DAL,32,16,16,164.3,10.27,16,0,99.0,16.0,164.3,10.27,0.0,True
P0957,2014,99,Julius Thomas,TE,DEN,26,13,10,163.9,12.61,16,3,144.0,12.0,121.5,10.12,4.0,True
P0746,2014,100,Michael Crabtree,WR,SFO,27,16,16,162.2,10.14,16,0,45.0,16.0,231.2,14.45,0.0,True
P0736,2014,101,Pierre Garcon,WR,WAS,28,16,14,161.2,10.07,16,0,77.0,16.0,185.7,11.61,0.0,True
P0507,2014,102,Heath Miller,TE,PIT,32,16,16,160.1,10.01,16,0,133.0,15.0,127.7,8.51,1.0,True
P0910,2014,103,Andrew Hawkins,WR,CLE,28,15,15,158.9,10.59,16,1,,,,,,False
P0516,2014,104,Frank Gore,RB,SFO,31,16,16,158.7,9.92,16,0,72.0,16.0,193.4,12.09,0.0,True
P0669,2014,105,Darren Sproles,RB,PHI,31,15,0,157.6,10.51,16,1,102.0,16.0,161.5,10.09,0.0,True
P1020,2014,106,Brian Hoyer,QB,CLE,29,14,13,156.9,11.21,16,2,94.0,11.0,166.6,15.15,5.0,True
P1021,2014,107,Allen Hurns,WR,JAX,23,16,8,154.7,9.67,16,0,50.0,15.0,225.1,15.01,1.0,True
P0719,2014,108,Ahmad Bradshaw,RB,IND,28,10,1,154.5,15.45,16,6,,,,,,False
P1022,2014,109,Larry Donnell,TE,NYG,26,16,12,153.3,9.58,16,0,247.0,8.0,63.3,7.91,8.0,True
P0806,2014,110,Chris Ivory,RB,NYJ,26,16,10,152.4,9.52,16,0,65.0,15.0,202.7,13.51,1.0,True
P0308,2014,111,Reggie Wayne,WR,IND,36,15,15,151.9,10.13,16,1,,,,,,False
P0458,2014,112,Larry Fitzgerald,WR,ARI,31,14,13,151.4,10.81,16,2,20.0,16.0,280.5,17.53,0.0,True
P0959,2014,113,Geno Smith,QB,NYJ,24,14,13,150.8,10.77,16,2,,,,,,False
P0965,2014,114,Terrance Williams,WR,DAL,25,16,16,147.1,9.19,16,0,109.0,16.0,154.0,9.62,0.0,True
P1023,2014,115,John Brown,WR,ARI,24,16,5,147.0,9.19,16,0,62.0,15.0,207.5,13.83,1.0,True
P0684,2014,116,Jonathan Stewart,RB,CAR,27,13,8,146.0,11.23,16,3,100.0,13.0,162.8,12.52,3.0,True
P1024,2014,117,Branden Oliver,RB,SDG,23,14,7,145.3,10.38,16,2,,,,,,False
P1025,2014,118,Andre Williams,RB,NYG,22,16,7,145.1,9.07,16,0,,,,,,False
P0981,2014,119,Zach Ertz,TE,PHI,24,16,5,144.2,9.01,16,0,91.0,15.0,170.3,11.35,1.0,True
P0744,2014,120,Kenny Britt,WR,STL,26,16,13,142.2,8.89,16,0,142.0,16.0,122.1,7.63,0.0,True
P0468,2014,121,Steven Jackson,RB,ATL,31,15,15,141.5,9.43,16,1,,,,,,False
P0997,2014,122,Andre Holmes,WR,OAK,26,16,13,140.3,8.77,16,0,,,,,,False
P0742,2014,123,Mark Sanchez,QB,PHI,28,9,8,139.4,15.49,16,7,,,,,,False
P1026,2014,124,Brandin Cooks,WR,NOR,21,10,7,139.3,13.93,16,6,33.0,16.0,253.6,15.85,0.0,True
P0781,2014,125,Rashad Jennings,RB,NYG,29,11,9,138.5,12.59,16,5,97.0,16.0,164.9,10.31,0.0,True
P0800,2014,126,Jermaine Gresham,TE,CIN,26,15,15,138.0,9.2,16,1,,,,,,False
P0888,2014,127,Charles Clay,TE,MIA,25,14,14,136.5,9.75,16,2,143.0,13.0,121.8,9.37,3.0,True
P0620,2014,128,Dwayne Bowe,WR,KAN,30,15,15,135.4,9.03,16,1,,,,,,False
P1027,2014,129,Tre Mason,RB,STL,21,12,9,135.3,11.28,16,4,,,,,,False
P0821,2014,130,Jared Cook,TE,STL,27,16,6,133.4,8.34,16,0,201.0,16.0,87.1,5.44,0.0,True
P0983,2014,131,Mychal Rivera,TE,OAK,24,16,10,133.4,8.34,16,0,242.0,16.0,66.0,4.12,0.0,True
P1028,2014,132,Markus Wheaton,WR,PIT,23,16,11,131.3,8.21,16,0,110.0,16.0,150.9,9.43,0.0,True
P1029,2014,133,Martavis Bryant,WR,PIT,23,10,3,130.1,13.01,16,6,92.0,11.0,170.2,15.47,5.0,True
P0725,2014,134,Percy Harvin,WR,2TM,26,13,12,129.5,9.96,16,3,,,,,,False
P0942,2014,135,Riley Cooper,WR,PHI,27,16,16,128.7,8.04,16,0,243.0,16.0,65.7,4.11,0.0,True
P0843,2014,136,Roy Helu,RB,WAS,26,14,0,127.3,9.09,16,2,,,,,,False
P0431,2014,137,Josh McCown,QB,TAM,35,11,11,126.9,11.54,16,5,125.0,8.0,132.2,16.52,8.0,True
P1030,2014,138,Benny Cunningham,RB,STL,24,16,2,124.8,7.8,16,0,244.0,16.0,65.0,4.06,0.0,True
P0584,2014,139,Owen Daniels,TE,BAL,32,15,13,124.7,8.31,16,1,151.0,16.0,115.7,7.23,0.0,True
P0648,2014,140,Pierre Thomas,RB,NOR,30,11,3,123.0,11.18,16,5,,,,,,False
P1031,2014,141,Isaiah Crowell,RB,CLE,21,16,4,122.4,7.65,16,0,119.0,16.0,137.8,8.61,0.0,True
P1000,2014,142,Knile Davis,RB,KAN,23,16,1,121.0,7.56,16,0,,,,,,False
P0690,2014,143,Darren McFadden,RB,OAK,27,16,12,120.6,7.54,16,0,70.0,16.0,195.7,12.23,0.0,True
P0708,2014,144,Harry Douglas,WR,ATL,30,12,6,120.6,10.05,16,4,202.0,14.0,86.5,6.18,2.0,True
P0940,2014,145,Jarius Wright,WR,MIN,25,16,7,119.9,7.49,16,0,215.0,16.0,79.1,4.94,0.0,True
P0922,2014,146,Nick Foles,QB,PHI,25,8,8,119.3,14.91,16,8,186.0,11.0,96.1,8.74,5.0,True
P0896,2014,147,Cecil Shorts,WR,JAX,27,13,12,118.0,9.08,16,3,164.0,11.0,109.9,9.99,5.0,True
P0893,2014,148,Trent Richardson,RB,IND,24,15,12,117.8,7.85,16,1,,,,,,False
P1032,2014,149,Allen Robinson,WR,JAX,21,10,8,116.8,11.68,16,6,13.0,16.0,304.0,19.0,0.0,True
P0580,2014,150,Nate Washington,WR,TEN,31,16,11,116.7,7.29,16,0,120.0,14.0,136.8,9.77,2.0,True
P0911,2014,151,Dwayne Allen,TE,IND,24,13,13,116.5,8.96,16,3,,,,,,False
P0718,2014,152,Miles Austin,WR,CLE,30,12,11,115.8,9.65,16,4,,,,,,False
P0673,2014,153,Chris Johnson,RB,NYJ,29,16,6,115.4,7.21,16,0,169.0,11.0,107.2,9.75,5.0,True
P0858,2014,154,Scott Chandler,TE,BUF,29,16,5,114.7,7.17,16,0,229.0,15.0,72.9,4.86,1.0,True
P0565,2014,155,Jerricho Cotchery,WR,CAR,32,15,13,114.0,7.6,16,1,170.0,14.0,107.1,7.65,2.0,True
P1033,2014,156,Denard Robinson,RB,JAX,24,13,9,113.6,8.74,16,3,236.0,13.0,68.0,5.23,3.0,True
P1034,2014,157,Terrance West,RB,CLE,23,14,6,112.7,8.05,16,2,,,,,,False
P0979,2014,158,Bobby Rainey,RB,TAM,27,15,5,111.1,7.41,16,1,,,,,,False
P1035,2014,159,Austin Davis,QB,STL,25,10,8,107.6,10.76,16,6,,,,,,False
P0537,2014,160,Wes Welker,WR,DEN,33,14,8,107.4,7.67,16,2,,,,,,False
P0561,2014,161,Reggie Bush,RB,DET,29,11,9,107.0,9.73,16,5,,,,,,False
P1036,2014,162,Taylor Gabriel,WR,CLE,23,16,2,105.1,6.57,16,0,,,,,,False
P1037,2014,163,Chris Hogan,WR,BUF,27,16,2,103.6,6.48,16,0,189.0,16.0,93.6,5.85,0.0,True
P0464,2014,164,Carson Palmer,QB,ARI,35,6,6,103.5,17.25,16,10,11.0,16.0,309.2,19.32,0.0,True
P0731,2014,165,Hakeem Nicks,WR,IND,26,16,6,102.5,6.41,16,0,,,,,,False
P1038,2014,166,Ronnie Hillman,RB,DEN,23,8,4,102.3,12.79,16,8,104.0,16.0,161.4,10.09,0.0,True
P1039,2014,167,Davante Adams,WR,GNB,22,16,11,100.6,6.29,16,0,171.0,13.0,106.3,8.18,3.0,True
P0993,2014,168,Jermaine Kearse,WR,SEA,24,15,14,99.9,6.66,16,1,115.0,16.0,147.5,9.22,0.0,True
P0988,2014,169,Cole Beasley,WR,DAL,25,16,2,99.0,6.19,16,0,126.0,16.0,131.6,8.22,0.0,True
P0751,2014,170,Brian Hartline,WR,MIA,28,16,16,98.4,6.15,16,0,162.0,12.0,110.3,9.19,4.0,True
P0795,2014,171,LeGarrette Blount,RB,2TM,28,16,1,98.1,6.13,16,0,140.0,12.0,122.6,10.22,4.0,True
P1040,2014,172,Alfred Blue,RB,HOU,23,16,3,97.1,6.07,16,0,160.0,16.0,111.7,6.98,0.0,True
P0783,2014,173,Stevie Johnson,WR,SFO,28,13,1,96.5,7.42,16,3,157.0,10.0,112.7,11.27,6.0,True
P1041,2014,174,Bishop Sankey,RB,TEN,22,16,9,96.2,6.01,16,0,,,,,,False
P1042,2014,175,Donte Moncrief,WR,IND,21,16,2,96.1,6.01,16,0,87.0,16.0,173.3,10.83,0.0,True
P0995,2014,176,Justin Hunter,WR,TEN,23,12,8,95.8,7.98,16,4,,,,,,False
P0972,2014,177,Tavon Austin,WR,STL,24,15,8,95.6,6.37,16,1,67.0,16.0,198.7,12.42,0.0,True
P0834,2014,178,Drew Stanton,QB,ARI,30,9,8,94.7,10.52,16,7,,,,,,False
P1043,2014,179,Theo Riddick,RB,DET,23,14,2,94.7,6.76,16,2,84.0,16.0,179.0,11.19,0.0,True
P0976,2014,180,Jordan Reed,TE,WAS,24,11,2,94.5,8.59,16,5,37.0,14.0,244.2,17.44,2.0,True
P1044,2014,181,Jerick McKinnon,RB,MIN,22,11,6,94.3,8.57,16,5,207.0,16.0,83.4,5.21,0.0,True
P1045,2014,182,Niles Paul,TE,WAS,25,16,7,93.7,5.86,16,0,,,,,,False
P0881,2014,183,Jeremy Kerley,WR,NYJ,26,16,7,93.5,5.84,16,0,,,,,,False
P0963,2014,184,Cordarrelle Patterson,WR,MIN,23,16,7,93.1,5.82,16,0,,,,,,False
P0823,2014,185,Andre Roberts,WR,WAS,26,16,4,91.4,5.71,16,0,,,,,,False
P1046,2014,186,Charles Johnson,WR,MIN,25,12,6,91.4,7.62,16,4,,,,,,False
P0689,2014,187,Shaun Hill,QB,STL,34,9,8,90.3,10.03,16,7,,,,,,False
P0964,2014,188,Mike Glennon,QB,TAM,25,6,5,89.6,14.93,16,10,,,,,,False
P1047,2014,189,Kirk Cousins,QB,WAS,26,6,5,88.4,14.73,16,10,15.0,16.0,293.4,18.34,0.0,True
P0857,2014,190,Preston Parker,WR,NYG,27,16,7,87.8,5.49,16,0,,,,,,False
P0969,2014,191,Tim Wright,TE,NWE,24,16,2,87.7,5.48,16,0,,,,,,False
P0889,2014,192,Robert Griffin III,QB,WAS,24,9,7,87.4,9.71,16,7,,,,,,False
P1048,2014,193,Devonta Freeman,RB,ATL,22,16,0,87.3,5.46,16,0,9.0,15.0,316.4,21.09,1.0,True
P1049,2014,194,Charlie Whitehurst,QB,TEN,32,7,5,87.0,12.43,16,9,,,,,,False
P1050,2014,195,Stedman Bailey,WR,STL,24,14,3,86.8,6.2,16,2,,,,,,False
P1051,2014,196,Marqise Lee,WR,JAX,23,13,8,86.1,6.62,16,3,,,,,,False
P1052,2014,197,Latavius Murray,RB,OAK,24,15,3,85.7,5.71,16,1,63.0,16.0,204.8,12.8,0.0,True
P1053,2014,198,Jace Amaro,TE,NYJ,22,14,4,84.5,6.04,16,2,,,,,,False
P0887,2014,199,Lance Kendricks,TE,STL,26,16,14,82.9,5.18,16,0,,,,,,False
P0822,2014,200,Toby Gerhart,RB,JAX,27,14,7,81.2,5.8,16,2,,,,,,False
P0748,2014,201,Louis Murphy,WR,TAM,27,11,3,81.0,7.36,16,5,,,,,,False
P0890,2014,202,Doug Martin,RB,TAM,25,11,11,80.8,7.35,16,5,42.0,16.0,232.3,14.52,0.0,True
P1054,2014,203,Brian Quick,WR,STL,25,7,7,80.5,11.5,16,9,,,,,,False
P0877,2014,204,Jacquizz Rodgers,RB,ATL,24,16,1,80.0,5.0,16,0,,,,,,False
P0996,2014,205,Andrew Quarless,TE,GNB,26,16,11,79.3,4.96,16,0,,,,,,False
P0958,2014,206,Jordan Cameron,TE,CLE,26,10,9,78.4,7.84,16,6,193.0,16.0,91.6,5.72,0.0,True
P1055,2014,207,Antone Smith,RB,ATL,29,10,0,77.6,7.76,16,6,,,,,,False
P0856,2014,208,James Starks,RB,GNB,28,16,0,77.3,4.83,16,0,95.0,16.0,166.3,10.39,0.0,True
P1056,2014,209,Luke Willson,TE,SEA,24,15,10,76.2,5.08,16,1,,,,,,False
P0851,2014,210,Ben Tate,RB,3TM,26,11,6,76.1,6.92,16,5,,,,,,False
P1057,2014,211,Corey Brown,WR,CAR,23,13,3,76.1,5.85,16,3,176.0,14.0,103.5,7.39,2.0,True
P0686,2014,212,John Carlson,RB,ARI,30,16,12,76.0,4.75,16,0,,,,,,False
P0811,2014,213,Marcel Reece,FB,OAK,29,15,15,76.0,5.07,16,1,218.0,15.0,78.5,5.23,1.0,True
P0932,2014,214,Robert Turbin,RB,SEA,25,16,3,75.6,4.72,16,0,,,,,,False
P1058,2014,215,Dan Herron,RB,IND,25,16,3,75.4,4.71,16,0,,,,,,False
P0662,2014,216,Jason Avant,WR,2TM,31,16,0,75.4,4.71,16,0,,,,,,False
P1001,2014,217,Jordan Todman,RB,JAX,24,16,1,75.4,4.71,16,0,,,,,,False
P1059,2014,218,Carlos Hyde,RB,SFO,24,14,0,74.1,5.29,16,2,211.0,7.0,81.3,11.61,9.0,True
P1060,2014,219,Jonas Gray,RB,NWE,24,8,3,72.9,9.11,16,8,,,,,,False
P1061,2014,220,Travaris Cadet,RB,NOR,25,15,1,72.8,4.85,16,1,,,,,,False
P0765,2014,221,Donald Brown,RB,SDG,27,13,3,72.4,5.57,16,3,,,,,,False
P1062,2014,222,Damaris Johnson,WR,HOU,25,16,8,72.0,4.5,16,0,,,,,,False
P0692,2014,223,Anthony Fasano,TE,KAN,30,15,13,71.6,4.77,16,1,238.0,16.0,66.9,4.18,0.0,True
P0819,2014,224,C.J. Spiller,RB,BUF,27,9,5,71.5,7.94,16,7,212.0,13.0,81.1,6.24,3.0,True
P1063,2014,225,Zach Mettenberger,QB,TEN,23,7,6,70.9,10.13,16,9,,,,,,False
P1064,2014,226,Lorenzo Taliaferro,RB,BAL,23,13,0,70.6,5.43,16,3,,,,,,False
P0714,2014,227,Brent Celek,TE,PHI,29,16,15,70.0,4.38,16,0,205.0,16.0,84.8,5.3,0.0,True
P1065,2014,228,Kamar Aiken,WR,BAL,25,16,0,68.7,4.29,16,0,69.0,16.0,197.4,12.34,0.0,True
P0935,2014,229,Travis Benjamin,WR,CLE,25,16,0,68.5,4.28,16,0,68.0,16.0,197.8,12.36,0.0,True
P1066,2014,230,Anthony Dixon,RB,BUF,27,16,0,68.1,4.26,16,0,,,,,,False
P0793,2014,231,Ryan Mathews,RB,SDG,27,6,6,66.9,11.15,16,10,136.0,13.0,124.5,9.58,3.0,True
P0925,2014,232,Jeff Cumberland,TE,NYJ,27,16,14,65.7,4.11,16,0,,,,,,False
P1067,2014,233,Stepfan Taylor,RB,ARI,23,14,4,65.7,4.69,16,2,,,,,,False
P1068,2014,234,Levine Toilolo,TE,ATL,23,16,16,64.8,4.05,16,0,,,,,,False
P0766,2014,235,Brandon Gibson,WR,MIA,27,14,5,64.5,4.61,16,2,,,,,,False
P1069,2014,236,Khiry Robinson,RB,NOR,25,10,3,64.5,6.45,16,6,232.0,8.0,70.5,8.81,8.0,True
P0961,2014,237,Zac Stacy,RB,STL,23,13,5,64.5,4.96,16,3,,,,,,False
P1070,2014,238,Dion Sims,TE,MIA,23,14,2,64.4,4.6,16,2,,,,,,False
P0908,2014,239,Jake Locker,QB,TEN,26,7,5,63.9,9.13,16,9,,,,,,False
P0812,2014,240,Colt McCoy,QB,WAS,28,5,4,62.9,12.58,16,11,,,,,,False
P0603,2014,241,Vernon Davis,TE,SFO,30,14,14,62.9,4.49,16,2,221.0,15.0,77.5,5.17,1.0,True
P0829,2014,242,Dexter McCluster,WR,TEN,25,14,2,62.8,4.49,16,2,192.0,11.0,91.7,8.34,5.0,True
P0837,2014,243,Victor Cruz,WR,NYG,28,6,6,62.7,10.45,16,10,,,,,,False
P1071,2014,244,Paul Richardson,WR,SEA,22,15,6,62.1,4.14,16,1,,,,,,False
P1072,2014,245,De'Anthony Thomas,RB,KAN,21,12,3,61.9,5.16,16,4,,,,,,False
P1073,2014,246,Josh Hill,TE,NOR,24,16,3,61.6,3.85,16,0,,,,,,False
P1074,2014,247,Brice Butler,WR,OAK,24,15,0,61.0,4.07,16,1,,,,,,False
P1004,2014,248,Clay Harbor,TE,JAX,27,13,8,60.9,4.68,16,3,,,,,,False
P1075,2014,249,Charles Sims,RB,TAM,24,8,0,60.5,7.56,16,8,83.0,16.0,180.0,11.25,0.0,True
P0880,2014,250,Kyle Rudolph,TE,MIN,25,9,8,59.1,6.57,16,7,132.0,16.0,128.5,8.03,0.0,True
P0836,2015,1,Cam Newton,QB,CAR,26,16,16,389.1,24.32,16,0,30.0,15.0,254.3,16.95,1.0,True
P0840,2015,2,Antonio Brown,WR,PIT,27,16,16,388.2,24.26,16,0,8.0,15.0,307.3,20.49,1.0,True
P0841,2015,3,Julio Jones,WR,ATL,26,16,16,375.1,23.44,16,0,24.0,14.0,259.9,18.56,2.0,True
P0260,2015,4,Tom Brady,QB,NWE,38,16,16,344.7,21.54,16,0,27.0,12.0,258.6,21.55,4.0,True
P0600,2015,5,Brandon Marshall,WR,NYJ,31,16,16,339.2,21.2,16,0,113.0,15.0,155.8,10.39,1.0,True
P0891,2015,6,Russell Wilson,QB,SEA,27,16,16,336.3,21.02,16,0,21.0,16.0,270.1,16.88,0.0,True
P0968,2015,7,DeAndre Hopkins,WR,HOU,23,16,16,331.1,20.69,16,0,70.0,16.0,197.4,12.34,0.0,True
P1007,2015,8,Odell Beckham Jr.,WR,NYG,23,15,15,319.3,21.29,16,1,13.0,16.0,296.6,18.54,0.0,True
P1048,2015,9,Devonta Freeman,RB,ATL,23,15,13,316.4,21.09,16,1,16.0,16.0,284.1,17.76,0.0,True
P1019,2015,10,Blake Bortles,QB,JAX,23,16,16,316.1,19.76,16,0,19.0,16.0,271.1,16.94,0.0,True
P0464,2015,11,Carson Palmer,QB,ARI,36,16,16,309.2,19.32,16,0,37.0,15.0,243.1,16.21,1.0,True
P0340,2015,12,Drew Brees,QB,NOR,36,15,15,304.2,20.28,16,1,4.0,16.0,332.3,20.77,0.0,True
P1032,2015,13,Allen Robinson,WR,JAX,22,16,16,304.0,19.0,16,0,67.0,16.0,199.3,12.46,0.0,True
P0671,2015,14,Aaron Rodgers,QB,GNB,32,16,16,301.2,18.82,16,0,2.0,16.0,380.0,23.75,0.0,True
P1047,2015,15,Kirk Cousins,QB,WAS,27,16,16,293.4,18.34,16,0,11.0,16.0,300.3,18.77,0.0,True
P0745,2015,16,Matthew Stafford,QB,DET,27,16,16,290.8,18.18,16,0,17.0,16.0,279.8,17.49,0.0,True
P0499,2015,17,Eli Manning,QB,NYG,34,16,16,287.4,17.96,16,0,48.0,16.0,224.2,14.01,0.0,True
P0559,2015,18,Ryan Fitzpatrick,QB,NYJ,33,16,16,285.2,17.82,16,0,139.0,14.0,133.4,9.53,2.0,True
P0566,2015,19,Philip Rivers,QB,SDG,34,16,16,284.5,17.78,16,0,26.0,16.0,258.9,16.18,0.0,True
P0458,2015,20,Larry Fitzgerald,WR,ARI,32,16,16,280.5,17.53,16,0,36.0,16.0,243.8,15.24,0.0,True
P1017,2015,21,Jarvis Landry,WR,MIA,23,16,14,275.4,17.21,16,0,43.0,16.0,231.3,14.46,0.0,True
P1076,2015,22,Jameis Winston,QB,TAM,21,16,16,275.0,17.19,16,0,28.0,16.0,256.1,16.01,0.0,True
P0838,2015,23,A.J. Green,WR,CIN,27,16,16,273.7,17.11,16,0,86.0,10.0,186.4,18.64,6.0,True
P1077,2015,24,Tyrod Taylor,QB,BUF,26,14,14,271.6,19.4,16,2,20.0,15.0,270.9,18.06,1.0,True
P1015,2015,25,Derek Carr,QB,OAK,24,16,16,271.3,16.96,16,0,22.0,15.0,268.5,17.9,1.0,True
P0571,2015,26,Alex Smith,QB,KAN,31,16,16,271.2,16.95,16,0,47.0,15.0,224.8,14.99,1.0,True
P0845,2015,27,Doug Baldwin,WR,SEA,27,16,16,268.9,16.81,16,0,31.0,16.0,253.6,15.85,0.0,True
P0830,2015,28,Demaryius Thomas,WR,DEN,28,16,16,267.4,16.71,16,0,46.0,16.0,226.3,14.14,0.0,True
P0625,2015,29,Calvin Johnson,WR,DET,30,16,16,261.4,16.34,16,0,,,,,,False
P0618,2015,30,Adrian Peterson,RB,MIN,30,16,16,260.7,16.29,16,0,,,,,,False
P0901,2015,31,Ryan Tannehill,QB,MIA,27,16,16,258.3,16.14,16,0,82.0,13.0,190.2,14.63,3.0,True
P0788,2015,32,Rob Gronkowski,TE,NWE,26,15,15,255.6,17.04,16,1,185.0,8.0,97.0,12.12,8.0,True
P1026,2015,33,Brandin Cooks,WR,NOR,22,16,12,253.6,15.85,16,0,35.0,16.0,246.3,15.39,0.0,True
P0844,2015,34,Eric Decker,WR,NYJ,28,15,13,252.7,16.85,16,1,,,,,,False
P0825,2015,35,Delanie Walker,TE,TEN,31,15,10,244.4,16.29,16,1,85.0,15.0,188.1,12.54,1.0,True
P0839,2015,36,Andy Dalton,QB,CIN,28,13,13,244.2,18.78,16,3,23.0,16.0,260.6,16.29,0.0,True
P0976,2015,37,Jordan Reed,TE,WAS,25,14,8,244.2,17.44,16,2,105.0,12.0,168.6,14.05,4.0,True
P0733,2015,38,Jeremy Maclin,WR,KAN,27,15,15,243.2,16.21,16,1,167.0,12.0,109.5,9.12,4.0,True
P0787,2015,39,Danny Woodhead,RB,SDG,30,16,2,243.1,15.19,16,0,,,,,,False
P1078,2015,40,Gary Barnidge,TE,CLE,30,16,13,237.3,14.83,16,0,144.0,16.0,130.2,8.14,0.0,True
P0679,2015,41,Matt Ryan,QB,ATL,30,16,16,233.9,14.62,16,0,3.0,16.0,347.5,21.72,0.0,True
P0890,2015,42,Doug Martin,RB,TAM,26,16,16,232.3,14.52,16,0,205.0,8.0,85.5,10.69,8.0,True
P0974,2015,43,Lamar Miller,RB,MIA,24,16,16,231.9,14.49,16,0,80.0,14.0,191.1,13.65,2.0,True
P0577,2015,44,DeAngelo Williams,RB,PIT,32,16,10,231.4,14.46,16,0,180.0,9.0,100.1,11.12,7.0,True
P0746,2015,45,Michael Crabtree,WR,OAK,28,16,15,231.2,14.45,16,0,40.0,16.0,239.3,14.96,0.0,True
P1012,2015,46,Jordan Matthews,WR,PHI,23,16,12,230.7,14.42,16,0,99.0,14.0,171.4,12.24,2.0,True
P0462,2015,47,Ben Roethlisberger,QB,PIT,33,12,11,228.1,19.01,16,4,32.0,14.0,252.2,18.01,2.0,True
P0638,2015,48,Greg Olsen,TE,CAR,30,16,16,227.4,14.21,16,0,62.0,16.0,207.3,12.96,0.0,True
P0601,2015,49,Jay Cutler,QB,CHI,32,15,15,226.5,15.1,16,1,,,,,,False
P1021,2015,50,Allen Hurns,WR,JAX,24,15,15,225.1,15.01,16,1,179.0,11.0,100.7,9.15,5.0,True
P0818,2015,51,Emmanuel Sanders,WR,DEN,28,15,15,224.4,14.96,16,1,58.0,16.0,212.6,13.29,0.0,True
P1013,2015,52,Sammy Watkins,WR,BUF,22,13,13,218.8,16.83,16,3,208.0,8.0,83.0,10.38,8.0,True
P1079,2015,53,David Johnson,RB,ARI,24,16,5,215.8,13.49,16,0,1.0,16.0,407.8,25.49,0.0,True
P0670,2015,54,Matt Forte,RB,CHI,30,13,13,214.7,16.52,16,3,90.0,14.0,183.6,13.11,2.0,True
P1080,2015,55,Amari Cooper,WR,OAK,21,16,15,212.7,13.29,16,0,42.0,16.0,232.3,14.52,0.0,True
P0897,2015,56,T.Y. Hilton,WR,IND,26,16,15,211.4,13.21,16,0,18.0,16.0,273.8,17.11,0.0,True
P1081,2015,57,Marcus Mariota,QB,TEN,22,12,12,211.0,17.58,16,4,25.0,15.0,259.9,17.33,1.0,True
P1008,2015,58,Mike Evans,WR,TAM,22,15,14,210.6,14.04,16,1,10.0,16.0,304.1,19.01,0.0,True
P0864,2015,59,Golden Tate,WR,DET,27,16,16,209.4,13.09,16,0,49.0,16.0,223.1,13.94,0.0,True
P0873,2015,60,Randall Cobb,WR,GNB,25,16,15,208.9,13.06,16,0,118.0,13.0,148.3,11.41,3.0,True
P1082,2015,61,Todd Gurley,RB,STL,21,13,12,208.4,16.03,16,3,68.0,16.0,198.2,12.39,0.0,True
P1023,2015,62,John Brown,WR,ARI,25,15,11,207.5,13.83,16,1,173.0,15.0,103.7,6.91,1.0,True
P1052,2015,63,Latavius Murray,RB,OAK,25,16,16,204.8,12.8,16,0,61.0,14.0,208.2,14.87,2.0,True
P0865,2015,64,Mark Ingram,RB,NOR,26,12,10,203.4,16.95,16,4,39.0,16.0,242.2,15.14,0.0,True
P0806,2015,65,Chris Ivory,RB,NYJ,27,15,14,202.7,13.51,16,1,187.0,11.0,94.5,8.59,5.0,True
P1018,2015,66,Teddy Bridgewater,QB,MIN,23,16,16,200.4,12.52,16,0,,,,,,False
P0972,2015,67,Tavon Austin,WR,STL,25,16,15,198.7,12.42,16,0,121.0,15.0,146.8,9.79,1.0,True
P0935,2015,68,Travis Benjamin,WR,CLE,26,16,15,197.8,12.36,16,0,143.0,14.0,132.4,9.46,2.0,True
P1065,2015,69,Kamar Aiken,WR,BAL,26,16,14,197.4,12.34,16,0,233.0,16.0,67.8,4.24,0.0,True
P0690,2015,70,Darren McFadden,RB,DAL,28,16,10,195.7,12.23,16,0,,,,,,False
P0786,2015,71,Sam Bradford,QB,PHI,28,14,14,194.9,13.92,16,2,51.0,15.0,221.9,14.79,1.0,True
P0516,2015,72,Frank Gore,RB,IND,32,16,16,193.4,12.09,16,0,55.0,16.0,214.2,13.39,0.0,True
P0987,2015,73,Tyler Eifert,TE,CIN,25,13,12,191.5,14.73,16,3,182.0,8.0,98.4,12.3,8.0,True
P0629,2015,74,James Jones,WR,GNB,31,16,15,191.0,11.94,16,0,,,,,,False
P0520,2015,75,Ben Watson,TE,NOR,35,16,16,190.5,11.91,16,0,,,,,,False
P1016,2015,76,Travis Kelce,TE,KAN,26,16,16,189.5,11.84,16,0,50.0,16.0,223.0,13.94,0.0,True
P0736,2015,77,Pierre Garcon,WR,WAS,29,16,16,185.7,11.61,16,0,65.0,16.0,201.1,12.57,0.0,True
P0938,2015,78,Rueben Randle,WR,NYG,24,16,16,184.7,11.54,16,0,,,,,,False
P0847,2015,79,DeMarco Murray,RB,PHI,27,15,8,184.4,12.29,16,1,14.0,16.0,293.8,18.36,0.0,True
P0640,2015,80,Ted Ginn Jr.,WR,CAR,30,15,13,183.9,12.26,16,1,112.0,16.0,159.0,9.94,0.0,True
P1083,2015,81,Willie Snead,WR,NOR,23,15,8,183.4,12.23,16,1,79.0,15.0,191.5,12.77,1.0,True
P0954,2015,82,Giovani Bernard,RB,CIN,24,16,1,181.2,11.32,16,0,154.0,10.0,122.3,12.23,6.0,True
P1075,2015,83,Charles Sims,RB,TAM,25,16,0,180.0,11.25,16,0,232.0,7.0,67.9,9.7,9.0,True
P1043,2015,84,Theo Riddick,RB,DET,24,16,1,179.0,11.19,16,0,110.0,10.0,161.8,16.18,6.0,True
P0732,2015,85,LeSean McCoy,RB,BUF,27,12,12,178.7,14.89,16,4,12.0,15.0,298.3,19.89,1.0,True
P0960,2015,86,Marvin Jones,WR,CIN,25,16,13,173.9,10.87,16,0,98.0,15.0,172.3,11.49,1.0,True
P1042,2015,87,Donte Moncrief,WR,IND,22,16,10,173.3,10.83,16,0,174.0,9.0,102.6,11.4,7.0,True
P0913,2015,88,Michael Floyd,WR,ARI,26,15,6,172.9,11.53,16,1,158.0,15.0,115.8,7.72,1.0,True
P0757,2015,89,Julian Edelman,WR,NWE,29,9,9,172.5,19.17,16,7,44.0,16.0,230.3,14.39,0.0,True
P1011,2015,90,Jeremy Hill,RB,CIN,23,16,15,170.3,10.64,16,0,96.0,15.0,176.3,11.75,1.0,True
P0981,2015,91,Zach Ertz,TE,PHI,25,15,7,170.3,11.35,16,1,91.0,14.0,183.6,13.11,2.0,True
P1029,2015,92,Martavis Bryant,WR,PIT,24,11,5,170.2,15.47,16,5,,,,,,False
P0403,2015,93,Anquan Boldin,WR,SFO,35,14,13,169.9,12.14,16,2,97.0,16.0,173.4,10.84,0.0,True
P1020,2015,94,Brian Hoyer,QB,HOU,30,11,9,166.6,15.15,16,5,212.0,6.0,79.6,13.27,10.0,True
P0856,2015,95,James Starks,RB,GNB,29,16,4,166.3,10.39,16,0,244.0,9.0,58.9,6.54,7.0,True
P1084,2015,96,Tyler Lockett,WR,SEA,23,16,8,165.4,10.34,16,0,153.0,15.0,124.1,8.27,1.0,True
P0781,2015,97,Rashad Jennings,RB,NYG,30,16,16,164.9,10.31,16,0,133.0,13.0,138.4,10.65,3.0,True
P1085,2015,98,Duke Johnson,RB,CLE,22,16,7,164.3,10.27,16,0,127.0,16.0,144.2,9.01,0.0,True
P0425,2015,99,Jason Witten,TE,DAL,33,16,16,164.3,10.27,16,0,115.0,16.0,152.3,9.52,0.0,True
P0684,2015,100,Jonathan Stewart,RB,CAR,28,13,13,162.8,12.52,16,3,123.0,13.0,146.4,11.26,3.0,True
P0681,2015,101,Joe Flacco,QB,BAL,30,10,10,161.9,16.19,16,6,38.0,16.0,242.5,15.16,0.0,True
P0669,2015,102,Darren Sproles,RB,PHI,32,16,4,161.5,10.09,16,0,109.0,15.0,162.5,10.83,1.0,True
P0955,2015,103,Keenan Allen,WR,SDG,23,8,8,161.5,20.19,16,8,,,,,,False
P1038,2015,104,Ronnie Hillman,RB,DEN,24,16,10,161.4,10.09,16,0,,,,,,False
P1086,2015,105,Richard Rodgers,TE,GNB,23,16,12,160.1,10.01,16,0,231.0,16.0,69.1,4.32,0.0,True
P0928,2015,106,Alshon Jeffery,WR,CHI,25,9,8,158.7,17.63,16,7,124.0,12.0,146.1,12.18,4.0,True
P0936,2015,107,Shane Vereen,RB,NYG,26,16,0,158.4,9.9,16,0,,,,,,False
P1087,2015,108,T.J. Yeldon,RB,JAX,22,12,12,155.9,12.99,16,4,134.0,15.0,137.7,9.18,1.0,True
P0965,2015,109,Terrance Williams,WR,DAL,26,16,13,154.0,9.62,16,0,151.0,16.0,125.4,7.84,0.0,True
P1028,2015,110,Markus Wheaton,WR,PIT,24,16,8,150.9,9.43,16,0,,,,,,False
P1088,2015,111,Stefon Diggs,WR,MIN,22,13,9,149.3,11.48,16,3,76.0,13.0,193.3,14.87,3.0,True
P0427,2015,112,Antonio Gates,TE,SDG,35,11,4,149.0,13.55,16,5,119.0,14.0,147.8,10.56,2.0,True
P0756,2015,113,Danny Amendola,WR,NWE,30,14,7,148.3,10.59,16,2,230.0,12.0,69.3,5.78,4.0,True
P1089,2015,114,Jeremy Langford,RB,CHI,24,16,2,147.6,9.22,16,0,224.0,12.0,73.2,6.1,4.0,True
P0993,2015,115,Jermaine Kearse,WR,SEA,25,16,16,147.5,9.22,16,0,183.0,16.0,98.0,6.12,0.0,True
P1090,2015,116,Javorius Allen,RB,BAL,24,16,6,145.7,9.11,16,0,,,,,,False
P1010,2015,117,C.J. Anderson,RB,DEN,24,15,6,141.3,9.42,16,1,175.0,7.0,102.5,14.64,9.0,True
P0953,2015,118,Eddie Lacy,RB,GNB,25,15,12,140.6,9.37,16,1,,,,,,False
P1031,2015,119,Isaiah Crowell,RB,CLE,22,16,9,137.8,8.61,16,0,63.0,16.0,205.1,12.82,0.0,True
P0580,2015,120,Nate Washington,WR,HOU,32,14,14,136.8,9.77,16,2,,,,,,False
P0919,2015,121,Bilal Powell,RB,NYJ,27,11,2,135.1,12.28,16,5,72.0,16.0,197.0,12.31,0.0,True
P1091,2015,122,Jamison Crowder,WR,WAS,22,16,6,133.6,8.35,16,0,69.0,16.0,197.5,12.34,0.0,True
P0985,2015,123,Rishard Matthews,TE,MIA,26,11,11,133.6,12.15,16,5,59.0,16.0,211.5,13.22,0.0,True
P1092,2015,124,Charcandrick West,RB,KAN,24,15,9,132.8,8.85,16,1,188.0,15.0,94.1,6.27,1.0,True
P0431,2015,125,Josh McCown,QB,CLE,36,8,8,132.2,16.52,16,8,,,,,,False
P0988,2015,126,Cole Beasley,WR,DAL,26,16,3,131.6,8.22,16,0,84.0,16.0,189.0,11.81,0.0,True
P0342,2015,127,Steve Smith Sr.,WR,BAL,36,7,7,131.0,18.71,16,9,89.0,14.0,183.9,13.14,2.0,True
P0892,2015,128,Andrew Luck,QB,IND,26,7,7,130.8,18.69,16,9,7.0,15.0,307.7,20.51,1.0,True
P1093,2015,129,Eric Ebron,TE,DET,22,14,8,130.7,9.34,16,2,128.0,13.0,144.2,11.09,3.0,True
P0789,2015,130,Jacob Tamme,TE,ATL,30,15,8,130.7,8.71,16,1,242.0,8.0,61.0,7.62,8.0,True
P0855,2015,131,Blaine Gabbert,QB,SFO,26,8,8,129.7,16.21,16,8,223.0,6.0,73.7,12.28,10.0,True
P0880,2015,132,Kyle Rudolph,TE,MIN,26,16,16,128.5,8.03,16,0,60.0,16.0,209.0,13.06,0.0,True
P0507,2015,133,Heath Miller,TE,PIT,33,15,15,127.7,8.51,16,1,,,,,,False
P1094,2015,134,Thomas Rawls,RB,SEA,22,13,7,127.6,9.82,16,3,220.0,9.0,75.5,8.39,7.0,True
P0842,2015,135,Torrey Smith,WR,SFO,26,16,12,125.3,7.83,16,0,236.0,12.0,64.7,5.39,4.0,True
P0793,2015,136,Ryan Mathews,RB,PHI,28,13,6,124.5,9.58,16,3,126.0,13.0,144.6,11.12,3.0,True
P1095,2015,137,Karlos Williams,RB,BUF,22,11,3,124.3,11.3,16,5,,,,,,False
P0939,2015,138,Coby Fleener,TE,IND,27,16,11,123.1,7.69,16,0,135.0,16.0,137.3,8.58,0.0,True
P1096,2015,139,James White,RB,NWE,23,14,1,122.6,8.76,16,2,111.0,16.0,161.7,10.11,0.0,True
P0795,2015,140,LeGarrette Blount,RB,NWE,29,12,6,122.6,10.22,16,4,41.0,16.0,232.9,14.56,0.0,True
P0730,2015,141,Justin Forsett,RB,BAL,30,10,10,122.4,12.24,16,6,240.0,9.0,61.6,6.84,7.0,True
P0744,2015,142,Kenny Britt,WR,STL,27,16,14,122.1,7.63,16,0,73.0,15.0,196.2,13.08,1.0,True
P0888,2015,143,Charles Clay,TE,BUF,26,13,13,121.8,9.37,16,3,137.0,15.0,136.2,9.08,1.0,True
P0957,2015,144,Julius Thomas,TE,JAX,27,12,10,121.5,10.12,16,4,209.0,9.0,82.1,9.12,7.0,True
P0564,2015,145,Marques Colston,WR,NOR,32,13,5,121.0,9.31,16,3,,,,,,False
P0809,2015,146,Jimmy Graham,TE,SEA,29,11,11,120.5,10.95,16,5,83.0,16.0,189.3,11.83,0.0,True
P1097,2015,147,Dion Lewis,RB,NWE,25,7,6,120.2,17.17,16,9,,,,,,False
P0975,2015,148,Robert Woods,WR,BUF,23,14,9,118.2,8.44,16,2,157.0,13.0,118.9,9.15,3.0,True
P1098,2015,149,Ameer Abdullah,RB,DET,22,16,9,117.0,7.31,16,0,,,,,,False
P1099,2015,150,Brock Osweiler,QB,DEN,25,8,7,116.8,14.6,16,8,102.0,15.0,169.0,11.27,1.0,True
P0584,2015,151,Owen Daniels,TE,DEN,33,16,16,115.7,7.23,16,0,,,,,,False
P0406,2015,152,Andre Johnson,WR,IND,34,16,14,115.3,7.21,16,0,,,,,,False
P0711,2015,153,Martellus Bennett,TE,CHI,28,11,11,114.9,10.45,16,5,107.0,16.0,168.1,10.51,0.0,True
P1100,2015,154,Matt Jones,RB,WAS,22,13,0,114.4,8.8,16,3,221.0,7.0,75.3,10.76,9.0,True
P1101,2015,155,Dorial Green-Beckham,WR,TEN,22,16,5,112.9,7.06,16,0,201.0,15.0,87.2,5.81,1.0,True
P1102,2015,156,Dwayne Harris,WR,NYG,28,15,6,112.8,7.52,16,1,,,,,,False
P0783,2015,157,Stevie Johnson,WR,SDG,29,10,8,112.7,11.27,16,6,,,,,,False
P1103,2015,158,Antonio Andrews,RB,TEN,23,14,10,112.0,8.0,16,2,,,,,,False
P1104,2015,159,Seth Roberts,WR,OAK,24,16,5,112.0,7.0,16,0,164.0,16.0,111.7,6.98,0.0,True
P1040,2015,160,Alfred Blue,RB,HOU,24,16,9,111.7,6.98,16,0,239.0,14.0,62.0,4.43,2.0,True
P0956,2015,161,Le'Veon Bell,RB,PIT,23,6,6,111.2,18.53,16,10,6.0,12.0,317.4,26.45,4.0,True
P0751,2015,162,Brian Hartline,WR,CLE,29,12,4,110.3,9.19,16,4,,,,,,False
P0902,2015,163,Colin Kaepernick,QB,SFO,28,9,8,110.2,12.24,16,7,66.0,12.0,200.4,16.7,4.0,True
P0896,2015,164,Cecil Shorts,WR,HOU,28,11,4,109.9,9.99,16,5,,,,,,False
P1105,2015,165,Melvin Gordon,RB,SDG,22,14,12,108.3,7.74,16,2,33.0,13.0,250.6,19.28,3.0,True
P0998,2015,166,Ladarius Green,WR,SDG,25,13,11,107.9,8.3,16,3,,,,,,False
P0780,2015,167,Zach Miller,TE,CHI,31,15,14,107.9,7.19,16,1,156.0,10.0,119.6,11.96,6.0,True
P0582,2015,168,Vincent Jackson,WR,TAM,32,10,9,107.3,10.73,16,6,,,,,,False
P0673,2015,169,Chris Johnson,RB,ARI,30,11,9,107.2,9.75,16,5,,,,,,False
P0565,2015,170,Jerricho Cotchery,WR,CAR,33,14,3,107.1,7.65,16,2,,,,,,False
P1039,2015,171,Davante Adams,WR,GNB,23,13,12,106.3,8.18,16,3,34.0,16.0,246.7,15.42,0.0,True
P1106,2015,172,Devin Funchess,WR,CAR,21,16,5,106.3,6.64,16,0,204.0,15.0,86.1,5.74,1.0,True
P0905,2015,173,Joique Bell,RB,DET,29,13,5,105.7,8.13,16,3,,,,,,False
P0682,2015,174,DeSean Jackson,WR,WAS,29,9,9,104.8,11.64,16,7,92.0,15.0,180.5,12.03,1.0,True
P1107,2015,175,Will Tye,TE,NYG,24,13,7,104.4,8.03,16,3,190.0,16.0,93.5,5.84,0.0,True
P1057,2015,176,Corey Brown,WR,CAR,24,14,11,103.5,7.39,16,2,243.0,16.0,59.2,3.7,0.0,True
P0609,2015,177,Malcom Floyd,WR,SDG,34,15,13,102.1,6.81,16,1,,,,,,False
P0703,2015,178,Jamaal Charles,RB,KAN,29,5,5,101.1,20.22,16,11,,,,,,False
P1108,2015,179,Dontrelle Inman,WR,SDG,26,14,7,99.6,7.11,16,2,108.0,16.0,163.0,10.19,0.0,True
P0522,2015,180,Roddy White,WR,ATL,34,16,16,99.6,6.22,16,0,,,,,,False
P0734,2015,181,Mike Wallace,WR,MIN,29,16,12,98.9,6.18,16,0,64.0,16.0,202.8,12.68,0.0,True
P1109,2015,182,Crockett Gillmore,TE,BAL,24,10,10,98.2,9.82,16,6,,,,,,False
P1110,2015,183,Kyle Juszczyk,RB,BAL,24,16,11,97.4,6.09,16,0,222.0,16.0,73.8,4.61,0.0,True
P0894,2015,184,Alfred Morris,RB,WAS,27,16,16,96.6,6.04,16,0,,,,,,False
P0906,2015,185,Kendall Wright,WR,TEN,26,10,9,96.5,9.65,16,6,196.0,11.0,90.1,8.19,5.0,True
P0922,2015,186,Nick Foles,QB,STL,26,11,11,96.1,8.74,16,5,,,,,,False
P1111,2015,187,Johnny Manziel,QB,CLE,23,9,6,95.0,10.56,16,7,,,,,,False
P1112,2015,188,Albert Wilson,WR,KAN,23,14,12,94.7,6.76,16,2,210.0,16.0,81.9,5.12,0.0,True
P1037,2015,189,Chris Hogan,WR,BUF,28,16,4,93.6,5.85,16,0,146.0,15.0,128.9,8.59,1.0,True
P1113,2015,190,DeVante Parker,WR,MIA,22,14,4,93.4,6.67,16,2,114.0,15.0,154.4,10.29,1.0,True
P1114,2015,191,Chris Thompson,RB,WAS,25,13,0,92.6,7.12,16,3,120.0,16.0,147.5,9.22,0.0,True
P0829,2015,192,Dexter McCluster,WR,TEN,26,11,2,91.7,8.34,16,5,,,,,,False
P0958,2015,193,Jordan Cameron,TE,MIA,27,16,16,91.6,5.72,16,0,,,,,,False
P0946,2015,194,Mohamed Sanu,WR,CIN,26,16,4,91.5,5.72,16,0,116.0,15.0,148.8,9.92,1.0,True
P0015,2015,195,Peyton Manning,QB,DEN,39,10,9,91.4,9.14,16,6,,,,,,False
P0278,2015,196,Matt Hasselbeck,QB,IND,40,8,8,91.1,11.39,16,8,,,,,,False
P0810,2015,197,Brandon LaFell,WR,NWE,29,11,7,89.4,8.13,16,5,87.0,16.0,186.0,11.62,0.0,True
P0791,2015,198,Dez Bryant,WR,DAL,27,9,9,89.1,9.9,16,7,93.0,13.0,180.0,13.85,3.0,True
P0973,2015,199,Kenny Stills,WR,MIA,23,16,8,89.0,5.56,16,0,106.0,16.0,168.6,10.54,0.0,True
P1115,2015,200,Brandon Coleman,WR,NOR,23,16,4,87.4,5.46,16,0,225.0,16.0,72.1,4.51,0.0,True
P0821,2015,201,Jared Cook,TE,STL,28,16,12,87.1,5.44,16,0,228.0,10.0,71.7,7.17,6.0,True
P0708,2015,202,Harry Douglas,WR,TEN,31,14,12,86.5,6.18,16,2,,,,,,False
P0683,2015,203,Tim Hightower,RB,NOR,29,8,3,86.4,10.8,16,8,148.0,16.0,126.8,7.92,0.0,True
P1116,2015,204,Jonathan Grimes,RB,HOU,26,14,0,85.5,6.11,16,2,,,,,,False
P0714,2015,205,Brent Celek,TE,PHI,30,16,13,84.8,5.3,16,0,,,,,,False
P0646,2015,206,Lance Moore,WR,DET,32,14,8,84.7,6.05,16,2,,,,,,False
P1044,2015,207,Jerick McKinnon,RB,MIN,23,16,0,83.4,5.21,16,0,117.0,15.0,148.4,9.89,1.0,True
P0764,2015,208,Mike Tolbert,RB,CAR,30,16,3,83.0,5.19,16,0,,,,,,False
P1117,2015,209,Spencer Ware,RB,KAN,24,11,2,82.8,7.53,16,5,75.0,14.0,193.8,13.84,2.0,True
P0621,2015,210,Marshawn Lynch,RB,SEA,29,7,6,82.7,11.81,16,9,,,,,,False
P1059,2015,211,Carlos Hyde,RB,SFO,25,7,7,81.3,11.61,16,9,77.0,13.0,192.1,14.78,3.0,True
P0819,2015,212,C.J. Spiller,RB,NOR,28,13,2,81.1,6.24,16,3,,,,,,False
P1118,2015,213,Vance McDonald,TE,SFO,25,14,11,80.6,5.76,16,2,202.0,11.0,87.1,7.92,5.0,True
P1119,2015,214,Marquess Wilson,WR,CHI,23,11,6,80.4,7.31,16,5,,,,,,False
P0940,2015,215,Jarius Wright,WR,MIN,26,16,3,79.1,4.94,16,0,,,,,,False
P1120,2015,216,Clive Walford,TE,OAK,24,16,2,78.9,4.93,16,0,203.0,15.0,86.9,5.79,1.0,True
P1121,2015,217,Austin Seferian-Jenkins,TE,TAM,23,7,3,78.8,11.26,16,9,,,,,,False
P0811,2015,218,Marcel Reece,FB,OAK,30,15,7,78.5,5.23,16,1,,,,,,False
P0931,2015,219,Shaun Draughn,RB,2TM,28,11,6,77.9,7.08,16,5,168.0,16.0,108.9,6.81,0.0,True
P0653,2015,220,Fred Jackson,RB,SEA,34,16,0,77.7,4.86,16,0,,,,,,False
P0603,2015,221,Vernon Davis,TE,2TM,31,15,9,77.5,5.17,16,1,162.0,16.0,114.3,7.14,0.0,True
P0778,2015,222,Arian Foster,RB,HOU,29,4,4,77.0,19.25,16,12,,,,,,False
P0914,2015,223,Leonard Hankerson,WR,3TM,26,10,0,76.7,7.67,16,6,,,,,,False
P1122,2015,224,Josh Huff,WR,PHI,24,15,4,76.2,5.08,16,1,,,,,,False
P1123,2015,225,Quinton Patton,WR,SFO,25,16,4,75.9,4.74,16,0,214.0,14.0,77.8,5.56,2.0,True
P1124,2015,226,Bryan Walters,WR,JAX,28,11,1,74.8,6.8,16,5,245.0,10.0,57.5,5.75,6.0,True
P0962,2015,227,Andre Ellington,RB,ARI,26,10,2,74.7,7.47,16,6,,,,,,False
P1125,2015,228,Joseph Randle,RB,DAL,24,6,6,74.1,12.35,16,10,,,,,,False
P0858,2015,229,Scott Chandler,TE,NWE,30,15,4,72.9,4.86,16,1,,,,,,False
P1126,2015,230,Chris Polk,RB,HOU,26,15,2,72.3,4.82,16,1,,,,,,False
P1127,2015,231,Ryan Mallett,QB,2TM,27,8,6,70.9,8.86,16,8,,,,,,False
P1069,2015,232,Khiry Robinson,RB,NOR,26,8,0,70.5,8.81,16,8,,,,,,False
P1128,2015,233,Darren Fells,TE,ARI,29,14,12,70.1,5.01,16,2,,,,,,False
P1129,2015,234,Cameron Brate,TE,TAM,24,14,4,69.8,4.99,16,2,100.0,15.0,171.0,11.4,1.0,True
P0992,2015,235,Brandon Bolden,RB,NWE,25,15,2,69.7,4.65,16,1,,,,,,False
P1033,2015,236,Denard Robinson,WR,JAX,25,13,3,68.0,5.23,16,3,,,,,,False
P1130,2015,237,Jeremy Butler,WR,BAL,24,8,0,67.3,8.41,16,8,,,,,,False
P0692,2015,238,Anthony Fasano,TE,TEN,31,16,11,66.9,4.18,16,0,,,,,,False
P0674,2015,239,Matt Cassel,QB,2TM,33,9,8,66.8,7.42,16,7,,,,,,False
P0675,2015,240,Eddie Royal,WR,CHI,29,9,9,66.7,7.41,16,7,199.0,9.0,87.9,9.77,7.0,True
P0903,2015,241,Brandon Weeden,QB,2TM,32,6,4,66.4,11.07,16,10,,,,,,False
P0983,2015,242,Mychal Rivera,TE,OAK,25,16,0,66.0,4.12,16,0,,,,,,False
P0942,2015,243,Riley Cooper,WR,PHI,28,16,13,65.7,4.11,16,0,,,,,,False
P1030,2015,244,Benny Cunningham,RB,STL,25,16,1,65.0,4.06,16,0,,,,,,False
P1131,2015,245,Maxx Williams,TE,BAL,21,14,7,64.8,4.63,16,2,,,,,,False
P0820,2015,246,Darrius Heyward-Bey,WR,PIT,28,16,4,64.4,4.03,16,0,,,,,,False
P1022,2015,247,Larry Donnell,TE,NYG,27,8,8,63.3,7.91,16,8,,,,,,False
P0907,2015,248,Chris Givens,WR,2TM,26,15,6,63.1,4.21,16,1,,,,,,False
P1132,2015,249,Ryan Grant,WR,WAS,25,16,5,61.8,3.86,16,0,,,,,,False
P1003,2015,250,Keshawn Martin,WR,NWE,25,9,8,61.5,6.83,16,7,,,,,,False
P1079,2016,1,David Johnson,RB,ARI,25,16,16,407.8,25.49,16,0,,,,,,False
P0671,2016,2,Aaron Rodgers,QB,GNB,33,16,16,380.0,23.75,16,0,132.0,7.0,129.6,18.51,9.0,True
P0679,2016,3,Matt Ryan,QB,ATL,31,16,16,347.5,21.72,16,0,35.0,16.0,228.1,14.26,0.0,True
P0340,2016,4,Drew Brees,QB,NOR,37,16,16,332.3,20.77,16,0,19.0,16.0,262.6,16.41,0.0,True
P1133,2016,5,Ezekiel Elliott,RB,DAL,21,15,15,325.4,21.69,16,1,51.0,10.0,203.2,20.32,6.0,True
P0956,2016,6,Le'Veon Bell,RB,PIT,24,12,12,317.4,26.45,16,4,3.0,15.0,341.6,22.77,1.0,True
P0892,2016,7,Andrew Luck,QB,IND,27,15,15,307.7,20.51,16,1,,,,,,False
P0840,2016,8,Antonio Brown,WR,PIT,28,15,15,307.3,20.49,16,1,5.0,14.0,310.3,22.16,2.0,True
P0706,2016,9,Jordy Nelson,WR,GNB,31,16,16,304.7,19.04,16,0,119.0,15.0,137.2,9.15,1.0,True
P1008,2016,10,Mike Evans,WR,TAM,23,16,16,304.1,19.01,16,0,52.0,15.0,203.1,13.54,1.0,True
P1047,2016,11,Kirk Cousins,QB,WAS,28,16,16,300.3,18.77,16,0,15.0,16.0,277.6,17.35,0.0,True
P0732,2016,12,LeSean McCoy,RB,BUF,28,15,15,298.3,19.89,16,1,18.0,16.0,263.6,16.48,0.0,True
P1007,2016,13,Odell Beckham Jr.,WR,NYG,24,16,16,296.6,18.54,16,0,212.0,4.0,74.0,18.5,12.0,True
P0847,2016,14,DeMarco Murray,RB,TEN,28,16,16,293.8,18.36,16,0,80.0,15.0,171.5,11.43,1.0,True
P1134,2016,15,Dak Prescott,QB,DAL,23,16,16,286.9,17.93,16,0,22.0,16.0,260.7,16.29,0.0,True
P1048,2016,16,Devonta Freeman,RB,ATL,24,16,16,284.1,17.76,16,0,56.0,14.0,200.2,14.3,2.0,True
P0745,2016,17,Matthew Stafford,QB,DET,28,16,16,279.8,17.49,16,0,16.0,16.0,273.6,17.1,0.0,True
P0897,2016,18,T.Y. Hilton,WR,IND,27,16,16,273.8,17.11,16,0,72.0,16.0,175.6,10.98,0.0,True
P1019,2016,19,Blake Bortles,QB,JAX,24,16,16,271.1,16.94,16,0,27.0,16.0,249.7,15.61,0.0,True
P1077,2016,20,Tyrod Taylor,QB,BUF,27,15,15,270.9,18.06,16,1,41.0,15.0,222.7,14.85,1.0,True
P0891,2016,21,Russell Wilson,QB,SEA,28,16,16,270.1,16.88,16,0,2.0,16.0,347.9,21.74,0.0,True
P1015,2016,22,Derek Carr,QB,OAK,25,15,15,268.5,17.9,16,1,47.0,15.0,206.4,13.76,1.0,True
P0839,2016,23,Andy Dalton,QB,CIN,29,16,16,260.6,16.29,16,0,45.0,16.0,210.7,13.17,0.0,True
P0841,2016,24,Julio Jones,WR,ATL,27,14,14,259.9,18.56,16,2,26.0,16.0,251.9,15.74,0.0,True
P1081,2016,25,Marcus Mariota,QB,TEN,23,15,15,259.9,17.33,16,1,46.0,15.0,210.5,14.03,1.0,True
P0566,2016,26,Philip Rivers,QB,SDG,35,16,16,258.9,16.18,16,0,17.0,16.0,270.4,16.9,0.0,True
P0260,2016,27,Tom Brady,QB,NWE,39,12,12,258.6,21.55,16,4,8.0,16.0,295.9,18.49,0.0,True
P1076,2016,28,Jameis Winston,QB,TAM,22,16,16,256.1,16.01,16,0,55.0,13.0,201.7,15.52,3.0,True
P1135,2016,29,Michael Thomas,WR,NOR,23,15,12,255.7,17.05,16,1,24.0,16.0,258.5,16.16,0.0,True
P0836,2016,30,Cam Newton,QB,CAR,27,15,14,254.3,16.95,16,1,7.0,16.0,299.5,18.72,0.0,True
P0845,2016,31,Doug Baldwin,WR,SEA,28,16,15,253.6,15.85,16,0,40.0,16.0,223.3,13.96,0.0,True
P0462,2016,32,Ben Roethlisberger,QB,PIT,34,14,14,252.2,18.01,16,2,21.0,15.0,260.7,17.38,1.0,True
P1105,2016,33,Melvin Gordon,RB,SDG,23,13,11,250.6,19.28,16,3,11.0,16.0,288.1,18.01,0.0,True
P1039,2016,34,Davante Adams,WR,GNB,24,16,15,246.7,15.42,16,0,42.0,14.0,222.5,15.89,2.0,True
P1026,2016,35,Brandin Cooks,WR,NOR,23,16,12,246.3,15.39,16,0,43.0,16.0,221.2,13.82,0.0,True
P0458,2016,36,Larry Fitzgerald,WR,ARI,33,16,16,243.8,15.24,16,0,20.0,16.0,261.4,16.34,0.0,True
P0464,2016,37,Carson Palmer,QB,ARI,37,15,15,243.1,16.21,16,1,164.0,7.0,102.3,14.61,9.0,True
P0681,2016,38,Joe Flacco,QB,BAL,31,16,16,242.5,15.16,16,0,67.0,16.0,185.0,11.56,0.0,True
P0865,2016,39,Mark Ingram,RB,NOR,27,16,14,242.2,15.14,16,0,14.0,16.0,278.0,17.38,0.0,True
P0746,2016,40,Michael Crabtree,WR,OAK,29,16,16,239.3,14.96,16,0,79.0,14.0,171.8,12.27,2.0,True
P0795,2016,41,LeGarrette Blount,RB,NWE,30,16,8,232.9,14.56,16,0,156.0,16.0,107.6,6.72,0.0,True
P1080,2016,42,Amari Cooper,WR,OAK,22,16,14,232.3,14.52,16,0,93.0,14.0,158.4,11.31,2.0,True
P1017,2016,43,Jarvis Landry,WR,MIA,24,16,16,231.3,14.46,16,0,23.0,16.0,260.0,16.25,0.0,True
P0757,2016,44,Julian Edelman,WR,NWE,30,16,13,230.3,14.39,16,0,,,,,,False
P1136,2016,45,Jordan Howard,RB,CHI,22,15,13,230.1,15.34,16,1,58.0,16.0,199.7,12.48,0.0,True
P0830,2016,46,Demaryius Thomas,WR,DEN,29,16,16,226.3,14.14,16,0,48.0,16.0,205.9,12.87,0.0,True
P0571,2016,47,Alex Smith,QB,KAN,32,15,15,224.8,14.99,16,1,9.0,15.0,295.2,19.68,1.0,True
P0499,2016,48,Eli Manning,QB,NYG,35,16,16,224.2,14.01,16,0,65.0,15.0,187.3,12.49,1.0,True
P0864,2016,49,Golden Tate,WR,DET,28,16,16,223.1,13.94,16,0,39.0,16.0,224.5,14.03,0.0,True
P1016,2016,50,Travis Kelce,TE,KAN,27,16,15,223.0,13.94,16,0,32.0,15.0,233.5,15.57,1.0,True
P0786,2016,51,Sam Bradford,QB,MIN,29,15,15,221.9,14.79,16,1,,,,,,False
P1137,2016,52,Tyreek Hill,WR,KAN,22,16,1,217.0,13.56,16,0,28.0,15.0,245.2,16.35,1.0,True
P1138,2016,53,Tyrell Williams,WR,SDG,24,16,12,216.9,13.56,16,0,116.0,16.0,137.8,8.61,0.0,True
P1139,2016,54,Jay Ajayi,RB,MIA,23,15,12,215.3,14.35,16,1,121.0,14.0,135.1,9.65,2.0,True
P0516,2016,55,Frank Gore,RB,IND,33,16,16,214.2,13.39,16,0,78.0,16.0,173.6,10.85,0.0,True
P1140,2016,56,Carson Wentz,QB,PHI,24,16,16,214.0,13.38,16,0,13.0,13.0,281.7,21.67,3.0,True
P0967,2016,57,Terrelle Pryor,WR,CLE,27,16,15,213.4,13.34,16,0,,,,,,False
P0818,2016,58,Emmanuel Sanders,WR,DEN,29,16,16,212.6,13.29,16,0,151.0,12.0,114.5,9.54,4.0,True
P0985,2016,59,Rishard Matthews,WR,TEN,27,16,9,211.5,13.22,16,0,97.0,14.0,156.2,11.16,2.0,True
P0880,2016,60,Kyle Rudolph,TE,MIN,27,16,16,209.0,13.06,16,0,94.0,16.0,158.2,9.89,0.0,True
P1052,2016,61,Latavius Murray,RB,OAK,26,14,12,208.2,14.87,16,2,96.0,16.0,157.5,9.84,0.0,True
P0638,2016,62,Greg Olsen,TE,CAR,31,16,16,207.3,12.96,16,0,,,,,,False
P1031,2016,63,Isaiah Crowell,RB,CLE,23,16,16,205.1,12.82,16,0,109.0,16.0,143.5,8.97,0.0,True
P0734,2016,64,Mike Wallace,WR,BAL,30,16,16,202.8,12.68,16,0,101.0,15.0,151.2,10.08,1.0,True
P0736,2016,65,Pierre Garcon,WR,WAS,30,16,16,201.1,12.57,16,0,184.0,8.0,90.0,11.25,8.0,True
P0902,2016,66,Colin Kaepernick,QB,SFO,29,12,11,200.4,16.7,16,4,,,,,,False
P1032,2016,67,Allen Robinson,WR,JAX,23,16,16,199.3,12.46,16,0,,,,,,False
P1082,2016,68,Todd Gurley,RB,LAR,22,16,16,198.2,12.39,16,0,1.0,15.0,383.3,25.55,1.0,True
P1091,2016,69,Jamison Crowder,WR,WAS,23,16,9,197.5,12.34,16,0,90.0,15.0,160.3,10.69,1.0,True
P0968,2016,70,DeAndre Hopkins,WR,HOU,24,16,16,197.4,12.34,16,0,6.0,15.0,309.8,20.65,1.0,True
P1009,2016,71,Kelvin Benjamin,WR,CAR,25,16,13,197.1,12.32,16,0,120.0,14.0,135.2,9.66,2.0,True
P0919,2016,72,Bilal Powell,RB,NYJ,28,16,4,197.0,12.31,16,0,107.0,15.0,145.2,9.68,1.0,True
P0744,2016,73,Kenny Britt,WR,LAR,28,15,15,196.2,13.08,16,1,250.0,12.0,57.6,4.8,4.0,True
P1141,2016,74,Adam Thielen,WR,MIN,26,16,10,195.2,12.2,16,0,29.0,16.0,239.7,14.98,0.0,True
P1117,2016,75,Spencer Ware,RB,KAN,25,14,14,193.8,13.84,16,2,,,,,,False
P1088,2016,76,Stefon Diggs,WR,MIN,23,13,11,193.3,14.87,16,3,59.0,14.0,198.2,14.16,2.0,True
P1059,2016,77,Carlos Hyde,RB,SFO,26,13,13,192.1,14.78,16,3,31.0,16.0,233.8,14.61,0.0,True
P1142,2016,78,Trevor Siemian,QB,DEN,25,14,14,191.7,13.69,16,2,137.0,11.0,126.1,11.46,5.0,True
P1083,2016,79,Willie Snead,WR,NOR,24,15,4,191.5,12.77,16,1,,,,,,False
P0974,2016,80,Lamar Miller,RB,HOU,25,14,14,191.1,13.65,16,2,63.0,16.0,193.5,12.09,0.0,True
P1143,2016,81,Tevin Coleman,RB,ATL,23,13,0,191.1,14.7,16,3,86.0,15.0,167.7,11.18,1.0,True
P0901,2016,82,Ryan Tannehill,QB,MIA,28,13,13,190.2,14.63,16,3,,,,,,False
P0809,2016,83,Jimmy Graham,TE,SEA,30,16,15,189.3,11.83,16,0,82.0,16.0,171.0,10.69,0.0,True
P0988,2016,84,Cole Beasley,WR,DAL,27,16,6,189.0,11.81,16,0,180.0,15.0,91.4,6.09,1.0,True
P0825,2016,85,Delanie Walker,TE,TEN,32,15,9,188.1,12.54,16,1,75.0,16.0,174.5,10.91,0.0,True
P0838,2016,86,A.J. Green,WR,CIN,28,10,10,186.4,18.64,16,6,37.0,16.0,226.8,14.18,0.0,True
P0810,2016,87,Brandon LaFell,WR,CIN,30,16,14,186.0,11.62,16,0,138.0,16.0,124.8,7.8,0.0,True
P1144,2016,88,Sterling Shepard,WR,NYG,23,16,16,184.4,11.52,16,0,108.0,11.0,144.5,13.14,5.0,True
P0342,2016,89,Steve Smith Sr.,WR,BAL,37,14,14,183.9,13.14,16,2,,,,,,False
P0670,2016,90,Matt Forte,RB,NYJ,31,14,13,183.6,13.11,16,2,144.0,12.0,120.4,10.03,4.0,True
P0981,2016,91,Zach Ertz,TE,PHI,26,14,12,183.6,13.11,16,2,54.0,14.0,202.4,14.46,2.0,True
P0682,2016,92,DeSean Jackson,WR,WAS,30,15,15,180.5,12.03,16,1,115.0,14.0,138.6,9.9,2.0,True
P0791,2016,93,Dez Bryant,WR,DAL,28,13,13,180.0,13.85,16,3,66.0,16.0,186.4,11.65,0.0,True
P1145,2016,94,Cameron Meredith,WR,CHI,24,14,10,179.5,12.82,16,2,,,,,,False
P1051,2016,95,Marqise Lee,WR,JAX,25,16,6,178.4,11.15,16,0,104.0,14.0,147.9,10.56,2.0,True
P1011,2016,96,Jeremy Hill,RB,CIN,24,15,13,176.3,11.75,16,1,,,,,,False
P0403,2016,97,Anquan Boldin,WR,DET,36,16,16,173.4,10.84,16,0,,,,,,False
P0960,2016,98,Marvin Jones,WR,DET,26,15,15,172.3,11.49,16,1,38.0,16.0,225.1,14.07,0.0,True
P1012,2016,99,Jordan Matthews,WR,PHI,24,14,13,171.4,12.24,16,2,,,,,,False
P1129,2016,100,Cameron Brate,TE,TAM,25,15,10,171.0,11.4,16,1,110.0,16.0,143.1,8.94,0.0,True
P1034,2016,101,Terrance West,RB,BAL,25,16,13,171.0,10.69,16,0,,,,,,False
P1099,2016,102,Brock Osweiler,QB,HOU,26,15,14,169.0,11.27,16,1,225.0,6.0,67.9,11.32,10.0,True
P0862,2016,103,Dennis Pitta,TE,BAL,31,16,12,168.9,10.56,16,0,,,,,,False
P1146,2016,104,Quincy Enunwa,WR,NYJ,24,16,13,168.9,10.56,16,0,,,,,,False
P0976,2016,105,Jordan Reed,TE,WAS,26,12,8,168.6,14.05,16,4,243.0,6.0,60.1,10.02,10.0,True
P0973,2016,106,Kenny Stills,WR,MIA,24,16,16,168.6,10.54,16,0,74.0,16.0,174.7,10.92,0.0,True
P0711,2016,107,Martellus Bennett,TE,NWE,29,16,12,168.1,10.51,16,0,248.0,9.0,58.6,6.51,7.0,True
P1108,2016,108,Dontrelle Inman,WR,SDG,27,16,16,163.0,10.19,16,0,232.0,12.0,65.3,5.44,4.0,True
P0669,2016,109,Darren Sproles,RB,PHI,33,15,5,162.5,10.83,16,1,,,,,,False
P1043,2016,110,Theo Riddick,RB,DET,25,10,8,161.8,16.18,16,6,98.0,16.0,154.0,9.62,0.0,True
P1096,2016,111,James White,RB,NWE,24,16,4,161.7,10.11,16,0,124.0,14.0,134.0,9.57,2.0,True
P0640,2016,112,Ted Ginn Jr.,WR,CAR,31,16,8,159.0,9.94,16,0,91.0,15.0,159.6,10.64,1.0,True
P0600,2016,113,Brandon Marshall,WR,NYJ,32,15,15,155.8,10.39,16,1,,,,,,False
P1113,2016,114,DeVante Parker,WR,MIA,23,15,8,154.4,10.29,16,1,130.0,13.0,130.0,10.0,3.0,True
P0425,2016,115,Jason Witten,TE,DAL,34,16,16,152.3,9.52,16,0,105.0,16.0,147.0,9.19,0.0,True
P0946,2016,116,Mohamed Sanu,WR,ATL,27,15,15,148.8,9.92,16,1,76.0,15.0,174.3,11.62,1.0,True
P1044,2016,117,Jerick McKinnon,RB,MIN,24,15,7,148.4,9.89,16,1,68.0,16.0,178.1,11.13,0.0,True
P0873,2016,118,Randall Cobb,WR,GNB,26,13,10,148.3,11.41,16,3,92.0,15.0,159.4,10.63,1.0,True
P0427,2016,119,Antonio Gates,TE,SDG,36,14,9,147.8,10.56,16,2,202.0,16.0,79.6,4.97,0.0,True
P1114,2016,120,Chris Thompson,RB,WAS,26,16,0,147.5,9.22,16,0,100.0,10.0,151.4,15.14,6.0,True
P0972,2016,121,Tavon Austin,WR,LAR,26,15,15,146.8,9.79,16,1,,,,,,False
P0881,2016,122,Jeremy Kerley,WR,SFO,28,16,13,146.7,9.17,16,0,,,,,,False
P0684,2016,123,Jonathan Stewart,RB,CAR,29,13,13,146.4,11.26,16,3,147.0,15.0,117.2,7.81,1.0,True
P0928,2016,124,Alshon Jeffery,WR,CHI,26,12,12,146.1,12.18,16,4,61.0,16.0,195.9,12.24,0.0,True
P1147,2016,125,Jack Doyle,TE,IND,26,16,14,145.4,9.09,16,0,83.0,15.0,169.0,11.27,1.0,True
P0793,2016,126,Ryan Mathews,RB,PHI,29,13,8,144.6,11.12,16,3,,,,,,False
P1085,2016,127,Duke Johnson,RB,CLE,23,16,1,144.2,9.01,16,0,44.0,16.0,216.1,13.51,0.0,True
P1093,2016,128,Eric Ebron,TE,DET,23,13,13,144.2,11.09,16,3,128.0,16.0,132.4,8.28,0.0,True
P1148,2016,129,Devontae Booker,RB,DEN,24,16,6,142.7,8.92,16,0,181.0,13.0,91.4,7.03,3.0,True
P1149,2016,130,Ty Montgomery,RB,GNB,23,15,6,140.5,9.37,16,1,179.0,8.0,91.6,11.45,8.0,True
P1036,2016,131,Taylor Gabriel,WR,ATL,25,13,3,140.0,10.77,16,3,198.0,16.0,81.7,5.11,0.0,True
P1150,2016,132,JJ Nelson,WR,ARI,24,15,6,139.1,9.27,16,1,175.0,16.0,93.5,5.84,0.0,True
P0781,2016,133,Rashad Jennings,RB,NYG,31,13,12,138.4,10.65,16,3,,,,,,False
P1087,2016,134,T.J. Yeldon,RB,JAX,23,15,13,137.7,9.18,16,1,189.0,10.0,87.7,8.77,6.0,True
P0939,2016,135,Coby Fleener,TE,NOR,28,16,8,137.3,8.58,16,0,237.0,11.0,63.5,5.77,5.0,True
P1151,2016,136,Christine Michael,RB,2TM,26,15,7,137.0,9.13,16,1,,,,,,False
P0888,2016,137,Charles Clay,TE,BUF,27,15,15,136.2,9.08,16,1,148.0,13.0,116.8,8.98,3.0,True
P1152,2016,138,C.J. Fiedorowicz,TE,HOU,25,15,15,133.9,8.93,16,1,,,,,,False
P0559,2016,139,Ryan Fitzpatrick,QB,NYJ,34,14,11,133.4,9.53,16,2,213.0,6.0,73.9,12.32,10.0,True
P1153,2016,140,Adam Humphries,WR,TAM,23,15,4,133.0,8.87,16,1,133.0,16.0,128.7,8.04,0.0,True
P1154,2016,141,Robert Kelley,RB,WAS,24,15,9,132.6,8.84,16,1,,,,,,False
P1014,2016,142,Matt Asiata,RB,MIN,29,16,6,132.5,8.28,16,0,,,,,,False
P0935,2016,143,Travis Benjamin,WR,SDG,27,14,8,132.4,9.46,16,2,129.0,16.0,130.3,8.14,0.0,True
P1078,2016,144,Gary Barnidge,TE,CLE,31,16,16,130.2,8.14,16,0,,,,,,False
P1155,2016,145,Hunter Henry,TE,SDG,22,15,10,129.8,8.65,16,1,134.0,14.0,126.9,9.06,2.0,True
P1037,2016,146,Chris Hogan,WR,NWE,29,15,14,128.9,8.59,16,1,154.0,9.0,109.6,12.18,7.0,True
P1156,2016,147,Will Fuller,WR,HOU,22,14,13,128.2,9.16,16,2,152.0,10.0,113.2,11.32,6.0,True
P0683,2016,148,Tim Hightower,RB,NOR,30,16,1,126.8,7.92,16,0,,,,,,False
P1157,2016,149,Eli Rogers,WR,PIT,24,13,8,126.0,9.69,16,3,,,,,,False
P1158,2016,150,Mike Gillislee,RB,BUF,26,15,1,125.7,8.38,16,1,222.0,9.0,68.8,7.64,7.0,True
P0965,2016,151,Terrance Williams,WR,DAL,27,16,15,125.4,7.84,16,0,153.0,16.0,111.3,6.96,0.0,True
P1159,2016,152,Tyler Boyd,WR,CIN,22,16,2,124.1,7.76,16,0,,,,,,False
P1084,2016,153,Tyler Lockett,WR,SEA,24,15,9,124.1,8.27,16,1,142.0,16.0,124.3,7.77,0.0,True
P0954,2016,154,Giovani Bernard,RB,CIN,25,10,2,122.3,12.23,16,6,99.0,16.0,151.7,9.48,0.0,True
P0963,2016,155,Cordarrelle Patterson,WR,MIN,25,16,8,119.6,7.48,16,0,192.0,16.0,86.0,5.38,0.0,True
P0780,2016,156,Zach Miller,TE,CHI,32,10,8,119.6,11.96,16,6,,,,,,False
P0975,2016,157,Robert Woods,WR,BUF,24,13,10,118.9,9.15,16,3,89.0,12.0,163.3,13.61,4.0,True
P0913,2016,158,Michael Floyd,WR,2TM,27,15,8,115.8,7.72,16,1,,,,,,False
P1160,2016,159,Jalen Richard,RB,OAK,23,16,0,115.5,7.22,16,0,191.0,16.0,86.1,5.38,0.0,True
P1054,2016,160,Brian Quick,WR,LAR,27,16,8,115.4,7.21,16,0,,,,,,False
P1161,2016,161,Robbie Chosen,WR,NYJ,23,16,8,114.9,7.18,16,0,57.0,16.0,200.0,12.5,0.0,True
P0603,2016,162,Vernon Davis,TE,WAS,32,16,14,114.3,7.14,16,0,143.0,16.0,121.8,7.61,0.0,True
P0911,2016,163,Dwayne Allen,TE,IND,26,14,14,113.6,8.11,16,2,,,,,,False
P1104,2016,164,Seth Roberts,WR,OAK,25,16,6,111.7,6.98,16,0,183.0,15.0,90.5,6.03,1.0,True
P0982,2016,165,Case Keenum,QB,LAR,28,10,9,111.1,11.11,16,6,30.0,15.0,237.9,15.86,1.0,True
P0887,2016,166,Lance Kendricks,TE,LAR,28,16,16,109.9,6.87,16,0,,,,,,False
P0733,2016,167,Jeremy Maclin,WR,KAN,28,12,12,109.5,9.12,16,4,165.0,12.0,102.0,8.5,4.0,True
P0931,2016,168,Shaun Draughn,RB,SFO,29,16,1,108.9,6.81,16,0,,,,,,False
P0932,2016,169,Robert Turbin,RB,IND,27,15,0,108.3,7.22,16,1,,,,,,False
P1162,2016,170,Derrick Henry,RB,TEN,22,15,2,105.7,7.05,16,1,122.0,16.0,135.0,8.44,0.0,True
P1163,2016,171,Tajae Sharpe,WR,TEN,22,16,10,105.3,6.58,16,0,,,,,,False
P1164,2016,172,Ryan Griffin,TE,HOU,26,16,5,104.2,6.51,16,0,,,,,,False
P1023,2016,173,John Brown,WR,ARI,26,15,6,103.7,6.91,16,1,219.0,10.0,69.9,6.99,6.0,True
P1042,2016,174,Donte Moncrief,WR,IND,23,9,7,102.6,11.4,16,7,207.0,12.0,77.1,6.42,4.0,True
P1010,2016,175,C.J. Anderson,RB,DEN,25,7,7,102.5,14.64,16,9,73.0,16.0,175.1,10.94,0.0,True
P1165,2016,176,Kenneth Dixon,RB,BAL,22,12,0,102.4,8.53,16,4,,,,,,False
P0837,2016,177,Victor Cruz,WR,NYG,30,15,12,101.6,6.77,16,1,,,,,,False
P1166,2016,178,Breshad Perriman,WR,BAL,23,16,1,101.1,6.32,16,0,,,,,,False
P1021,2016,179,Allen Hurns,WR,JAX,25,11,11,100.7,9.15,16,5,168.0,10.0,99.4,9.94,6.0,True
P0577,2016,180,DeAngelo Williams,RB,PIT,33,9,4,100.1,11.12,16,7,,,,,,False
P1167,2016,181,Phillip Dorsett,WR,IND,23,15,7,98.8,6.59,16,1,,,,,,False
P0987,2016,182,Tyler Eifert,TE,CIN,26,8,2,98.4,12.3,16,8,,,,,,False
P0993,2016,183,Jermaine Kearse,WR,SEA,26,16,15,98.0,6.12,16,0,70.0,16.0,176.0,11.0,0.0,True
P1168,2016,184,Chris Conley,WR,KAN,24,16,11,97.0,6.06,16,0,,,,,,False
P0788,2016,185,Rob Gronkowski,TE,NWE,27,8,6,97.0,12.12,16,8,36.0,14.0,227.4,16.24,2.0,True
P1169,2016,186,Malcolm Mitchell,WR,NWE,24,14,6,96.1,6.86,16,2,,,,,,False
P0806,2016,187,Chris Ivory,RB,JAX,28,11,1,94.5,8.59,16,5,195.0,14.0,84.7,6.05,2.0,True
P1092,2016,188,Charcandrick West,RB,KAN,25,15,2,94.1,6.27,16,1,216.0,13.0,73.2,5.63,3.0,True
P1061,2016,189,Travaris Cadet,RB,NOR,27,15,1,94.0,6.27,16,1,,,,,,False
P1107,2016,190,Will Tye,TE,NYG,25,16,10,93.5,5.84,16,0,,,,,,False
P1170,2016,191,Damien Williams,RB,MIA,24,15,0,93.4,6.23,16,1,245.0,11.0,59.6,5.42,5.0,True
P1171,2016,192,Corey Coleman,WR,CLE,22,10,10,93.3,9.33,16,6,230.0,9.0,65.5,7.28,7.0,True
P1172,2016,193,Zach Zenner,RB,DET,25,14,4,93.0,6.64,16,2,,,,,,False
P0877,2016,194,Jacquizz Rodgers,RB,TAM,26,10,5,90.8,9.08,16,6,,,,,,False
P1173,2016,195,Jesse James,TE,PIT,22,16,13,90.8,5.68,16,0,169.0,16.0,98.2,6.14,0.0,True
P0906,2016,196,Kendall Wright,WR,TEN,27,11,4,90.1,8.19,16,5,135.0,16.0,126.4,7.9,0.0,True
P1005,2016,197,Marquise Goodwin,WR,BUF,26,15,9,90.1,6.01,16,1,85.0,16.0,168.6,10.54,0.0,True
P0800,2016,198,Jermaine Gresham,TE,ARI,28,16,14,88.1,5.51,16,0,206.0,14.0,77.2,5.51,2.0,True
P0675,2016,199,Eddie Royal,WR,CHI,30,9,1,87.9,9.77,16,7,,,,,,False
P1174,2016,200,Nelson Agholor,WR,PHI,23,15,14,87.9,5.86,16,1,64.0,16.0,193.5,12.09,0.0,True
P1101,2016,201,Dorial Green-Beckham,WR,PHI,23,15,7,87.2,5.81,16,1,,,,,,False
P1118,2016,202,Vance McDonald,WR,SFO,26,11,11,87.1,7.92,16,5,,,,,,False
P1120,2016,203,Clive Walford,TE,OAK,25,15,8,86.9,5.79,16,1,,,,,,False
P1106,2016,204,Devin Funchess,WR,CAR,22,15,7,86.1,5.74,16,1,62.0,16.0,195.0,12.19,0.0,True
P0890,2016,205,Doug Martin,RB,TAM,27,8,8,85.5,10.69,16,8,210.0,11.0,76.0,6.91,5.0,True
P1175,2016,206,DeAndre Washington,RB,OAK,23,14,2,85.2,6.09,16,2,194.0,15.0,85.0,5.67,1.0,True
P0910,2016,207,Andrew Hawkins,WR,CLE,30,16,5,83.4,5.21,16,0,,,,,,False
P1013,2016,208,Sammy Watkins,WR,BUF,23,8,8,83.0,10.38,16,8,106.0,15.0,146.3,9.75,1.0,True
P0957,2016,209,Julius Thomas,TE,JAX,28,9,6,82.1,9.12,16,7,170.0,14.0,97.8,6.99,2.0,True
P1112,2016,210,Albert Wilson,WR,KAN,24,16,5,81.9,5.12,16,0,150.0,13.0,116.0,8.92,3.0,True
P1176,2016,211,Garrett Celek,TE,SFO,28,16,6,80.0,5.0,16,0,204.0,16.0,78.6,4.91,0.0,True
P1020,2016,212,Brian Hoyer,QB,CHI,31,6,5,79.6,13.27,16,10,236.0,11.0,63.9,5.81,5.0,True
P1177,2016,213,Sammie Coates,WR,PIT,23,14,5,77.9,5.56,16,2,,,,,,False
P1123,2016,214,Quinton Patton,WR,SFO,26,14,14,77.8,5.56,16,2,,,,,,False
P1178,2016,215,Cody Kessler,QB,CLE,23,9,8,77.0,8.56,16,7,,,,,,False
P1179,2016,216,Paul Perkins,RB,NYG,22,14,1,76.8,5.49,16,2,,,,,,False
P1180,2016,217,Rex Burkhead,RB,CIN,26,16,1,75.9,4.74,16,0,131.0,10.0,129.8,12.98,6.0,True
P1181,2016,218,Trey Burton,TE,PHI,25,15,4,75.7,5.05,16,1,200.0,15.0,79.8,5.32,1.0,True
P1070,2016,219,Dion Sims,TE,MIA,25,14,11,75.6,5.4,16,2,,,,,,False
P1094,2016,220,Thomas Rawls,RB,SEA,23,9,7,75.5,8.39,16,7,,,,,,False
P1100,2016,221,Matt Jones,RB,WAS,23,7,7,75.3,10.76,16,9,,,,,,False
P1110,2016,222,Kyle Juszczyk,RB,BAL,25,16,7,73.8,4.61,16,0,220.0,14.0,69.6,4.97,2.0,True
P0855,2016,223,Blaine Gabbert,QB,SFO,27,6,5,73.7,12.28,16,10,240.0,5.0,61.6,12.32,11.0,True
P1089,2016,224,Jeremy Langford,RB,CHI,25,12,3,73.2,6.1,16,4,,,,,,False
P1115,2016,225,Brandon Coleman,WR,NOR,24,16,4,72.1,4.51,16,0,214.0,16.0,73.4,4.59,0.0,True
P1182,2016,226,Fozzy Whittaker,RB,CAR,27,16,0,72.1,4.51,16,0,,,,,,False
P1183,2016,227,Matt Barkley,QB,CHI,26,7,6,71.8,10.26,16,9,,,,,,False
P0821,2016,228,Jared Cook,TE,GNB,29,10,5,71.7,7.17,16,6,125.0,16.0,132.8,8.3,0.0,True
P1184,2016,229,Russell Shepard,WR,TAM,26,14,4,70.0,5.0,16,2,,,,,,False
P0756,2016,230,Danny Amendola,WR,NWE,31,12,4,69.3,5.78,16,4,114.0,15.0,138.9,9.26,1.0,True
P1086,2016,231,Richard Rodgers,TE,GNB,24,16,6,69.1,4.32,16,0,,,,,,False
P1075,2016,232,Charles Sims,RB,TAM,26,7,2,67.9,9.7,16,9,215.0,16.0,73.4,4.59,0.0,True
P1065,2016,233,Kamar Aiken,WR,BAL,27,16,6,67.8,4.24,16,0,,,,,,False
P0889,2016,234,Robert Griffin III,QB,CLE,26,5,5,66.4,13.28,16,11,,,,,,False
P1185,2016,235,Justin Hardy,WR,ATL,25,16,3,65.3,4.08,16,0,244.0,16.0,60.1,3.76,0.0,True
P0842,2016,236,Torrey Smith,WR,SFO,27,12,12,64.7,5.39,16,4,182.0,16.0,90.7,5.67,0.0,True
P0951,2016,237,Aldrick Robinson,WR,ATL,28,16,1,64.3,4.02,16,0,,,,,,False
P1186,2016,238,Austin Hooper,TE,ATL,22,14,3,64.1,4.58,16,2,146.0,16.0,119.6,7.48,0.0,True
P1040,2016,239,Alfred Blue,RB,HOU,25,14,2,62.0,4.43,16,2,,,,,,False
P0730,2016,240,Justin Forsett,RB,3TM,31,9,6,61.6,6.84,16,7,,,,,,False
P1187,2016,241,C.J. Prosise,RB,SEA,22,6,2,61.0,10.17,16,10,,,,,,False
P0789,2016,242,Jacob Tamme,TE,ATL,31,8,5,61.0,7.62,16,8,,,,,,False
P1057,2016,243,Corey Brown,WR,CAR,25,16,8,59.2,3.7,16,0,,,,,,False
P0856,2016,244,James Starks,RB,GNB,30,9,4,58.9,6.54,16,7,,,,,,False
P1124,2016,245,Bryan Walters,WR,JAX,29,10,3,57.5,5.75,16,6,,,,,,False
P1188,2016,246,Jamize Olawale,RB,OAK,27,16,7,57.4,3.59,16,0,,,,,,False
P1189,2016,247,Deonte Thompson,WR,CHI,27,16,6,56.9,3.56,16,0,159.0,16.0,105.0,6.56,0.0,True
P1190,2016,248,Josh Bellamy,WR,CHI,27,16,2,56.9,3.56,16,0,224.0,15.0,68.2,4.55,1.0,True
P0813,2016,249,John Kuhn,FB,NOR,34,16,3,56.7,3.54,16,0,,,,,,False
P1071,2016,250,Paul Richardson,WR,SEA,24,15,0,56.3,3.75,16,1,102.0,16.0,150.3,9.39,0.0,True
P1082,2017,1,Todd Gurley,RB,LAR,23,15,15,383.3,25.55,16,1,4.0,14.0,372.1,26.58,2.0,True
P0891,2017,2,Russell Wilson,QB,SEA,29,16,16,347.9,21.74,16,0,21.0,16.0,299.4,18.71,0.0,True
P0956,2017,3,Le'Veon Bell,RB,PIT,25,15,15,341.6,22.77,16,1,,,,,,False
P1191,2017,4,Alvin Kamara,RB,NOR,22,16,3,320.4,20.02,16,0,6.0,15.0,354.2,23.61,1.0,True
P0840,2017,5,Antonio Brown,WR,PIT,29,14,14,310.3,22.16,16,2,15.0,15.0,323.7,21.58,1.0,True
P0968,2017,6,DeAndre Hopkins,WR,HOU,25,15,15,309.8,20.65,16,1,9.0,16.0,333.5,20.84,0.0,True
P0836,2017,7,Cam Newton,QB,CAR,28,16,16,299.5,18.72,16,0,28.0,14.0,282.6,20.19,2.0,True
P0260,2017,8,Tom Brady,QB,NWE,40,16,16,295.9,18.49,16,0,29.0,16.0,281.3,17.58,0.0,True
P0571,2017,9,Alex Smith,QB,KAN,33,15,15,295.2,19.68,16,1,122.0,10.0,138.0,13.8,6.0,True
P1192,2017,10,Kareem Hunt,RB,KAN,22,16,16,295.2,18.45,16,0,47.0,11.0,230.2,20.93,5.0,True
P1105,2017,11,Melvin Gordon,RB,LAC,24,16,16,288.1,18.01,16,0,33.0,12.0,275.5,22.96,4.0,True
P0955,2017,12,Keenan Allen,WR,LAC,25,16,15,284.2,17.76,16,0,37.0,16.0,260.1,16.26,0.0,True
P1140,2017,13,Carson Wentz,QB,PHI,25,13,13,281.7,21.67,16,3,67.0,11.0,193.7,17.61,5.0,True
P0865,2017,14,Mark Ingram,RB,NOR,28,16,12,278.0,17.38,16,0,116.0,12.0,142.5,11.88,4.0,True
P1047,2017,15,Kirk Cousins,QB,WAS,29,16,16,277.6,17.35,16,0,27.0,16.0,283.1,17.69,0.0,True
P0745,2017,16,Matthew Stafford,QB,DET,29,16,16,273.6,17.1,16,0,56.0,16.0,212.2,13.26,0.0,True
P0566,2017,17,Philip Rivers,QB,LAC,36,16,16,270.4,16.9,16,0,26.0,16.0,285.0,17.81,0.0,True
P0732,2017,18,LeSean McCoy,RB,BUF,29,16,16,263.6,16.48,16,0,140.0,14.0,127.2,9.09,2.0,True
P0340,2017,19,Drew Brees,QB,NOR,38,16,16,262.6,16.41,16,0,20.0,15.0,305.0,20.33,1.0,True
P0458,2017,20,Larry Fitzgerald,WR,ARI,34,16,16,261.4,16.34,16,0,72.0,16.0,185.7,11.61,0.0,True
P0462,2017,21,Ben Roethlisberger,QB,PIT,35,15,15,260.7,17.38,16,1,7.0,16.0,341.9,21.37,0.0,True
P1134,2017,22,Dak Prescott,QB,DAL,24,16,16,260.7,16.29,16,0,25.0,16.0,285.9,17.87,0.0,True
P1017,2017,23,Jarvis Landry,WR,MIA,25,16,16,260.0,16.25,16,0,52.0,16.0,217.1,13.57,0.0,True
P1135,2017,24,Michael Thomas,WR,NOR,24,16,14,258.5,16.16,16,0,16.0,16.0,315.5,19.72,0.0,True
P1193,2017,25,Jared Goff,QB,LAR,23,15,15,255.3,17.02,16,1,18.0,16.0,310.3,19.39,0.0,True
P0841,2017,26,Julio Jones,WR,ATL,28,16,16,251.9,15.74,16,0,14.0,16.0,325.9,20.37,0.0,True
P1019,2017,27,Blake Bortles,QB,JAX,25,16,16,249.7,15.61,16,0,85.0,13.0,173.2,13.32,3.0,True
P1137,2017,28,Tyreek Hill,WR,KAN,23,15,13,245.2,16.35,16,1,8.0,16.0,334.0,20.88,0.0,True
P1141,2017,29,Adam Thielen,WR,MIN,27,16,16,239.7,14.98,16,0,19.0,16.0,307.3,19.21,0.0,True
P0982,2017,30,Case Keenum,QB,MIN,29,15,14,237.9,15.86,16,1,55.0,16.0,214.9,13.43,0.0,True
P1059,2017,31,Carlos Hyde,RB,SFO,27,16,16,233.8,14.61,16,0,176.0,14.0,98.4,7.03,2.0,True
P1016,2017,32,Travis Kelce,TE,KAN,28,15,15,233.5,15.57,16,1,23.0,16.0,294.6,18.41,0.0,True
P1194,2017,33,Leonard Fournette,RB,JAX,22,13,13,230.2,17.71,16,3,146.0,8.0,120.4,15.05,8.0,True
P1195,2017,34,Christian McCaffrey,RB,CAR,21,16,10,228.6,14.29,16,0,3.0,16.0,385.5,24.09,0.0,True
P0679,2017,35,Matt Ryan,QB,ATL,32,16,16,228.1,14.26,16,0,5.0,16.0,355.0,22.19,0.0,True
P0788,2017,36,Rob Gronkowski,TE,NWE,28,14,14,227.4,16.24,16,2,136.0,13.0,131.2,10.09,3.0,True
P0838,2017,37,A.J. Green,WR,CIN,29,16,16,226.8,14.18,16,0,111.0,9.0,149.4,16.6,7.0,True
P0960,2017,38,Marvin Jones,WR,DET,27,16,16,225.1,14.07,16,0,154.0,9.0,115.8,12.87,7.0,True
P0864,2017,39,Golden Tate,WR,DET,29,16,12,224.5,14.03,16,0,76.0,15.0,182.9,12.19,1.0,True
P0845,2017,40,Doug Baldwin,WR,SEA,29,16,16,223.3,13.96,16,0,117.0,13.0,141.8,10.91,3.0,True
P1077,2017,41,Tyrod Taylor,QB,BUF,28,15,14,222.7,14.85,16,1,,,,,,False
P1039,2017,42,Davante Adams,WR,GNB,25,14,14,222.5,15.89,16,2,11.0,15.0,329.6,21.97,1.0,True
P1026,2017,43,Brandin Cooks,WR,NWE,24,16,15,221.2,13.82,16,0,41.0,16.0,243.2,15.2,0.0,True
P1085,2017,44,Duke Johnson,RB,CLE,24,16,0,216.1,13.51,16,0,134.0,16.0,132.0,8.25,0.0,True
P0839,2017,45,Andy Dalton,QB,CIN,30,16,16,210.7,13.17,16,0,84.0,11.0,174.5,15.86,5.0,True
P1081,2017,46,Marcus Mariota,QB,TEN,24,15,15,210.5,14.03,16,1,83.0,14.0,175.9,12.56,2.0,True
P1015,2017,47,Derek Carr,QB,OAK,26,15,15,206.4,13.76,16,1,53.0,16.0,216.8,13.55,0.0,True
P0830,2017,48,Demaryius Thomas,WR,DEN,30,16,16,205.9,12.87,16,0,100.0,15.0,156.7,10.45,1.0,True
P1196,2017,49,Jacoby Brissett,QB,IND,25,16,15,205.9,12.87,16,0,,,,,,False
P0431,2017,50,Josh McCown,QB,NYJ,38,13,13,205.4,15.8,16,3,,,,,,False
P1133,2017,51,Ezekiel Elliott,RB,DAL,22,10,10,203.2,20.32,16,6,12.0,15.0,329.1,21.94,1.0,True
P1008,2017,52,Mike Evans,WR,TAM,24,15,15,203.1,13.54,16,1,24.0,16.0,290.4,18.15,0.0,True
P1097,2017,53,Dion Lewis,RB,NWE,27,16,8,203.0,12.69,16,0,97.0,16.0,160.7,10.04,0.0,True
P0981,2017,54,Zach Ertz,TE,PHI,27,14,13,202.4,14.46,16,2,30.0,16.0,280.3,17.52,0.0,True
P1076,2017,55,Jameis Winston,QB,TAM,23,13,13,201.7,15.52,16,3,65.0,11.0,195.8,17.8,5.0,True
P1048,2017,56,Devonta Freeman,RB,ATL,25,14,14,200.2,14.3,16,2,,,,,,False
P1161,2017,57,Robbie Chosen,WR,NYJ,24,16,15,200.0,12.5,16,0,103.0,14.0,156.4,11.17,2.0,True
P1136,2017,58,Jordan Howard,RB,CHI,23,16,16,199.7,12.48,16,0,80.0,16.0,180.0,11.25,0.0,True
P1088,2017,59,Stefon Diggs,WR,MIN,24,14,14,198.2,14.16,16,2,34.0,15.0,266.3,17.75,1.0,True
P1197,2017,60,JuJu Smith-Schuster,WR,PIT,21,14,7,197.7,14.12,16,2,22.0,16.0,296.9,18.56,0.0,True
P0928,2017,61,Alshon Jeffery,WR,PHI,27,16,16,195.9,12.24,16,0,73.0,13.0,185.3,14.25,3.0,True
P1106,2017,62,Devin Funchess,WR,CAR,23,16,16,195.0,12.19,16,0,144.0,14.0,122.9,8.78,2.0,True
P0974,2017,63,Lamar Miller,RB,HOU,26,16,13,193.5,12.09,16,0,87.0,14.0,172.6,12.33,2.0,True
P1174,2017,64,Nelson Agholor,WR,PHI,24,16,10,193.5,12.09,16,0,92.0,16.0,165.4,10.34,0.0,True
P0499,2017,65,Eli Manning,QB,NYG,36,15,15,187.3,12.49,16,1,43.0,16.0,240.0,15.0,0.0,True
P0791,2017,66,Dez Bryant,WR,DAL,29,16,16,186.4,11.65,16,0,,,,,,False
P0681,2017,67,Joe Flacco,QB,BAL,32,16,16,185.0,11.56,16,0,124.0,9.0,137.1,15.23,7.0,True
P1044,2017,68,Jerick McKinnon,RB,MIN,25,16,1,178.1,11.13,16,0,,,,,,False
P1198,2017,69,Cooper Kupp,WR,LAR,24,15,6,176.9,11.79,16,1,128.0,8.0,135.1,16.89,8.0,True
P0993,2017,70,Jermaine Kearse,WR,NYJ,27,16,14,176.0,11.0,16,0,211.0,14.0,80.1,5.72,2.0,True
P1199,2017,71,DeShone Kizer,QB,CLE,21,15,15,175.7,11.71,16,1,,,,,,False
P0897,2017,72,T.Y. Hilton,WR,IND,28,16,16,175.6,10.98,16,0,44.0,14.0,239.0,17.07,2.0,True
P1010,2017,73,C.J. Anderson,RB,DEN,26,16,16,175.1,10.94,16,0,236.0,11.0,67.4,6.13,5.0,True
P0973,2017,74,Kenny Stills,WR,MIA,25,16,16,174.7,10.92,16,0,129.0,15.0,134.4,8.96,1.0,True
P0825,2017,75,Delanie Walker,TE,TEN,33,16,11,174.5,10.91,16,0,,,,,,False
P0946,2017,76,Mohamed Sanu,WR,ATL,28,15,15,174.3,11.62,16,1,78.0,16.0,182.4,11.4,0.0,True
P1200,2017,77,Evan Engram,TE,NYG,23,15,11,173.6,11.57,16,1,141.0,11.0,126.3,11.48,5.0,True
P0516,2017,78,Frank Gore,RB,IND,34,16,16,173.6,10.85,16,0,169.0,14.0,102.6,7.33,2.0,True
P0746,2017,79,Michael Crabtree,WR,OAK,30,14,14,171.8,12.27,16,2,132.0,16.0,132.7,8.29,0.0,True
P0847,2017,80,DeMarco Murray,RB,TEN,29,15,15,171.5,11.43,16,1,,,,,,False
P1201,2017,81,Alex Collins,RB,BAL,23,15,12,171.0,11.4,16,1,162.0,10.0,108.6,10.86,6.0,True
P0809,2017,82,Jimmy Graham,TE,SEA,31,16,13,171.0,10.69,16,0,138.0,16.0,130.6,8.16,0.0,True
P1147,2017,83,Jack Doyle,TE,IND,27,15,15,169.0,11.27,16,1,,,,,,False
P1202,2017,84,Deshaun Watson,QB,HOU,22,7,6,168.9,24.13,16,9,10.0,16.0,331.7,20.73,0.0,True
P1005,2017,85,Marquise Goodwin,WR,SFO,27,16,16,168.6,10.54,16,0,194.0,11.0,87.4,7.95,5.0,True
P1143,2017,86,Tevin Coleman,RB,ATL,24,15,3,167.7,11.18,16,1,69.0,16.0,193.6,12.1,0.0,True
P1090,2017,87,Javorius Allen,RB,BAL,26,16,0,166.1,10.38,16,0,184.0,14.0,93.6,6.69,2.0,True
P0621,2017,88,Marshawn Lynch,RB,OAK,31,15,15,164.2,10.95,16,1,212.0,6.0,79.0,13.17,10.0,True
P0975,2017,89,Robert Woods,WR,LAR,25,12,11,163.3,13.61,16,4,35.0,16.0,265.6,16.6,0.0,True
P1091,2017,90,Jamison Crowder,WR,WAS,24,15,6,160.3,10.69,16,1,205.0,9.0,82.8,9.2,7.0,True
P0640,2017,91,Ted Ginn Jr.,WR,NOR,32,15,10,159.6,10.64,16,1,,,,,,False
P0873,2017,92,Randall Cobb,WR,GNB,27,15,14,159.4,10.63,16,1,199.0,9.0,86.3,9.59,7.0,True
P1080,2017,93,Amari Cooper,WR,OAK,23,14,12,158.4,11.31,16,2,54.0,15.0,215.5,14.37,1.0,True
P0880,2017,94,Kyle Rudolph,TE,MIN,28,16,16,158.2,9.89,16,0,107.0,16.0,151.4,9.46,0.0,True
P0601,2017,95,Jay Cutler,QB,MIA,34,14,14,157.8,11.27,16,2,,,,,,False
P1052,2017,96,Latavius Murray,RB,MIN,27,16,11,157.5,9.84,16,0,135.0,16.0,131.9,8.24,0.0,True
P0985,2017,97,Rishard Matthews,WR,TEN,28,14,11,156.2,11.16,16,2,,,,,,False
P1043,2017,98,Theo Riddick,RB,DET,26,16,5,154.0,9.62,16,0,153.0,14.0,116.5,8.32,2.0,True
P0954,2017,99,Giovani Bernard,RB,CIN,26,16,2,151.7,9.48,16,0,183.0,12.0,95.9,7.99,4.0,True
P1114,2017,100,Chris Thompson,RB,WAS,27,10,1,151.4,15.14,16,6,186.0,10.0,91.6,9.16,6.0,True
P0734,2017,101,Mike Wallace,WR,BAL,31,15,14,151.2,10.08,16,1,,,,,,False
P1071,2017,102,Paul Richardson,WR,SEA,25,16,13,150.3,9.39,16,0,,,,,,False
P1203,2017,103,Tarik Cohen,RB,CHI,22,16,4,150.1,9.38,16,0,45.0,16.0,233.9,14.62,0.0,True
P1051,2017,104,Marqise Lee,WR,JAX,26,14,14,147.9,10.56,16,2,,,,,,False
P0425,2017,105,Jason Witten,TE,DAL,35,16,16,147.0,9.19,16,0,,,,,,False
P1013,2017,106,Sammy Watkins,WR,LAR,24,15,14,146.3,9.75,16,1,155.0,10.0,115.1,11.51,6.0,True
P0919,2017,107,Bilal Powell,RB,NYJ,29,15,10,145.2,9.68,16,1,,,,,,False
P1144,2017,108,Sterling Shepard,WR,NYG,24,11,10,144.5,13.14,16,5,77.0,16.0,182.5,11.41,0.0,True
P1031,2017,109,Isaiah Crowell,RB,CLE,24,16,16,143.5,8.97,16,0,118.0,13.0,140.7,10.82,3.0,True
P1129,2017,110,Cameron Brate,TE,TAM,26,16,5,143.1,8.94,16,0,185.0,16.0,92.9,5.81,0.0,True
P1204,2017,111,Jamaal Williams,RB,GNB,22,16,7,142.8,8.93,16,0,157.0,16.0,114.4,7.15,0.0,True
P1205,2017,112,Kenyan Drake,RB,MIA,23,16,6,142.3,8.89,16,0,61.0,16.0,206.2,12.89,0.0,True
P1206,2017,113,Joe Mixon,RB,CIN,21,14,7,141.3,10.09,16,2,40.0,14.0,243.4,17.39,2.0,True
P0756,2017,114,Danny Amendola,WR,NWE,32,15,8,138.9,9.26,16,1,139.0,15.0,127.4,8.49,1.0,True
P0682,2017,115,DeSean Jackson,WR,TAM,31,14,13,138.6,9.9,16,2,108.0,12.0,151.3,12.61,4.0,True
P1138,2017,116,Tyrell Williams,WR,LAC,25,16,15,137.8,8.61,16,0,123.0,16.0,137.8,8.61,0.0,True
P1207,2017,117,Orleans Darkwa,RB,NYG,25,15,11,137.7,9.18,16,1,,,,,,False
P0520,2017,118,Ben Watson,TE,BAL,37,16,12,137.2,8.57,16,0,195.0,16.0,87.0,5.44,0.0,True
P0706,2017,119,Jordy Nelson,WR,GNB,32,15,15,137.2,9.15,16,1,101.0,15.0,156.7,10.45,1.0,True
P1009,2017,120,Kelvin Benjamin,WR,2TM,26,14,14,135.2,9.66,16,2,233.0,15.0,69.0,4.6,1.0,True
P1139,2017,121,Jay Ajayi,RB,2TM,24,14,8,135.1,9.65,16,2,,,,,,False
P1162,2017,122,Derrick Henry,RB,TEN,23,16,2,135.0,8.44,16,0,63.0,16.0,201.4,12.59,0.0,True
P1208,2017,123,Mitchell Trubisky,QB,CHI,23,12,12,134.5,11.21,16,4,36.0,14.0,263.0,18.79,2.0,True
P1096,2017,124,James White,RB,NWE,25,14,4,134.0,9.57,16,2,32.0,16.0,276.6,17.29,0.0,True
P0821,2017,125,Jared Cook,TE,OAK,30,16,16,132.8,8.3,16,0,68.0,16.0,193.6,12.1,0.0,True
P1209,2017,126,Keelan Cole,WR,JAX,24,16,6,132.8,8.3,16,0,191.0,16.0,89.1,5.57,0.0,True
P1029,2017,127,Martavis Bryant,WR,PIT,26,15,8,132.5,8.83,16,1,,,,,,False
P1093,2017,128,Eric Ebron,TE,DET,24,16,9,132.4,8.28,16,0,50.0,16.0,222.2,13.89,0.0,True
P0935,2017,129,Travis Benjamin,WR,LAC,28,16,3,130.3,8.14,16,0,,,,,,False
P1113,2017,130,DeVante Parker,WR,MIA,24,13,12,130.0,10.0,16,3,,,,,,False
P1180,2017,131,Rex Burkhead,RB,NWE,27,10,3,129.8,12.98,16,6,,,,,,False
P0671,2017,132,Aaron Rodgers,QB,GNB,34,7,7,129.6,18.51,16,9,17.0,16.0,312.6,19.54,0.0,True
P1153,2017,133,Adam Humphries,WR,TAM,24,16,3,128.7,8.04,16,0,71.0,16.0,188.7,11.79,0.0,True
P1155,2017,134,Hunter Henry,TE,LAC,23,14,13,126.9,9.06,16,2,,,,,,False
P0906,2017,135,Kendall Wright,WR,CHI,28,16,4,126.4,7.9,16,0,,,,,,False
P1132,2017,136,Ryan Grant,WR,WAS,27,16,7,126.3,7.89,16,0,222.0,14.0,74.4,5.31,2.0,True
P1142,2017,137,Trevor Siemian,QB,DEN,26,11,10,126.1,11.46,16,5,,,,,,False
P0810,2017,138,Brandon LaFell,WR,CIN,31,16,15,124.8,7.8,16,0,,,,,,False
P1098,2017,139,Ameer Abdullah,RB,DET,24,14,11,124.4,8.89,16,2,,,,,,False
P1210,2017,140,Brett Hundley,QB,GNB,24,11,9,124.4,11.31,16,5,,,,,,False
P1211,2017,141,Tyler Kroft,TE,CIN,25,16,16,124.4,7.78,16,0,,,,,,False
P1084,2017,142,Tyler Lockett,WR,SEA,25,16,8,124.3,7.77,16,0,49.0,16.0,222.4,13.9,0.0,True
P0603,2017,143,Vernon Davis,TE,WAS,33,16,16,121.8,7.61,16,0,218.0,14.0,75.7,5.41,2.0,True
P0670,2017,144,Matt Forte,RB,NYJ,32,12,4,120.4,10.03,16,4,,,,,,False
P1212,2017,145,Josh Doctson,WR,WAS,25,16,14,119.8,7.49,16,0,161.0,15.0,109.2,7.28,1.0,True
P1186,2017,146,Austin Hooper,TE,ATL,23,16,8,119.6,7.48,16,0,94.0,16.0,163.0,10.19,0.0,True
P0684,2017,147,Jonathan Stewart,RB,CAR,30,15,10,117.2,7.81,16,1,,,,,,False
P0888,2017,148,Charles Clay,TE,BUF,28,13,13,116.8,8.98,16,3,,,,,,False
P0844,2017,149,Eric Decker,WR,TEN,30,16,8,116.3,7.27,16,0,,,,,,False
P1112,2017,150,Albert Wilson,WR,KAN,25,13,7,116.0,8.92,16,3,181.0,7.0,96.8,13.83,9.0,True
P0818,2017,151,Emmanuel Sanders,WR,DEN,30,12,11,114.5,9.54,16,4,64.0,12.0,198.2,16.52,4.0,True
P1156,2017,152,Will Fuller,WR,HOU,23,10,10,113.2,11.32,16,6,165.0,7.0,106.3,15.19,9.0,True
P0965,2017,153,Terrance Williams,WR,DAL,28,16,14,111.3,6.96,16,0,,,,,,False
P1037,2017,154,Chris Hogan,WR,NWE,30,9,7,109.6,12.18,16,7,166.0,16.0,106.2,6.64,0.0,True
P1213,2017,155,Samaje Perine,RB,WAS,22,16,8,108.5,6.78,16,0,,,,,,False
P0795,2017,156,LeGarrette Blount,RB,PHI,31,16,11,107.6,6.72,16,0,198.0,16.0,86.5,5.41,0.0,True
P1214,2017,157,Austin Ekeler,RB,LAC,22,16,0,106.9,6.68,16,0,89.0,14.0,168.8,12.06,2.0,True
P1215,2017,158,George Kittle,TE,SFO,24,15,7,106.5,7.1,16,1,38.0,16.0,258.7,16.17,0.0,True
P1189,2017,159,Deonte Thompson,WR,2TM,28,16,10,105.0,6.56,16,0,,,,,,False
P1216,2017,160,Wayne Gallman,RB,NYG,23,13,1,104.9,8.07,16,3,,,,,,False
P1217,2017,161,Matt Breida,RB,SFO,22,16,0,103.5,6.47,16,0,95.0,14.0,162.5,11.61,2.0,True
P1218,2017,162,Marlon Mack,RB,IND,21,14,0,103.3,7.38,16,2,82.0,12.0,178.1,14.84,4.0,True
P1219,2017,163,Jaron Brown,WR,ARI,27,16,8,102.7,6.42,16,0,,,,,,False
P0464,2017,164,Carson Palmer,QB,ARI,38,7,7,102.3,14.61,16,9,,,,,,False
P0733,2017,165,Jeremy Maclin,WR,BAL,29,12,12,102.0,8.5,16,4,,,,,,False
P1121,2017,166,Austin Seferian-Jenkins,TE,NYJ,25,13,10,101.7,7.82,16,3,,,,,,False
P1220,2017,167,O.J. Howard,TE,TAM,23,14,14,101.2,7.23,16,2,145.0,10.0,120.5,12.05,6.0,True
P1021,2017,168,Allen Hurns,WR,JAX,26,10,8,99.4,9.94,16,6,249.0,16.0,61.5,3.84,0.0,True
P1173,2017,169,Jesse James,TE,PIT,23,16,14,98.2,6.14,16,0,203.0,16.0,84.3,5.27,0.0,True
P0957,2017,170,Julius Thomas,TE,MIA,29,14,12,97.8,6.99,16,2,,,,,,False
P1221,2017,171,J.D. McKissic,WR,SEA,24,13,1,97.3,7.48,16,3,,,,,,False
P1222,2017,172,Trent Taylor,WR,SFO,23,15,1,96.0,6.4,16,1,,,,,,False
P1223,2017,173,David Njoku,TE,CLE,21,16,5,94.7,5.92,16,0,113.0,16.0,143.9,8.99,0.0,True
P1224,2017,174,Kenny Golladay,WR,DET,24,11,5,94.6,8.6,16,5,59.0,15.0,207.1,13.81,1.0,True
P1150,2017,175,JJ Nelson,WR,ARI,25,16,5,93.5,5.84,16,0,,,,,,False
P1225,2017,176,Chris Godwin,WR,TAM,21,16,2,92.5,5.78,16,0,74.0,16.0,185.2,11.58,0.0,True
P1226,2017,177,Corey Clement,RB,PHI,23,16,0,92.4,5.78,16,0,209.0,11.0,81.1,7.37,5.0,True
P1227,2017,178,Rod Smith,RB,DAL,25,15,1,92.4,6.16,16,1,,,,,,False
P1149,2017,179,Ty Montgomery,RB,GNB,24,8,5,91.6,11.45,16,8,226.0,13.0,71.3,5.48,3.0,True
P0988,2017,180,Cole Beasley,WR,DAL,28,15,4,91.4,6.09,16,1,110.0,16.0,150.2,9.39,0.0,True
P1148,2017,181,Devontae Booker,RB,DEN,25,13,0,91.4,7.03,16,3,192.0,16.0,87.8,5.49,0.0,True
P0842,2017,182,Torrey Smith,WR,PHI,28,16,14,90.7,5.67,16,0,,,,,,False
P1104,2017,183,Seth Roberts,WR,OAK,26,15,7,90.5,6.03,16,1,164.0,15.0,106.9,7.13,1.0,True
P0736,2017,184,Pierre Garcon,WR,SFO,31,8,8,90.0,11.25,16,8,,,,,,False
P1228,2017,185,Roger Lewis,WR,NYG,24,15,8,89.6,5.97,16,1,,,,,,False
P1229,2017,186,C.J. Beathard,QB,SFO,24,7,5,88.8,12.69,16,9,220.0,6.0,75.0,12.5,10.0,True
P1230,2017,187,Jimmy Garoppolo,QB,SFO,26,6,5,87.9,14.65,16,10,,,,,,False
P0642,2017,188,Marcedes Lewis,TE,JAX,33,16,16,87.8,5.49,16,0,,,,,,False
P1087,2017,189,T.J. Yeldon,RB,JAX,24,10,0,87.7,8.77,16,6,86.0,14.0,173.1,12.36,2.0,True
P0962,2017,190,Andre Ellington,RB,2TM,28,12,2,87.4,7.28,16,4,,,,,,False
P1160,2017,191,Jalen Richard,RB,OAK,24,16,1,86.1,5.38,16,0,102.0,16.0,156.6,9.79,0.0,True
P0963,2017,192,Cordarrelle Patterson,WR,OAK,26,16,2,86.0,5.38,16,0,182.0,15.0,96.5,6.43,1.0,True
P1231,2017,193,Peyton Barber,RB,TAM,23,16,4,85.7,5.36,16,0,109.0,16.0,150.3,9.39,0.0,True
P1175,2017,194,DeAndre Washington,RB,OAK,24,15,0,85.0,5.67,16,1,,,,,,False
P0806,2017,195,Chris Ivory,RB,JAX,29,14,3,84.7,6.05,16,2,214.0,13.0,78.0,6.0,3.0,True
P0936,2017,196,Shane Vereen,RB,NYG,28,16,0,83.7,5.23,16,0,,,,,,False
P1232,2017,197,Bennie Fowler,WR,DEN,26,16,4,82.0,5.12,16,0,,,,,,False
P1036,2017,198,Taylor Gabriel,WR,ATL,26,16,4,81.7,5.11,16,0,106.0,16.0,151.9,9.49,0.0,True
P1233,2017,199,Aaron Jones,RB,GNB,23,12,4,80.0,6.67,16,4,88.0,12.0,171.4,14.28,4.0,True
P1181,2017,200,Trey Burton,TE,PHI,26,15,1,79.8,5.32,16,1,112.0,16.0,147.1,9.19,0.0,True
P0850,2017,201,Ed Dickson,TE,CAR,30,16,12,79.7,4.98,16,0,,,,,,False
P0427,2017,202,Antonio Gates,TE,LAC,37,16,4,79.6,4.97,16,0,219.0,16.0,75.3,4.71,0.0,True
P0618,2017,203,Adrian Peterson,RB,2TM,32,10,7,78.9,7.89,16,6,70.0,16.0,189.0,11.81,0.0,True
P1176,2017,204,Garrett Celek,TE,SFO,29,16,13,78.6,4.91,16,0,,,,,,False
P1234,2017,205,T.J. Jones,WR,DET,25,14,6,77.9,5.56,16,2,,,,,,False
P0800,2017,206,Jermaine Gresham,TE,ARI,29,14,14,77.2,5.51,16,2,,,,,,False
P1042,2017,207,Donte Moncrief,WR,IND,24,12,8,77.1,6.42,16,4,137.0,16.0,130.8,8.18,0.0,True
P1235,2017,208,Seth Devalve,TE,CLE,24,16,4,76.5,4.78,16,0,,,,,,False
P1236,2017,209,Elijah McGuire,RB,NYJ,23,16,2,76.2,4.76,16,0,200.0,8.0,85.9,10.74,8.0,True
P0890,2017,210,Doug Martin,RB,TAM,28,11,8,76.0,6.91,16,5,148.0,16.0,119.9,7.49,0.0,True
P1237,2017,211,Bruce Ellington,WR,HOU,26,11,6,75.7,6.88,16,5,,,,,,False
P1007,2017,212,Odell Beckham Jr.,WR,NYG,25,4,2,74.0,18.5,16,12,46.0,12.0,230.3,19.19,4.0,True
P0559,2017,213,Ryan Fitzpatrick,QB,TAM,35,6,3,73.9,12.32,16,10,91.0,8.0,165.8,20.72,8.0,True
P1115,2017,214,Brandon Coleman,WR,NOR,25,16,6,73.4,4.59,16,0,,,,,,False
P1075,2017,215,Charles Sims,RB,TAM,27,16,0,73.4,4.59,16,0,,,,,,False
P1092,2017,216,Charcandrick West,RB,KAN,26,13,0,73.2,5.63,16,3,,,,,,False
P0894,2017,217,Alfred Morris,RB,DAL,29,14,5,72.2,5.16,16,2,234.0,12.0,68.1,5.68,4.0,True
P1238,2017,218,Zay Jones,WR,BUF,22,15,10,70.6,4.71,16,1,93.0,16.0,165.2,10.32,0.0,True
P1023,2017,219,John Brown,WR,ARI,27,10,5,69.9,6.99,16,6,114.0,16.0,143.9,8.99,0.0,True
P1110,2017,220,Kyle Juszczyk,FB,SFO,26,14,10,69.6,4.97,16,2,237.0,16.0,67.4,4.21,0.0,True
P1239,2017,221,Corey Davis,WR,TEN,22,11,9,69.5,6.32,16,5,75.0,16.0,183.6,11.48,0.0,True
P1158,2017,222,Mike Gillislee,RB,NWE,27,9,2,68.8,7.64,16,7,,,,,,False
P1240,2017,223,Rashard Higgins,WR,CLE,23,15,4,68.6,4.57,16,1,150.0,13.0,118.2,9.09,3.0,True
P1190,2017,224,Josh Bellamy,WR,CHI,28,15,7,68.2,4.55,16,1,,,,,,False
P1099,2017,225,Brock Osweiler,QB,DEN,27,6,4,67.9,11.32,16,10,235.0,7.0,68.0,9.71,9.0,True
P1241,2017,226,Kerwynn Williams,RB,ARI,26,16,6,67.9,4.24,16,0,,,,,,False
P0703,2017,227,Jamaal Charles,RB,DEN,31,14,0,67.5,4.82,16,2,,,,,,False
P1242,2017,228,Dede Westbrook,WR,JAX,24,7,5,66.9,9.56,16,9,81.0,16.0,179.5,11.22,0.0,True
P1243,2017,229,Chris Moore,WR,BAL,24,13,4,65.9,5.07,16,3,,,,,,False
P1171,2017,230,Corey Coleman,WR,CLE,23,9,8,65.5,7.28,16,7,,,,,,False
P1244,2017,231,Dalvin Cook,RB,MIN,22,4,4,65.4,16.35,16,12,105.0,11.0,152.0,13.82,5.0,True
P1108,2017,232,Dontrelle Inman,WR,2TM,28,12,7,65.3,5.44,16,4,215.0,9.0,76.4,8.49,7.0,True
P1245,2017,233,Stephen Anderson,TE,HOU,24,15,5,65.2,4.35,16,1,,,,,,False
P1074,2017,234,Brice Butler,WR,DAL,27,13,0,64.7,4.98,16,3,,,,,,False
P1246,2017,235,Nick O'Leary,RB,BUF,25,15,5,64.2,4.28,16,1,,,,,,False
P1020,2017,236,Brian Hoyer,QB,2TM,32,11,6,63.9,5.81,16,5,,,,,,False
P0939,2017,237,Coby Fleener,TE,NOR,29,11,1,63.5,5.77,16,5,,,,,,False
P1247,2017,238,Ricardo Louis,WR,CLE,23,16,9,62.7,3.92,16,0,,,,,,False
P1248,2017,239,Cody Latimer,WR,DEN,25,11,1,61.7,5.61,16,5,,,,,,False
P0855,2017,240,Blaine Gabbert,QB,ARI,28,5,5,61.6,12.32,16,11,,,,,,False
P1249,2017,241,Tyler Higbee,TE,LAR,24,16,16,60.5,3.78,16,0,241.0,16.0,65.2,4.08,0.0,True
P1250,2017,242,Tavarres King,WR,NYG,27,8,3,60.3,7.54,16,8,,,,,,False
P0976,2017,243,Jordan Reed,TE,WAS,27,6,5,60.1,10.02,16,10,149.0,13.0,119.8,9.22,3.0,True
P1185,2017,244,Justin Hardy,WR,ATL,26,16,1,60.1,3.76,16,0,,,,,,False
P1170,2017,245,Damien Williams,RB,MIA,25,11,4,59.6,5.42,16,5,175.0,16.0,98.6,6.16,0.0,True
P1251,2017,246,Rhett Ellison,TE,NYG,29,16,14,59.5,3.72,16,0,,,,,,False
P0787,2017,247,Danny Woodhead,RB,BAL,32,8,0,58.6,7.32,16,8,,,,,,False
P0711,2017,248,Martellus Bennett,TE,2TM,30,9,7,58.6,6.51,16,7,,,,,,False
P1252,2017,249,Chester Rogers,WR,IND,23,11,4,58.2,5.29,16,5,152.0,16.0,117.1,7.32,0.0,True
P0744,2017,250,Kenny Britt,WR,2TM,29,12,4,57.6,4.8,16,4,,,,,,False
P1253,2018,1,Patrick Mahomes,QB,KAN,23,16,16,417.1,26.07,16,0,14.0,14.0,287.0,20.5,2.0,True
P1254,2018,2,Saquon Barkley,RB,NYG,21,16,16,385.8,24.11,16,0,38.0,13.0,244.1,18.78,3.0,True
P1195,2018,3,Christian McCaffrey,RB,CAR,22,16,16,385.5,24.09,16,0,1.0,16.0,471.2,29.45,0.0,True
P1082,2018,4,Todd Gurley,RB,LAR,24,14,14,372.1,26.58,16,2,59.0,15.0,219.4,14.63,1.0,True
P0679,2018,5,Matt Ryan,QB,ATL,33,16,16,355.0,22.19,16,0,22.0,15.0,267.3,17.82,1.0,True
P1191,2018,6,Alvin Kamara,RB,NOR,23,15,13,354.2,23.61,16,1,30.0,14.0,248.5,17.75,2.0,True
P0462,2018,7,Ben Roethlisberger,QB,PIT,36,16,16,341.9,21.37,16,0,,,,,,False
P1137,2018,8,Tyreek Hill,WR,KAN,24,16,16,334.0,20.88,16,0,86.0,12.0,188.3,15.69,4.0,True
P0968,2018,9,DeAndre Hopkins,WR,HOU,26,16,16,333.5,20.84,16,0,21.0,15.0,268.5,17.9,1.0,True
P1202,2018,10,Deshaun Watson,QB,HOU,23,16,16,331.7,20.73,16,0,6.0,15.0,321.0,21.4,1.0,True
P1039,2018,11,Davante Adams,WR,GNB,26,15,15,329.6,21.97,16,1,67.0,12.0,212.7,17.72,4.0,True
P1133,2018,12,Ezekiel Elliott,RB,DAL,23,15,15,329.1,21.94,16,1,8.0,16.0,311.7,19.48,0.0,True
P0892,2018,13,Andrew Luck,QB,IND,29,16,16,327.9,20.49,16,0,,,,,,False
P0841,2018,14,Julio Jones,WR,ATL,29,16,16,325.9,20.37,16,0,19.0,15.0,274.1,18.27,1.0,True
P0840,2018,15,Antonio Brown,WR,PIT,30,15,15,323.7,21.58,16,1,,,,,,False
P1135,2018,16,Michael Thomas,WR,NOR,25,16,16,315.5,19.72,16,0,3.0,16.0,374.6,23.41,0.0,True
P0671,2018,17,Aaron Rodgers,QB,GNB,35,16,16,312.6,19.54,16,0,16.0,16.0,278.4,17.4,0.0,True
P1193,2018,18,Jared Goff,QB,LAR,24,16,16,310.3,19.39,16,0,32.0,16.0,247.5,15.47,0.0,True
P1141,2018,19,Adam Thielen,WR,MIN,28,16,16,307.3,19.21,16,0,149.0,10.0,114.4,11.44,6.0,True
P0340,2018,20,Drew Brees,QB,NOR,39,15,15,305.0,20.33,16,1,52.0,11.0,224.8,20.44,5.0,True
P0891,2018,21,Russell Wilson,QB,SEA,30,16,16,299.4,18.71,16,0,5.0,16.0,328.6,20.54,0.0,True
P1197,2018,22,JuJu Smith-Schuster,WR,PIT,22,16,13,296.9,18.56,16,0,151.0,12.0,113.2,9.43,4.0,True
P1016,2018,23,Travis Kelce,TE,KAN,29,16,16,294.6,18.41,16,0,29.0,16.0,254.3,15.89,0.0,True
P1008,2018,24,Mike Evans,WR,TAM,25,16,16,290.4,18.15,16,0,45.0,13.0,232.7,17.9,3.0,True
P1134,2018,25,Dak Prescott,QB,DAL,25,16,16,285.9,17.87,16,0,4.0,16.0,337.8,21.11,0.0,True
P0566,2018,26,Philip Rivers,QB,LAC,37,16,16,285.0,17.81,16,0,42.0,16.0,235.5,14.72,0.0,True
P1047,2018,27,Kirk Cousins,QB,MIN,30,16,16,283.1,17.69,16,0,37.0,15.0,244.4,16.29,1.0,True
P0836,2018,28,Cam Newton,QB,CAR,29,14,14,282.6,20.19,16,2,,,,,,False
P0260,2018,29,Tom Brady,QB,NWE,41,16,16,281.3,17.58,16,0,23.0,16.0,263.7,16.48,0.0,True
P0981,2018,30,Zach Ertz,TE,PHI,28,16,16,280.3,17.52,16,0,63.0,15.0,215.6,14.37,1.0,True
P1255,2018,31,James Conner,RB,PIT,23,13,12,280.0,21.54,16,3,119.0,10.0,145.5,14.55,6.0,True
P1096,2018,32,James White,RB,NWE,26,16,3,276.6,17.29,16,0,74.0,15.0,200.2,13.35,1.0,True
P1105,2018,33,Melvin Gordon,RB,LAC,25,12,12,275.5,22.96,16,4,90.0,12.0,180.8,15.07,4.0,True
P1088,2018,34,Stefon Diggs,WR,MIN,25,15,14,266.3,17.75,16,1,69.0,15.0,212.1,14.14,1.0,True
P0975,2018,35,Robert Woods,WR,LAR,26,16,16,265.6,16.6,16,0,44.0,15.0,232.9,15.53,1.0,True
P1208,2018,36,Mitchell Trubisky,QB,CHI,24,14,14,263.0,18.79,16,2,72.0,15.0,202.8,13.52,1.0,True
P0955,2018,37,Keenan Allen,WR,LAC,26,16,14,260.1,16.26,16,0,24.0,16.0,261.5,16.34,0.0,True
P1215,2018,38,George Kittle,TE,SFO,25,16,16,258.7,16.17,16,0,55.0,14.0,222.5,15.89,2.0,True
P1079,2018,39,David Johnson,RB,ARI,27,16,16,246.6,15.41,16,0,124.0,13.0,141.5,10.88,3.0,True
P1206,2018,40,Joe Mixon,RB,CIN,22,14,13,243.4,17.39,16,2,51.0,16.0,225.4,14.09,0.0,True
P1026,2018,41,Brandin Cooks,WR,LAR,25,16,16,243.2,15.2,16,0,146.0,14.0,117.5,8.39,2.0,True
P1256,2018,42,Baker Mayfield,QB,CLE,23,14,13,240.1,17.15,16,2,48.0,16.0,229.2,14.32,0.0,True
P0499,2018,43,Eli Manning,QB,NYG,37,16,16,240.0,15.0,16,0,,,,,,False
P0897,2018,44,T.Y. Hilton,WR,IND,29,14,14,239.0,17.07,16,2,137.0,10.0,125.1,12.51,6.0,True
P1203,2018,45,Tarik Cohen,RB,CHI,23,16,7,233.9,14.62,16,0,101.0,16.0,163.9,10.24,0.0,True
P1007,2018,46,Odell Beckham Jr.,WR,NYG,26,12,12,230.3,19.19,16,4,73.0,16.0,201.3,12.58,0.0,True
P1192,2018,47,Kareem Hunt,RB,KAN,23,11,11,230.2,20.93,16,5,167.0,8.0,101.4,12.68,8.0,True
P1257,2018,48,Phillip Lindsay,RB,DEN,24,15,8,222.8,14.85,16,1,76.0,16.0,197.7,12.36,0.0,True
P1084,2018,49,Tyler Lockett,WR,SEA,26,16,14,222.4,13.9,16,0,43.0,16.0,235.2,14.7,0.0,True
P1093,2018,50,Eric Ebron,TE,IND,25,16,8,222.2,13.89,16,0,193.0,11.0,86.5,7.86,5.0,True
P1159,2018,51,Tyler Boyd,WR,CIN,24,14,14,221.1,15.79,16,2,54.0,16.0,222.9,13.93,0.0,True
P1017,2018,52,Jarvis Landry,WR,CLE,26,16,14,217.1,13.57,16,0,41.0,16.0,237.4,14.84,0.0,True
P1015,2018,53,Derek Carr,QB,OAK,27,16,16,216.8,13.55,16,0,36.0,16.0,244.4,15.28,0.0,True
P1080,2018,54,Amari Cooper,WR,2TM,24,15,15,215.5,14.37,16,1,34.0,16.0,246.5,15.41,0.0,True
P0982,2018,55,Case Keenum,QB,DEN,30,16,16,214.9,13.43,16,0,162.0,10.0,103.5,10.35,6.0,True
P0745,2018,56,Matthew Stafford,QB,DET,30,16,16,212.2,13.26,16,0,98.0,8.0,166.6,20.82,8.0,True
P1258,2018,57,Josh Allen,QB,BUF,22,12,11,208.1,17.34,16,4,13.0,16.0,288.6,18.04,0.0,True
P0757,2018,58,Julian Edelman,WR,NWE,32,12,12,207.4,17.28,16,4,26.0,16.0,256.3,16.02,0.0,True
P1224,2018,59,Kenny Golladay,WR,DET,25,15,13,207.1,13.81,16,1,31.0,16.0,248.0,15.5,0.0,True
P1259,2018,60,Calvin Ridley,WR,ATL,24,16,5,206.8,12.92,16,0,78.0,13.0,197.0,15.15,3.0,True
P1205,2018,61,Kenyan Drake,RB,MIA,24,16,7,206.2,12.89,16,0,66.0,14.0,214.2,15.3,2.0,True
P1260,2018,62,Chris Carson,RB,SEA,24,14,14,201.4,14.39,16,2,46.0,15.0,232.6,15.51,1.0,True
P1162,2018,63,Derrick Henry,RB,TEN,24,16,12,201.4,12.59,16,0,11.0,15.0,294.6,19.64,1.0,True
P0818,2018,64,Emmanuel Sanders,WR,DEN,31,12,12,198.2,16.52,16,4,83.0,17.0,190.3,11.19,-1.0,True
P1076,2018,65,Jameis Winston,QB,TAM,24,11,9,195.8,17.8,16,5,10.0,16.0,305.4,19.09,0.0,True
P1261,2018,66,Nick Chubb,RB,CLE,23,16,9,194.5,12.16,16,0,27.0,16.0,255.2,15.95,0.0,True
P1140,2018,67,Carson Wentz,QB,PHI,26,11,11,193.7,17.61,16,5,18.0,16.0,275.9,17.24,0.0,True
P0821,2018,68,Jared Cook,TE,OAK,31,16,14,193.6,12.1,16,0,97.0,14.0,167.5,11.96,2.0,True
P1143,2018,69,Tevin Coleman,RB,ATL,25,16,14,193.6,12.1,16,0,131.0,14.0,135.4,9.67,2.0,True
P0618,2018,70,Adrian Peterson,RB,WAS,33,16,16,189.0,11.81,16,0,116.0,15.0,147.0,9.8,1.0,True
P1153,2018,71,Adam Humphries,WR,TAM,25,16,10,188.7,11.79,16,0,192.0,12.0,86.5,7.21,4.0,True
P0458,2018,72,Larry Fitzgerald,WR,ARI,35,16,16,185.7,11.61,16,0,92.0,16.0,177.4,11.09,0.0,True
P0928,2018,73,Alshon Jeffery,WR,PHI,28,13,13,185.3,14.25,16,3,140.0,10.0,122.2,12.22,6.0,True
P1225,2018,74,Chris Godwin,WR,TAM,22,16,5,185.2,11.58,16,0,17.0,14.0,276.1,19.72,2.0,True
P1239,2018,75,Corey Davis,WR,TEN,23,16,16,183.6,11.48,16,0,148.0,15.0,115.1,7.67,1.0,True
P0864,2018,76,Golden Tate,WR,2TM,30,15,7,182.9,12.19,16,1,113.0,11.0,152.2,13.84,5.0,True
P1144,2018,77,Sterling Shepard,WR,NYG,25,16,16,182.5,11.41,16,0,123.0,10.0,141.8,14.18,6.0,True
P0946,2018,78,Mohamed Sanu,WR,ATL,29,16,16,182.4,11.4,16,0,138.0,15.0,124.1,8.27,1.0,True
P1262,2018,79,Mike Williams,WR,LAC,24,16,5,180.2,11.26,16,0,104.0,15.0,161.3,10.75,1.0,True
P1136,2018,80,Jordan Howard,RB,CHI,24,16,15,180.0,11.25,16,0,153.0,10.0,111.4,11.14,6.0,True
P1242,2018,81,Dede Westbrook,WR,JAX,25,16,9,179.5,11.22,16,0,107.0,15.0,156.7,10.45,1.0,True
P1218,2018,82,Marlon Mack,RB,IND,22,12,10,178.1,14.84,16,4,89.0,14.0,181.3,12.95,2.0,True
P1081,2018,83,Marcus Mariota,QB,TEN,25,14,13,175.9,12.56,16,2,198.0,7.0,85.0,12.14,9.0,True
P0839,2018,84,Andy Dalton,QB,CIN,31,11,11,174.5,15.86,16,5,71.0,13.0,203.7,15.67,3.0,True
P1019,2018,85,Blake Bortles,QB,JAX,26,13,12,173.2,13.32,16,3,,,,,,False
P1087,2018,86,T.J. Yeldon,RB,JAX,25,14,5,173.1,12.36,16,2,,,,,,False
P0974,2018,87,Lamar Miller,RB,HOU,27,14,14,172.6,12.33,16,2,,,,,,False
P1233,2018,88,Aaron Jones,RB,GNB,24,12,8,171.4,14.28,16,4,7.0,16.0,314.8,19.68,0.0,True
P1214,2018,89,Austin Ekeler,RB,LAC,23,14,3,168.8,12.06,16,2,9.0,16.0,309.0,19.31,0.0,True
P1263,2018,90,Sam Darnold,QB,NYJ,21,13,13,168.4,12.95,16,3,84.0,13.0,189.2,14.55,3.0,True
P0559,2018,91,Ryan Fitzpatrick,QB,TAM,36,8,7,165.8,20.72,16,8,40.0,15.0,241.5,16.1,1.0,True
P1174,2018,92,Nelson Agholor,WR,PHI,25,16,16,165.4,10.34,16,0,180.0,11.0,94.0,8.55,5.0,True
P1238,2018,93,Zay Jones,WR,BUF,23,16,15,165.2,10.32,16,0,,,,,,False
P1186,2018,94,Austin Hooper,TE,ATL,24,16,7,163.0,10.19,16,0,81.0,13.0,191.7,14.75,3.0,True
P1217,2018,95,Matt Breida,RB,SFO,23,14,13,162.5,11.61,16,2,163.0,13.0,103.3,7.95,3.0,True
P1264,2018,96,Nyheim Hines,RB,IND,22,16,4,160.9,10.06,16,0,145.0,16.0,117.9,7.37,0.0,True
P1097,2018,97,Dion Lewis,RB,TEN,28,16,7,160.7,10.04,16,0,232.0,16.0,66.3,4.14,0.0,True
P1265,2018,98,Lamar Jackson,QB,BAL,21,16,7,157.5,9.84,16,0,2.0,15.0,415.7,27.71,1.0,True
P1266,2018,99,D.J. Moore,WR,CAR,21,16,10,157.0,9.81,16,0,47.0,15.0,230.5,15.37,1.0,True
P0830,2018,100,Demaryius Thomas,WR,2TM,31,15,15,156.7,10.45,16,1,196.0,11.0,85.3,7.75,5.0,True
P0706,2018,101,Jordy Nelson,WR,OAK,33,15,14,156.7,10.45,16,1,,,,,,False
P1160,2018,102,Jalen Richard,RB,OAK,25,16,1,156.6,9.79,16,0,206.0,16.0,82.8,5.18,0.0,True
P1161,2018,103,Robbie Chosen,WR,NYJ,25,14,9,156.4,11.17,16,2,103.0,16.0,162.3,10.14,0.0,True
P1032,2018,104,Allen Robinson,WR,CHI,25,13,12,153.3,11.79,16,3,28.0,16.0,254.9,15.93,0.0,True
P1244,2018,105,Dalvin Cook,RB,MIN,23,11,10,152.0,13.82,16,5,12.0,14.0,292.4,20.89,2.0,True
P1036,2018,106,Taylor Gabriel,WR,CHI,27,16,11,151.9,9.49,16,0,187.0,9.0,90.3,10.03,7.0,True
P0880,2018,107,Kyle Rudolph,TE,MIN,29,16,16,151.4,9.46,16,0,150.0,16.0,113.7,7.11,0.0,True
P0682,2018,108,DeSean Jackson,WR,TAM,32,12,10,151.3,12.61,16,4,,,,,,False
P1231,2018,109,Peyton Barber,RB,TAM,24,16,16,150.3,9.39,16,0,147.0,16.0,116.5,7.28,0.0,True
P0988,2018,110,Cole Beasley,WR,DAL,29,16,4,150.2,9.39,16,0,88.0,15.0,184.8,12.32,1.0,True
P0838,2018,111,A.J. Green,WR,CIN,30,9,9,149.4,16.6,16,7,,,,,,False
P1181,2018,112,Trey Burton,TE,CHI,27,16,16,147.1,9.19,16,0,,,,,,False
P1223,2018,113,David Njoku,TE,CLE,22,16,14,143.9,8.99,16,0,,,,,,False
P1023,2018,114,John Brown,WR,BAL,28,16,15,143.9,8.99,16,0,58.0,15.0,219.8,14.65,1.0,True
P0901,2018,115,Ryan Tannehill,QB,MIA,30,11,11,143.0,13.0,16,5,53.0,12.0,224.2,18.68,4.0,True
P0865,2018,116,Mark Ingram,RB,NOR,29,12,6,142.5,11.88,16,4,39.0,15.0,242.5,16.17,1.0,True
P0845,2018,117,Doug Baldwin,WR,SEA,30,13,13,141.8,10.91,16,3,,,,,,False
P1031,2018,118,Isaiah Crowell,RB,NYJ,25,13,6,140.7,10.82,16,3,,,,,,False
P1267,2018,119,Kerryon Johnson,RB,DET,21,10,7,139.4,13.94,16,6,197.0,8.0,85.0,10.62,8.0,True
P1268,2018,120,Sony Michel,RB,NWE,23,13,8,139.1,10.7,16,3,112.0,16.0,152.6,9.54,0.0,True
P0904,2018,121,Josh Gordon,WR,2TM,27,12,12,138.7,11.56,16,4,221.0,11.0,73.7,6.7,5.0,True
P0571,2018,122,Alex Smith,QB,WAS,34,10,10,138.0,13.8,16,6,,,,,,False
P1138,2018,123,Tyrell Williams,WR,LAC,26,16,10,137.8,8.61,16,0,121.0,14.0,143.1,10.22,2.0,True
P0681,2018,124,Joe Flacco,QB,BAL,33,9,9,137.1,15.23,16,7,199.0,8.0,84.9,10.61,8.0,True
P1269,2018,125,Curtis Samuel,WR,CAR,22,13,8,136.8,10.52,16,3,93.0,16.0,171.7,10.73,0.0,True
P1270,2018,126,Mike Davis,WR,SEA,25,15,2,136.8,9.12,16,1,,,,,,False
P1271,2018,127,Courtland Sutton,WR,DEN,23,16,9,136.3,8.52,16,0,56.0,16.0,222.4,13.9,0.0,True
P1198,2018,128,Cooper Kupp,WR,LAR,25,8,8,135.1,16.89,16,8,20.0,16.0,270.5,16.91,0.0,True
P0973,2018,129,Kenny Stills,WR,MIA,26,15,15,134.4,8.96,16,1,142.0,13.0,120.1,9.24,3.0,True
P1083,2018,130,Willie Snead,WR,BAL,26,16,10,134.4,8.4,16,0,177.0,16.0,95.1,5.94,0.0,True
P1118,2018,131,Vance McDonald,TE,PIT,28,15,14,133.0,8.87,16,1,204.0,14.0,83.5,5.96,2.0,True
P0746,2018,132,Michael Crabtree,WR,BAL,31,16,16,132.7,8.29,16,0,,,,,,False
P1272,2018,133,Antonio Callaway,WR,CLE,21,16,11,132.3,8.27,16,0,,,,,,False
P1085,2018,134,Duke Johnson,RB,CLE,25,16,2,132.0,8.25,16,0,110.0,16.0,154.0,9.62,0.0,True
P1052,2018,135,Latavius Murray,RB,MIN,28,16,6,131.9,8.24,16,0,106.0,16.0,157.2,9.82,0.0,True
P0788,2018,136,Rob Gronkowski,TE,NWE,29,13,11,131.2,10.09,16,3,,,,,,False
P1042,2018,137,Donte Moncrief,WR,JAX,25,16,14,130.8,8.18,16,0,,,,,,False
P0809,2018,138,Jimmy Graham,TE,GNB,32,16,12,130.6,8.16,16,0,171.0,16.0,100.7,6.29,0.0,True
P0756,2018,139,Danny Amendola,WR,MIA,33,15,15,127.4,8.49,16,1,126.0,15.0,140.6,9.37,1.0,True
P0732,2018,140,LeSean McCoy,RB,BUF,30,14,13,127.2,9.09,16,2,144.0,13.0,118.6,9.12,3.0,True
P1200,2018,141,Evan Engram,TE,NYG,24,11,8,126.3,11.48,16,5,157.0,8.0,109.4,13.68,8.0,True
P1273,2018,142,Christian Kirk,WR,ARI,22,12,7,123.5,10.29,16,4,96.0,13.0,168.2,12.94,3.0,True
P1274,2018,143,Nick Mullens,QB,SFO,23,8,8,123.5,15.44,16,8,,,,,,False
P1106,2018,144,Devin Funchess,WR,CAR,24,14,12,122.9,8.78,16,2,,,,,,False
P1220,2018,145,O.J. Howard,TE,TAM,24,10,8,120.5,12.05,16,6,201.0,14.0,83.9,5.99,2.0,True
P1194,2018,146,Leonard Fournette,RB,JAX,23,8,8,120.4,15.05,16,8,25.0,15.0,259.4,17.29,1.0,True
P1275,2018,147,Anthony Miller,WR,CHI,24,15,4,120.2,8.01,16,1,136.0,16.0,127.5,7.97,0.0,True
P0890,2018,148,Doug Martin,RB,OAK,29,16,9,119.9,7.49,16,0,,,,,,False
P0976,2018,149,Jordan Reed,TE,WAS,28,13,8,119.8,9.22,16,3,,,,,,False
P1240,2018,150,Rashard Higgins,WR,CLE,24,13,1,118.2,9.09,16,3,,,,,,False
P1276,2018,151,Wendell Smallwood,RB,PHI,24,16,6,117.4,7.34,16,0,,,,,,False
P1252,2018,152,Chester Rogers,WR,IND,24,16,10,117.1,7.32,16,0,,,,,,False
P1043,2018,153,Theo Riddick,RB,DET,27,14,3,116.5,8.32,16,2,,,,,,False
P0960,2018,154,Marvin Jones,WR,DET,28,9,9,115.8,12.87,16,7,79.0,13.0,193.9,14.92,3.0,True
P1013,2018,155,Sammy Watkins,WR,KAN,25,10,9,115.1,11.51,16,6,128.0,14.0,138.5,9.89,2.0,True
P1277,2018,156,Kendrick Bourne,WR,SFO,23,16,8,114.7,7.17,16,0,174.0,16.0,97.8,6.11,0.0,True
P1204,2018,157,Jamaal Williams,RB,GNB,23,16,8,114.4,7.15,16,0,118.0,14.0,146.3,10.45,2.0,True
P1278,2018,158,Chris Herndon,TE,NYJ,22,16,12,113.2,7.08,16,0,,,,,,False
P1279,2018,159,Josh Rosen,QB,ARI,21,14,13,112.9,8.06,16,2,,,,,,False
P1280,2018,160,Marquez Valdes-Scantling,WR,GNB,24,16,10,111.0,6.94,16,0,200.0,16.0,84.1,5.26,0.0,True
P1212,2018,161,Josh Doctson,WR,WAS,26,15,12,109.2,7.28,16,1,,,,,,False
P1201,2018,162,Alex Collins,RB,BAL,24,10,10,108.6,10.86,16,6,,,,,,False
P1281,2018,163,Mark Andrews,TE,BAL,23,16,3,107.2,6.7,16,0,70.0,15.0,207.2,13.81,1.0,True
P1104,2018,164,Seth Roberts,WR,OAK,27,15,7,106.9,7.13,16,1,242.0,16.0,60.1,3.76,0.0,True
P1156,2018,165,Will Fuller,WR,HOU,24,7,7,106.3,15.19,16,9,133.0,11.0,134.0,12.18,5.0,True
P1037,2018,166,Chris Hogan,WR,NWE,31,16,7,106.2,6.64,16,0,,,,,,False
P1282,2018,167,C.J. Uzomah,TE,CIN,25,16,15,104.9,6.56,16,0,238.0,16.0,63.2,3.95,0.0,True
P1283,2018,168,Dante Pettis,WR,SFO,23,12,7,103.5,8.62,16,4,,,,,,False
P0516,2018,169,Frank Gore,RB,MIA,35,14,14,102.6,7.33,16,2,179.0,16.0,94.9,5.93,0.0,True
P1284,2018,170,Royce Freeman,RB,DEN,22,14,8,101.3,7.24,16,2,122.0,16.0,142.2,8.89,0.0,True
P1285,2018,171,David Moore,WR,SEA,23,16,7,101.0,6.31,16,0,244.0,14.0,59.6,4.26,2.0,True
P1286,2018,172,Tre'Quan Smith,WR,NOR,22,15,7,100.7,6.71,16,1,223.0,11.0,71.4,6.49,5.0,True
P1287,2018,173,Josh Reynolds,WR,LAR,23,16,8,100.0,6.25,16,0,240.0,16.0,61.9,3.87,0.0,True
P1288,2018,174,Robert Foster,WR,BUF,24,13,3,99.1,7.62,16,3,,,,,,False
P1170,2018,175,Damien Williams,RB,KAN,26,16,3,98.6,6.16,16,0,125.0,11.0,141.1,12.83,5.0,True
P1059,2018,176,Carlos Hyde,RB,2TM,28,14,7,98.4,7.03,16,2,111.0,16.0,153.2,9.57,0.0,True
P1289,2018,177,Ito Smith,RB,ATL,23,14,0,97.7,6.98,16,2,,,,,,False
P1290,2018,178,Michael Gallup,WR,DAL,22,16,8,97.7,6.11,16,0,68.0,14.0,212.7,15.19,2.0,True
P0940,2018,179,Jarius Wright,WR,CAR,29,16,6,97.6,6.1,16,0,250.0,16.0,56.9,3.56,0.0,True
P1040,2018,180,Alfred Blue,RB,HOU,27,16,2,97.3,6.08,16,0,,,,,,False
P1112,2018,181,Albert Wilson,WR,MIA,26,7,3,96.8,13.83,16,9,190.0,13.0,89.4,6.88,3.0,True
P0963,2018,182,Cordarrelle Patterson,WR,NWE,27,15,5,96.5,6.43,16,1,,,,,,False
P0954,2018,183,Giovani Bernard,RB,CIN,27,12,4,95.9,7.99,16,4,226.0,16.0,68.4,4.28,0.0,True
P1090,2018,184,Javorius Allen,RB,BAL,27,14,0,93.6,6.69,16,2,,,,,,False
P1129,2018,185,Cameron Brate,TE,TAM,27,16,2,92.9,5.81,16,0,184.0,16.0,91.1,5.69,0.0,True
P1114,2018,186,Chris Thompson,RB,WAS,28,10,0,91.6,9.16,16,6,182.0,11.0,93.6,8.51,5.0,True
P1168,2018,187,Chris Conley,WR,KAN,26,16,13,91.4,5.71,16,0,108.0,16.0,156.5,9.78,0.0,True
P1291,2018,188,Dallas Goedert,TE,PHI,23,16,8,90.4,5.65,16,0,120.0,15.0,144.7,9.65,1.0,True
P1292,2018,189,Gus Edwards,RB,BAL,23,11,6,89.8,8.16,16,5,183.0,16.0,92.6,5.79,0.0,True
P1293,2018,190,Jaylen Samuels,RB,PIT,22,14,3,89.5,6.39,16,2,161.0,14.0,104.4,7.46,2.0,True
P1209,2018,191,Keelan Cole,WR,JAX,25,16,11,89.1,5.57,16,0,212.0,16.0,78.7,4.92,0.0,True
P1148,2018,192,Devontae Booker,RB,DEN,26,16,0,87.8,5.49,16,0,,,,,,False
P1294,2018,193,Taywan Taylor,WR,TEN,23,13,5,87.6,6.74,16,3,,,,,,False
P1005,2018,194,Marquise Goodwin,WR,SFO,28,11,8,87.4,7.95,16,5,,,,,,False
P0520,2018,195,Ben Watson,TE,NOR,38,16,4,87.0,5.44,16,0,,,,,,False
P1146,2018,196,Quincy Enunwa,WR,NYJ,26,11,10,86.9,7.9,16,5,,,,,,False
P1295,2018,197,Gerald Everett,TE,LAR,24,16,0,86.6,5.41,16,0,188.0,13.0,89.8,6.91,3.0,True
P0795,2018,198,LeGarrette Blount,RB,DET,32,16,8,86.5,5.41,16,0,,,,,,False
P0873,2018,199,Randall Cobb,WR,GNB,28,9,6,86.3,9.59,16,7,109.0,15.0,154.9,10.33,1.0,True
P1236,2018,200,Elijah McGuire,RB,NYJ,24,8,3,85.9,10.74,16,8,,,,,,False
P1296,2018,201,Jeff Driskel,QB,CIN,25,9,5,85.1,9.46,16,7,247.0,3.0,58.1,19.37,13.0,True
P1297,2018,202,John Ross,WR,CIN,23,13,10,84.9,6.53,16,3,178.0,8.0,95.0,11.88,8.0,True
P1173,2018,203,Jesse James,TE,PIT,24,16,7,84.3,5.27,16,0,,,,,,False
P0877,2018,204,Jacquizz Rodgers,RB,TAM,28,16,0,83.0,5.19,16,0,,,,,,False
P1091,2018,205,Jamison Crowder,WR,WAS,25,9,7,82.8,9.2,16,7,75.0,16.0,197.7,12.36,0.0,True
P1298,2018,206,Josh Adams,RB,PHI,22,14,5,81.9,5.85,16,2,,,,,,False
P1167,2018,207,Phillip Dorsett,WR,NWE,25,16,2,81.9,5.12,16,0,170.0,14.0,100.8,7.2,2.0,True
P1299,2018,208,Ian Thomas,TE,CAR,22,16,6,81.3,5.08,16,0,,,,,,False
P1226,2018,209,Corey Clement,RB,PHI,24,11,0,81.1,7.37,16,5,,,,,,False
P0638,2018,210,Greg Olsen,TE,CAR,33,9,9,80.1,8.9,16,7,139.0,14.0,123.7,8.84,2.0,True
P0993,2018,211,Jermaine Kearse,WR,NYJ,28,14,9,80.1,5.72,16,2,,,,,,False
P0621,2018,212,Marshawn Lynch,RB,OAK,32,6,6,79.0,13.17,16,10,,,,,,False
P1117,2018,213,Spencer Ware,RB,KAN,27,13,2,79.0,6.08,16,3,,,,,,False
P0806,2018,214,Chris Ivory,RB,BUF,30,13,1,78.0,6.0,16,3,,,,,,False
P1108,2018,215,Dontrelle Inman,WR,IND,29,9,4,76.4,8.49,16,7,,,,,,False
P0922,2018,216,Nick Foles,QB,PHI,29,5,5,76.2,15.24,16,11,,,,,,False
P1300,2018,217,Blake Jarwin,TE,DAL,24,16,4,75.7,4.73,16,0,195.0,16.0,85.5,5.34,0.0,True
P0603,2018,218,Vernon Davis,TE,WAS,34,14,8,75.7,5.41,16,2,,,,,,False
P0427,2018,219,Antonio Gates,TE,LAC,38,16,1,75.3,4.71,16,0,,,,,,False
P1229,2018,220,C.J. Beathard,QB,SFO,25,6,5,75.0,12.5,16,10,,,,,,False
P1301,2018,221,Demarcus Robinson,WR,KAN,24,16,5,74.8,4.68,16,0,169.0,16.0,100.9,6.31,0.0,True
P1132,2018,222,Ryan Grant,WR,IND,28,14,10,74.4,5.31,16,2,,,,,,False
P1302,2018,223,Ricky Seals-Jones,TE,ARI,23,15,5,74.3,4.95,16,1,246.0,14.0,58.9,4.21,2.0,True
P1303,2018,224,Nick Vannett,TE,SEA,25,15,9,73.9,4.93,16,1,,,,,,False
P1304,2018,225,Jakeem Grant,WR,MIA,26,10,2,72.3,7.23,16,6,,,,,,False
P1149,2018,226,Ty Montgomery,WR,2TM,25,13,0,71.3,5.48,16,3,,,,,,False
P1305,2018,227,Laquon Treadwell,WR,MIN,23,15,7,71.2,4.75,16,1,,,,,,False
P1163,2018,228,Tajae Sharpe,WR,TEN,24,16,13,71.2,4.45,16,0,207.0,15.0,81.9,5.46,1.0,True
P1306,2018,229,Jeff Heuerman,TE,DEN,26,11,10,71.1,6.46,16,5,,,,,,False
P1307,2018,230,Rashaad Penny,RB,SEA,22,14,0,70.4,5.03,16,2,218.0,10.0,75.3,7.53,6.0,True
P0951,2018,231,Aldrick Robinson,WR,MIN,30,14,0,70.1,5.01,16,2,,,,,,False
P1308,2018,232,Ryan Switzer,WR,PIT,24,16,1,69.4,4.34,16,0,,,,,,False
P1009,2018,233,Kelvin Benjamin,WR,2TM,27,15,10,69.0,4.6,16,1,,,,,,False
P0894,2018,234,Alfred Morris,RB,SFO,30,12,1,68.1,5.68,16,4,,,,,,False
P1099,2018,235,Brock Osweiler,QB,MIA,28,7,5,68.0,9.71,16,9,,,,,,False
P1010,2018,236,C.J. Anderson,RB,2TM,27,11,3,67.4,6.13,16,5,,,,,,False
P1110,2018,237,Kyle Juszczyk,FB,SFO,27,16,14,67.4,4.21,16,0,,,,,,False
P1309,2018,238,Zach Pascal,WR,IND,24,16,4,66.8,4.18,16,0,132.0,16.0,135.3,8.46,0.0,True
P1310,2018,239,DaeSean Hamilton,WR,DEN,23,14,5,66.3,4.74,16,2,236.0,16.0,63.7,3.98,0.0,True
P1311,2018,240,Jordan Thomas,TE,HOU,22,16,10,65.5,4.09,16,0,,,,,,False
P1249,2018,241,Tyler Higbee,TE,LAR,25,16,16,65.2,4.08,16,0,105.0,15.0,160.4,10.69,1.0,True
P1312,2018,242,Jonnu Smith,TE,TEN,23,13,12,63.8,4.91,16,3,160.0,16.0,104.7,6.54,0.0,True
P1313,2018,243,Chase Edmonds,RB,ARI,22,16,0,63.1,3.94,16,0,205.0,13.0,82.8,6.37,3.0,True
P1314,2018,244,Keke Coutee,WR,HOU,21,6,2,62.7,10.45,16,10,,,,,,False
P1315,2018,245,Geronimo Allison,WR,GNB,24,5,4,62.3,12.46,16,11,216.0,16.0,75.4,4.71,0.0,True
P1166,2018,246,Breshad Perriman,WR,CLE,25,10,2,62.2,6.22,16,6,129.0,14.0,138.1,9.86,2.0,True
P1012,2018,247,Jordan Matthews,WR,PHI,26,14,3,62.0,4.43,16,2,,,,,,False
P1316,2018,248,Kapri Bibbs,RB,2TM,25,12,0,61.8,5.15,16,4,,,,,,False
P1021,2018,249,Allen Hurns,WR,DAL,27,16,7,61.5,3.84,16,0,203.0,14.0,83.6,5.97,2.0,True
P1317,2018,250,Justin Jackson,RB,LAC,22,13,1,61.1,4.7,16,3,,,,,,False
P1195,2019,1,Christian McCaffrey,RB,CAR,23,16,16,471.2,29.45,16,0,199.0,3.0,90.4,30.13,13.0,True
P1265,2019,2,Lamar Jackson,QB,BAL,22,15,15,415.7,27.71,16,1,14.0,15.0,332.8,22.19,1.0,True
P1135,2019,3,Michael Thomas,WR,NOR,26,16,15,374.6,23.41,16,0,213.0,7.0,83.9,11.99,9.0,True
P1134,2019,4,Dak Prescott,QB,DAL,26,16,16,337.8,21.11,16,0,138.0,5.0,135.6,27.12,11.0,True
P0891,2019,5,Russell Wilson,QB,SEA,31,16,16,328.6,20.54,16,0,7.0,16.0,359.8,22.49,0.0,True
P1202,2019,6,Deshaun Watson,QB,HOU,24,15,15,321.0,21.4,16,1,6.0,16.0,369.3,23.08,0.0,True
P1233,2019,7,Aaron Jones,RB,GNB,25,16,16,314.8,19.68,16,0,32.0,14.0,258.9,18.49,2.0,True
P1133,2019,8,Ezekiel Elliott,RB,DAL,24,16,16,311.7,19.48,16,0,51.0,15.0,223.7,14.91,1.0,True
P1214,2019,9,Austin Ekeler,RB,LAC,24,16,8,309.0,19.31,16,0,97.0,10.0,165.3,16.53,6.0,True
P1076,2019,10,Jameis Winston,QB,TAM,25,16,16,305.4,19.09,16,0,,,,,,False
P1162,2019,11,Derrick Henry,RB,TEN,25,15,15,294.6,19.64,16,1,12.0,16.0,333.1,20.82,0.0,True
P1244,2019,12,Dalvin Cook,RB,MIN,24,14,14,292.4,20.89,16,2,11.0,14.0,337.8,24.13,2.0,True
P1258,2019,13,Josh Allen,QB,BUF,23,16,16,288.6,18.04,16,0,1.0,16.0,396.1,24.76,0.0,True
P1253,2019,14,Patrick Mahomes,QB,KAN,24,14,14,287.0,20.5,16,2,5.0,15.0,374.4,24.96,1.0,True
P1318,2019,15,Kyler Murray,QB,ARI,22,16,16,285.3,17.83,16,0,3.0,16.0,378.7,23.67,0.0,True
P0671,2019,16,Aaron Rodgers,QB,GNB,36,16,16,278.4,17.4,16,0,2.0,16.0,383.3,23.96,0.0,True
P1225,2019,17,Chris Godwin,WR,TAM,23,14,14,276.1,19.72,16,2,72.0,12.0,191.0,15.92,4.0,True
P1140,2019,18,Carson Wentz,QB,PHI,27,16,16,275.9,17.24,16,0,64.0,12.0,198.4,16.53,4.0,True
P0841,2019,19,Julio Jones,WR,ATL,30,15,15,274.1,18.27,16,1,122.0,9.0,146.1,16.23,7.0,True
P1198,2019,20,Cooper Kupp,WR,LAR,26,16,14,270.5,16.91,16,0,59.0,15.0,208.7,13.91,1.0,True
P0968,2019,21,DeAndre Hopkins,WR,HOU,27,15,15,268.5,17.9,16,1,19.0,16.0,287.8,17.99,0.0,True
P0679,2019,22,Matt Ryan,QB,ATL,34,15,15,267.3,17.82,16,1,20.0,16.0,282.4,17.65,0.0,True
P0260,2019,23,Tom Brady,QB,NWE,42,16,16,263.7,16.48,16,0,10.0,16.0,337.9,21.12,0.0,True
P0955,2019,24,Keenan Allen,WR,LAC,27,16,16,261.5,16.34,16,0,39.0,14.0,245.1,17.51,2.0,True
P1194,2019,25,Leonard Fournette,RB,JAX,24,15,15,259.4,17.29,16,1,142.0,13.0,132.0,10.15,3.0,True
P0757,2019,26,Julian Edelman,WR,NWE,33,16,13,256.3,16.02,16,0,,,,,,False
P1261,2019,27,Nick Chubb,RB,CLE,24,16,16,255.2,15.95,16,0,60.0,12.0,207.7,17.31,4.0,True
P1032,2019,28,Allen Robinson,WR,CHI,26,16,15,254.9,15.93,16,0,29.0,16.0,262.9,16.43,0.0,True
P1016,2019,29,Travis Kelce,TE,KAN,30,16,16,254.3,15.89,16,0,17.0,15.0,312.8,20.85,1.0,True
P1191,2019,30,Alvin Kamara,RB,NOR,24,14,9,248.5,17.75,16,2,4.0,15.0,377.8,25.19,1.0,True
P1224,2019,31,Kenny Golladay,WR,DET,26,16,16,248.0,15.5,16,0,245.0,5.0,65.8,13.16,11.0,True
P1193,2019,32,Jared Goff,QB,LAR,25,16,16,247.5,15.47,16,0,42.0,15.0,240.0,16.0,1.0,True
P1230,2019,33,Jimmy Garoppolo,QB,SFO,28,16,16,247.3,15.46,16,0,250.0,6.0,64.3,10.72,10.0,True
P1080,2019,34,Amari Cooper,WR,DAL,25,16,16,246.5,15.41,16,0,44.0,16.0,236.8,14.8,0.0,True
P1113,2019,35,DeVante Parker,WR,MIA,26,16,14,246.2,15.39,16,0,96.0,14.0,166.3,11.88,2.0,True
P1015,2019,36,Derek Carr,QB,OAK,28,16,16,244.4,15.28,16,0,24.0,16.0,272.1,17.01,0.0,True
P1047,2019,37,Kirk Cousins,QB,MIN,31,15,15,244.4,16.29,16,1,18.0,16.0,306.2,19.14,0.0,True
P1254,2019,38,Saquon Barkley,RB,NYG,22,13,13,244.1,18.78,16,3,,,,,,False
P0865,2019,39,Mark Ingram,RB,BAL,30,15,15,242.5,16.17,16,1,,,,,,False
P0559,2019,40,Ryan Fitzpatrick,QB,MIA,37,15,13,241.5,16.1,16,1,114.0,9.0,153.7,17.08,7.0,True
P1017,2019,41,Jarvis Landry,WR,CLE,27,16,16,237.4,14.84,16,0,75.0,15.0,188.0,12.53,1.0,True
P0566,2019,42,Philip Rivers,QB,LAC,38,16,16,235.5,14.72,16,0,43.0,16.0,240.0,15.0,0.0,True
P1084,2019,43,Tyler Lockett,WR,SEA,27,16,16,235.2,14.7,16,0,27.0,16.0,265.4,16.59,0.0,True
P0975,2019,44,Robert Woods,WR,LAR,27,15,15,232.9,15.53,16,1,40.0,16.0,245.1,15.32,0.0,True
P1008,2019,45,Mike Evans,WR,TAM,26,13,13,232.7,17.9,16,3,37.0,16.0,248.6,15.54,0.0,True
P1260,2019,46,Chris Carson,RB,SEA,25,15,15,232.6,15.51,16,1,76.0,12.0,187.8,15.65,4.0,True
P1266,2019,47,D.J. Moore,WR,CAR,22,15,15,230.5,15.37,16,1,57.0,15.0,211.5,14.1,1.0,True
P1256,2019,48,Baker Mayfield,QB,CLE,24,16,16,229.2,14.32,16,0,36.0,16.0,248.6,15.54,0.0,True
P1319,2019,49,Gardner Minshew II,QB,JAX,23,14,12,229.2,16.37,16,2,105.0,9.0,160.7,17.86,7.0,True
P1320,2019,50,DJ Chark,WR,JAX,23,15,14,225.8,15.05,16,1,115.0,13.0,153.6,11.82,3.0,True
P1206,2019,51,Joe Mixon,RB,CIN,23,16,15,225.4,14.09,16,0,182.0,6.0,99.6,16.6,10.0,True
P0340,2019,52,Drew Brees,QB,NOR,40,11,11,224.8,20.44,16,5,58.0,12.0,209.5,17.46,4.0,True
P0901,2019,53,Ryan Tannehill,QB,TEN,31,12,10,224.2,18.68,16,4,9.0,16.0,344.4,21.52,0.0,True
P1159,2019,54,Tyler Boyd,WR,CIN,25,16,15,222.9,13.93,16,0,68.0,15.0,192.6,12.84,1.0,True
P1215,2019,55,George Kittle,TE,SFO,26,14,14,222.5,15.89,16,2,152.0,8.0,125.1,15.64,8.0,True
P1271,2019,56,Courtland Sutton,WR,DEN,24,16,14,222.4,13.9,16,0,,,,,,False
P1321,2019,57,Darren Waller,TE,OAK,27,16,16,221.0,13.81,16,0,22.0,16.0,278.6,17.41,0.0,True
P1023,2019,58,John Brown,WR,BUF,29,15,15,219.8,14.65,16,1,192.0,9.0,96.8,10.76,7.0,True
P1082,2019,59,Todd Gurley,RB,LAR,25,15,15,219.4,14.63,16,1,102.0,15.0,163.2,10.88,1.0,True
P1322,2019,60,Miles Sanders,RB,PHI,22,16,11,218.7,13.67,16,0,92.0,12.0,170.4,14.2,4.0,True
P1196,2019,61,Jacoby Brissett,QB,IND,27,15,15,217.7,14.51,16,1,,,,,,False
P1323,2019,62,A.J. Brown,WR,TEN,22,16,11,217.1,13.57,16,0,38.0,14.0,247.5,17.68,2.0,True
P0981,2019,63,Zach Ertz,TE,PHI,29,15,15,215.6,14.37,16,1,224.0,11.0,77.5,7.05,5.0,True
P1324,2019,64,Daniel Jones,QB,NYG,22,13,12,215.0,16.54,16,3,83.0,14.0,180.0,12.86,2.0,True
P0956,2019,65,Le'Veon Bell,RB,NYJ,27,15,15,215.0,14.33,16,1,229.0,11.0,74.6,6.78,5.0,True
P1205,2019,66,Kenyan Drake,RB,2TM,25,14,10,214.2,15.3,16,2,69.0,15.0,192.2,12.81,1.0,True
P1039,2019,67,Davante Adams,WR,GNB,27,12,12,212.7,17.72,16,4,8.0,14.0,358.4,25.6,2.0,True
P1290,2019,68,Michael Gallup,WR,DAL,23,14,12,212.7,15.19,16,2,90.0,16.0,173.3,10.83,0.0,True
P1088,2019,69,Stefon Diggs,WR,MIN,26,15,15,212.1,14.14,16,1,16.0,16.0,328.6,20.54,0.0,True
P1281,2019,70,Mark Andrews,TE,BAL,24,15,4,207.2,13.81,16,1,93.0,14.0,170.1,12.15,2.0,True
P0839,2019,71,Andy Dalton,QB,CIN,32,13,13,203.7,15.67,16,3,133.0,11.0,136.9,12.45,5.0,True
P1208,2019,72,Mitchell Trubisky,QB,CHI,25,15,15,202.8,13.52,16,1,113.0,10.0,153.7,15.37,6.0,True
P1007,2019,73,Odell Beckham Jr.,WR,CLE,27,16,15,201.3,12.58,16,0,206.0,7.0,86.8,12.4,9.0,True
P1096,2019,74,James White,RB,NWE,27,15,1,200.2,13.35,16,1,159.0,14.0,116.6,8.33,2.0,True
P1091,2019,75,Jamison Crowder,WR,NYJ,26,16,12,197.7,12.36,16,0,91.0,12.0,172.0,14.33,4.0,True
P1257,2019,76,Phillip Lindsay,RB,DEN,25,16,16,197.7,12.36,16,0,243.0,11.0,66.0,6.0,5.0,True
P1048,2019,77,Devonta Freeman,RB,ATL,27,14,14,197.6,14.11,16,2,,,,,,False
P1259,2019,78,Calvin Ridley,WR,ATL,25,13,10,197.0,15.15,16,3,21.0,15.0,281.5,18.77,1.0,True
P0960,2019,79,Marvin Jones,WR,DET,29,13,11,193.9,14.92,16,3,48.0,16.0,227.8,14.24,0.0,True
P1325,2019,80,Terry McLaurin,WR,WAS,24,14,14,191.9,13.71,16,2,50.0,15.0,223.8,14.92,1.0,True
P1186,2019,81,Austin Hooper,TE,ATL,25,13,10,191.7,14.75,16,3,164.0,13.0,113.5,8.73,3.0,True
P1326,2019,82,Josh Jacobs,RB,OAK,21,13,13,191.6,14.74,16,3,47.0,15.0,231.3,15.42,1.0,True
P0818,2019,83,Emmanuel Sanders,WR,2TM,32,17,16,190.3,11.19,16,-1,98.0,14.0,164.8,11.77,2.0,True
P1263,2019,84,Sam Darnold,QB,NYJ,22,13,13,189.2,14.55,16,3,140.0,12.0,134.0,11.17,4.0,True
P1327,2019,85,Deebo Samuel,WR,SFO,23,15,11,189.1,12.61,16,1,220.0,7.0,80.7,11.53,9.0,True
P1137,2019,86,Tyreek Hill,WR,KAN,25,12,12,188.3,15.69,16,4,15.0,15.0,328.9,21.93,1.0,True
P1328,2019,87,D.K. Metcalf,WR,SEA,22,16,15,187.1,11.69,16,0,25.0,16.0,271.3,16.96,0.0,True
P0988,2019,88,Cole Beasley,WR,BUF,30,15,10,184.8,12.32,16,1,61.0,15.0,207.5,13.83,1.0,True
P1218,2019,89,Marlon Mack,RB,IND,23,14,12,181.3,12.95,16,2,,,,,,False
P1105,2019,90,Melvin Gordon,RB,LAC,26,12,11,180.8,15.07,16,4,65.0,15.0,198.4,13.23,1.0,True
P1329,2019,91,Kyle Allen,QB,CAR,23,13,12,177.5,13.65,16,3,,,,,,False
P0458,2019,92,Larry Fitzgerald,WR,ARI,36,16,16,177.4,11.09,16,0,177.0,13.0,100.9,7.76,3.0,True
P1269,2019,93,Curtis Samuel,WR,CAR,23,16,15,171.7,10.73,16,0,56.0,15.0,212.1,14.14,1.0,True
P1330,2019,94,David Montgomery,RB,CHI,22,16,8,170.4,10.65,16,0,28.0,15.0,264.8,17.65,1.0,True
P1331,2019,95,Darius Slayton,WR,NYG,22,14,9,170.0,12.14,16,2,129.0,16.0,141.0,8.81,0.0,True
P1273,2019,96,Christian Kirk,WR,ARI,23,13,13,168.2,12.94,16,3,121.0,14.0,146.4,10.46,2.0,True
P0821,2019,97,Jared Cook,TE,NOR,32,14,7,167.5,11.96,16,2,149.0,15.0,127.4,8.49,1.0,True
P0745,2019,98,Matthew Stafford,QB,DET,31,8,8,166.6,20.82,16,8,31.0,16.0,260.6,16.29,0.0,True
P1332,2019,99,Ronald Jones II,RB,TAM,22,16,9,166.3,10.39,16,0,77.0,14.0,186.3,13.31,2.0,True
P1333,2019,100,Raheem Mostert,RB,SFO,27,16,0,165.2,10.32,16,0,180.0,8.0,99.7,12.46,8.0,True
P1203,2019,101,Tarik Cohen,RB,CHI,24,16,11,163.9,10.24,16,0,,,,,,False
P1334,2019,102,Diontae Johnson,WR,PIT,23,16,12,163.1,10.19,16,0,52.0,15.0,221.8,14.79,1.0,True
P1161,2019,103,Robbie Chosen,WR,NYJ,26,16,15,162.3,10.14,16,0,49.0,16.0,224.1,14.01,0.0,True
P1262,2019,104,Mike Williams,WR,LAC,25,15,15,161.3,10.75,16,1,112.0,15.0,153.7,10.25,1.0,True
P1249,2019,105,Tyler Higbee,TE,LAR,26,15,15,160.4,10.69,16,1,147.0,15.0,128.2,8.55,1.0,True
P1052,2019,106,Latavius Murray,RB,NOR,29,16,8,157.2,9.82,16,0,137.0,15.0,136.2,9.08,1.0,True
P1242,2019,107,Dede Westbrook,WR,JAX,26,15,11,156.7,10.45,16,1,,,,,,False
P1168,2019,108,Chris Conley,WR,JAX,27,16,14,156.5,9.78,16,0,189.0,15.0,97.1,6.47,1.0,True
P0873,2019,109,Randall Cobb,WR,DAL,29,15,6,154.9,10.33,16,1,179.0,10.0,100.1,10.01,6.0,True
P1085,2019,110,Duke Johnson,RB,HOU,26,16,2,154.0,9.62,16,0,211.0,11.0,84.4,7.67,5.0,True
P1059,2019,111,Carlos Hyde,RB,HOU,29,16,14,153.2,9.57,16,0,210.0,10.0,84.9,8.49,6.0,True
P1268,2019,112,Sony Michel,RB,NWE,24,16,14,152.6,9.54,16,0,226.0,9.0,75.3,8.37,7.0,True
P0864,2019,113,Golden Tate,WR,NYG,31,11,10,152.2,13.84,16,5,207.0,12.0,86.5,7.21,4.0,True
P1155,2019,114,Hunter Henry,TE,LAC,25,12,12,150.2,12.52,16,4,123.0,14.0,145.3,10.38,2.0,True
P1335,2019,115,Devin Singletary,RB,BUF,22,12,8,147.9,12.32,16,4,124.0,16.0,143.6,8.98,0.0,True
P0618,2019,116,Adrian Peterson,RB,WAS,34,15,15,147.0,9.8,16,1,153.0,16.0,124.5,7.78,0.0,True
P1336,2019,117,Marquise Brown,WR,BAL,22,14,11,146.4,10.46,16,2,80.0,16.0,183.0,11.44,0.0,True
P1204,2019,118,Jamaal Williams,RB,GNB,24,14,2,146.3,10.45,16,2,150.0,14.0,127.1,9.08,2.0,True
P1255,2019,119,James Conner,RB,PIT,24,10,10,145.5,14.55,16,6,99.0,13.0,164.6,12.66,3.0,True
P1291,2019,120,Dallas Goedert,TE,PHI,24,15,9,144.7,9.65,16,1,160.0,11.0,116.4,10.58,5.0,True
P1138,2019,121,Tyrell Williams,WR,OAK,27,14,12,143.1,10.22,16,2,,,,,,False
P1284,2019,122,Royce Freeman,RB,DEN,23,16,0,142.2,8.89,16,0,,,,,,False
P1144,2019,123,Sterling Shepard,WR,NYG,26,10,10,141.8,14.18,16,6,103.0,12.0,162.5,13.54,4.0,True
P1079,2019,124,David Johnson,RB,ARI,28,13,9,141.5,10.88,16,3,84.0,12.0,179.5,14.96,4.0,True
P1170,2019,125,Damien Williams,RB,KAN,27,11,6,141.1,12.83,16,5,,,,,,False
P0756,2019,126,Danny Amendola,WR,DET,34,15,10,140.6,9.37,16,1,171.0,14.0,106.4,7.6,2.0,True
P0425,2019,127,Jason Witten,TE,DAL,37,16,16,139.9,8.74,16,0,,,,,,False
P1013,2019,128,Sammy Watkins,WR,KAN,26,14,13,138.5,9.89,16,2,201.0,10.0,87.4,8.74,6.0,True
P1166,2019,129,Breshad Perriman,WR,TAM,26,14,4,138.1,9.86,16,2,184.0,12.0,99.1,8.26,4.0,True
P1337,2019,130,Mike Gesicki,TE,MIA,24,16,5,136.0,8.5,16,0,106.0,15.0,159.3,10.62,1.0,True
P1143,2019,131,Tevin Coleman,RB,SFO,26,14,11,135.4,9.67,16,2,,,,,,False
P1309,2019,132,Zach Pascal,WR,IND,25,16,13,135.3,8.46,16,0,135.0,16.0,136.9,8.56,0.0,True
P1156,2019,133,Will Fuller,WR,HOU,25,11,11,134.0,12.18,16,5,74.0,11.0,188.9,17.17,5.0,True
P1338,2019,134,Hunter Renfrow,WR,OAK,24,13,4,133.5,10.27,16,3,143.0,16.0,131.6,8.22,0.0,True
P1339,2019,135,James Washington,WR,PIT,23,15,10,133.5,8.9,16,1,183.0,16.0,99.2,6.2,0.0,True
P1275,2019,136,Anthony Miller,WR,CHI,25,16,7,127.5,7.97,16,0,168.0,16.0,108.7,6.79,0.0,True
P0897,2019,137,T.Y. Hilton,WR,IND,30,10,10,125.1,12.51,16,6,101.0,15.0,164.2,10.95,1.0,True
P0946,2019,138,Mohamed Sanu,WR,2TM,30,15,12,124.1,8.27,16,1,,,,,,False
P0638,2019,139,Greg Olsen,TE,CAR,34,14,14,123.7,8.84,16,2,,,,,,False
P0928,2019,140,Alshon Jeffery,WR,PHI,29,10,10,122.2,12.22,16,6,,,,,,False
P1175,2019,141,DeAndre Washington,RB,OAK,26,16,3,121.9,7.62,16,0,,,,,,False
P0973,2019,142,Kenny Stills,WR,HOU,27,13,5,120.1,9.24,16,3,,,,,,False
P1340,2019,143,Mecole Hardman,WR,KAN,21,16,5,119.5,7.47,16,0,148.0,16.0,128.1,8.01,0.0,True
P0732,2019,144,LeSean McCoy,RB,KAN,31,13,9,118.6,9.12,16,3,,,,,,False
P1264,2019,145,Nyheim Hines,RB,IND,23,16,2,117.9,7.37,16,0,67.0,16.0,193.2,12.08,0.0,True
P1026,2019,146,Brandin Cooks,WR,LAR,26,14,14,117.5,8.39,16,2,46.0,15.0,232.0,15.47,1.0,True
P1231,2019,147,Peyton Barber,RB,TAM,25,16,7,116.5,7.28,16,0,,,,,,False
P1239,2019,148,Corey Davis,WR,TEN,24,15,11,115.1,7.67,16,1,70.0,14.0,191.4,13.67,2.0,True
P1141,2019,149,Adam Thielen,WR,MIN,29,10,10,114.4,11.44,16,6,33.0,15.0,254.0,16.93,1.0,True
P0880,2019,150,Kyle Rudolph,TE,MIN,30,16,16,113.7,7.11,16,0,247.0,12.0,65.4,5.45,4.0,True
P1197,2019,151,JuJu Smith-Schuster,WR,PIT,23,12,12,113.2,9.43,16,4,45.0,16.0,234.1,14.63,0.0,True
P1147,2019,152,Jack Doyle,TE,IND,29,16,16,111.8,6.99,16,0,,,,,,False
P1136,2019,153,Jordan Howard,RB,PHI,25,10,4,111.4,11.14,16,6,,,,,,False
P1341,2019,154,Noah Fant,TE,DEN,22,16,11,111.0,6.94,16,0,117.0,15.0,149.3,9.95,1.0,True
P1128,2019,155,Darren Fells,TE,HOU,33,16,14,110.1,6.88,16,0,225.0,16.0,76.2,4.76,0.0,True
P1342,2019,156,Steven Sims,WR,WAS,22,16,2,109.5,6.84,16,0,,,,,,False
P1200,2019,157,Evan Engram,TE,NYG,25,8,6,109.4,13.68,16,8,130.0,16.0,141.0,8.81,0.0,True
P1343,2019,158,Mason Rudolph,QB,PIT,24,10,8,108.8,10.88,16,6,,,,,,False
P0987,2019,159,Tyler Eifert,TE,CIN,29,16,4,106.6,6.66,16,0,217.0,15.0,82.9,5.53,1.0,True
P1312,2019,160,Jonnu Smith,TE,TEN,24,16,14,104.7,6.54,16,0,131.0,15.0,140.2,9.35,1.0,True
P1293,2019,161,Jaylen Samuels,RB,PIT,23,14,4,104.4,7.46,16,2,,,,,,False
P0982,2019,162,Case Keenum,QB,WAS,31,10,8,103.5,10.35,16,6,,,,,,False
P1217,2019,163,Matt Breida,RB,SFO,24,13,5,103.3,7.95,16,3,,,,,,False
P1344,2019,164,Allen Lazard,WR,GNB,24,16,3,102.8,6.42,16,0,187.0,10.0,97.8,9.78,6.0,True
P1345,2019,165,Taysom Hill,TE,NOR,29,16,5,102.2,6.39,16,0,110.0,16.0,156.6,9.79,0.0,True
P1346,2019,166,Auden Tate,WR,CIN,22,12,10,101.5,8.46,16,4,,,,,,False
P1192,2019,167,Kareem Hunt,RB,CLE,24,8,3,101.4,12.68,16,8,53.0,16.0,218.5,13.66,0.0,True
P1180,2019,168,Rex Burkhead,RB,NWE,29,13,1,101.1,7.78,16,3,170.0,10.0,107.6,10.76,6.0,True
P1301,2019,169,Demarcus Robinson,WR,KAN,25,16,10,100.9,6.31,16,0,169.0,16.0,107.6,6.72,0.0,True
P1167,2019,170,Phillip Dorsett,WR,NWE,26,14,4,100.8,7.2,16,2,,,,,,False
P0809,2019,171,Jimmy Graham,TE,GNB,33,16,10,100.7,6.29,16,0,125.0,16.0,143.6,8.98,0.0,True
P1347,2019,172,Russell Gage,WR,ATL,23,16,4,98.8,6.18,16,0,82.0,16.0,181.1,11.32,0.0,True
P1164,2019,173,Ryan Griffin,TE,NYJ,29,13,13,98.0,7.54,16,3,,,,,,False
P1277,2019,174,Kendrick Bourne,WR,SFO,24,16,0,97.8,6.11,16,0,145.0,15.0,129.7,8.65,1.0,True
P1348,2019,175,Boston Scott,RB,PHI,24,11,2,96.9,8.81,16,5,193.0,16.0,95.6,5.98,0.0,True
P1349,2019,176,Alex Erickson,WR,CIN,27,16,6,96.2,6.01,16,0,,,,,,False
P1083,2019,177,Willie Snead,WR,BAL,27,16,11,95.1,5.94,16,0,195.0,13.0,94.2,7.25,3.0,True
P1297,2019,178,John Ross,WR,CIN,24,8,8,95.0,11.88,16,8,,,,,,False
P0516,2019,179,Frank Gore,RB,BUF,36,16,8,94.9,5.93,16,0,178.0,15.0,100.2,6.68,1.0,True
P1174,2019,180,Nelson Agholor,WR,PHI,26,11,10,94.0,8.55,16,5,78.0,16.0,185.6,11.6,0.0,True
P1350,2019,181,Jacob Hollister,TE,SEA,26,11,3,93.9,8.54,16,5,244.0,16.0,65.9,4.12,0.0,True
P1114,2019,182,Chris Thompson,RB,WAS,29,11,0,93.6,8.51,16,5,,,,,,False
P1292,2019,183,Gus Edwards,RB,BAL,24,16,1,92.6,5.79,16,0,146.0,16.0,128.2,8.01,0.0,True
P1129,2019,184,Cameron Brate,TE,TAM,28,16,6,91.1,5.69,16,0,239.0,16.0,68.2,4.26,0.0,True
P1351,2019,185,Preston Williams,WR,MIA,22,8,7,90.8,11.35,16,8,228.0,8.0,74.8,9.35,8.0,True
P1018,2019,186,Teddy Bridgewater,QB,NOR,27,9,5,90.5,10.06,16,7,41.0,15.0,241.2,16.08,1.0,True
P1036,2019,187,Taylor Gabriel,WR,CHI,28,9,7,90.3,10.03,16,7,,,,,,False
P1295,2019,188,Gerald Everett,TE,LAR,25,13,2,89.8,6.91,16,3,197.0,16.0,92.9,5.81,0.0,True
P1352,2019,189,Jordan Akins,TE,HOU,27,16,9,89.8,5.61,16,0,215.0,13.0,83.7,6.44,3.0,True
P1112,2019,190,Albert Wilson,WR,MIA,27,13,4,89.4,6.88,16,3,,,,,,False
P1353,2019,191,Tony Pollard,RB,DAL,22,15,0,89.2,5.95,16,1,156.0,16.0,120.8,7.55,0.0,True
P1153,2019,192,Adam Humphries,WR,TEN,26,12,3,86.5,7.21,16,4,,,,,,False
P1093,2019,193,Eric Ebron,TE,IND,26,11,2,86.5,7.86,16,5,128.0,15.0,141.8,9.45,1.0,True
P0640,2019,194,Ted Ginn Jr.,WR,NOR,34,16,9,85.9,5.37,16,0,,,,,,False
P1300,2019,195,Blake Jarwin,TE,DAL,25,16,7,85.5,5.34,16,0,,,,,,False
P0830,2019,196,Demaryius Thomas,WR,NYJ,32,11,10,85.3,7.75,16,5,,,,,,False
P1267,2019,197,Kerryon Johnson,RB,DET,22,8,7,85.0,10.62,16,8,233.0,16.0,71.8,4.49,0.0,True
P1081,2019,198,Marcus Mariota,QB,TEN,26,7,6,85.0,12.14,16,9,,,,,,False
P0681,2019,199,Joe Flacco,QB,DEN,34,8,8,84.9,10.61,16,8,,,,,,False
P1280,2019,200,Marquez Valdes-Scantling,WR,GNB,25,16,10,84.1,5.26,16,0,132.0,16.0,137.3,8.58,0.0,True
P1220,2019,201,O.J. Howard,TE,TAM,25,14,14,83.9,5.99,16,2,,,,,,False
P1221,2019,202,J.D. McKissic,WR,DET,26,16,3,83.8,5.24,16,0,71.0,16.0,191.4,11.96,0.0,True
P1021,2019,203,Allen Hurns,WR,MIA,28,14,7,83.6,5.97,16,2,,,,,,False
P1118,2019,204,Vance McDonald,TE,PIT,29,14,14,83.5,5.96,16,2,,,,,,False
P1313,2019,205,Chase Edmonds,RB,ARI,23,13,2,82.8,6.37,16,3,95.0,16.0,168.0,10.5,0.0,True
P1160,2019,206,Jalen Richard,RB,OAK,26,16,0,82.8,5.18,16,0,,,,,,False
P1163,2019,207,Tajae Sharpe,WR,TEN,25,15,6,81.9,5.46,16,1,,,,,,False
P1354,2019,208,T.J. Hockenson,TE,DET,22,12,7,80.7,6.72,16,4,88.0,16.0,175.3,10.96,0.0,True
P1355,2019,209,Dawson Knox,TE,BUF,23,15,11,79.7,5.31,16,1,242.0,12.0,66.8,5.57,4.0,True
P1356,2019,210,Irv Smith Jr.,TE,MIN,21,16,7,79.1,4.94,16,0,186.0,13.0,98.5,7.58,3.0,True
P1357,2019,211,Olabisi Johnson,WR,MIN,22,16,6,79.0,4.94,16,0,,,,,,False
P1209,2019,212,Keelan Cole,WR,JAX,26,16,1,78.7,4.92,16,0,111.0,16.0,155.4,9.71,0.0,True
P1358,2019,213,Hayden Hurst,TE,BAL,26,16,4,76.9,4.81,16,0,119.0,16.0,149.1,9.32,0.0,True
P1359,2019,214,Dwayne Haskins,QB,WAS,22,9,7,76.7,8.52,16,7,240.0,7.0,68.2,9.74,9.0,True
P1360,2019,215,Kaden Smith,TE,NYG,22,9,6,75.8,8.42,16,7,,,,,,False
P1315,2019,216,Geronimo Allison,WR,GNB,25,16,6,75.4,4.71,16,0,,,,,,False
P1361,2019,217,Dare Ogunbowale,RB,TAM,25,16,0,75.3,4.71,16,0,,,,,,False
P1307,2019,218,Rashaad Penny,RB,SEA,23,10,0,75.3,7.53,16,6,,,,,,False
P1362,2019,219,Nick Boyle,TE,BAL,26,16,15,75.1,4.69,16,0,,,,,,False
P1363,2019,220,Will Dissly,TE,SEA,23,6,6,73.9,12.32,16,10,,,,,,False
P0904,2019,221,Josh Gordon,WR,2TM,28,11,7,73.7,6.7,16,5,,,,,,False
P1364,2019,222,Damiere Byrd,WR,ARI,26,11,3,71.9,6.54,16,5,163.0,16.0,114.9,7.18,0.0,True
P1286,2019,223,Tre'Quan Smith,WR,NOR,23,11,6,71.4,6.49,16,5,173.0,14.0,103.1,7.36,2.0,True
P1365,2019,224,Alexander Mattison,RB,MIN,21,13,0,68.4,5.26,16,3,205.0,13.0,86.9,6.68,3.0,True
P1366,2019,225,Foster Moreau,TE,OAK,22,13,7,68.4,5.26,16,3,,,,,,False
P0954,2019,226,Giovani Bernard,RB,CIN,28,16,2,68.4,4.28,16,0,107.0,16.0,158.1,9.88,0.0,True
P1367,2019,227,Patrick Laird,RB,MIA,24,15,4,68.2,4.55,16,1,,,,,,False
P1368,2019,228,Drew Lock,QB,DEN,23,5,5,68.0,13.6,16,11,81.0,13.0,181.3,13.95,3.0,True
P1369,2019,229,Darrel Williams,RB,KAN,24,12,0,67.8,5.65,16,4,,,,,,False
P1370,2019,230,Brian Hill,RB,ATL,24,12,2,67.2,5.6,16,4,194.0,16.0,95.4,5.96,0.0,True
P1371,2019,231,Kelvin Harmon,WR,WAS,23,16,8,66.9,4.18,16,0,,,,,,False
P1097,2019,232,Dion Lewis,RB,TEN,29,16,1,66.3,4.14,16,0,,,,,,False
P1248,2019,233,Cody Latimer,WR,NYG,27,15,10,66.0,4.4,16,1,,,,,,False
P1073,2019,234,Josh Hill,TE,NOR,29,16,11,65.6,4.1,16,0,,,,,,False
P1071,2019,235,Paul Richardson,WR,WAS,27,10,6,64.5,6.45,16,6,,,,,,False
P1310,2019,236,DaeSean Hamilton,WR,DEN,24,16,2,63.7,3.98,16,0,,,,,,False
P1372,2019,237,Isaiah McKenzie,WR,BUF,24,15,8,63.3,4.22,16,1,181.0,16.0,99.6,6.22,0.0,True
P1282,2019,238,C.J. Uzomah,TE,CIN,26,16,16,63.2,3.95,16,0,,,,,,False
P1373,2019,239,Jakobi Meyers,WR,NWE,23,15,1,61.9,4.13,16,1,126.0,14.0,142.5,10.18,2.0,True
P1287,2019,240,Josh Reynolds,WR,LAR,24,16,2,61.9,3.87,16,0,154.0,16.0,124.3,7.77,0.0,True
P1374,2019,241,Ty Johnson,RB,DET,22,16,1,60.2,3.76,16,0,,,,,,False
P1104,2019,242,Seth Roberts,WR,BAL,28,16,0,60.1,3.76,16,0,,,,,,False
P1375,2019,243,Greg Ward,WR,PHI,24,7,3,59.9,8.56,16,9,141.0,16.0,133.1,8.32,0.0,True
P1285,2019,244,David Moore,WR,SEA,24,14,1,59.6,4.26,16,2,157.0,16.0,118.8,7.42,0.0,True
P1376,2019,245,Malcolm Brown,RB,LAR,26,14,1,59.1,4.22,16,2,167.0,16.0,109.1,6.82,0.0,True
P1302,2019,246,Ricky Seals-Jones,WR,CLE,24,14,3,58.9,4.21,16,2,,,,,,False
P1296,2019,247,Jeff Driskel,QB,DET,26,3,3,58.1,19.37,16,13,,,,,,False
P1377,2019,248,Benny Snell Jr.,RB,PIT,21,13,2,57.9,4.45,16,3,227.0,16.0,74.9,4.68,0.0,True
P1378,2019,249,Derrius Guice,RB,WAS,22,5,1,57.4,11.48,16,11,,,,,,False
P0940,2019,250,Jarius Wright,WR,CAR,30,16,9,56.9,3.56,16,0,,,,,,False
P1258,2020,1,Josh Allen,QB,BUF,24,16,16,396.1,24.76,16,0,2.0,17.0,402.6,23.68,0.0,True
P0671,2020,2,Aaron Rodgers,QB,GNB,37,16,16,383.3,23.96,16,0,10.0,16.0,333.3,20.83,1.0,True
P1318,2020,3,Kyler Murray,QB,ARI,23,16,16,378.7,23.67,16,0,19.0,14.0,300.5,21.46,3.0,True
P1191,2020,4,Alvin Kamara,RB,NOR,25,15,10,377.8,25.19,16,1,44.0,13.0,234.7,18.05,4.0,True
P1253,2020,5,Patrick Mahomes,QB,KAN,25,15,15,374.4,24.96,16,1,6.0,17.0,361.7,21.28,0.0,True
P1202,2020,6,Deshaun Watson,QB,HOU,25,16,16,369.3,23.08,16,0,,,,,,False
P0891,2020,7,Russell Wilson,QB,SEA,32,16,16,359.8,22.49,16,0,38.0,14.0,242.8,17.34,3.0,True
P1039,2020,8,Davante Adams,WR,GNB,28,14,14,358.4,25.6,16,2,7.0,16.0,344.3,21.52,1.0,True
P0901,2020,9,Ryan Tannehill,QB,TEN,32,16,16,344.4,21.52,16,0,25.0,17.0,268.4,15.79,0.0,True
P0260,2020,10,Tom Brady,QB,TAM,43,16,16,337.9,21.12,16,0,4.0,17.0,374.7,22.04,0.0,True
P1244,2020,11,Dalvin Cook,RB,MIN,25,14,14,337.8,24.13,16,2,66.0,13.0,206.3,15.87,4.0,True
P1162,2020,12,Derrick Henry,RB,TEN,26,16,16,333.1,20.82,16,0,78.0,8.0,193.3,24.16,9.0,True
P1379,2020,13,Justin Herbert,QB,LAC,22,15,15,332.8,22.19,16,1,3.0,17.0,380.8,22.4,0.0,True
P1265,2020,14,Lamar Jackson,QB,BAL,23,15,15,332.8,22.19,16,1,41.0,12.0,240.0,20.0,5.0,True
P1137,2020,15,Tyreek Hill,WR,KAN,26,15,15,328.9,21.93,16,1,21.0,17.0,296.5,17.44,0.0,True
P1088,2020,16,Stefon Diggs,WR,BUF,27,16,15,328.6,20.54,16,0,23.0,17.0,285.5,16.79,0.0,True
P1016,2020,17,Travis Kelce,TE,KAN,31,15,15,312.8,20.85,16,1,26.0,16.0,262.8,16.42,1.0,True
P1047,2020,18,Kirk Cousins,QB,MIN,32,16,16,306.2,19.14,16,0,20.0,16.0,300.3,18.77,1.0,True
P0968,2020,19,DeAndre Hopkins,WR,ARI,28,16,16,287.8,17.99,16,0,119.0,10.0,147.2,14.72,7.0,True
P0679,2020,20,Matt Ryan,QB,ATL,35,16,16,282.4,17.65,16,0,55.0,17.0,222.9,13.11,0.0,True
P1259,2020,21,Calvin Ridley,WR,ATL,26,15,15,281.5,18.77,16,1,238.0,5.0,71.1,14.22,12.0,True
P1321,2020,22,Darren Waller,TE,LVR,28,16,15,278.6,17.41,16,0,134.0,11.0,133.5,12.14,6.0,True
P1380,2020,23,Justin Jefferson,WR,MIN,21,16,14,274.2,17.14,16,0,11.0,17.0,330.4,19.44,0.0,True
P1015,2020,24,Derek Carr,QB,LVR,29,16,16,272.1,17.01,16,0,32.0,17.0,257.0,15.12,0.0,True
P1328,2020,25,D.K. Metcalf,WR,SEA,23,16,16,271.3,16.96,16,0,37.0,17.0,244.3,14.37,0.0,True
P0462,2020,26,Ben Roethlisberger,QB,PIT,38,15,15,267.2,17.81,16,1,59.0,16.0,218.1,13.63,1.0,True
P1084,2020,27,Tyler Lockett,WR,SEA,28,16,16,265.4,16.59,16,0,40.0,16.0,241.4,15.09,1.0,True
P1330,2020,28,David Montgomery,RB,CHI,23,15,14,264.8,17.65,16,1,76.0,13.0,195.0,15.0,4.0,True
P1032,2020,29,Allen Robinson,WR,CHI,27,16,16,262.9,16.43,16,0,197.0,12.0,87.0,7.25,5.0,True
P0836,2020,30,Cam Newton,QB,NWE,31,15,15,261.0,17.4,16,1,201.0,8.0,86.4,10.8,9.0,True
P0745,2020,31,Matthew Stafford,QB,DET,32,16,16,260.6,16.29,16,0,12.0,17.0,329.7,19.39,0.0,True
P1233,2020,32,Aaron Jones,RB,GNB,26,14,14,258.9,18.49,16,2,49.0,15.0,229.0,15.27,2.0,True
P1141,2020,33,Adam Thielen,WR,MIN,30,15,15,254.0,16.93,16,1,70.0,13.0,199.8,15.37,4.0,True
P1381,2020,34,Jonathan Taylor,RB,IND,21,15,13,252.8,16.85,16,1,5.0,17.0,373.1,21.95,0.0,True
P1382,2020,35,James Robinson,RB,JAX,22,14,14,250.4,17.89,16,2,90.0,14.0,173.9,12.42,3.0,True
P1256,2020,36,Baker Mayfield,QB,CLE,25,16,16,248.6,15.54,16,0,84.0,14.0,180.9,12.92,3.0,True
P1008,2020,37,Mike Evans,WR,TAM,27,16,16,248.6,15.54,16,0,27.0,16.0,262.5,16.41,1.0,True
P1323,2020,38,A.J. Brown,WR,TEN,23,14,12,247.5,17.68,16,2,83.0,13.0,180.9,13.92,4.0,True
P0955,2020,39,Keenan Allen,WR,LAC,28,14,13,245.1,17.51,16,2,30.0,16.0,257.8,16.11,1.0,True
P0975,2020,40,Robert Woods,WR,LAR,28,16,16,245.1,15.32,16,0,133.0,9.0,137.2,15.24,8.0,True
P1018,2020,41,Teddy Bridgewater,QB,CAR,28,15,15,241.2,16.08,16,1,68.0,14.0,202.7,14.48,3.0,True
P1193,2020,42,Jared Goff,QB,LAR,26,15,15,240.0,16.0,16,1,77.0,14.0,194.5,13.89,3.0,True
P0566,2020,43,Philip Rivers,QB,IND,39,16,16,240.0,15.0,16,0,,,,,,False
P1080,2020,44,Amari Cooper,WR,DAL,26,16,15,236.8,14.8,16,0,69.0,15.0,202.5,13.5,2.0,True
P1197,2020,45,JuJu Smith-Schuster,WR,PIT,24,16,14,234.1,14.63,16,0,,,,,,False
P1026,2020,46,Brandin Cooks,WR,HOU,27,15,15,232.0,15.47,16,1,47.0,16.0,231.8,14.49,1.0,True
P1326,2020,47,Josh Jacobs,RB,LVR,22,15,15,231.3,15.42,16,1,53.0,15.0,226.0,15.07,2.0,True
P0960,2020,48,Marvin Jones,WR,DET,30,16,16,227.8,14.24,16,0,88.0,17.0,180.2,10.6,0.0,True
P1161,2020,49,Robbie Chosen,WR,CAR,27,16,16,224.1,14.01,16,0,128.0,17.0,138.5,8.15,0.0,True
P1325,2020,50,Terry McLaurin,WR,WAS,25,15,15,223.8,14.92,16,1,61.0,17.0,213.5,12.56,0.0,True
P1133,2020,51,Ezekiel Elliott,RB,DAL,25,15,15,223.7,14.91,16,1,34.0,17.0,252.1,14.83,0.0,True
P1334,2020,52,Diontae Johnson,WR,PIT,24,15,13,221.8,14.79,16,1,24.0,16.0,274.4,17.15,1.0,True
P1192,2020,53,Kareem Hunt,RB,CLE,25,16,5,218.5,13.66,16,0,165.0,8.0,110.0,13.75,9.0,True
P1383,2020,54,CeeDee Lamb,WR,DAL,21,16,14,217.7,13.61,16,0,46.0,16.0,232.8,14.55,1.0,True
P1384,2020,55,Chase Claypool,WR,PIT,22,16,6,214.9,13.43,16,0,96.0,15.0,166.6,11.11,2.0,True
P1269,2020,56,Curtis Samuel,WR,CAR,24,15,5,212.1,14.14,16,1,,,,,,False
P1266,2020,57,D.J. Moore,WR,CAR,23,15,14,211.5,14.1,16,1,43.0,17.0,237.5,13.97,0.0,True
P0340,2020,58,Drew Brees,QB,NOR,41,12,12,209.5,17.46,16,4,,,,,,False
P1198,2020,59,Cooper Kupp,WR,LAR,27,15,12,208.7,13.91,16,1,1.0,17.0,439.5,25.85,0.0,True
P1261,2020,60,Nick Chubb,RB,CLE,25,12,12,207.7,17.31,16,4,60.0,14.0,215.3,15.38,3.0,True
P0988,2020,61,Cole Beasley,WR,BUF,31,15,10,207.5,13.83,16,1,105.0,16.0,159.3,9.96,1.0,True
P1270,2020,62,Mike Davis,RB,CAR,27,15,12,206.5,13.77,16,1,131.0,17.0,138.2,8.13,0.0,True
P1385,2020,63,Antonio Gibson,RB,WAS,22,14,10,202.2,14.44,16,2,48.0,16.0,229.1,14.32,1.0,True
P1140,2020,64,Carson Wentz,QB,PHI,28,12,12,198.4,16.53,16,4,29.0,17.0,258.0,15.18,0.0,True
P1105,2020,65,Melvin Gordon,RB,DEN,27,15,10,198.4,13.23,16,1,75.0,16.0,195.1,12.19,1.0,True
P1386,2020,66,Tee Higgins,WR,CIN,21,16,14,194.6,12.16,16,0,58.0,14.0,219.1,15.65,3.0,True
P1264,2020,67,Nyheim Hines,RB,IND,24,16,2,193.2,12.08,16,0,164.0,17.0,112.6,6.62,0.0,True
P1159,2020,68,Tyler Boyd,WR,CIN,26,15,8,192.6,12.84,16,1,82.0,16.0,183.8,11.49,1.0,True
P1205,2020,69,Kenyan Drake,RB,ARI,26,15,13,192.2,12.81,16,1,183.0,12.0,102.5,8.54,5.0,True
P1239,2020,70,Corey Davis,WR,TEN,25,14,12,191.4,13.67,16,2,174.0,9.0,105.2,11.69,8.0,True
P1221,2020,71,J.D. McKissic,RB,WAS,27,16,7,191.4,11.96,16,0,141.0,11.0,127.9,11.63,6.0,True
P1225,2020,72,Chris Godwin,WR,TAM,24,12,12,191.0,15.92,16,4,39.0,14.0,242.4,17.31,3.0,True
P1387,2020,73,D'Andre Swift,RB,DET,21,13,4,189.8,14.6,16,3,63.0,13.0,208.9,16.07,4.0,True
P1156,2020,74,Will Fuller,WR,HOU,26,11,11,188.9,17.17,16,5,,,,,,False
P1017,2020,75,Jarvis Landry,WR,CLE,28,15,14,188.0,12.53,16,1,135.0,12.0,133.0,11.08,5.0,True
P1260,2020,76,Chris Carson,RB,SEA,26,12,12,187.8,15.65,16,4,,,,,,False
P1332,2020,77,Ronald Jones II,RB,TAM,23,14,13,186.3,13.31,16,2,221.0,16.0,79.2,4.95,1.0,True
P1174,2020,78,Nelson Agholor,WR,LVR,27,16,13,185.6,11.6,16,0,181.0,15.0,103.4,6.89,2.0,True
P1388,2020,79,Brandon Aiyuk,WR,SFO,22,12,11,184.5,15.38,16,4,93.0,17.0,170.3,10.02,0.0,True
P1336,2020,80,Marquise Brown,WR,BAL,23,16,14,183.0,11.44,16,0,52.0,16.0,226.3,14.14,1.0,True
P1368,2020,81,Drew Lock,QB,DEN,24,13,13,181.3,13.95,16,3,,,,,,False
P1347,2020,82,Russell Gage,WR,ATL,24,16,8,181.1,11.32,16,0,103.0,14.0,163.0,11.64,3.0,True
P1324,2020,83,Daniel Jones,QB,NYG,23,14,14,180.0,12.86,16,2,95.0,11.0,167.5,15.23,6.0,True
P1079,2020,84,David Johnson,RB,HOU,29,12,12,179.5,14.96,16,4,215.0,13.0,81.3,6.25,4.0,True
P1389,2020,85,Logan Thomas,TE,WAS,29,16,15,176.6,11.04,16,0,,,,,,False
P1390,2020,86,Robert Tonyan,TE,GNB,26,16,8,176.6,11.04,16,0,,,,,,False
P1391,2020,87,Clyde Edwards-Helaire,RB,KAN,21,13,13,176.0,13.54,16,3,157.0,10.0,117.6,11.76,7.0,True
P1354,2020,88,T.J. Hockenson,TE,DET,23,16,16,175.3,10.96,16,0,123.0,12.0,145.3,12.11,5.0,True
P1392,2020,89,Joe Burrow,QB,CIN,24,10,10,173.7,17.37,16,6,14.0,16.0,314.2,19.64,1.0,True
P1290,2020,90,Michael Gallup,WR,DAL,24,16,15,173.3,10.83,16,0,191.0,9.0,91.5,10.17,8.0,True
P1091,2020,91,Jamison Crowder,WR,NYJ,27,12,7,172.0,14.33,16,4,167.0,12.0,109.7,9.14,5.0,True
P1322,2020,92,Miles Sanders,RB,PHI,23,12,11,170.4,14.2,16,4,159.0,12.0,117.2,9.77,5.0,True
P1281,2020,93,Mark Andrews,TE,BAL,25,14,2,170.1,12.15,16,2,17.0,17.0,301.1,17.71,0.0,True
P1393,2020,94,J.K. Dobbins,RB,BAL,22,15,1,168.5,11.23,16,1,,,,,,False
P1313,2020,95,Chase Edmonds,RB,ARI,24,16,2,168.0,10.5,16,0,125.0,12.0,143.3,11.94,5.0,True
P1113,2020,96,DeVante Parker,WR,MIA,27,14,11,166.3,11.88,16,2,179.0,10.0,103.5,10.35,7.0,True
P1214,2020,97,Austin Ekeler,RB,LAC,25,10,10,165.3,16.53,16,6,8.0,16.0,343.8,21.49,1.0,True
P0818,2020,98,Emmanuel Sanders,WR,NOR,33,14,5,164.8,11.77,16,2,138.0,14.0,131.7,9.41,3.0,True
P1255,2020,99,James Conner,RB,PIT,25,13,11,164.6,12.66,16,3,31.0,15.0,257.7,17.18,2.0,True
P1394,2020,100,Myles Gaskin,RB,MIA,23,10,7,164.2,16.42,16,6,91.0,17.0,173.6,10.21,0.0,True
P0897,2020,101,T.Y. Hilton,WR,IND,31,15,15,164.2,10.95,16,1,232.0,10.0,74.1,7.41,7.0,True
P1082,2020,102,Todd Gurley,RB,ATL,26,15,15,163.2,10.88,16,1,,,,,,False
P1144,2020,103,Sterling Shepard,WR,NYG,27,12,12,162.5,13.54,16,4,227.0,7.0,77.7,11.1,10.0,True
P1395,2020,104,Tim Patrick,WR,DEN,27,15,15,161.2,10.75,16,1,111.0,16.0,156.4,9.78,1.0,True
P1319,2020,105,Gardner Minshew II,QB,JAX,24,9,8,160.7,17.86,16,7,,,,,,False
P1337,2020,106,Mike Gesicki,TE,MIA,25,15,9,159.3,10.62,16,1,99.0,17.0,165.0,9.71,0.0,True
P0954,2020,107,Giovani Bernard,RB,CIN,29,16,10,158.1,9.88,16,0,,,,,,False
P1396,2020,108,Jerry Jeudy,WR,DEN,21,16,14,157.6,9.85,16,0,204.0,10.0,85.0,8.5,7.0,True
P1397,2020,109,Laviska Shenault Jr.,WR,JAX,22,14,12,157.1,11.22,16,2,143.0,16.0,127.0,7.94,1.0,True
P1345,2020,110,Taysom Hill,TE,NOR,30,16,8,156.6,9.79,16,0,151.0,12.0,121.7,10.14,5.0,True
P1209,2020,111,Keelan Cole,WR,JAX,27,16,5,155.4,9.71,16,0,223.0,15.0,78.9,5.26,2.0,True
P1262,2020,112,Mike Williams,WR,LAC,26,15,11,153.7,10.25,16,1,35.0,16.0,246.6,15.41,1.0,True
P1208,2020,113,Mitchell Trubisky,QB,CHI,26,10,9,153.7,15.37,16,6,,,,,,False
P0559,2020,114,Ryan Fitzpatrick,QB,MIA,38,9,7,153.7,17.08,16,7,,,,,,False
P1320,2020,115,DJ Chark,WR,JAX,24,13,12,153.6,11.82,16,3,,,,,,False
P1398,2020,116,Darnell Mooney,WR,CHI,23,16,9,152.1,9.51,16,0,57.0,17.0,219.7,12.92,0.0,True
P1341,2020,117,Noah Fant,TE,DEN,23,15,14,149.3,9.95,16,1,106.0,16.0,159.0,9.94,1.0,True
P0788,2020,118,Rob Gronkowski,TE,TAM,31,16,16,149.3,9.33,16,0,92.0,12.0,171.2,14.27,5.0,True
P1358,2020,119,Hayden Hurst,TE,ATL,27,16,9,149.1,9.32,16,0,,,,,,False
P1399,2020,120,Dalton Schultz,TE,DAL,24,16,14,146.5,9.16,16,0,64.0,17.0,208.8,12.28,0.0,True
P1273,2020,121,Christian Kirk,WR,ARI,24,14,10,146.4,10.46,16,2,65.0,17.0,207.6,12.21,0.0,True
P0841,2020,122,Julio Jones,WR,ATL,31,9,9,146.1,16.23,16,7,217.0,10.0,80.4,8.04,7.0,True
P1155,2020,123,Hunter Henry,TE,LAC,26,14,14,145.3,10.38,16,2,100.0,17.0,164.3,9.66,0.0,True
P1335,2020,124,Devin Singletary,RB,BUF,23,16,16,143.6,8.98,16,0,73.0,17.0,197.8,11.64,0.0,True
P0809,2020,125,Jimmy Graham,TE,CHI,34,16,15,143.6,8.98,16,0,,,,,,False
P1373,2020,126,Jakobi Meyers,WR,NWE,24,14,9,142.5,10.18,16,2,79.0,17.0,186.3,10.96,0.0,True
P1400,2020,127,Jeff Wilson,RB,SFO,25,12,3,142.3,11.86,16,4,,,,,,False
P1093,2020,128,Eric Ebron,TE,PIT,27,15,9,141.8,9.45,16,1,,,,,,False
P1331,2020,129,Darius Slayton,WR,NYG,23,16,15,141.0,8.81,16,0,246.0,13.0,68.6,5.28,4.0,True
P1200,2020,130,Evan Engram,TE,NYG,26,16,14,141.0,8.81,16,0,182.0,15.0,102.5,6.83,2.0,True
P1312,2020,131,Jonnu Smith,TE,TEN,25,15,14,140.2,9.35,16,1,247.0,16.0,67.4,4.21,1.0,True
P1280,2020,132,Marquez Valdes-Scantling,WR,GNB,26,16,12,137.3,8.58,16,0,198.0,11.0,87.0,7.91,6.0,True
P0839,2020,133,Andy Dalton,QB,DAL,33,11,9,136.9,12.45,16,5,206.0,8.0,84.2,10.52,9.0,True
P1401,2020,134,Gabe Davis,WR,BUF,21,16,11,136.9,8.56,16,0,147.0,16.0,125.9,7.87,1.0,True
P1309,2020,135,Zach Pascal,WR,IND,26,16,14,136.9,8.56,16,0,186.0,16.0,94.5,5.91,1.0,True
P1216,2020,136,Wayne Gallman,RB,NYG,26,15,10,136.6,9.11,16,1,,,,,,False
P1052,2020,137,Latavius Murray,RB,NOR,30,15,7,136.2,9.08,16,1,178.0,14.0,103.6,7.4,3.0,True
P1134,2020,138,Dak Prescott,QB,DAL,27,5,5,135.6,27.12,16,11,13.0,16.0,320.6,20.04,1.0,True
P1402,2020,139,Tua Tagovailoa,QB,MIA,22,10,9,135.5,13.55,16,6,85.0,13.0,180.9,13.92,4.0,True
P1263,2020,140,Sam Darnold,QB,NYJ,23,12,12,134.0,11.17,16,4,108.0,12.0,157.3,13.11,5.0,True
P1375,2020,141,Greg Ward,WR,PHI,25,16,10,133.1,8.32,16,0,,,,,,False
P1194,2020,142,Leonard Fournette,RB,TAM,25,13,3,132.0,10.15,16,3,33.0,14.0,255.6,18.26,3.0,True
P1338,2020,143,Hunter Renfrow,WR,LVR,25,16,6,131.6,8.22,16,0,28.0,17.0,259.1,15.24,0.0,True
P1403,2020,144,Darrell Henderson,RB,LAR,23,15,11,130.3,8.69,16,1,102.0,12.0,163.4,13.62,5.0,True
P1277,2020,145,Kendrick Bourne,WR,SFO,25,15,5,129.7,8.65,16,1,87.0,17.0,180.5,10.62,0.0,True
P1292,2020,146,Gus Edwards,RB,BAL,25,16,6,128.2,8.01,16,0,,,,,,False
P1249,2020,147,Tyler Higbee,TE,LAR,27,15,15,128.2,8.55,16,1,120.0,15.0,147.0,9.8,2.0,True
P1340,2020,148,Mecole Hardman,WR,KAN,22,16,8,128.1,8.01,16,0,127.0,17.0,140.9,8.29,0.0,True
P0821,2020,149,Jared Cook,TE,NOR,33,15,5,127.4,8.49,16,1,136.0,16.0,132.4,8.28,1.0,True
P1204,2020,150,Jamaal Williams,RB,GNB,25,14,3,127.1,9.08,16,2,155.0,13.0,119.8,9.22,4.0,True
P1044,2020,151,Jerick McKinnon,RB,SFO,28,16,4,126.2,7.89,16,0,,,,,,False
P1215,2020,152,George Kittle,TE,SFO,27,8,8,125.1,15.64,16,8,72.0,14.0,198.0,14.14,3.0,True
P0618,2020,153,Adrian Peterson,RB,DET,35,16,10,124.5,7.78,16,0,,,,,,False
P1287,2020,154,Josh Reynolds,WR,LAR,25,16,13,124.3,7.77,16,0,216.0,12.0,80.6,6.72,5.0,True
P1240,2020,155,Rashard Higgins,WR,CLE,26,13,6,120.9,9.3,16,3,,,,,,False
P1353,2020,156,Tony Pollard,RB,DAL,23,16,2,120.8,7.55,16,0,104.0,15.0,162.6,10.84,2.0,True
P1285,2020,157,David Moore,WR,SEA,25,16,6,118.8,7.42,16,0,,,,,,False
P0840,2020,158,Antonio Brown,WR,TAM,32,8,4,117.1,14.64,16,8,153.0,7.0,121.1,17.3,10.0,True
P1096,2020,159,James White,RB,NWE,28,14,0,116.6,8.33,16,2,,,,,,False
P1291,2020,160,Dallas Goedert,TE,PHI,25,11,9,116.4,10.58,16,5,97.0,15.0,165.0,11.0,2.0,True
P1274,2020,161,Nick Mullens,QB,SFO,25,10,8,116.3,11.63,16,6,,,,,,False
P1404,2020,162,Travis Fulgham,WR,PHI,25,13,8,115.9,8.92,16,3,,,,,,False
P1364,2020,163,Damiere Byrd,WR,NWE,27,16,14,114.9,7.18,16,0,,,,,,False
P1186,2020,164,Austin Hooper,TE,CLE,26,13,13,113.5,8.73,16,3,190.0,16.0,92.5,5.78,1.0,True
P0838,2020,165,A.J. Green,WR,CIN,32,16,14,111.3,6.96,16,0,110.0,16.0,156.8,9.8,1.0,True
P1405,2020,166,Jalen Hurts,QB,PHI,22,15,4,109.1,7.27,16,1,15.0,15.0,312.2,20.81,2.0,True
P1376,2020,167,Malcolm Brown,RB,LAR,27,16,0,109.1,6.82,16,0,,,,,,False
P1275,2020,168,Anthony Miller,WR,CHI,26,16,6,108.7,6.79,16,0,,,,,,False
P1301,2020,169,Demarcus Robinson,WR,KAN,26,16,9,107.6,6.72,16,0,242.0,17.0,69.4,4.08,0.0,True
P1180,2020,170,Rex Burkhead,RB,NWE,30,10,0,107.6,10.76,16,6,176.0,16.0,104.3,6.52,1.0,True
P0756,2020,171,Danny Amendola,WR,DET,35,14,5,106.4,7.6,16,2,245.0,8.0,68.8,8.6,9.0,True
P0922,2020,172,Nick Foles,QB,CHI,31,9,7,104.2,11.58,16,7,,,,,,False
P1286,2020,173,Tre'Quan Smith,WR,NOR,24,14,10,103.1,7.36,16,2,196.0,11.0,87.7,7.97,6.0,True
P1406,2020,174,Scotty Miller,WR,TAM,23,16,5,102.5,6.41,16,0,,,,,,False
P1407,2020,175,Cam Akers,RB,LAR,21,13,5,101.8,7.83,16,3,,,,,,False
P1408,2020,176,Zack Moss,RB,BUF,23,13,0,101.6,7.82,16,3,175.0,13.0,105.2,8.09,4.0,True
P0458,2020,177,Larry Fitzgerald,WR,ARI,37,13,13,100.9,7.76,16,3,,,,,,False
P0516,2020,178,Frank Gore,RB,NYJ,37,15,14,100.2,6.68,16,1,,,,,,False
P0873,2020,179,Randall Cobb,WR,HOU,30,10,2,100.1,10.01,16,6,188.0,12.0,93.6,7.8,5.0,True
P1333,2020,180,Raheem Mostert,RB,SFO,28,8,8,99.7,12.46,16,8,,,,,,False
P1372,2020,181,Isaiah McKenzie,WR,BUF,25,16,7,99.6,6.22,16,0,,,,,,False
P1206,2020,182,Joe Mixon,RB,CIN,24,6,6,99.6,16.6,16,10,22.0,16.0,287.9,17.99,1.0,True
P1339,2020,183,James Washington,WR,PIT,24,16,7,99.2,6.2,16,0,249.0,15.0,65.8,4.39,2.0,True
P1166,2020,184,Breshad Perriman,WR,NYJ,27,12,12,99.1,8.26,16,4,,,,,,False
P1409,2020,185,Michael Pittman Jr.,WR,IND,23,13,8,98.9,7.61,16,3,42.0,17.0,238.6,14.04,0.0,True
P1356,2020,186,Irv Smith Jr.,TE,MIN,22,13,7,98.5,7.58,16,3,,,,,,False
P1344,2020,187,Allen Lazard,WR,GNB,25,10,9,97.8,9.78,16,6,126.0,15.0,142.5,9.5,2.0,True
P1410,2020,188,Braxton Berrios,WR,NYJ,25,16,2,97.3,6.08,16,0,154.0,16.0,121.1,7.57,1.0,True
P1168,2020,189,Chris Conley,WR,JAX,28,15,4,97.1,6.47,16,1,,,,,,False
P1411,2020,190,Jalen Guyton,WR,LAC,23,16,9,97.1,6.07,16,0,185.0,16.0,97.2,6.08,1.0,True
P1412,2020,191,Dan Arnold,TE,ARI,25,16,5,96.8,6.05,16,0,230.0,11.0,75.8,6.89,6.0,True
P1023,2020,192,John Brown,WR,BUF,30,9,8,96.8,10.76,16,7,,,,,,False
P1348,2020,193,Boston Scott,RB,PHI,25,16,4,95.6,5.98,16,0,184.0,16.0,98.6,6.16,1.0,True
P1370,2020,194,Brian Hill,RB,ATL,25,16,1,95.4,5.96,16,0,,,,,,False
P1083,2020,195,Willie Snead,WR,BAL,28,13,8,94.2,7.25,16,3,,,,,,False
P1413,2020,196,Kalen Ballage,RB,2TM,25,11,2,93.9,8.54,16,5,,,,,,False
P1295,2020,197,Gerald Everett,TE,LAR,26,16,7,92.9,5.81,16,0,156.0,15.0,117.8,7.85,2.0,True
P1414,2020,198,Damien Harris,RB,NWE,23,10,10,91.3,9.13,16,6,62.0,15.0,210.1,14.01,2.0,True
P1195,2020,199,Christian McCaffrey,RB,CAR,24,3,3,90.4,30.13,16,13,142.0,7.0,127.5,18.21,10.0,True
P1415,2020,200,KJ Hamler,WR,DEN,21,13,4,90.1,6.93,16,3,,,,,,False
P1013,2020,201,Sammy Watkins,WR,KAN,27,10,9,87.4,8.74,16,6,239.0,13.0,70.4,5.42,4.0,True
P1304,2020,202,Jakeem Grant,WR,MIA,28,14,4,87.3,6.24,16,2,,,,,,False
P1416,2020,203,Jalen Reagor,WR,PHI,21,11,11,87.2,7.93,16,5,226.0,17.0,78.1,4.59,0.0,True
P1314,2020,204,Keke Coutee,WR,HOU,23,8,4,87.0,10.88,16,8,,,,,,False
P1365,2020,205,Alexander Mattison,RB,MIN,22,13,2,86.9,6.68,16,3,146.0,16.0,125.9,7.87,1.0,True
P1007,2020,206,Odell Beckham Jr.,WR,CLE,28,7,7,86.8,12.4,16,9,139.0,14.0,129.1,9.22,3.0,True
P0864,2020,207,Golden Tate,WR,NYG,32,12,4,86.5,7.21,16,4,,,,,,False
P1417,2020,208,Cam Sims,WR,WAS,24,16,10,86.2,5.39,16,0,,,,,,False
P1148,2020,209,Devontae Booker,RB,LVR,28,16,1,85.7,5.36,16,0,124.0,16.0,144.1,9.01,1.0,True
P1059,2020,210,Carlos Hyde,RB,SEA,30,10,1,84.9,8.49,16,6,,,,,,False
P1085,2020,211,Duke Johnson,RB,HOU,27,11,5,84.4,7.67,16,5,,,,,,False
P1418,2020,212,Henry Ruggs III,WR,LVR,21,13,12,84.1,6.47,16,3,205.0,7.0,84.5,12.07,10.0,True
P1135,2020,213,Michael Thomas,WR,NOR,27,7,5,83.9,11.99,16,9,,,,,,False
P1419,2020,214,Anthony Firkser,FB,TEN,25,16,1,83.7,5.23,16,0,222.0,15.0,79.1,5.27,2.0,True
P1352,2020,215,Jordan Akins,TE,HOU,28,13,5,83.7,6.44,16,3,,,,,,False
P1181,2020,216,Trey Burton,TE,IND,29,13,4,83.3,6.41,16,3,,,,,,False
P0987,2020,217,Tyler Eifert,TE,JAX,30,15,4,82.9,5.53,16,1,,,,,,False
P1110,2020,218,Kyle Juszczyk,FB,SFO,29,16,15,81.6,5.1,16,0,233.0,17.0,73.8,4.34,0.0,True
P1420,2020,219,Joshua Kelley,RB,LAC,23,14,0,81.2,5.8,16,2,,,,,,False
P1327,2020,220,Deebo Samuel,WR,SFO,24,7,5,80.7,11.53,16,9,9.0,16.0,339.0,21.19,1.0,True
P1421,2020,221,Mo Alie-Cox,TE,IND,27,15,6,80.4,5.36,16,1,218.0,17.0,79.6,4.68,0.0,True
P1422,2020,222,Tyron Johnson,WR,LAC,24,12,0,79.5,6.62,16,4,,,,,,False
P1423,2020,223,Drew Sample,TE,CIN,24,16,13,78.9,4.93,16,0,,,,,,False
P0981,2020,224,Zach Ertz,TE,PHI,30,11,11,77.5,7.05,16,5,86.0,17.0,180.7,10.63,0.0,True
P1128,2020,225,Darren Fells,TE,HOU,34,16,14,76.2,4.76,16,0,,,,,,False
P1268,2020,226,Sony Michel,RB,NWE,25,9,6,75.3,8.37,16,7,122.0,17.0,146.3,8.61,0.0,True
P1377,2020,227,Benny Snell Jr.,RB,PIT,22,16,3,74.9,4.68,16,0,,,,,,False
P1351,2020,228,Preston Williams,WR,MIA,23,8,7,74.8,9.35,16,8,,,,,,False
P0956,2020,229,Le'Veon Bell,RB,2TM,28,11,4,74.6,6.78,16,5,,,,,,False
P1424,2020,230,N'Keal Harry,WR,NWE,23,14,9,73.9,5.28,16,2,,,,,,False
P1278,2020,231,Chris Herndon,TE,NYJ,24,16,13,73.7,4.61,16,0,,,,,,False
P0976,2020,232,Jordan Reed,TE,SFO,30,10,1,73.1,7.31,16,6,,,,,,False
P1267,2020,233,Kerryon Johnson,RB,DET,23,16,2,71.8,4.49,16,0,,,,,,False
P0571,2020,234,Alex Smith,QB,WAS,36,8,6,71.6,8.95,16,8,,,,,,False
P1086,2020,235,Richard Rodgers,TE,PHI,28,14,4,70.5,5.04,16,2,,,,,,False
P1425,2020,236,Miles Boykin,WR,BAL,24,16,13,69.6,4.35,16,0,,,,,,False
P0963,2020,237,Cordarrelle Patterson,WR,CHI,29,16,3,69.4,4.34,16,0,45.0,16.0,234.6,14.66,1.0,True
P1426,2020,238,Salvon Ahmed,RB,MIA,22,6,4,69.0,11.5,16,10,,,,,,False
P1129,2020,239,Cameron Brate,TE,TAM,29,16,1,68.2,4.26,16,0,225.0,17.0,78.5,4.62,0.0,True
P1359,2020,240,Dwayne Haskins,QB,WAS,23,7,6,68.2,9.74,16,9,,,,,,False
P1427,2020,241,Quintez Cephus,WR,DET,22,13,2,66.9,5.15,16,3,,,,,,False
P1355,2020,242,Dawson Knox,TE,BUF,24,12,7,66.8,5.57,16,4,101.0,15.0,164.1,10.94,2.0,True
P1257,2020,243,Phillip Lindsay,RB,DEN,26,11,8,66.0,6.0,16,5,,,,,,False
P1350,2020,244,Jacob Hollister,TE,SEA,27,16,5,65.9,4.12,16,0,,,,,,False
P1224,2020,245,Kenny Golladay,WR,DET,27,5,5,65.8,13.16,16,11,195.0,14.0,89.1,6.36,3.0,True
P1213,2020,246,Samaje Perine,RB,CIN,25,16,1,65.7,4.11,16,0,209.0,16.0,83.2,5.2,1.0,True
P0880,2020,247,Kyle Rudolph,TE,MIN,31,12,12,65.4,5.45,16,4,,,,,,False
P1317,2020,248,Justin Jackson,RB,LAC,24,9,4,65.3,7.26,16,7,202.0,14.0,86.2,6.16,3.0,True
P1428,2020,249,Richie James,WR,SFO,25,11,7,64.4,5.85,16,5,,,,,,False
P1230,2020,250,Jimmy Garoppolo,QB,SFO,29,6,6,64.3,10.72,16,10,50.0,15.0,227.5,15.17,2.0,True
P1198,2021,1,Cooper Kupp,WR,LAR,28,17,17,439.5,25.85,17,0,60.0,9.0,201.4,22.38,8.0,True
P1258,2021,2,Josh Allen,QB,BUF,25,17,17,402.6,23.68,17,0,2.0,16.0,395.5,24.72,1.0,True
P1379,2021,3,Justin Herbert,QB,LAC,23,17,17,380.8,22.4,17,0,24.0,17.0,281.3,16.55,0.0,True
P0260,2021,4,Tom Brady,QB,TAM,44,17,17,374.7,22.04,17,0,25.0,17.0,271.7,15.98,0.0,True
P1381,2021,5,Jonathan Taylor,RB,IND,22,17,17,373.1,21.95,17,0,117.0,11.0,146.4,13.31,6.0,True
P1253,2021,6,Patrick Mahomes,QB,KAN,26,17,17,361.7,21.28,17,0,1.0,17.0,417.4,24.55,0.0,True
P1039,2021,7,Davante Adams,WR,GNB,29,16,16,344.3,21.52,17,1,9.0,17.0,335.5,19.74,0.0,True
P1214,2021,8,Austin Ekeler,RB,LAC,26,16,16,343.8,21.49,17,1,4.0,17.0,372.7,21.92,0.0,True
P1327,2021,9,Deebo Samuel,WR,SFO,25,16,15,339.0,21.19,17,1,90.0,13.0,168.4,12.95,4.0,True
P0671,2021,10,Aaron Rodgers,QB,GNB,38,16,16,333.3,20.83,17,1,36.0,17.0,239.2,14.07,0.0,True
P1380,2021,11,Justin Jefferson,WR,MIN,22,17,17,330.4,19.44,17,0,5.0,17.0,368.7,21.69,0.0,True
P0745,2021,12,Matthew Stafford,QB,LAR,33,17,17,329.7,19.39,17,0,160.0,9.0,108.4,12.04,8.0,True
P1134,2021,13,Dak Prescott,QB,DAL,28,16,16,320.6,20.04,17,1,65.0,12.0,198.6,16.55,5.0,True
P1392,2021,14,Joe Burrow,QB,CIN,25,16,16,314.2,19.64,17,1,7.0,16.0,350.7,21.92,1.0,True
P1405,2021,15,Jalen Hurts,QB,PHI,23,15,15,312.2,20.81,17,2,3.0,15.0,378.0,25.2,2.0,True
P1429,2021,16,Ja'Marr Chase,WR,CIN,21,17,17,304.6,17.92,17,0,33.0,12.0,242.4,20.2,5.0,True
P1281,2021,17,Mark Andrews,TE,BAL,26,17,9,301.1,17.71,17,0,71.0,15.0,190.5,12.7,2.0,True
P1430,2021,18,Najee Harris,RB,PIT,23,17,17,300.7,17.69,17,0,48.0,17.0,223.5,13.15,0.0,True
P1318,2021,19,Kyler Murray,QB,ARI,24,14,14,300.5,21.46,17,3,62.0,11.0,200.5,18.23,6.0,True
P1047,2021,20,Kirk Cousins,QB,MIN,33,16,16,300.3,18.77,17,1,19.0,17.0,291.6,17.15,0.0,True
P1137,2021,21,Tyreek Hill,WR,KAN,27,17,16,296.5,17.44,17,0,8.0,17.0,347.2,20.42,0.0,True
P1206,2021,22,Joe Mixon,RB,CIN,25,16,16,287.9,17.99,17,1,35.0,14.0,239.5,17.11,3.0,True
P1088,2021,23,Stefon Diggs,WR,BUF,28,17,17,285.5,16.79,17,0,11.0,16.0,316.6,19.79,1.0,True
P1334,2021,24,Diontae Johnson,WR,PIT,25,16,14,274.4,17.15,17,1,75.0,17.0,180.7,10.63,0.0,True
P0901,2021,25,Ryan Tannehill,QB,TEN,33,17,17,268.4,15.79,17,0,101.0,12.0,161.2,13.43,5.0,True
P1016,2021,26,Travis Kelce,TE,KAN,32,16,16,262.8,16.42,17,1,12.0,17.0,316.3,18.61,0.0,True
P1008,2021,27,Mike Evans,WR,TAM,28,16,16,262.5,16.41,17,1,47.0,15.0,225.4,15.03,2.0,True
P1338,2021,28,Hunter Renfrow,WR,LVR,26,17,9,259.1,15.24,17,0,216.0,10.0,79.0,7.9,7.0,True
P1140,2021,29,Carson Wentz,QB,IND,29,17,17,258.0,15.18,17,0,154.0,8.0,112.8,14.1,9.0,True
P0955,2021,30,Keenan Allen,WR,LAC,29,16,16,257.8,16.11,17,1,100.0,10.0,164.0,16.4,7.0,True
P1255,2021,31,James Conner,RB,ARI,26,15,6,257.7,17.18,17,2,63.0,13.0,200.2,15.4,4.0,True
P1015,2021,32,Derek Carr,QB,LVR,30,17,17,257.0,15.12,17,0,51.0,15.0,219.1,14.61,2.0,True
P1194,2021,33,Leonard Fournette,RB,TAM,26,14,13,255.6,18.26,17,3,44.0,16.0,226.1,14.13,1.0,True
P1133,2021,34,Ezekiel Elliott,RB,DAL,26,17,17,252.1,14.83,17,0,72.0,15.0,185.8,12.39,2.0,True
P1262,2021,35,Mike Williams,WR,LAC,27,16,14,246.6,15.41,17,1,82.0,13.0,176.5,13.58,4.0,True
P1431,2021,36,Jaylen Waddle,WR,MIA,23,16,16,245.8,15.36,17,1,27.0,17.0,259.2,15.25,0.0,True
P1328,2021,37,D.K. Metcalf,WR,SEA,24,17,17,244.3,14.37,17,0,43.0,17.0,226.8,13.34,0.0,True
P0891,2021,38,Russell Wilson,QB,SEA,33,14,14,242.8,17.34,17,3,46.0,15.0,225.8,15.05,2.0,True
P1225,2021,39,Chris Godwin,WR,TAM,25,14,14,242.4,17.31,17,3,49.0,15.0,222.8,14.85,2.0,True
P1084,2021,40,Tyler Lockett,WR,SEA,29,16,16,241.4,15.09,17,1,38.0,16.0,237.3,14.83,1.0,True
P1265,2021,41,Lamar Jackson,QB,BAL,24,12,12,240.0,20.0,17,5,39.0,12.0,236.1,19.68,5.0,True
P1409,2021,42,Michael Pittman Jr.,WR,IND,24,17,17,238.6,14.04,17,0,53.0,16.0,216.5,13.53,1.0,True
P1266,2021,43,D.J. Moore,WR,CAR,24,17,17,237.5,13.97,17,0,64.0,17.0,199.1,11.71,0.0,True
P1191,2021,44,Alvin Kamara,RB,NOR,26,13,10,234.7,18.05,17,4,56.0,15.0,211.7,14.11,2.0,True
P0963,2021,45,Cordarrelle Patterson,RB,ATL,30,16,13,234.6,14.66,17,1,108.0,13.0,154.7,11.9,4.0,True
P1383,2021,46,CeeDee Lamb,WR,DAL,22,16,13,232.8,14.55,17,1,15.0,17.0,301.6,17.74,0.0,True
P1026,2021,47,Brandin Cooks,WR,HOU,28,16,16,231.8,14.49,17,1,119.0,13.0,145.6,11.2,4.0,True
P1385,2021,48,Antonio Gibson,RB,WAS,23,16,14,229.1,14.32,17,1,97.0,15.0,165.9,11.06,2.0,True
P1233,2021,49,Aaron Jones,RB,GNB,27,15,15,229.0,15.27,17,2,31.0,17.0,248.6,14.62,0.0,True
P1230,2021,50,Jimmy Garoppolo,QB,SFO,30,15,15,227.5,15.17,17,2,98.0,11.0,164.8,14.98,6.0,True
P1432,2021,51,Amon-Ra St. Brown,WR,DET,22,17,9,227.3,13.37,17,0,26.0,16.0,267.6,16.73,1.0,True
P1336,2021,52,Marquise Brown,WR,BAL,24,16,16,226.3,14.14,17,1,105.0,12.0,156.0,13.0,5.0,True
P1326,2021,53,Josh Jacobs,RB,LVR,23,15,14,226.0,15.07,17,2,10.0,17.0,328.3,19.31,0.0,True
P1433,2021,54,Mac Jones,QB,NWE,23,17,17,224.9,13.23,17,0,87.0,14.0,170.1,12.15,3.0,True
P0679,2021,55,Matt Ryan,QB,ATL,36,17,17,222.9,13.11,17,0,107.0,12.0,155.3,12.94,5.0,True
P1434,2021,56,Taylor Heinicke,QB,WAS,28,16,15,222.9,13.93,17,1,147.0,9.0,116.0,12.89,8.0,True
P1398,2021,57,Darnell Mooney,WR,CHI,24,17,14,219.7,12.92,17,0,172.0,12.0,101.5,8.46,5.0,True
P1386,2021,58,Tee Higgins,WR,CIN,22,14,14,219.1,15.65,17,3,50.0,16.0,220.9,13.81,1.0,True
P0462,2021,59,Ben Roethlisberger,QB,PIT,39,16,16,218.1,13.63,17,1,,,,,,False
P1261,2021,60,Nick Chubb,RB,CLE,26,14,14,215.3,15.38,17,3,23.0,17.0,281.4,16.55,0.0,True
P1325,2021,61,Terry McLaurin,WR,WAS,26,17,17,213.5,12.56,17,0,41.0,17.0,229.0,13.47,0.0,True
P1414,2021,62,Damien Harris,RB,NWE,24,15,15,210.1,14.01,17,2,188.0,11.0,90.9,8.26,6.0,True
P1387,2021,63,D'Andre Swift,RB,DET,22,13,4,208.9,16.07,17,4,70.0,14.0,191.1,13.65,3.0,True
P1399,2021,64,Dalton Schultz,TE,DAL,25,17,15,208.8,12.28,17,0,120.0,15.0,142.7,9.51,2.0,True
P1273,2021,65,Christian Kirk,WR,ARI,25,17,11,207.6,12.21,17,0,34.0,17.0,241.9,14.23,0.0,True
P1244,2021,66,Dalvin Cook,RB,MIN,26,13,13,206.3,15.87,17,4,37.0,17.0,237.8,13.99,0.0,True
P1435,2021,67,Javonte Williams,RB,DEN,21,17,1,204.9,12.05,17,0,,,,,,False
P1018,2021,68,Teddy Bridgewater,QB,DEN,29,14,14,202.7,14.48,17,3,,,,,,False
P1080,2021,69,Amari Cooper,WR,DAL,27,15,14,202.5,13.5,17,2,32.0,17.0,246.0,14.47,0.0,True
P1141,2021,70,Adam Thielen,WR,MIN,31,13,13,199.8,15.37,17,4,77.0,17.0,180.0,10.59,0.0,True
P1436,2021,71,Trevor Lawrence,QB,JAX,22,17,17,199.0,11.71,17,0,18.0,17.0,295.6,17.39,0.0,True
P1215,2021,72,George Kittle,TE,SFO,28,14,14,198.0,14.14,17,3,61.0,15.0,200.5,13.37,2.0,True
P1335,2021,73,Devin Singletary,RB,BUF,24,17,16,197.8,11.64,17,0,79.0,16.0,177.9,11.12,1.0,True
P1369,2021,74,Darrel Williams,RB,KAN,26,17,7,196.0,11.53,17,0,,,,,,False
P1105,2021,75,Melvin Gordon,RB,DEN,28,16,16,195.1,12.19,17,1,198.0,10.0,87.1,8.71,7.0,True
P1330,2021,76,David Montgomery,RB,CHI,24,13,13,195.0,15.0,17,4,80.0,16.0,177.7,11.11,1.0,True
P1193,2021,77,Jared Goff,QB,DET,27,14,14,194.5,13.89,17,3,21.0,17.0,284.3,16.72,0.0,True
P1162,2021,78,Derrick Henry,RB,TEN,27,8,8,193.3,24.16,17,9,14.0,16.0,302.8,18.92,1.0,True
P1373,2021,79,Jakobi Meyers,WR,NWE,25,17,16,186.3,10.96,17,0,76.0,14.0,180.3,12.88,3.0,True
P1437,2021,80,AJ Dillon,RB,GNB,23,17,2,185.6,10.92,17,0,92.0,17.0,167.6,9.86,0.0,True
P1438,2021,81,DeVonta Smith,WR,PHI,23,17,16,185.6,10.92,17,0,28.0,17.0,254.6,14.98,0.0,True
P1159,2021,82,Tyler Boyd,WR,CIN,27,16,10,183.8,11.49,17,1,94.0,16.0,167.1,10.44,1.0,True
P1323,2021,83,A.J. Brown,WR,TEN,24,13,13,180.9,13.92,17,4,16.0,17.0,299.6,17.62,0.0,True
P1256,2021,84,Baker Mayfield,QB,CLE,26,14,14,180.9,12.92,17,3,140.0,12.0,121.4,10.12,5.0,True
P1402,2021,85,Tua Tagovailoa,QB,MIA,23,13,12,180.9,13.92,17,4,40.0,13.0,230.9,17.76,4.0,True
P0981,2021,86,Zach Ertz,TE,2TM,31,17,14,180.7,10.63,17,0,149.0,10.0,115.6,11.56,7.0,True
P1277,2021,87,Kendrick Bourne,WR,NWE,26,17,5,180.5,10.62,17,0,193.0,16.0,88.3,5.52,1.0,True
P0960,2021,88,Marvin Jones,WR,JAX,31,17,16,180.2,10.6,17,0,143.0,16.0,116.9,7.31,1.0,True
P1439,2021,89,Kyle Pitts,TE,ATL,21,17,15,176.6,10.39,17,0,221.0,10.0,75.6,7.56,7.0,True
P1382,2021,90,James Robinson,RB,JAX,23,14,13,173.9,12.42,17,3,191.0,11.0,88.6,8.05,6.0,True
P1394,2021,91,Myles Gaskin,RB,MIA,24,17,10,173.6,10.21,17,0,,,,,,False
P0788,2021,92,Rob Gronkowski,TE,TAM,32,12,12,171.2,14.27,17,5,,,,,,False
P1388,2021,93,Brandon Aiyuk,WR,SFO,23,17,16,170.3,10.02,17,0,42.0,17.0,227.8,13.4,0.0,True
P1440,2021,94,Van Jefferson,WR,LAR,25,17,17,168.2,9.89,17,0,217.0,11.0,78.9,7.17,6.0,True
P1324,2021,95,Daniel Jones,QB,NYG,24,11,11,167.5,15.23,17,6,20.0,16.0,289.0,18.06,1.0,True
P1384,2021,96,Chase Claypool,WR,PIT,23,15,13,166.6,11.11,17,2,165.0,15.0,105.0,7.0,2.0,True
P1291,2021,97,Dallas Goedert,TE,PHI,26,15,14,165.0,11.0,17,2,124.0,12.0,141.2,11.77,5.0,True
P1441,2021,98,Elijah Mitchell,RB,SFO,23,11,10,165.0,15.0,17,6,,,,,,False
P1337,2021,99,Mike Gesicki,TE,MIA,26,17,9,165.0,9.71,17,0,178.0,17.0,98.2,5.78,0.0,True
P1155,2021,100,Hunter Henry,TE,NWE,27,17,10,164.3,9.66,17,0,167.0,17.0,103.9,6.11,0.0,True
P1355,2021,101,Dawson Knox,TE,BUF,25,15,14,164.1,10.94,17,2,127.0,15.0,135.7,9.05,2.0,True
P1403,2021,102,Darrell Henderson,RB,LAR,24,12,10,163.4,13.62,17,5,227.0,10.0,73.5,7.35,7.0,True
P1347,2021,103,Russell Gage,WR,ATL,25,14,9,163.0,11.64,17,3,137.0,13.0,123.6,9.51,4.0,True
P1353,2021,104,Tony Pollard,RB,DAL,24,15,0,162.6,10.84,17,2,30.0,16.0,248.8,15.55,1.0,True
P0988,2021,105,Cole Beasley,WR,BUF,32,16,8,159.3,9.96,17,1,,,,,,False
P1341,2021,106,Noah Fant,TE,DEN,24,16,16,159.0,9.94,17,1,138.0,17.0,122.6,7.21,0.0,True
P1442,2021,107,K.J. Osborn,WR,MIN,24,17,9,158.5,9.32,17,0,106.0,17.0,155.6,9.15,0.0,True
P1263,2021,108,Sam Darnold,QB,CAR,24,12,11,157.3,13.11,17,5,200.0,6.0,86.3,14.38,11.0,True
P1443,2021,109,Davis Mills,QB,HOU,23,13,11,157.0,12.08,17,4,74.0,15.0,181.5,12.1,2.0,True
P0838,2021,110,A.J. Green,WR,ARI,33,16,9,156.8,9.8,17,1,243.0,15.0,61.6,4.11,2.0,True
P1395,2021,111,Tim Patrick,WR,DEN,28,16,16,156.4,9.78,17,1,,,,,,False
P1444,2021,112,Michael Carter,RB,NYJ,22,14,11,154.4,11.03,17,3,136.0,16.0,126.0,7.88,1.0,True
P1445,2021,113,Zach Wilson,QB,NYJ,22,13,13,151.9,11.68,17,4,175.0,9.0,98.9,10.99,8.0,True
P1446,2021,114,Marquez Callaway,WR,NOR,23,17,11,151.8,8.93,17,0,,,,,,False
P1447,2021,115,Pat Freiermuth,TE,PIT,23,16,9,151.7,9.48,17,1,115.0,16.0,148.2,9.26,1.0,True
P1271,2021,116,Courtland Sutton,WR,DEN,26,17,16,150.2,8.84,17,0,102.0,15.0,159.4,10.63,2.0,True
P1254,2021,117,Saquon Barkley,RB,NYG,24,13,13,148.6,11.43,17,4,22.0,16.0,284.0,17.75,1.0,True
P1448,2021,118,Cedrick Wilson Jr.,WR,DAL,26,16,4,147.8,9.24,17,1,,,,,,False
P0968,2021,119,DeAndre Hopkins,WR,ARI,29,10,10,147.2,14.72,17,7,112.0,9.0,151.7,16.86,8.0,True
P1249,2021,120,Tyler Higbee,TE,LAR,28,15,15,147.0,9.8,17,2,111.0,17.0,152.0,8.94,0.0,True
P1048,2021,121,Devonta Freeman,RB,BAL,29,16,8,146.6,9.16,17,1,,,,,,False
P1268,2021,122,Sony Michel,RB,LAR,26,17,7,146.3,8.61,17,0,,,,,,False
P1354,2021,123,T.J. Hockenson,TE,DET,24,12,12,145.3,12.11,17,5,55.0,17.0,215.4,12.67,0.0,True
P1148,2021,124,Devontae Booker,RB,NYG,29,16,4,144.1,9.01,17,1,,,,,,False
P1313,2021,125,Chase Edmonds,RB,ARI,25,12,11,143.3,11.94,17,5,224.0,13.0,74.2,5.71,4.0,True
P1344,2021,126,Allen Lazard,WR,GNB,26,15,13,142.5,9.5,17,2,84.0,15.0,174.8,11.65,2.0,True
P1340,2021,127,Mecole Hardman,WR,KAN,23,17,8,140.9,8.29,17,0,184.0,8.0,93.8,11.72,9.0,True
P1161,2021,128,Robbie Chosen,WR,CAR,28,17,16,138.5,8.15,17,0,,,,,,False
P1449,2021,129,Tyler Conklin,TE,MIN,26,17,15,138.3,8.14,17,0,131.0,17.0,131.5,7.74,0.0,True
P1450,2021,130,Elijah Moore,WR,NYJ,21,11,6,138.2,12.56,17,6,194.0,16.0,88.1,5.51,1.0,True
P1270,2021,131,Mike Davis,RB,ATL,28,17,8,138.2,8.13,17,0,,,,,,False
P1451,2021,132,Chuba Hubbard,RB,CAR,22,17,10,137.6,8.09,17,0,197.0,15.0,87.7,5.85,2.0,True
P0975,2021,133,Robert Woods,WR,LAR,29,9,9,137.2,15.24,17,8,148.0,17.0,115.7,6.81,0.0,True
P1321,2021,134,Darren Waller,TE,LVR,29,11,11,133.5,12.14,17,6,205.0,9.0,84.8,9.42,8.0,True
P1017,2021,135,Jarvis Landry,WR,CLE,29,12,12,133.0,11.08,17,5,247.0,9.0,60.2,6.69,8.0,True
P0821,2021,136,Jared Cook,TE,LAC,34,16,10,132.4,8.28,17,1,,,,,,False
P1452,2021,137,Kalif Raymond,WR,DET,27,16,14,132.4,8.28,17,1,145.0,17.0,116.2,6.84,0.0,True
P0818,2021,138,Emmanuel Sanders,WR,BUF,34,14,13,131.7,9.41,17,3,,,,,,False
P1007,2021,139,Odell Beckham Jr.,WR,2TM,29,14,13,129.1,9.22,17,3,,,,,,False
P1282,2021,140,C.J. Uzomah,TE,CIN,28,16,16,128.3,8.02,17,1,,,,,,False
P1221,2021,141,J.D. McKissic,RB,WAS,28,11,3,127.9,11.63,17,6,,,,,,False
P1195,2021,142,Christian McCaffrey,RB,CAR,25,7,7,127.5,18.21,17,10,6.0,17.0,356.4,20.96,0.0,True
P1397,2021,143,Laviska Shenault Jr.,WR,JAX,23,16,10,127.0,7.94,17,1,228.0,13.0,72.7,5.59,4.0,True
P1453,2021,144,Byron Pringle,WR,KAN,28,17,5,126.8,7.46,17,0,,,,,,False
P1454,2021,145,Justin Fields,QB,CHI,22,12,10,126.8,10.57,17,5,17.0,15.0,296.0,19.73,2.0,True
P1365,2021,146,Alexander Mattison,RB,MIN,23,16,4,125.9,7.87,17,1,192.0,17.0,88.4,5.2,0.0,True
P1401,2021,147,Gabe Davis,WR,BUF,22,16,4,125.9,7.87,17,1,86.0,15.0,171.6,11.44,2.0,True
P0992,2021,148,Brandon Bolden,RB,NWE,31,17,1,124.1,7.3,17,0,,,,,,False
P1455,2021,149,Kenneth Gainwell,RB,PHI,22,16,1,123.4,7.71,17,1,195.0,17.0,87.9,5.17,0.0,True
P1307,2021,150,Rashaad Penny,RB,SEA,25,10,6,121.7,12.17,17,7,,,,,,False
P1345,2021,151,Taysom Hill,TE,NOR,31,12,9,121.7,10.14,17,5,118.0,16.0,145.8,9.11,1.0,True
P1456,2021,152,Cole Kmet,TE,CHI,22,17,17,121.2,7.13,17,0,116.0,17.0,147.3,8.66,0.0,True
P0840,2021,153,Antonio Brown,WR,TAM,33,7,3,121.1,17.3,17,10,,,,,,False
P1410,2021,154,Braxton Berrios,WR,NYJ,26,16,1,121.1,7.57,17,1,,,,,,False
P1204,2021,155,Jamaal Williams,RB,DET,26,13,11,119.8,9.22,17,4,45.0,17.0,225.9,13.29,0.0,True
P1295,2021,156,Gerald Everett,TE,SEA,27,15,12,117.8,7.85,17,2,125.0,16.0,139.5,8.72,1.0,True
P1391,2021,157,Clyde Edwards-Helaire,RB,KAN,22,10,10,117.6,11.76,17,7,176.0,10.0,98.3,9.83,7.0,True
P1076,2021,158,Jameis Winston,QB,NOR,27,7,7,117.4,16.77,17,10,,,,,,False
P1322,2021,159,Miles Sanders,RB,PHI,24,12,12,117.2,9.77,17,5,52.0,17.0,216.7,12.75,0.0,True
P1374,2021,160,Ty Johnson,RB,NYJ,24,16,3,117.0,7.31,17,1,,,,,,False
P1457,2021,161,Quez Watkins,WR,PHI,23,17,12,116.0,6.82,17,0,207.0,17.0,84.5,4.97,0.0,True
P1458,2021,162,Rhamondre Stevenson,RB,NWE,23,12,2,114.9,9.58,17,5,29.0,17.0,249.1,14.65,0.0,True
P1459,2021,163,Deonte Harty,WR,NOR,24,13,1,113.1,8.7,17,4,,,,,,False
P1264,2021,164,Nyheim Hines,RB,IND,25,17,4,112.6,6.62,17,0,214.0,16.0,81.4,5.09,1.0,True
P1192,2021,165,Kareem Hunt,RB,CLE,26,8,1,110.0,13.75,17,9,135.0,17.0,126.8,7.46,0.0,True
P1460,2021,166,Donovan Peoples-Jones,WR,CLE,22,14,9,109.7,7.84,17,3,93.0,17.0,167.1,9.83,0.0,True
P1091,2021,167,Jamison Crowder,WR,NYJ,28,12,4,109.7,9.14,17,5,,,,,,False
P1461,2021,168,Bryan Edwards,WR,LVR,23,16,12,109.1,6.82,17,1,,,,,,False
P1462,2021,169,Rondale Moore,WR,ARI,21,14,7,109.1,7.79,17,3,196.0,8.0,87.9,10.99,9.0,True
P0865,2021,170,Mark Ingram,RB,2TM,32,14,10,108.6,7.76,17,3,,,,,,False
P1223,2021,171,David Njoku,TE,CLE,25,16,11,107.6,6.72,17,1,122.0,14.0,142.0,10.14,3.0,True
P1463,2021,172,Nick Westbrook-Ikhine,WR,TEN,24,16,7,107.6,6.72,17,1,211.0,17.0,82.7,4.86,0.0,True
P1238,2021,173,Zay Jones,WR,LVR,26,17,9,105.9,6.23,17,0,67.0,16.0,198.1,12.38,1.0,True
P1239,2021,174,Corey Davis,WR,NYJ,26,9,9,105.2,11.69,17,8,179.0,13.0,97.6,7.51,4.0,True
P1408,2021,175,Zack Moss,RB,BUF,24,13,0,105.2,8.09,17,4,238.0,13.0,64.5,4.96,4.0,True
P1180,2021,176,Rex Burkhead,RB,HOU,31,16,5,104.3,6.52,17,1,218.0,16.0,77.4,4.84,1.0,True
P1464,2021,177,D'Ernest Johnson,RB,CLE,25,17,2,104.1,6.12,17,0,,,,,,False
P1052,2021,178,Latavius Murray,RB,BAL,31,14,6,103.6,7.4,17,3,109.0,13.0,154.2,11.86,4.0,True
P1113,2021,179,DeVante Parker,WR,MIA,28,10,8,103.5,10.35,17,7,170.0,13.0,102.9,7.92,4.0,True
P1465,2021,180,Rashod Bateman,WR,BAL,22,12,4,103.5,8.62,17,5,,,,,,False
P1174,2021,181,Nelson Agholor,WR,NWE,28,15,13,103.4,6.89,17,2,222.0,16.0,75.2,4.7,1.0,True
P1200,2021,182,Evan Engram,TE,NYG,27,15,12,102.5,6.83,17,2,81.0,17.0,176.9,10.41,0.0,True
P1205,2021,183,Kenyan Drake,RB,LVR,27,12,2,102.5,8.54,17,5,166.0,12.0,104.1,8.67,5.0,True
P1348,2021,184,Boston Scott,RB,PHI,26,16,4,98.6,6.16,17,1,,,,,,False
P1411,2021,185,Jalen Guyton,WR,LAC,24,16,2,97.2,6.08,17,1,,,,,,False
P1309,2021,186,Zach Pascal,WR,IND,27,16,13,94.5,5.91,17,1,,,,,,False
P1466,2021,187,D'Onta Foreman,RB,TEN,25,9,3,93.9,10.43,17,8,132.0,17.0,131.0,7.71,0.0,True
P0873,2021,188,Randall Cobb,WR,GNB,31,12,3,93.6,7.8,17,5,213.0,13.0,81.7,6.28,4.0,True
P1467,2021,189,Josh Palmer,WR,LAC,22,17,5,92.9,5.46,17,0,88.0,16.0,169.3,10.58,1.0,True
P1186,2021,190,Austin Hooper,TE,CLE,27,16,16,92.5,5.78,17,1,180.0,17.0,97.4,5.73,0.0,True
P1290,2021,191,Michael Gallup,WR,DAL,25,9,8,91.5,10.17,17,8,164.0,14.0,105.4,7.53,3.0,True
P1142,2021,192,Trevor Siemian,QB,NOR,30,6,4,90.2,15.03,17,11,,,,,,False
P1468,2021,193,Olamide Zaccheaus,WR,ATL,24,17,8,89.8,5.28,17,0,159.0,17.0,110.0,6.47,0.0,True
P1098,2021,194,Ameer Abdullah,RB,2TM,28,17,1,89.5,5.26,17,0,,,,,,False
P1224,2021,195,Kenny Golladay,WR,NYG,28,14,14,89.1,6.36,17,3,,,,,,False
P1286,2021,196,Tre'Quan Smith,WR,NOR,25,11,6,87.7,7.97,17,6,,,,,,False
P1032,2021,197,Allen Robinson,WR,CHI,28,12,11,87.0,7.25,17,5,204.0,10.0,84.9,8.49,7.0,True
P1280,2021,198,Marquez Valdes-Scantling,WR,GNB,27,11,7,87.0,7.91,17,6,139.0,17.0,122.4,7.2,0.0,True
P1469,2021,199,DeAndre Carter,WR,WAS,28,17,6,86.5,5.09,17,0,157.0,17.0,112.3,6.61,0.0,True
P1470,2021,200,Freddie Swain,WR,SEA,23,17,8,86.5,5.09,17,0,,,,,,False
P0836,2021,201,Cam Newton,QB,CAR,32,8,5,86.4,10.8,17,9,,,,,,False
P1317,2021,202,Justin Jackson,RB,LAC,25,14,2,86.2,6.16,17,3,,,,,,False
P1366,2021,203,Foster Moreau,TE,LVR,24,17,11,85.3,5.02,17,0,203.0,15.0,85.2,5.68,2.0,True
P1396,2021,204,Jerry Jeudy,WR,DEN,22,10,5,85.0,8.5,17,7,58.0,15.0,204.2,13.61,2.0,True
P1418,2021,205,Henry Ruggs III,WR,LVR,22,7,7,84.5,12.07,17,10,,,,,,False
P0839,2021,206,Andy Dalton,QB,CHI,34,8,6,84.2,10.52,17,9,85.0,14.0,174.2,12.44,3.0,True
P1471,2021,207,Nico Collins,WR,HOU,22,14,8,83.6,5.97,17,3,182.0,10.0,97.1,9.71,7.0,True
P1472,2021,208,Devin Duvernay,WR,BAL,24,16,7,83.2,5.2,17,1,146.0,14.0,116.1,8.29,3.0,True
P1213,2021,209,Samaje Perine,RB,CIN,26,16,0,83.2,5.2,17,1,121.0,16.0,142.1,8.88,1.0,True
P1473,2021,210,Tyler Huntley,QB,BAL,23,7,4,82.6,11.8,17,10,,,,,,False
P1474,2021,211,Kadarius Toney,WR,NYG,22,10,4,82.4,8.24,17,7,,,,,,False
P1305,2021,212,Laquon Treadwell,WR,JAX,26,12,7,82.4,6.87,17,5,,,,,,False
P1475,2021,213,Jauan Jennings,WR,SFO,24,16,1,82.2,5.14,17,1,212.0,16.0,82.6,5.16,1.0,True
P1077,2021,214,Tyrod Taylor,QB,HOU,32,6,6,81.7,13.62,17,11,,,,,,False
P1079,2021,215,David Johnson,RB,HOU,30,13,4,81.3,6.25,17,4,,,,,,False
P1287,2021,216,Josh Reynolds,WR,2TM,26,12,5,80.6,6.72,17,5,168.0,14.0,103.9,7.42,3.0,True
P0841,2021,217,Julio Jones,WR,TEN,32,10,10,80.4,8.04,17,7,229.0,10.0,70.4,7.04,7.0,True
P1421,2021,218,Mo Alie-Cox,TE,IND,28,17,7,79.6,4.68,17,0,,,,,,False
P1153,2021,219,Adam Humphries,WR,WAS,28,17,11,79.3,4.66,17,0,,,,,,False
P1147,2021,220,Jack Doyle,TE,IND,31,17,14,79.2,4.66,17,0,,,,,,False
P1332,2021,221,Ronald Jones II,RB,TAM,24,16,3,79.2,4.95,17,1,,,,,,False
P1419,2021,222,Anthony Firkser,FB,TEN,26,15,1,79.1,5.27,17,2,,,,,,False
P1209,2021,223,Keelan Cole,WR,NYJ,28,15,11,78.9,5.26,17,2,,,,,,False
P1476,2021,224,Khalil Herbert,RB,CHI,23,17,2,78.9,4.64,17,0,142.0,13.0,117.8,9.06,4.0,True
P1129,2021,225,Cameron Brate,TE,TAM,30,17,3,78.5,4.62,17,0,,,,,,False
P1416,2021,226,Jalen Reagor,WR,PHI,22,17,13,78.1,4.59,17,0,,,,,,False
P1144,2021,227,Sterling Shepard,WR,NYG,28,7,6,77.7,11.1,17,10,,,,,,False
P1477,2021,228,Albert Okwuegbunam,TE,DEN,23,14,6,76.0,5.43,17,3,,,,,,False
P1478,2021,229,Jamal Agnew,WR,JAX,26,10,2,76.0,7.6,17,7,230.0,15.0,70.3,4.69,2.0,True
P1412,2021,230,Dan Arnold,WR,2TM,26,11,4,75.8,6.89,17,6,,,,,,False
P0682,2021,231,DeSean Jackson,WR,2TM,35,16,4,75.8,4.74,17,1,,,,,,False
P0897,2021,232,T.Y. Hilton,WR,IND,32,10,9,74.1,7.41,17,7,,,,,,False
P1110,2021,233,Kyle Juszczyk,FB,SFO,30,17,16,73.8,4.34,17,0,,,,,,False
P1479,2021,234,Jeremy McNichols,RB,TEN,26,14,0,73.6,5.26,17,3,,,,,,False
P1480,2021,235,Dontrell Hilliard,RB,TEN,26,8,5,72.7,9.09,17,9,220.0,12.0,77.2,6.43,5.0,True
P1196,2021,236,Jacoby Brissett,QB,MIA,29,11,5,72.3,6.57,17,6,89.0,16.0,168.6,10.54,1.0,True
P1481,2021,237,Tyler Johnson,WR,TAM,23,17,3,72.0,4.24,17,0,,,,,,False
P1259,2021,238,Calvin Ridley,WR,ATL,27,5,5,71.1,14.22,17,12,,,,,,False
P1013,2021,239,Sammy Watkins,WR,BAL,28,13,9,70.4,5.42,17,4,,,,,,False
P1482,2021,240,Durham Smythe,TE,MIA,26,17,12,70.0,4.12,17,0,,,,,,False
P1483,2021,241,Geoff Swaim,TE,TEN,28,16,16,70.0,4.38,17,1,,,,,,False
P1301,2021,242,Demarcus Robinson,WR,KAN,27,17,10,69.4,4.08,17,0,169.0,17.0,103.8,6.11,0.0,True
P1302,2021,243,Ricky Seals-Jones,TE,WAS,26,13,6,69.1,5.32,17,4,,,,,,False
P1201,2021,244,Alex Collins,RB,SEA,27,11,6,68.8,6.25,17,6,,,,,,False
P0756,2021,245,Danny Amendola,WR,HOU,36,8,0,68.8,8.6,17,9,,,,,,False
P1331,2021,246,Darius Slayton,WR,NYG,24,13,5,68.6,5.28,17,4,134.0,16.0,128.4,8.02,1.0,True
P1312,2021,247,Jonnu Smith,TE,NWE,26,16,11,67.4,4.21,17,1,,,,,,False
P1484,2021,248,Ray-Ray McCloud,WR,PIT,25,16,5,66.2,4.14,17,1,,,,,,False
P1339,2021,249,James Washington,WR,PIT,25,15,2,65.8,4.39,17,2,,,,,,False
P1164,2021,250,Ryan Griffin,TE,NYJ,31,14,12,65.1,4.65,17,3,,,,,,False
P1253,2022,1,Patrick Mahomes,QB,KAN,27,17,17,417.4,24.55,17,0,18.0,16.0,280.2,17.51,1.0,True
P1258,2022,2,Josh Allen,QB,BUF,26,16,16,395.5,24.72,17,1,2.0,17.0,392.6,23.09,0.0,True
P1405,2022,3,Jalen Hurts,QB,PHI,24,15,15,378.0,25.2,17,2,5.0,17.0,356.8,20.99,0.0,True
P1214,2022,4,Austin Ekeler,RB,LAC,27,17,17,372.7,21.92,17,0,88.0,14.0,185.4,13.24,3.0,True
P1380,2022,5,Justin Jefferson,WR,MIN,23,17,17,368.7,21.69,17,0,74.0,10.0,202.2,20.22,7.0,True
P1195,2022,6,Christian McCaffrey,RB,2TM,26,17,16,356.4,20.96,17,0,3.0,16.0,391.3,24.46,1.0,True
P1392,2022,7,Joe Burrow,QB,CIN,26,16,16,350.7,21.92,17,1,118.0,10.0,147.2,14.72,7.0,True
P1137,2022,8,Tyreek Hill,WR,MIA,28,17,17,347.2,20.42,17,0,4.0,16.0,376.4,23.52,1.0,True
P1039,2022,9,Davante Adams,WR,LVR,30,17,17,335.5,19.74,17,0,27.0,17.0,265.4,15.61,0.0,True
P1326,2022,10,Josh Jacobs,RB,LVR,24,17,17,328.3,19.31,17,0,92.0,13.0,181.1,13.93,4.0,True
P1088,2022,11,Stefon Diggs,WR,BUF,29,16,16,316.6,19.79,17,1,22.0,17.0,273.8,16.11,0.0,True
P1016,2022,12,Travis Kelce,TE,KAN,33,17,17,316.3,18.61,17,0,59.0,15.0,219.4,14.63,2.0,True
P0959,2022,13,Geno Smith,QB,SEA,32,17,17,303.9,17.88,17,0,52.0,15.0,227.3,15.15,2.0,True
P1162,2022,14,Derrick Henry,RB,TEN,28,16,16,302.8,18.92,17,1,36.0,17.0,246.7,14.51,0.0,True
P1383,2022,15,CeeDee Lamb,WR,DAL,23,17,17,301.6,17.74,17,0,1.0,17.0,403.2,23.72,0.0,True
P1323,2022,16,A.J. Brown,WR,PHI,25,17,16,299.6,17.62,17,0,13.0,17.0,289.6,17.04,0.0,True
P1454,2022,17,Justin Fields,QB,CHI,23,15,15,296.0,19.73,17,2,49.0,13.0,230.2,17.71,4.0,True
P1436,2022,18,Trevor Lawrence,QB,JAX,23,17,17,295.6,17.39,17,0,29.0,16.0,262.5,16.41,1.0,True
P1047,2022,19,Kirk Cousins,QB,MIN,34,17,17,291.6,17.15,17,0,117.0,8.0,149.7,18.71,9.0,True
P1324,2022,20,Daniel Jones,QB,NYG,25,16,16,289.0,18.06,17,1,250.0,6.0,57.0,9.5,11.0,True
P1193,2022,21,Jared Goff,QB,DET,28,17,17,284.3,16.72,17,0,14.0,17.0,289.1,17.01,0.0,True
P1254,2022,22,Saquon Barkley,RB,NYG,25,16,16,284.0,17.75,17,1,56.0,14.0,223.2,15.94,3.0,True
P1261,2022,23,Nick Chubb,RB,CLE,27,17,17,281.4,16.55,17,0,,,,,,False
P1379,2022,24,Justin Herbert,QB,LAC,24,17,17,281.3,16.55,17,0,43.0,13.0,234.2,18.02,4.0,True
P0260,2022,25,Tom Brady,QB,TAM,45,17,17,271.7,15.98,17,0,,,,,,False
P1432,2022,26,Amon-Ra St. Brown,WR,DET,23,16,16,267.6,16.73,17,1,8.0,16.0,330.9,20.68,1.0,True
P1431,2022,27,Jaylen Waddle,WR,MIA,24,17,17,259.2,15.25,17,0,80.0,14.0,198.6,14.19,3.0,True
P1438,2022,28,DeVonta Smith,WR,PHI,24,17,17,254.6,14.98,17,0,51.0,16.0,227.6,14.22,1.0,True
P1458,2022,29,Rhamondre Stevenson,RB,NWE,24,17,7,249.1,14.65,17,0,120.0,12.0,145.7,12.14,5.0,True
P1353,2022,30,Tony Pollard,RB,DAL,25,16,4,248.8,15.55,17,1,57.0,17.0,222.6,13.09,0.0,True
P1233,2022,31,Aaron Jones,RB,GNB,28,17,17,248.6,14.62,17,0,130.0,11.0,134.9,12.26,6.0,True
P1080,2022,32,Amari Cooper,WR,CLE,28,17,17,246.0,14.47,17,0,53.0,15.0,227.0,15.13,2.0,True
P1429,2022,33,Ja'Marr Chase,WR,CIN,22,12,12,242.4,20.2,17,5,28.0,16.0,262.7,16.42,1.0,True
P1273,2022,34,Christian Kirk,WR,JAX,26,17,17,241.9,14.23,17,0,114.0,12.0,150.3,12.52,5.0,True
P1206,2022,35,Joe Mixon,RB,CIN,26,14,14,239.5,17.11,17,3,26.0,17.0,267.0,15.71,0.0,True
P0671,2022,36,Aaron Rodgers,QB,GNB,39,17,17,239.2,14.07,17,0,,,,,,False
P1244,2022,37,Dalvin Cook,RB,MIN,27,17,17,237.8,13.99,17,0,,,,,,False
P1084,2022,38,Tyler Lockett,WR,SEA,30,16,16,237.3,14.83,17,1,73.0,17.0,202.4,11.91,0.0,True
P1265,2022,39,Lamar Jackson,QB,BAL,25,12,12,236.1,19.68,17,5,7.0,16.0,331.2,20.7,1.0,True
P1402,2022,40,Tua Tagovailoa,QB,MIA,24,13,13,230.9,17.76,17,4,23.0,17.0,270.4,15.91,0.0,True
P1325,2022,41,Terry McLaurin,WR,WAS,27,17,17,229.0,13.47,17,0,68.0,17.0,209.2,12.31,0.0,True
P1388,2022,42,Brandon Aiyuk,WR,SFO,24,17,17,227.8,13.4,17,0,35.0,16.0,249.2,15.58,1.0,True
P1328,2022,43,D.K. Metcalf,WR,SEA,25,17,17,226.8,13.34,17,0,54.0,16.0,225.4,14.09,1.0,True
P1194,2022,44,Leonard Fournette,RB,TAM,27,16,9,226.1,14.13,17,1,,,,,,False
P1204,2022,45,Jamaal Williams,RB,DET,27,17,9,225.9,13.29,17,0,238.0,13.0,60.8,4.68,4.0,True
P0891,2022,46,Russell Wilson,QB,DEN,34,15,15,225.8,15.05,17,2,32.0,15.0,256.9,17.13,2.0,True
P1008,2022,47,Mike Evans,WR,TAM,29,15,15,225.4,15.03,17,2,16.0,17.0,282.5,16.62,0.0,True
P1430,2022,48,Najee Harris,RB,PIT,24,17,17,223.5,13.15,17,0,84.0,17.0,195.5,11.5,0.0,True
P1225,2022,49,Chris Godwin,WR,TAM,26,15,13,222.8,14.85,17,2,67.0,17.0,209.2,12.31,0.0,True
P1386,2022,50,Tee Higgins,WR,CIN,23,16,14,220.9,13.81,17,1,125.0,12.0,137.6,11.47,5.0,True
P1015,2022,51,Derek Carr,QB,LVR,31,15,15,219.1,14.61,17,2,41.0,17.0,241.1,14.18,0.0,True
P1322,2022,52,Miles Sanders,RB,PHI,25,17,15,216.7,12.75,17,0,190.0,16.0,87.6,5.48,1.0,True
P1409,2022,53,Michael Pittman Jr.,WR,IND,25,16,16,216.5,13.53,17,1,34.0,16.0,250.2,15.64,1.0,True
P1485,2022,54,Garrett Wilson,WR,NYJ,22,17,12,215.7,12.69,17,0,64.0,17.0,213.2,12.54,0.0,True
P1354,2022,55,T.J. Hockenson,TE,2TM,25,17,14,215.4,12.67,17,0,60.0,15.0,219.0,14.6,2.0,True
P1191,2022,56,Alvin Kamara,RB,NOR,27,15,13,211.7,14.11,17,2,44.0,13.0,233.0,17.92,4.0,True
P1486,2022,57,Travis Etienne,RB,JAX,23,17,12,205.1,12.06,17,0,17.0,17.0,282.4,16.61,0.0,True
P1396,2022,58,Jerry Jeudy,WR,DEN,23,15,14,204.2,13.61,17,2,124.0,16.0,141.8,8.86,1.0,True
P1487,2022,59,Kenneth Walker III,RB,SEA,22,15,11,202.5,13.5,17,2,78.0,15.0,199.4,13.29,2.0,True
P1198,2022,60,Cooper Kupp,WR,LAR,29,9,9,201.4,22.38,17,8,103.0,12.0,164.4,13.7,5.0,True
P1215,2022,61,George Kittle,TE,SFO,29,15,15,200.5,13.37,17,2,72.0,16.0,203.2,12.7,1.0,True
P1318,2022,62,Kyler Murray,QB,ARI,25,11,11,200.5,18.23,17,6,119.0,8.0,146.4,18.3,9.0,True
P1255,2022,63,James Conner,RB,ARI,27,13,13,200.2,15.4,17,4,75.0,13.0,201.5,15.5,4.0,True
P1266,2022,64,D.J. Moore,WR,CAR,25,17,17,199.1,11.71,17,0,15.0,17.0,286.5,16.85,0.0,True
P1134,2022,65,Dak Prescott,QB,DAL,29,12,12,198.6,16.55,17,5,6.0,17.0,342.8,20.16,0.0,True
P1488,2022,66,Chris Olave,WR,NOR,22,15,9,198.2,13.21,17,2,46.0,16.0,231.3,14.46,1.0,True
P1238,2022,67,Zay Jones,WR,JAX,27,16,15,198.1,12.38,17,1,205.0,9.0,78.1,8.68,8.0,True
P1081,2022,68,Marcus Mariota,QB,ATL,29,13,13,196.6,15.12,17,4,,,,,,False
P1044,2022,69,Jerick McKinnon,RB,KAN,30,17,0,196.3,11.55,17,0,196.0,12.0,84.4,7.03,5.0,True
P1387,2022,70,D'Andre Swift,RB,DET,23,14,8,191.1,13.65,17,3,79.0,16.0,199.3,12.46,1.0,True
P1281,2022,71,Mark Andrews,TE,BAL,27,15,15,190.5,12.7,17,2,129.0,10.0,135.4,13.54,7.0,True
P1133,2022,72,Ezekiel Elliott,RB,DAL,27,15,14,185.8,12.39,17,2,96.0,17.0,174.5,10.26,0.0,True
P1197,2022,73,JuJu Smith-Schuster,WR,KAN,26,16,14,185.3,11.58,17,1,237.0,11.0,61.0,5.55,6.0,True
P1443,2022,74,Davis Mills,QB,HOU,24,15,15,181.5,12.1,17,2,,,,,,False
P1334,2022,75,Diontae Johnson,WR,PIT,26,17,17,180.7,10.63,17,0,111.0,13.0,152.7,11.75,4.0,True
P1373,2022,76,Jakobi Meyers,WR,NWE,26,14,13,180.3,12.88,17,3,61.0,16.0,218.6,13.66,1.0,True
P1141,2022,77,Adam Thielen,WR,MIN,32,17,17,180.0,10.59,17,0,47.0,17.0,231.0,13.59,0.0,True
P1489,2022,78,Drake London,WR,ATL,21,17,15,178.6,10.51,17,0,97.0,16.0,174.4,10.9,1.0,True
P1335,2022,79,Devin Singletary,RB,BUF,25,16,16,177.9,11.12,17,1,101.0,17.0,167.3,9.84,0.0,True
P1330,2022,80,David Montgomery,RB,CHI,25,16,16,177.7,11.11,17,1,70.0,14.0,207.2,14.8,3.0,True
P1200,2022,81,Evan Engram,TE,JAX,28,17,14,176.9,10.41,17,0,48.0,17.0,230.3,13.55,0.0,True
P1262,2022,82,Mike Williams,WR,LAC,28,13,13,176.5,13.58,17,4,,,,,,False
P1269,2022,83,Curtis Samuel,WR,WAS,26,17,12,176.3,10.37,17,0,105.0,16.0,157.2,9.82,1.0,True
P1344,2022,84,Allen Lazard,WR,GNB,27,15,15,174.8,11.65,17,2,243.0,14.0,60.1,4.29,3.0,True
P0839,2022,85,Andy Dalton,QB,NOR,35,14,14,174.2,12.44,17,3,,,,,,False
P1401,2022,86,Gabe Davis,WR,BUF,23,15,15,171.6,11.44,17,2,104.0,17.0,161.4,9.49,0.0,True
P1433,2022,87,Mac Jones,QB,NWE,24,14,14,170.1,12.15,17,3,164.0,11.0,106.4,9.67,6.0,True
P1467,2022,88,Josh Palmer,WR,LAC,23,16,11,169.3,10.58,17,1,163.0,10.0,106.7,10.67,7.0,True
P1196,2022,89,Jacoby Brissett,QB,CLE,30,16,11,168.6,10.54,17,1,,,,,,False
P1327,2022,90,Deebo Samuel,WR,SFO,26,13,12,168.4,12.95,17,4,38.0,15.0,243.7,16.25,2.0,True
P1333,2022,91,Raheem Mostert,RB,MIA,30,16,14,168.3,10.52,17,1,25.0,15.0,267.7,17.85,2.0,True
P1437,2022,92,AJ Dillon,RB,GNB,24,17,3,167.6,9.86,17,0,148.0,15.0,117.6,7.84,2.0,True
P1460,2022,93,Donovan Peoples-Jones,WR,CLE,23,17,14,167.1,9.83,17,0,,,,,,False
P1159,2022,94,Tyler Boyd,WR,CIN,28,16,14,167.1,10.44,17,1,121.0,17.0,144.8,8.52,0.0,True
P1490,2022,95,George Pickens,WR,PIT,21,17,12,166.5,9.79,17,0,69.0,17.0,208.8,12.28,0.0,True
P1491,2022,96,Dameon Pierce,RB,HOU,22,13,13,166.4,12.8,17,4,198.0,14.0,82.7,5.91,3.0,True
P1385,2022,97,Antonio Gibson,RB,WAS,24,15,6,165.9,11.06,17,2,136.0,16.0,127.4,7.96,1.0,True
P1230,2022,98,Jimmy Garoppolo,QB,SFO,31,11,10,164.8,14.98,17,6,232.0,7.0,64.1,9.16,10.0,True
P1492,2022,99,Christian Watson,WR,GNB,23,14,11,164.1,11.72,17,3,171.0,9.0,101.3,11.26,8.0,True
P0955,2022,100,Keenan Allen,WR,LAC,30,10,10,164.0,16.4,17,7,19.0,13.0,278.9,21.45,4.0,True
P0901,2022,101,Ryan Tannehill,QB,TEN,34,12,12,161.2,13.43,17,5,201.0,10.0,80.0,8.0,7.0,True
P1271,2022,102,Courtland Sutton,WR,DEN,27,15,15,159.4,10.63,17,2,86.0,16.0,190.2,11.89,1.0,True
P1493,2022,103,Tyler Allgeier,RB,ATL,22,16,7,159.4,9.96,17,1,126.0,17.0,137.6,8.09,0.0,True
P1400,2022,104,Jeff Wilson,RB,2TM,27,16,7,158.5,9.91,17,1,,,,,,False
P1336,2022,105,Marquise Brown,WR,ARI,25,12,10,156.0,13.0,17,5,131.0,14.0,134.7,9.62,3.0,True
P1442,2022,106,K.J. Osborn,WR,MIN,25,17,9,155.6,9.15,17,0,143.0,16.0,120.0,7.5,1.0,True
P0679,2022,107,Matt Ryan,QB,IND,37,12,12,155.3,12.94,17,5,,,,,,False
P0963,2022,108,Cordarrelle Patterson,RB,ATL,31,13,11,154.7,11.9,17,4,,,,,,False
P1052,2022,109,Latavius Murray,RB,2TM,32,13,7,154.2,11.86,17,4,197.0,16.0,82.9,5.18,1.0,True
P1494,2022,110,Mack Hollins,WR,LVR,29,17,16,154.2,9.07,17,0,,,,,,False
P1249,2022,111,Tyler Higbee,TE,LAR,29,17,17,152.0,8.94,17,0,160.0,15.0,108.5,7.23,2.0,True
P0968,2022,112,DeAndre Hopkins,WR,ARI,30,9,9,151.7,16.86,17,8,55.0,17.0,223.6,13.15,0.0,True
P1495,2022,113,Kenny Pickett,QB,PIT,24,13,12,149.9,11.53,17,4,158.0,12.0,110.2,9.18,5.0,True
P1496,2022,114,Parris Campbell,WR,IND,25,17,16,149.1,8.77,17,0,,,,,,False
P1447,2022,115,Pat Freiermuth,TE,PIT,24,16,8,148.2,9.26,17,1,206.0,12.0,76.8,6.4,5.0,True
P1456,2022,116,Cole Kmet,TE,CHI,23,17,17,147.3,8.66,17,0,91.0,17.0,181.1,10.65,0.0,True
P1381,2022,117,Jonathan Taylor,RB,IND,23,11,11,146.4,13.31,17,6,108.0,10.0,156.4,15.64,7.0,True
P1345,2022,118,Taysom Hill,TE,NOR,32,16,8,145.8,9.11,17,1,123.0,16.0,143.5,8.97,1.0,True
P1026,2022,119,Brandin Cooks,WR,HOU,29,13,13,145.6,11.2,17,4,99.0,16.0,173.2,10.82,1.0,True
P1399,2022,120,Dalton Schultz,TE,DAL,26,15,15,142.7,9.51,17,2,113.0,15.0,150.5,10.03,2.0,True
P1213,2022,121,Samaje Perine,RB,CIN,27,16,2,142.1,8.88,17,1,142.0,17.0,121.3,7.14,0.0,True
P1223,2022,122,David Njoku,TE,CLE,26,14,14,142.0,10.14,17,3,76.0,16.0,201.2,12.58,1.0,True
P1407,2022,123,Cam Akers,RB,LAR,23,15,9,141.3,9.42,17,2,,,,,,False
P1291,2022,124,Dallas Goedert,TE,PHI,27,12,12,141.2,11.77,17,5,128.0,14.0,136.3,9.74,3.0,True
P1295,2022,125,Gerald Everett,TE,LAC,28,16,11,139.5,8.72,17,1,157.0,15.0,111.1,7.41,2.0,True
P1497,2022,126,Rachaad White,RB,TAM,23,17,8,139.1,8.18,17,0,24.0,17.0,267.9,15.76,0.0,True
P1355,2022,127,Dawson Knox,TE,BUF,26,15,15,135.7,9.05,17,2,,,,,,False
P1498,2022,128,Isiah Pacheco,RB,KAN,23,17,11,135.0,7.94,17,0,63.0,14.0,213.9,15.28,3.0,True
P1499,2022,129,Juwan Johnson,TE,NOR,26,16,12,134.8,8.43,17,1,176.0,13.0,97.8,7.52,4.0,True
P1428,2022,130,Richie James,WR,NYG,27,17,4,132.5,7.79,17,0,,,,,,False
P1449,2022,131,Tyler Conklin,TE,NYJ,27,17,16,131.5,7.74,17,0,141.0,17.0,123.1,7.24,0.0,True
P1466,2022,132,D'Onta Foreman,RB,CAR,26,17,9,131.0,7.71,17,0,185.0,9.0,91.2,10.13,8.0,True
P1500,2022,133,Jahan Dotson,WR,WAS,22,12,10,130.6,10.88,17,5,139.0,17.0,124.8,7.34,0.0,True
P1331,2022,134,Darius Slayton,WR,NYG,25,16,11,128.4,8.02,17,1,112.0,17.0,151.0,8.88,0.0,True
P1192,2022,135,Kareem Hunt,RB,CLE,27,17,0,126.8,7.46,17,0,147.0,15.0,118.5,7.9,2.0,True
P1444,2022,136,Michael Carter,RB,NYJ,23,16,10,126.0,7.88,17,1,247.0,15.0,58.8,3.92,2.0,True
P1347,2022,137,Russell Gage,WR,TAM,26,13,4,123.6,9.51,17,4,,,,,,False
P1341,2022,138,Noah Fant,TE,SEA,25,17,16,122.6,7.21,17,0,211.0,17.0,73.4,4.32,0.0,True
P1280,2022,139,Marquez Valdes-Scantling,WR,KAN,28,17,11,122.4,7.2,17,0,,,,,,False
P1256,2022,140,Baker Mayfield,QB,2TM,27,12,10,121.4,10.12,17,5,21.0,17.0,274.1,16.12,0.0,True
P1372,2022,141,Isaiah McKenzie,WR,BUF,27,15,8,119.8,7.99,17,2,,,,,,False
P1476,2022,142,Khalil Herbert,RB,CHI,24,13,1,117.8,9.06,17,4,155.0,12.0,112.5,9.38,5.0,True
P0960,2022,143,Marvin Jones,WR,JAX,32,16,10,116.9,7.31,17,1,,,,,,False
P1352,2022,144,Jordan Akins,TE,HOU,30,15,3,116.5,7.77,17,2,,,,,,False
P1452,2022,145,Kalif Raymond,WR,DET,28,17,7,116.2,6.84,17,0,177.0,17.0,97.4,5.73,0.0,True
P1472,2022,146,Devin Duvernay,WR,BAL,25,14,13,116.1,8.29,17,3,,,,,,False
P1434,2022,147,Taylor Heinicke,QB,WAS,29,9,9,116.0,12.89,17,8,229.0,5.0,66.0,13.2,12.0,True
P0975,2022,148,Robert Woods,WR,TEN,30,17,15,115.7,6.81,17,0,187.0,14.0,89.3,6.38,3.0,True
P0981,2022,149,Zach Ertz,TE,ARI,32,10,10,115.6,11.56,17,7,,,,,,False
P1501,2022,150,Breece Hall,RB,NYJ,21,7,2,115.1,16.44,17,10,12.0,17.0,290.5,17.09,0.0,True
P1243,2022,151,Chris Moore,WR,HOU,29,16,7,115.1,7.19,17,1,225.0,17.0,68.3,4.02,0.0,True
P1502,2022,152,Noah Brown,WR,DAL,26,16,13,114.5,7.16,17,1,170.0,10.0,101.6,10.16,7.0,True
P1503,2022,153,Greg Dortch,WR,ARI,24,16,4,113.1,7.07,17,1,231.0,16.0,64.5,4.03,1.0,True
P1140,2022,154,Carson Wentz,QB,WAS,30,8,7,112.8,14.1,17,9,,,,,,False
P1504,2022,155,Brian Robinson Jr.,RB,WAS,23,12,9,112.7,9.39,17,5,81.0,15.0,198.1,13.21,2.0,True
P1505,2022,156,Alec Pierce,WR,IND,22,16,12,112.3,7.02,17,1,181.0,17.0,95.4,5.61,0.0,True
P1469,2022,157,DeAndre Carter,WR,LAC,29,17,7,112.3,6.61,17,0,,,,,,False
P1390,2022,158,Robert Tonyan,TE,GNB,28,17,3,112.0,6.59,17,0,,,,,,False
P1468,2022,159,Olamide Zaccheaus,WR,ATL,25,17,13,110.0,6.47,17,0,,,,,,False
P0745,2022,160,Matthew Stafford,QB,LAR,34,9,9,108.4,12.04,17,8,39.0,15.0,243.1,16.21,2.0,True
P1506,2022,161,Brock Purdy,QB,SFO,23,9,5,106.3,11.81,17,8,11.0,16.0,295.6,18.48,1.0,True
P1507,2022,162,James Cook,RB,BUF,23,16,0,105.7,6.61,17,1,45.0,17.0,232.7,13.69,0.0,True
P1358,2022,163,Hayden Hurst,TE,CIN,29,13,13,105.4,8.11,17,4,,,,,,False
P1290,2022,164,Michael Gallup,WR,DAL,26,14,11,105.4,7.53,17,3,189.0,17.0,87.8,5.16,0.0,True
P1384,2022,165,Chase Claypool,WR,2TM,24,15,11,105.0,7.0,17,2,,,,,,False
P1205,2022,166,Kenyan Drake,RB,BAL,28,12,5,104.1,8.67,17,5,,,,,,False
P1155,2022,167,Hunter Henry,TE,NWE,28,17,14,103.9,6.11,17,0,144.0,14.0,119.9,8.56,3.0,True
P1287,2022,168,Josh Reynolds,WR,DET,27,14,11,103.9,7.42,17,3,135.0,17.0,128.8,7.58,0.0,True
P1301,2022,169,Demarcus Robinson,WR,BAL,28,17,5,103.8,6.11,17,0,191.0,16.0,87.4,5.46,1.0,True
P1113,2022,170,DeVante Parker,WR,NWE,29,13,11,102.9,7.92,17,4,215.0,13.0,72.4,5.57,4.0,True
P1508,2022,171,Romeo Doubs,WR,GNB,22,13,7,101.6,7.82,17,4,98.0,17.0,174.4,10.26,0.0,True
P1398,2022,172,Darnell Mooney,WR,CHI,25,12,12,101.5,8.46,17,5,203.0,15.0,78.9,5.26,2.0,True
P1509,2022,173,Rashid Shaheed,WR,NOR,24,12,6,100.5,8.38,17,5,109.0,15.0,155.6,10.37,2.0,True
P1510,2022,174,Isaiah Hodgins,WR,2TM,24,10,5,100.2,10.02,17,7,244.0,17.0,60.0,3.53,0.0,True
P1445,2022,175,Zach Wilson,QB,NYJ,23,9,9,98.9,10.99,17,8,145.0,12.0,119.9,9.99,5.0,True
P1391,2022,176,Clyde Edwards-Helaire,RB,KAN,23,10,6,98.3,9.83,17,7,221.0,15.0,70.1,4.67,2.0,True
P1320,2022,177,DJ Chark,WR,DET,26,11,10,98.2,8.93,17,6,150.0,15.0,115.5,7.7,2.0,True
P1337,2022,178,Mike Gesicki,TE,MIA,27,17,1,98.2,5.78,17,0,230.0,17.0,65.4,3.85,0.0,True
P1239,2022,179,Corey Davis,WR,NYJ,27,13,10,97.6,7.51,17,4,,,,,,False
P1186,2022,180,Austin Hooper,TE,TEN,28,17,2,97.4,5.73,17,0,,,,,,False
P1511,2022,181,Chig Okonkwo,TE,TEN,23,17,8,97.2,5.72,17,0,152.0,17.0,113.4,6.67,0.0,True
P1471,2022,182,Nico Collins,WR,HOU,23,10,7,97.1,9.71,17,7,30.0,15.0,260.4,17.36,2.0,True
P1512,2022,183,Treylon Burks,WR,TEN,22,11,6,94.1,8.55,17,6,,,,,,False
P1340,2022,184,Mecole Hardman,WR,KAN,24,8,5,93.8,11.72,17,9,,,,,,False
P1513,2022,185,Jaylen Warren,RB,PIT,24,16,0,93.3,5.83,17,1,82.0,17.0,196.4,11.55,0.0,True
P1514,2022,186,Cade Otton,TE,TAM,23,16,11,93.1,5.82,17,1,149.0,17.0,116.5,6.85,0.0,True
P1515,2022,187,Isaiah Likely,TE,BAL,22,16,2,91.3,5.71,17,1,172.0,17.0,101.1,5.95,0.0,True
P1414,2022,188,Damien Harris,RB,NWE,25,11,9,90.9,8.26,17,6,,,,,,False
P1005,2022,189,Marquise Goodwin,WR,SEA,32,13,2,90.2,6.94,17,4,,,,,,False
P1516,2022,190,Eno Benjamin,RB,3TM,23,15,3,89.6,5.97,17,2,,,,,,False
P1382,2022,191,James Robinson,RB,2TM,24,11,5,88.6,8.05,17,6,,,,,,False
P1365,2022,192,Alexander Mattison,RB,MIN,24,17,0,88.4,5.2,17,0,132.0,16.0,133.2,8.32,1.0,True
P1277,2022,193,Kendrick Bourne,WR,NWE,27,16,2,88.3,5.52,17,1,175.0,8.0,100.0,12.5,9.0,True
P1450,2022,194,Elijah Moore,WR,NYJ,22,16,9,88.1,5.51,17,1,134.0,17.0,132.1,7.77,0.0,True
P1455,2022,195,Kenneth Gainwell,RB,PHI,23,17,0,87.9,5.17,17,0,178.0,16.0,97.4,6.09,1.0,True
P1462,2022,196,Rondale Moore,WR,ARI,22,8,8,87.9,10.99,17,9,167.0,17.0,105.0,6.18,0.0,True
P1451,2022,197,Chuba Hubbard,RB,CAR,23,15,2,87.7,5.85,17,2,89.0,17.0,182.5,10.74,0.0,True
P1105,2022,198,Melvin Gordon,RB,DEN,29,10,6,87.1,8.71,17,7,,,,,,False
P1363,2022,199,Will Dissly,TE,SEA,26,15,15,86.9,5.79,17,2,,,,,,False
P1263,2022,200,Sam Darnold,QB,CAR,25,6,6,86.3,14.38,17,11,,,,,,False
P1517,2022,201,Greg Dulcich,TE,DEN,22,10,6,86.1,8.61,17,7,,,,,,False
P1202,2022,202,Deshaun Watson,QB,CLE,27,6,6,85.6,14.27,17,11,193.0,6.0,86.8,14.47,11.0,True
P1366,2022,203,Foster Moreau,TE,LVR,25,15,14,85.2,5.68,17,2,,,,,,False
P1032,2022,204,Allen Robinson,WR,LAR,29,10,10,84.9,8.49,17,7,234.0,17.0,62.0,3.65,0.0,True
P1321,2022,205,Darren Waller,TE,LVR,30,9,6,84.8,9.42,17,8,153.0,12.0,113.2,9.43,5.0,True
P1518,2022,206,Deon Jackson,RB,IND,23,16,2,84.5,5.28,17,1,,,,,,False
P1457,2022,207,Quez Watkins,WR,PHI,24,17,8,84.5,4.97,17,0,,,,,,False
P1519,2022,208,Ben Skowronek,WR,LAR,25,14,11,84.3,6.02,17,3,,,,,,False
P1520,2022,209,Trent Sherfield,WR,MIA,26,17,4,83.7,4.92,17,0,,,,,,False
P1521,2022,210,Terrace Marshall Jr.,WR,CAR,22,14,9,83.0,5.93,17,3,,,,,,False
P1463,2022,211,Nick Westbrook-Ikhine,WR,TEN,25,17,13,82.7,4.86,17,0,194.0,14.0,85.0,6.07,3.0,True
P1475,2022,212,Jauan Jennings,WR,SFO,25,16,4,82.6,5.16,17,1,,,,,,False
P0873,2022,213,Randall Cobb,WR,GNB,32,13,3,81.7,6.28,17,4,,,,,,False
P1264,2022,214,Nyheim Hines,RB,2TM,26,16,5,81.4,5.09,17,1,,,,,,False
P1393,2022,215,J.K. Dobbins,RB,BAL,24,8,8,81.2,10.15,17,9,,,,,,False
P1338,2022,216,Hunter Renfrow,WR,LVR,27,10,1,79.0,7.9,17,7,,,,,,False
P1440,2022,217,Van Jefferson,WR,LAR,26,11,9,78.9,7.17,17,6,,,,,,False
P1180,2022,218,Rex Burkhead,RB,HOU,32,16,0,77.4,4.84,17,1,,,,,,False
P1389,2022,219,Logan Thomas,TE,WAS,31,14,13,77.3,5.52,17,3,137.0,16.0,126.8,7.92,1.0,True
P1480,2022,220,Dontrell Hilliard,RB,TEN,27,12,1,77.2,6.43,17,5,,,,,,False
P1439,2022,221,Kyle Pitts,TE,ATL,22,10,10,75.6,7.56,17,7,127.0,17.0,137.3,8.08,0.0,True
P1174,2022,222,Nelson Agholor,WR,NWE,29,16,7,75.2,4.7,17,1,179.0,17.0,97.1,5.71,0.0,True
P1522,2022,223,Daniel Bellinger,TE,NYG,22,12,11,75.0,6.25,17,5,,,,,,False
P1313,2022,224,Chase Edmonds,RB,2TM,26,13,3,74.2,5.71,17,4,,,,,,False
P1523,2022,225,Jelani Woods,TE,IND,24,15,2,74.2,4.95,17,2,,,,,,False
P1208,2022,226,Mitchell Trubisky,QB,PIT,28,7,5,73.9,10.56,17,10,,,,,,False
P1403,2022,227,Darrell Henderson,RB,LAR,25,10,7,73.5,7.35,17,7,,,,,,False
P1397,2022,228,Laviska Shenault Jr.,WR,CAR,24,13,4,72.7,5.59,17,4,,,,,,False
P0841,2022,229,Julio Jones,WR,TAM,33,10,5,70.4,7.04,17,7,,,,,,False
P1478,2022,230,Jamal Agnew,WR,JAX,27,15,0,70.3,4.69,17,2,,,,,,False
P1524,2022,231,Jamycal Hasty,RB,JAX,26,17,0,70.0,4.12,17,0,,,,,,False
P1525,2022,232,Noah Gray,TE,KAN,23,17,8,70.0,4.12,17,0,220.0,17.0,70.6,4.15,0.0,True
P1526,2022,233,Colby Parkinson,TE,SEA,23,17,2,69.2,4.07,17,0,235.0,17.0,61.7,3.63,0.0,True
P1527,2022,234,Tyquan Thornton,WR,NWE,22,13,9,66.3,5.1,17,4,,,,,,False
P1283,2022,235,Dante Pettis,WR,CHI,27,17,7,65.2,3.84,17,0,,,,,,False
P1420,2022,236,Joshua Kelley,RB,LAC,25,13,1,64.8,4.98,17,4,236.0,17.0,61.7,3.63,0.0,True
P1528,2022,237,Equanimeous St. Brown,WR,CHI,26,16,16,64.7,4.04,17,1,,,,,,False
P1408,2022,238,Zack Moss,RB,2TM,25,13,3,64.5,4.96,17,4,100.0,14.0,169.6,12.11,3.0,True
P1529,2022,239,Brock Wright,TE,DET,24,17,10,63.6,3.74,17,0,,,,,,False
P1530,2022,240,Trenton Irwin,WR,CIN,27,9,2,63.2,7.02,17,8,233.0,16.0,62.6,3.91,1.0,True
P1531,2022,241,Tutu Atwell,WR,LAR,23,13,4,63.2,4.86,17,4,156.0,16.0,112.4,7.02,1.0,True
P1532,2022,242,Harrison Bryant,TE,CLE,24,17,9,61.7,3.63,17,0,,,,,,False
P0838,2022,243,A.J. Green,WR,ARI,34,15,10,61.6,4.11,17,2,,,,,,False
P1533,2022,244,Shi Smith,WR,CAR,24,17,6,61.6,3.62,17,0,,,,,,False
P1534,2022,245,Trey McBride,TE,ARI,23,16,13,61.5,3.84,17,1,90.0,17.0,181.5,10.68,0.0,True
P1535,2022,246,Kylen Granson,TE,IND,24,13,4,61.2,4.71,17,4,213.0,15.0,73.0,4.87,2.0,True
P1017,2022,247,Jarvis Landry,WR,NOR,30,9,3,60.2,6.69,17,8,,,,,,False
P1217,2022,248,Matt Breida,RB,NYG,27,17,1,59.8,3.52,17,0,,,,,,False
P1292,2022,249,Gus Edwards,RB,BAL,27,9,4,59.3,6.59,17,8,87.0,17.0,187.0,11.0,0.0,True
P1536,2022,250,Zonovan Knight,RB,NYJ,21,7,4,59.0,8.43,17,10,,,,,,False
P1383,2023,1,CeeDee Lamb,WR,DAL,24,17,17,403.2,23.72,17,0,31.0,15.0,263.4,17.56,2.0,True
P1258,2023,2,Josh Allen,QB,BUF,27,17,17,392.6,23.09,17,0,3.0,17.0,379.0,22.29,0.0,True
P1195,2023,3,Christian McCaffrey,RB,SFO,27,16,16,391.3,24.46,17,1,,,,,,False
P1137,2023,4,Tyreek Hill,WR,MIA,29,16,16,376.4,23.52,17,1,58.0,17.0,218.2,12.84,0.0,True
P1405,2023,5,Jalen Hurts,QB,PHI,25,17,17,356.8,20.99,17,0,15.0,15.0,315.1,21.01,2.0,True
P1134,2023,6,Dak Prescott,QB,DAL,30,17,17,342.8,20.16,17,0,160.0,8.0,116.5,14.56,9.0,True
P1265,2023,7,Lamar Jackson,QB,BAL,26,16,16,331.2,20.7,17,1,1.0,17.0,430.4,25.32,0.0,True
P1432,2023,8,Amon-Ra St. Brown,WR,DET,24,16,16,330.9,20.68,17,1,14.0,17.0,316.2,18.6,0.0,True
P1537,2023,9,Jordan Love,QB,GNB,25,17,17,319.1,18.77,17,0,53.0,15.0,233.9,15.59,2.0,True
P1538,2023,10,Puka Nacua,WR,LAR,22,17,17,298.5,17.56,17,0,68.0,11.0,206.6,18.78,6.0,True
P1506,2023,11,Brock Purdy,QB,SFO,24,16,16,295.6,18.48,17,1,27.0,15.0,266.9,17.79,2.0,True
P1501,2023,12,Breece Hall,RB,NYJ,22,17,16,290.5,17.09,17,0,45.0,16.0,240.9,15.06,1.0,True
P1323,2023,13,A.J. Brown,WR,PHI,26,17,17,289.6,17.04,17,0,60.0,13.0,216.9,16.68,4.0,True
P1193,2023,14,Jared Goff,QB,DET,29,17,17,289.1,17.01,17,0,11.0,17.0,324.5,19.09,0.0,True
P1266,2023,15,D.J. Moore,WR,CHI,26,17,17,286.5,16.85,17,0,51.0,17.0,238.1,14.01,0.0,True
P1008,2023,16,Mike Evans,WR,TAM,30,17,17,282.5,16.62,17,0,49.0,14.0,240.4,17.17,3.0,True
P1486,2023,17,Travis Etienne,RB,JAX,24,17,17,282.4,16.61,17,0,135.0,15.0,130.2,8.68,2.0,True
P1253,2023,18,Patrick Mahomes,QB,KAN,28,16,16,280.2,17.51,17,1,22.0,16.0,283.0,17.69,1.0,True
P0955,2023,19,Keenan Allen,WR,LAC,31,13,13,278.9,21.45,17,4,85.0,15.0,184.4,12.29,2.0,True
P1539,2023,20,C.J. Stroud,QB,HOU,22,15,15,276.0,18.4,17,2,57.0,17.0,220.4,12.96,0.0,True
P1256,2023,21,Baker Mayfield,QB,TAM,28,17,17,274.1,16.12,17,0,5.0,17.0,365.8,21.52,0.0,True
P1088,2023,22,Stefon Diggs,WR,BUF,30,17,17,273.8,16.11,17,0,150.0,8.0,121.9,15.24,9.0,True
P1402,2023,23,Tua Tagovailoa,QB,MIA,25,17,17,270.4,15.91,17,0,90.0,11.0,181.6,16.51,6.0,True
P1497,2023,24,Rachaad White,RB,TAM,24,17,17,267.9,15.76,17,0,71.0,16.0,199.6,12.48,1.0,True
P1333,2023,25,Raheem Mostert,RB,MIA,31,15,15,267.7,17.85,17,2,227.0,13.0,70.9,5.45,4.0,True
P1206,2023,26,Joe Mixon,RB,CIN,27,17,17,267.0,15.71,17,0,48.0,14.0,240.5,17.18,3.0,True
P1039,2023,27,Davante Adams,WR,LVR,31,17,17,265.4,15.61,17,0,44.0,14.0,241.3,17.24,3.0,True
P1429,2023,28,Ja'Marr Chase,WR,CIN,23,16,16,262.7,16.42,17,1,2.0,17.0,403.0,23.71,0.0,True
P1436,2023,29,Trevor Lawrence,QB,JAX,24,16,16,262.5,16.41,17,1,118.0,10.0,145.2,14.52,7.0,True
P1471,2023,30,Nico Collins,WR,HOU,24,15,10,260.4,17.36,17,2,65.0,12.0,210.6,17.55,5.0,True
P1540,2023,31,Sam Howell,QB,WAS,23,17,17,257.5,15.15,17,0,,,,,,False
P0891,2023,32,Russell Wilson,QB,DEN,35,15,15,256.9,17.13,17,2,100.0,11.0,172.8,15.71,6.0,True
P1541,2023,33,Kyren Williams,RB,LAR,23,12,11,255.0,21.25,17,5,25.0,16.0,272.1,17.01,1.0,True
P1409,2023,34,Michael Pittman Jr.,WR,IND,26,16,15,250.2,15.64,17,1,102.0,16.0,165.8,10.36,1.0,True
P1388,2023,35,Brandon Aiyuk,WR,SFO,25,16,16,249.2,15.58,17,1,246.0,7.0,62.4,8.91,10.0,True
P1162,2023,36,Derrick Henry,RB,TEN,29,17,17,246.7,14.51,17,0,10.0,17.0,336.4,19.79,0.0,True
P1542,2023,37,Bijan Robinson,RB,ATL,21,17,16,246.3,14.49,17,0,9.0,17.0,341.7,20.1,0.0,True
P1327,2023,38,Deebo Samuel,WR,SFO,27,15,15,243.7,16.25,17,2,110.0,15.0,153.6,10.24,2.0,True
P0745,2023,39,Matthew Stafford,QB,LAR,35,15,15,243.1,16.21,17,2,61.0,16.0,214.6,13.41,1.0,True
P1543,2023,40,Jahmyr Gibbs,RB,DET,21,15,3,242.1,16.14,17,2,6.0,17.0,362.9,21.35,0.0,True
P1015,2023,41,Derek Carr,QB,NOR,32,17,17,241.1,14.18,17,0,112.0,10.0,150.9,15.09,7.0,True
P1544,2023,42,Sam LaPorta,TE,DET,22,17,14,239.3,14.08,17,0,99.0,16.0,174.6,10.91,1.0,True
P1379,2023,43,Justin Herbert,QB,LAC,25,13,13,234.2,18.02,17,4,20.0,17.0,285.4,16.79,0.0,True
P1191,2023,44,Alvin Kamara,RB,NOR,28,13,12,233.0,17.92,17,4,30.0,14.0,265.3,18.95,3.0,True
P1507,2023,45,James Cook,RB,BUF,24,17,13,232.7,13.69,17,0,28.0,16.0,266.7,16.67,1.0,True
P1488,2023,46,Chris Olave,WR,NOR,23,16,11,231.3,14.46,17,1,223.0,8.0,76.7,9.59,9.0,True
P1141,2023,47,Adam Thielen,WR,CAR,33,17,17,231.0,13.59,17,0,124.0,10.0,139.5,13.95,7.0,True
P1200,2023,48,Evan Engram,TE,JAX,29,17,15,230.3,13.55,17,0,206.0,9.0,89.5,9.94,8.0,True
P1454,2023,49,Justin Fields,QB,CHI,24,13,13,230.2,17.71,17,4,157.0,10.0,119.1,11.91,7.0,True
P1259,2023,50,Calvin Ridley,WR,JAX,29,17,17,229.9,13.52,17,0,73.0,17.0,199.2,11.72,0.0,True
P1438,2023,51,DeVonta Smith,WR,PHI,25,16,16,227.6,14.22,17,1,72.0,13.0,199.4,15.34,4.0,True
P0959,2023,52,Geno Smith,QB,SEA,33,15,15,227.3,15.15,17,2,29.0,17.0,266.0,15.65,0.0,True
P1080,2023,53,Amari Cooper,WR,CLE,29,15,15,227.0,15.13,17,2,148.0,14.0,122.7,8.76,3.0,True
P1328,2023,54,D.K. Metcalf,WR,SEA,26,16,16,225.4,14.09,17,1,81.0,15.0,191.2,12.75,2.0,True
P0968,2023,55,DeAndre Hopkins,WR,TEN,31,17,16,223.6,13.15,17,0,116.0,16.0,147.0,9.19,1.0,True
P1254,2023,56,Saquon Barkley,RB,NYG,26,14,14,223.2,15.94,17,3,8.0,16.0,355.3,22.21,1.0,True
P1353,2023,57,Tony Pollard,RB,DAL,26,17,17,222.6,13.09,17,0,70.0,16.0,200.7,12.54,1.0,True
P1545,2023,58,Jordan Addison,WR,MIN,21,17,14,221.3,13.02,17,0,63.0,15.0,212.5,14.17,2.0,True
P1016,2023,59,Travis Kelce,TE,KAN,34,15,15,219.4,14.63,17,2,77.0,16.0,195.4,12.21,1.0,True
P1354,2023,60,T.J. Hockenson,TE,MIN,26,15,11,219.0,14.6,17,2,208.0,10.0,86.5,8.65,7.0,True
P1373,2023,61,Jakobi Meyers,WR,LVR,27,16,16,218.6,13.66,17,1,59.0,15.0,218.0,14.53,2.0,True
P1546,2023,62,Jayden Reed,WR,GNB,23,16,13,217.2,13.58,17,1,75.0,17.0,197.0,11.59,0.0,True
P1498,2023,63,Isiah Pacheco,RB,KAN,24,14,13,213.9,15.28,17,3,,,,,,False
P1485,2023,64,Garrett Wilson,WR,NYJ,23,17,17,213.2,12.54,17,0,38.0,17.0,251.9,14.82,0.0,True
P1547,2023,65,Rashee Rice,WR,KAN,23,16,8,212.5,13.28,17,1,237.0,4.0,64.9,16.23,13.0,True
P1548,2023,66,Jerome Ford,RB,CLE,24,17,12,211.2,12.42,17,0,130.0,14.0,134.0,9.57,3.0,True
P1225,2023,67,Chris Godwin,WR,TAM,27,17,17,209.2,12.31,17,0,125.0,7.0,137.8,19.69,10.0,True
P1325,2023,68,Terry McLaurin,WR,WAS,28,17,17,209.2,12.31,17,0,26.0,17.0,267.8,15.75,0.0,True
P1490,2023,69,George Pickens,WR,PIT,22,17,16,208.8,12.28,17,0,103.0,14.0,164.4,11.74,3.0,True
P1330,2023,70,David Montgomery,RB,DET,26,14,14,207.2,14.8,17,3,56.0,14.0,221.7,15.84,3.0,True
P1549,2023,71,Zay Flowers,WR,BAL,23,16,16,206.4,12.9,17,1,67.0,17.0,209.5,12.32,0.0,True
P1215,2023,72,George Kittle,TE,SFO,30,16,16,203.2,12.7,17,1,52.0,15.0,236.6,15.77,2.0,True
P1084,2023,73,Tyler Lockett,WR,SEA,31,17,17,202.4,11.91,17,0,152.0,17.0,121.0,7.12,0.0,True
P1380,2023,74,Justin Jefferson,WR,MIN,24,10,9,202.2,20.22,17,7,12.0,17.0,317.5,18.68,0.0,True
P1255,2023,75,James Conner,RB,ARI,28,13,13,201.5,15.5,17,4,36.0,16.0,253.8,15.86,1.0,True
P1223,2023,76,David Njoku,TE,CLE,27,16,16,201.2,12.58,17,1,114.0,11.0,148.5,13.5,6.0,True
P1550,2023,77,Joshua Dobbs,QB,2TM,28,13,12,200.7,15.44,17,4,,,,,,False
P1487,2023,78,Kenneth Walker III,RB,SEA,23,15,15,199.4,13.29,17,2,91.0,11.0,181.2,16.47,6.0,True
P1387,2023,79,D'Andre Swift,RB,PHI,24,16,15,199.3,12.46,17,1,62.0,17.0,214.5,12.62,0.0,True
P1431,2023,80,Jaylen Waddle,WR,MIA,25,14,14,198.6,14.19,17,3,113.0,15.0,149.6,9.97,2.0,True
P1504,2023,81,Brian Robinson Jr.,RB,WAS,24,15,15,198.1,13.21,17,2,107.0,14.0,159.8,11.41,3.0,True
P1513,2023,82,Jaylen Warren,RB,PIT,25,17,0,196.4,11.55,17,0,144.0,15.0,124.1,8.27,2.0,True
P1319,2023,83,Gardner Minshew II,QB,IND,27,17,13,196.2,11.54,17,0,192.0,10.0,96.3,9.63,7.0,True
P1430,2023,84,Najee Harris,RB,PIT,25,17,17,195.5,11.5,17,0,69.0,17.0,204.6,12.04,0.0,True
P1551,2023,85,De'Von Achane,RB,MIA,22,11,4,190.7,17.34,17,6,17.0,17.0,299.9,17.64,0.0,True
P1271,2023,86,Courtland Sutton,WR,DEN,28,16,14,190.2,11.89,17,1,50.0,17.0,240.3,14.14,0.0,True
P1292,2023,87,Gus Edwards,RB,BAL,28,17,9,187.0,11.0,17,0,239.0,11.0,64.1,5.83,6.0,True
P1214,2023,88,Austin Ekeler,RB,LAC,28,14,14,185.4,13.24,17,3,131.0,12.0,132.3,11.02,5.0,True
P1451,2023,89,Chuba Hubbard,RB,CAR,24,17,12,182.5,10.74,17,0,43.0,15.0,241.6,16.11,2.0,True
P1534,2023,90,Trey McBride,TE,ARI,24,17,12,181.5,10.68,17,0,39.0,16.0,249.8,15.61,1.0,True
P1456,2023,91,Cole Kmet,TE,CHI,24,17,17,181.1,10.65,17,0,154.0,17.0,120.4,7.08,0.0,True
P1326,2023,92,Josh Jacobs,RB,LVR,25,13,13,181.1,13.93,17,4,19.0,17.0,293.1,17.24,0.0,True
P1435,2023,93,Javonte Williams,RB,DEN,23,16,13,179.2,11.2,17,1,108.0,17.0,157.9,9.29,0.0,True
P1552,2023,94,Desmond Ridder,QB,ATL,24,15,13,177.1,11.81,17,2,,,,,,False
P1553,2023,95,Jake Ferguson,TE,DAL,24,17,16,177.1,10.42,17,0,177.0,14.0,104.4,7.46,3.0,True
P1133,2023,96,Ezekiel Elliott,RB,NWE,28,17,5,174.5,10.26,17,0,,,,,,False
P1489,2023,97,Drake London,WR,ATL,22,16,16,174.4,10.9,17,1,23.0,17.0,280.8,16.52,0.0,True
P1508,2023,98,Romeo Doubs,WR,GNB,23,17,16,174.4,10.26,17,0,132.0,13.0,132.1,10.16,4.0,True
P1026,2023,99,Brandin Cooks,WR,DAL,30,16,15,173.2,10.82,17,1,228.0,10.0,69.6,6.96,7.0,True
P1408,2023,100,Zack Moss,RB,IND,26,14,8,169.6,12.11,17,3,213.0,8.0,81.9,10.24,9.0,True
P1335,2023,101,Devin Singletary,RB,HOU,26,17,10,167.3,9.84,17,0,191.0,15.0,96.6,6.44,2.0,True
P1554,2023,102,Tank Dell,WR,HOU,24,11,8,165.0,15.0,17,6,123.0,14.0,140.0,10.0,3.0,True
P1198,2023,103,Cooper Kupp,WR,LAR,30,12,12,164.4,13.7,17,5,96.0,12.0,175.0,14.58,5.0,True
P1401,2023,104,Gabe Davis,WR,BUF,24,17,17,161.4,9.49,17,0,,,,,,False
P1269,2023,105,Curtis Samuel,WR,WAS,27,16,13,157.2,9.82,17,1,241.0,14.0,63.7,4.55,3.0,True
P1555,2023,106,Josh Downs,WR,IND,22,17,9,157.1,9.24,17,0,86.0,14.0,183.5,13.11,3.0,True
P1556,2023,107,Bryce Young,QB,CAR,22,16,16,156.4,9.78,17,1,78.0,14.0,195.0,13.93,3.0,True
P1381,2023,108,Jonathan Taylor,RB,IND,24,10,7,156.4,15.64,17,7,40.0,14.0,244.7,17.48,3.0,True
P1509,2023,109,Rashid Shaheed,WR,NOR,25,15,8,155.6,10.37,17,2,218.0,6.0,79.8,13.3,11.0,True
P1557,2023,110,Tyjae Spears,RB,TEN,22,17,1,153.8,9.05,17,0,164.0,12.0,113.6,9.47,5.0,True
P1334,2023,111,Diontae Johnson,WR,PIT,27,13,11,152.7,11.75,17,4,207.0,12.0,89.1,7.42,5.0,True
P1331,2023,112,Darius Slayton,WR,NYG,26,17,13,151.0,8.88,17,0,170.0,16.0,110.0,6.88,1.0,True
P1399,2023,113,Dalton Schultz,TE,HOU,27,15,8,150.5,10.03,17,2,159.0,17.0,118.2,6.95,0.0,True
P1273,2023,114,Christian Kirk,WR,JAX,27,12,12,150.3,12.52,17,5,226.0,8.0,70.9,8.86,9.0,True
P1558,2023,115,Dalton Kincaid,TE,BUF,24,16,11,150.3,9.39,17,1,185.0,13.0,100.8,7.75,4.0,True
P1559,2023,116,Jaxon Smith-Njigba,WR,SEA,21,17,3,149.8,8.81,17,0,37.0,17.0,253.0,14.88,0.0,True
P1047,2023,117,Kirk Cousins,QB,MIN,35,8,8,149.7,18.71,17,9,94.0,14.0,176.3,12.59,3.0,True
P1392,2023,118,Joe Burrow,QB,CIN,27,10,10,147.2,14.72,17,7,4.0,17.0,372.8,21.93,0.0,True
P1318,2023,119,Kyler Murray,QB,ARI,26,8,8,146.4,18.3,17,9,18.0,17.0,297.2,17.48,0.0,True
P1458,2023,120,Rhamondre Stevenson,RB,NWE,25,12,12,145.7,12.14,17,5,95.0,15.0,175.9,11.73,2.0,True
P1159,2023,121,Tyler Boyd,WR,CIN,29,17,13,144.8,8.52,17,0,220.0,16.0,78.3,4.89,1.0,True
P1560,2023,122,Jake Browning,QB,CIN,27,9,7,144.4,16.04,17,8,,,,,,False
P1345,2023,123,Taysom Hill,TE,NOR,33,16,7,143.5,8.97,17,1,184.0,8.0,102.3,12.79,9.0,True
P1396,2023,124,Jerry Jeudy,WR,DEN,24,16,11,141.8,8.86,17,1,46.0,17.0,240.9,14.17,0.0,True
P1386,2023,125,Tee Higgins,WR,CIN,24,12,11,137.6,11.47,17,5,55.0,12.0,222.1,18.51,5.0,True
P1493,2023,126,Tyler Allgeier,RB,ATL,23,17,3,137.6,8.09,17,0,175.0,17.0,106.2,6.25,0.0,True
P1439,2023,127,Kyle Pitts,TE,ATL,23,17,15,137.3,8.08,17,0,133.0,17.0,131.2,7.72,0.0,True
P1291,2023,128,Dallas Goedert,TE,PHI,28,14,14,136.3,9.74,17,3,180.0,10.0,103.6,10.36,7.0,True
P1281,2023,129,Mark Andrews,TE,BAL,28,10,9,135.4,13.54,17,7,82.0,17.0,188.8,11.11,0.0,True
P1233,2023,130,Aaron Jones,RB,GNB,29,11,11,134.9,12.26,17,6,42.0,17.0,241.6,14.21,0.0,True
P1336,2023,131,Marquise Brown,WR,ARI,26,14,14,134.7,9.62,17,3,,,,,,False
P1365,2023,132,Alexander Mattison,RB,MIN,25,16,13,133.2,8.32,17,1,126.0,14.0,137.4,9.81,3.0,True
P1561,2023,133,Wan'Dale Robinson,WR,NYG,22,15,8,133.2,8.88,17,2,87.0,17.0,182.7,10.75,0.0,True
P1450,2023,134,Elijah Moore,WR,CLE,23,17,12,132.1,7.77,17,0,153.0,17.0,120.9,7.11,0.0,True
P1287,2023,135,Josh Reynolds,WR,DET,28,17,13,128.8,7.58,17,0,,,,,,False
P1385,2023,136,Antonio Gibson,RB,WAS,25,16,2,127.4,7.96,17,1,181.0,17.0,103.4,6.08,0.0,True
P1389,2023,137,Logan Thomas,TE,WAS,32,16,15,126.8,7.92,17,1,,,,,,False
P1562,2023,138,Aidan O'Connell,QB,LVR,25,11,10,125.8,11.44,17,6,197.0,9.0,93.5,10.39,8.0,True
P1500,2023,139,Jahan Dotson,WR,WAS,23,17,16,124.8,7.34,17,0,,,,,,False
P1312,2023,140,Jonnu Smith,TE,ATL,28,17,6,124.2,7.31,17,0,54.0,17.0,222.3,13.08,0.0,True
P1449,2023,141,Tyler Conklin,TE,NYJ,28,17,12,123.1,7.24,17,0,151.0,16.0,121.9,7.62,1.0,True
P1213,2023,142,Samaje Perine,RB,DEN,28,17,1,121.3,7.14,17,0,214.0,17.0,81.4,4.79,0.0,True
P1442,2023,143,K.J. Osborn,WR,MIN,26,16,12,120.0,7.5,17,1,,,,,,False
P1155,2023,144,Hunter Henry,TE,NWE,29,14,10,119.9,8.56,17,3,117.0,16.0,145.4,9.09,1.0,True
P1445,2023,145,Zach Wilson,QB,NYJ,24,12,11,119.9,9.99,17,5,,,,,,False
P1563,2023,146,Dontayvion Wicks,WR,GNB,22,15,6,119.8,7.99,17,2,168.0,17.0,110.5,6.5,0.0,True
P1192,2023,147,Kareem Hunt,RB,CLE,28,15,2,118.5,7.9,17,2,109.0,13.0,155.4,11.95,4.0,True
P1437,2023,148,AJ Dillon,RB,GNB,25,15,6,117.6,7.84,17,2,,,,,,False
P1514,2023,149,Cade Otton,TE,TAM,24,17,17,116.5,6.85,17,0,121.0,14.0,140.6,10.04,3.0,True
P1320,2023,150,DJ Chark,WR,CAR,27,15,11,115.5,7.7,17,2,,,,,,False
P1564,2023,151,Michael Wilson,WR,ARI,23,13,12,114.5,8.81,17,4,143.0,16.0,124.5,7.78,1.0,True
P1511,2023,152,Chig Okonkwo,TE,TEN,24,17,11,113.4,6.67,17,0,163.0,17.0,113.6,6.68,0.0,True
P1321,2023,153,Darren Waller,TE,NYG,31,12,11,113.2,9.43,17,5,,,,,,False
P1565,2023,154,Khalil Shakir,WR,BUF,23,17,10,113.1,6.65,17,0,88.0,15.0,182.5,12.17,2.0,True
P1476,2023,155,Khalil Herbert,RB,CHI,25,12,9,112.5,9.38,17,5,,,,,,False
P1531,2023,156,Tutu Atwell,WR,LAR,24,16,14,112.4,7.02,17,1,187.0,17.0,98.9,5.82,0.0,True
P1295,2023,157,Gerald Everett,TE,LAC,29,15,12,111.1,7.41,17,2,,,,,,False
P1495,2023,158,Kenny Pickett,QB,PIT,25,12,12,110.2,9.18,17,5,,,,,,False
P1566,2023,159,Justice Hill,RB,BAL,26,16,5,109.3,6.83,17,1,139.0,15.0,127.1,8.47,2.0,True
P1249,2023,160,Tyler Higbee,TE,LAR,30,15,15,108.5,7.23,17,2,,,,,,False
P1007,2023,161,Odell Beckham Jr.,WR,BAL,31,14,6,107.5,7.68,17,3,,,,,,False
P1567,2023,162,DeMario Douglas,WR,NWE,23,14,7,107.2,7.66,17,3,115.0,17.0,147.7,8.69,0.0,True
P1467,2023,163,Josh Palmer,WR,LAC,24,10,6,106.7,10.67,17,7,173.0,15.0,107.4,7.16,2.0,True
P1433,2023,164,Mac Jones,QB,NWE,25,11,11,106.4,9.67,17,6,193.0,10.0,96.1,9.61,7.0,True
P1568,2023,165,Zach Charbonnet,RB,SEA,22,16,2,106.1,6.63,17,1,84.0,17.0,186.9,10.99,0.0,True
P1569,2023,166,Jaleel McLaughlin,RB,DEN,23,17,3,106.0,6.24,17,0,189.0,16.0,97.2,6.08,1.0,True
P1462,2023,167,Rondale Moore,WR,ARI,23,17,8,105.0,6.18,17,0,,,,,,False
P1570,2023,168,Roschon Johnson,RB,CHI,22,15,0,102.1,6.81,17,2,221.0,14.0,77.4,5.53,3.0,True
P1571,2023,169,Will Levis,QB,TEN,24,9,9,102.0,11.33,17,8,156.0,12.0,119.9,9.99,5.0,True
P1502,2023,170,Noah Brown,WR,HOU,27,10,7,101.6,10.16,17,7,209.0,11.0,86.3,7.85,6.0,True
P1492,2023,171,Christian Watson,WR,GNB,24,9,9,101.3,11.26,17,8,176.0,15.0,105.3,7.02,2.0,True
P1515,2023,172,Isaiah Likely,TE,BAL,23,17,8,101.1,5.95,17,0,145.0,16.0,123.7,7.73,1.0,True
P1572,2023,173,Ty Chandler,RB,MIN,25,17,4,101.0,5.94,17,0,,,,,,False
P0681,2023,174,Joe Flacco,QB,CLE,38,5,5,100.8,20.16,17,12,186.0,8.0,99.0,12.38,9.0,True
P1277,2023,175,Kendrick Bourne,WR,NWE,28,8,5,100.0,12.5,17,9,236.0,12.0,65.1,5.42,5.0,True
P1499,2023,176,Juwan Johnson,TE,NOR,27,13,11,97.8,7.52,17,4,147.0,17.0,122.8,7.22,0.0,True
P1452,2023,177,Kalif Raymond,WR,DET,29,17,3,97.4,5.73,17,0,,,,,,False
P1455,2023,178,Kenneth Gainwell,RB,PHI,24,16,2,97.4,6.09,17,1,245.0,17.0,62.6,3.68,0.0,True
P1174,2023,179,Nelson Agholor,WR,BAL,30,17,3,97.1,5.71,17,0,,,,,,False
P1573,2023,180,Trey Palmer,WR,TAM,22,17,8,95.7,5.63,17,0,,,,,,False
P1505,2023,181,Alec Pierce,WR,IND,23,17,16,95.4,5.61,17,0,106.0,16.0,161.4,10.09,1.0,True
P1574,2023,182,Quentin Johnston,WR,LAC,22,17,10,94.0,5.53,17,0,97.0,15.0,174.7,11.65,2.0,True
P1575,2023,183,Tommy DeVito,QB,NYG,25,9,6,93.5,10.39,17,8,,,,,,False
P1576,2023,184,Rico Dowdle,RB,DAL,25,16,0,91.5,5.72,17,1,74.0,16.0,197.8,12.36,1.0,True
P1466,2023,185,D'Onta Foreman,RB,CHI,27,9,8,91.2,10.13,17,8,,,,,,False
P1135,2023,186,Michael Thomas,WR,NOR,30,10,7,89.8,8.98,17,7,,,,,,False
P0975,2023,187,Robert Woods,WR,HOU,31,14,11,89.3,6.38,17,3,,,,,,False
P1577,2023,188,Justin Watson,WR,KAN,27,16,8,89.0,5.56,17,1,244.0,17.0,62.9,3.7,0.0,True
P1290,2023,189,Michael Gallup,WR,DAL,27,17,13,87.8,5.16,17,0,,,,,,False
P1322,2023,190,Miles Sanders,RB,CAR,26,16,5,87.6,5.48,17,1,222.0,11.0,77.3,7.03,6.0,True
P1301,2023,191,Demarcus Robinson,WR,LAR,29,16,4,87.4,5.46,17,1,146.0,17.0,123.5,7.26,0.0,True
P1077,2023,192,Tyrod Taylor,QB,NYG,34,11,5,87.3,7.94,17,6,,,,,,False
P1202,2023,193,Deshaun Watson,QB,CLE,28,6,6,86.8,14.47,17,11,224.0,7.0,76.7,10.96,10.0,True
P1463,2023,194,Nick Westbrook-Ikhine,WR,TEN,26,14,9,85.0,6.07,17,3,127.0,17.0,135.7,7.98,0.0,True
P1578,2023,195,Jonathan Mingo,WR,CAR,22,15,14,84.8,5.65,17,2,,,,,,False
P1044,2023,196,Jerick McKinnon,RB,KAN,31,12,0,84.4,7.03,17,5,,,,,,False
P1052,2023,197,Latavius Murray,RB,BUF,33,16,4,82.9,5.18,17,1,,,,,,False
P1491,2023,198,Dameon Pierce,RB,HOU,23,14,7,82.7,5.91,17,3,,,,,,False
P1579,2023,199,Jameson Williams,WR,DET,22,12,10,80.3,6.69,17,5,64.0,15.0,212.2,14.15,2.0,True
P1580,2023,200,Tanner Hudson,TE,CIN,29,12,1,80.2,6.68,17,5,,,,,,False
P0901,2023,201,Ryan Tannehill,QB,TEN,35,10,8,80.0,8.0,17,7,,,,,,False
P1581,2023,202,Donald Parham,TE,LAC,26,14,8,79.5,5.68,17,3,,,,,,False
P1398,2023,203,Darnell Mooney,WR,CHI,26,15,14,78.9,5.26,17,2,79.0,16.0,193.2,12.08,1.0,True
P1582,2023,204,Tucker Kraft,TE,GNB,23,17,8,78.5,4.62,17,0,105.0,17.0,163.3,9.61,0.0,True
P1238,2023,205,Zay Jones,WR,JAX,28,9,7,78.1,8.68,17,8,,,,,,False
P1447,2023,206,Pat Freiermuth,TE,PIT,25,12,9,76.8,6.4,17,5,101.0,17.0,168.3,9.9,0.0,True
P1465,2023,207,Rashod Bateman,WR,BAL,24,16,12,76.5,4.78,17,1,98.0,17.0,174.6,10.27,0.0,True
P1583,2023,208,Luke Musgrave,TE,GNB,23,11,9,75.2,6.84,17,6,,,,,,False
P1584,2023,209,Zamir White,RB,LVR,24,17,4,73.9,4.35,17,0,,,,,,False
P1585,2023,210,Brandon Johnson,WR,DEN,25,13,2,73.4,5.65,17,4,,,,,,False
P1341,2023,211,Noah Fant,TE,SEA,26,17,17,73.4,4.32,17,0,179.0,14.0,104.0,7.43,3.0,True
P1586,2023,212,Emari Demercado,RB,ARI,24,14,2,73.3,5.24,17,3,,,,,,False
P1535,2023,213,Kylen Granson,TE,IND,25,15,7,73.0,4.87,17,2,,,,,,False
P1587,2023,214,Anthony Richardson,QB,IND,21,4,4,72.7,18.18,17,13,104.0,11.0,163.4,14.85,6.0,True
P1113,2023,215,DeVante Parker,WR,NWE,30,13,13,72.4,5.57,17,4,,,,,,False
P1588,2023,216,Tre Tucker,WR,LVR,22,16,1,71.8,4.49,17,1,137.0,17.0,129.3,7.61,0.0,True
P1482,2023,217,Durham Smythe,TE,MIA,28,16,14,71.6,4.47,17,1,,,,,,False
P1589,2023,218,Michael Mayer,TE,LVR,22,14,12,71.4,5.1,17,3,,,,,,False
P1590,2023,219,Marvin Mims,WR,DEN,21,16,7,70.7,4.42,17,1,136.0,17.0,129.5,7.62,0.0,True
P1525,2023,220,Noah Gray,TE,KAN,24,17,10,70.6,4.15,17,0,165.0,17.0,113.3,6.66,0.0,True
P1391,2023,221,Clyde Edwards-Helaire,RB,KAN,24,15,3,70.1,4.67,17,2,,,,,,False
P1591,2023,222,Keaton Mitchell,RB,BAL,21,8,2,69.9,8.74,17,9,,,,,,False
P1448,2023,223,Cedrick Wilson Jr.,WR,MIA,28,15,3,69.6,4.64,17,2,,,,,,False
P1592,2023,224,Bailey Zappe,QB,NWE,24,10,6,69.2,6.92,17,7,,,,,,False
P1243,2023,225,Chris Moore,WR,TEN,30,17,5,68.3,4.02,17,0,,,,,,False
P1593,2023,226,Easton Stick,QB,LAC,28,5,4,67.6,13.52,17,12,,,,,,False
P1594,2023,227,Brandon Powell,WR,MIN,28,17,2,67.1,3.95,17,0,,,,,,False
P1274,2023,228,Nick Mullens,QB,MIN,28,5,3,66.7,13.34,17,12,,,,,,False
P1434,2023,229,Taylor Heinicke,QB,ATL,30,5,4,66.0,13.2,17,12,,,,,,False
P1337,2023,230,Mike Gesicki,TE,NWE,28,17,10,65.4,3.85,17,0,120.0,17.0,141.5,8.32,0.0,True
P1503,2023,231,Greg Dortch,WR,ARI,25,16,4,64.5,4.03,17,1,205.0,17.0,90.3,5.31,0.0,True
P1230,2023,232,Jimmy Garoppolo,QB,LVR,32,7,6,64.1,9.16,17,10,,,,,,False
P1530,2023,233,Trenton Irwin,WR,CIN,28,16,5,62.6,3.91,17,1,,,,,,False
P1032,2023,234,Allen Robinson,WR,PIT,30,17,17,62.0,3.65,17,0,,,,,,False
P1526,2023,235,Colby Parkinson,TE,SEA,24,17,1,61.7,3.63,17,0,235.0,17.0,65.4,3.85,0.0,True
P1420,2023,236,Joshua Kelley,RB,LAC,26,17,3,61.7,3.63,17,0,,,,,,False
P1197,2023,237,JuJu Smith-Schuster,WR,NWE,27,11,7,61.0,5.55,17,6,,,,,,False
P1204,2023,238,Jamaal Williams,RB,NOR,28,13,4,60.8,4.68,17,4,,,,,,False
P1595,2023,239,A.T. Perry,WR,NOR,24,10,3,60.6,6.06,17,7,,,,,,False
P1596,2023,240,Adam Trautman,TE,DEN,26,17,12,60.4,3.55,17,0,,,,,,False
P1597,2023,241,Tommy Tremble,TE,CAR,23,16,8,60.4,3.78,17,1,,,,,,False
P1598,2023,242,Jalin Hyatt,WR,NYG,22,17,7,60.3,3.55,17,0,,,,,,False
P1344,2023,243,Allen Lazard,WR,NYJ,28,14,12,60.1,4.29,17,3,140.0,12.0,126.0,10.5,5.0,True
P1510,2023,244,Isaiah Hodgins,WR,NYG,25,17,9,60.0,3.53,17,0,,,,,,False
P1599,2023,245,KaVontae Turpin,WR,DAL,27,16,0,59.7,3.73,17,1,178.0,17.0,104.2,6.13,0.0,True
P1600,2023,246,Jalen Tolbert,WR,DAL,24,17,6,58.8,3.46,17,0,111.0,17.0,152.0,8.94,0.0,True
P1444,2023,247,Michael Carter,RB,2TM,24,15,0,58.8,3.92,17,2,,,,,,False
P1601,2023,248,Xavier Gipson,WR,NYJ,22,17,3,58.7,3.45,17,0,,,,,,False
P1410,2023,249,Braxton Berrios,WR,MIA,28,16,1,57.9,3.62,17,1,,,,,,False
P1324,2023,250,Daniel Jones,QB,NYG,26,6,6,57.0,9.5,17,11,129.0,10.0,135.3,13.53,7.0,True
P1265,2024,1,Lamar Jackson,QB,BAL,27,17,17,430.4,25.32,17,0,53.0,13.0,214.9,16.53,4.0,True
P1429,2024,2,Ja'Marr Chase,WR,CIN,24,17,16,403.0,23.71,17,0,16.0,16.0,313.6,19.6,1.0,True
P1258,2024,3,Josh Allen,QB,BUF,28,17,17,379.0,22.29,17,0,5.0,17.0,364.6,21.45,0.0,True
P1392,2024,4,Joe Burrow,QB,CIN,28,17,17,372.8,21.93,17,0,123.0,8.0,134.5,16.81,9.0,True
P1256,2024,5,Baker Mayfield,QB,TAM,29,17,17,365.8,21.52,17,0,26.0,17.0,271.9,15.99,0.0,True
P1543,2024,6,Jahmyr Gibbs,RB,DET,22,17,4,362.9,21.35,17,0,4.0,17.0,366.9,21.58,0.0,True
P1602,2024,7,Jayden Daniels,QB,WAS,24,17,17,355.8,20.93,17,0,156.0,7.0,114.3,16.33,10.0,True
P1254,2024,8,Saquon Barkley,RB,PHI,27,16,16,355.3,22.21,17,1,37.0,16.0,232.3,14.52,1.0,True
P1542,2024,9,Bijan Robinson,RB,ATL,22,17,17,341.7,20.1,17,0,3.0,17.0,370.8,21.81,0.0,True
P1162,2024,10,Derrick Henry,RB,BAL,30,17,17,336.4,19.79,17,0,25.0,17.0,279.5,16.44,0.0,True
P1193,2024,11,Jared Goff,QB,DET,30,17,17,324.5,19.09,17,0,20.0,17.0,297.1,17.48,0.0,True
P1380,2024,12,Justin Jefferson,WR,MIN,25,17,17,317.5,18.68,17,0,65.0,17.0,201.5,11.85,0.0,True
P1603,2024,13,Bo Nix,QB,DEN,24,17,17,317.2,18.66,17,0,17.0,17.0,304.8,17.93,0.0,True
P1432,2024,14,Amon-Ra St. Brown,WR,DET,25,17,17,316.2,18.6,17,0,11.0,17.0,324.0,19.06,0.0,True
P1405,2024,15,Jalen Hurts,QB,PHI,26,15,15,315.1,21.01,17,2,19.0,16.0,299.1,18.69,1.0,True
P1263,2024,16,Sam Darnold,QB,MIN,27,17,17,308.0,18.12,17,0,35.0,17.0,235.4,13.85,0.0,True
P1551,2024,17,De'Von Achane,RB,MIA,23,17,16,299.9,17.64,17,0,12.0,16.0,322.8,20.18,1.0,True
P1318,2024,18,Kyler Murray,QB,ARI,27,17,17,297.2,17.48,17,0,212.0,5.0,77.8,15.56,12.0,True
P1326,2024,19,Josh Jacobs,RB,GNB,26,17,17,293.1,17.24,17,0,34.0,15.0,237.1,15.81,2.0,True
P1379,2024,20,Justin Herbert,QB,LAC,26,17,17,285.4,16.79,17,0,22.0,16.0,286.9,17.93,1.0,True
P1604,2024,21,Brian Thomas,WR,JAX,22,17,16,284.0,16.71,17,0,117.0,14.0,138.8,9.91,3.0,True
P1253,2024,22,Patrick Mahomes,QB,KAN,29,16,16,283.0,17.69,17,1,23.0,14.0,285.7,20.41,3.0,True
P1489,2024,23,Drake London,WR,ATL,23,17,17,280.8,16.52,17,0,63.0,12.0,201.9,16.82,5.0,True
P1605,2024,24,Malik Nabers,WR,NYG,21,15,13,273.6,18.24,17,2,,,,,,False
P1541,2024,25,Kyren Williams,RB,LAR,24,16,16,272.1,17.01,17,1,28.0,17.0,263.3,15.49,0.0,True
P1325,2024,26,Terry McLaurin,WR,WAS,29,17,17,267.8,15.75,17,0,157.0,10.0,114.2,11.42,7.0,True
P1506,2024,27,Brock Purdy,QB,SFO,25,15,15,266.9,17.79,17,2,88.0,9.0,177.4,19.71,8.0,True
P1507,2024,28,James Cook,RB,BUF,25,16,16,266.7,16.67,17,1,18.0,17.0,302.2,17.78,0.0,True
P0959,2024,29,Geno Smith,QB,SEA,34,17,17,266.0,15.65,17,0,92.0,15.0,173.9,11.59,2.0,True
P1191,2024,30,Alvin Kamara,RB,NOR,29,14,14,265.3,18.95,17,3,170.0,11.0,100.7,9.15,6.0,True
P1383,2024,31,CeeDee Lamb,WR,DAL,25,15,15,263.4,17.56,17,2,66.0,14.0,200.9,14.35,3.0,True
P1606,2024,32,Brock Bowers,TE,LVR,22,17,16,262.7,15.45,17,0,90.0,12.0,176.2,14.68,5.0,True
P0671,2024,33,Aaron Rodgers,QB,NYJ,41,17,17,256.6,15.09,17,0,40.0,16.0,227.1,14.19,1.0,True
P1607,2024,34,Chase Brown,RB,CIN,24,16,10,255.0,15.94,17,1,24.0,17.0,282.6,16.62,0.0,True
P1608,2024,35,Caleb Williams,QB,CHI,23,17,17,254.5,14.97,17,0,13.0,17.0,318.7,18.75,0.0,True
P1255,2024,36,James Conner,RB,ARI,29,16,16,253.8,15.86,17,1,,,,,,False
P1559,2024,37,Jaxon Smith-Njigba,WR,SEA,22,17,16,253.0,14.88,17,0,7.0,17.0,359.9,21.17,0.0,True
P1485,2024,38,Garrett Wilson,WR,NYJ,24,17,17,251.9,14.82,17,0,173.0,7.0,99.5,14.21,10.0,True
P1534,2024,39,Trey McBride,TE,ARI,25,16,16,249.8,15.61,17,1,14.0,17.0,315.9,18.58,0.0,True
P1381,2024,40,Jonathan Taylor,RB,IND,25,14,13,244.7,17.48,17,3,6.0,17.0,362.3,21.31,0.0,True
P1609,2024,41,Bucky Irving,RB,TAM,22,17,3,244.4,14.38,17,0,118.0,10.0,138.5,13.85,7.0,True
P1233,2024,42,Aaron Jones,RB,MIN,30,17,17,241.6,14.21,17,0,148.0,12.0,118.7,9.89,5.0,True
P1451,2024,43,Chuba Hubbard,RB,CAR,25,15,15,241.6,16.11,17,2,139.0,15.0,125.4,8.36,2.0,True
P1039,2024,44,Davante Adams,WR,2TM,32,14,14,241.3,17.24,17,3,43.0,14.0,222.9,15.92,3.0,True
P1501,2024,45,Breece Hall,RB,NYJ,23,16,16,240.9,15.06,17,1,59.0,16.0,207.7,12.98,1.0,True
P1396,2024,46,Jerry Jeudy,WR,CLE,25,17,16,240.9,14.17,17,0,146.0,17.0,120.7,7.1,0.0,True
P1610,2024,47,Ladd McConkey,WR,LAC,23,16,14,240.9,15.06,17,1,83.0,16.0,180.9,11.31,1.0,True
P1206,2024,48,Joe Mixon,RB,HOU,28,14,14,240.5,17.18,17,3,,,,,,False
P1008,2024,49,Mike Evans,WR,TAM,31,14,14,240.4,17.17,17,3,203.0,8.0,84.8,10.6,9.0,True
P1271,2024,50,Courtland Sutton,WR,DEN,29,17,13,240.3,14.14,17,0,48.0,17.0,219.7,12.92,0.0,True
P1266,2024,51,D.J. Moore,WR,CHI,27,17,17,238.1,14.01,17,0,95.0,17.0,170.2,10.01,0.0,True
P1215,2024,52,George Kittle,TE,SFO,31,15,15,236.6,15.77,17,2,102.0,11.0,161.5,14.68,6.0,True
P1537,2024,53,Jordan Love,QB,GNB,26,15,15,233.9,15.59,17,2,36.0,15.0,235.1,15.67,2.0,True
P1312,2024,54,Jonnu Smith,TE,MIA,29,17,6,222.3,13.08,17,0,201.0,17.0,85.2,5.01,0.0,True
P1386,2024,55,Tee Higgins,WR,CIN,25,12,9,222.1,18.51,17,5,54.0,15.0,211.6,14.11,2.0,True
P1330,2024,56,David Montgomery,RB,DET,27,14,14,221.7,15.84,17,3,97.0,17.0,166.9,9.82,0.0,True
P1539,2024,57,C.J. Stroud,QB,HOU,23,17,17,220.4,12.96,17,0,58.0,14.0,208.5,14.89,3.0,True
P1137,2024,58,Tyreek Hill,WR,MIA,30,17,17,218.2,12.84,17,0,,,,,,False
P1373,2024,59,Jakobi Meyers,WR,LVR,28,15,15,218.0,14.53,17,2,91.0,16.0,175.8,10.99,1.0,True
P1323,2024,60,A.J. Brown,WR,PHI,27,13,13,216.9,16.68,17,4,46.0,15.0,220.3,14.69,2.0,True
P0745,2024,61,Matthew Stafford,QB,LAR,36,16,16,214.6,13.41,17,1,9.0,17.0,350.4,20.61,0.0,True
P1387,2024,62,D'Andre Swift,RB,CHI,25,17,17,214.5,12.62,17,0,38.0,16.0,228.6,14.29,1.0,True
P1545,2024,63,Jordan Addison,WR,MIN,22,15,15,212.5,14.17,17,2,122.0,14.0,135.1,9.65,3.0,True
P1579,2024,64,Jameson Williams,WR,DET,23,15,11,212.2,14.15,17,2,47.0,17.0,219.9,12.94,0.0,True
P1471,2024,65,Nico Collins,WR,HOU,25,12,12,210.6,17.55,17,5,42.0,15.0,226.2,15.08,2.0,True
P1475,2024,66,Jauan Jennings,WR,SFO,27,15,10,210.5,14.03,17,2,93.0,15.0,173.3,11.55,2.0,True
P1549,2024,67,Zay Flowers,WR,BAL,24,17,15,209.5,12.32,17,0,31.0,17.0,243.3,14.31,0.0,True
P1538,2024,68,Puka Nacua,WR,LAR,23,11,11,206.6,18.78,17,6,2.0,16.0,375.0,23.44,1.0,True
P1430,2024,69,Najee Harris,RB,PIT,26,17,17,204.6,12.04,17,0,,,,,,False
P1353,2024,70,Tony Pollard,RB,TEN,27,16,16,200.7,12.54,17,1,77.0,17.0,185.8,10.93,0.0,True
P1497,2024,71,Rachaad White,RB,TAM,25,16,15,199.6,12.48,17,1,114.0,17.0,143.0,8.41,0.0,True
P1438,2024,72,DeVonta Smith,WR,PHI,26,13,13,199.4,15.34,17,4,64.0,17.0,201.8,11.87,0.0,True
P1259,2024,73,Calvin Ridley,WR,TEN,30,17,14,199.2,11.72,17,0,,,,,,False
P1576,2024,74,Rico Dowdle,RB,DAL,26,16,15,197.8,12.36,17,1,52.0,17.0,216.3,12.72,0.0,True
P1546,2024,75,Jayden Reed,WR,GNB,24,17,10,197.0,11.59,17,0,,,,,,False
P1611,2024,76,Marvin Harrison Jr.,WR,ARI,22,17,16,196.5,11.56,17,0,132.0,12.0,127.8,10.65,5.0,True
P1016,2024,77,Travis Kelce,TE,KAN,35,16,16,195.4,12.21,17,1,69.0,17.0,193.2,11.36,0.0,True
P1556,2024,78,Bryce Young,QB,CAR,23,14,12,195.0,13.93,17,3,49.0,16.0,218.0,13.62,1.0,True
P1398,2024,79,Darnell Mooney,WR,ATL,27,16,16,193.2,12.08,17,1,207.0,15.0,82.3,5.49,2.0,True
P1393,2024,80,J.K. Dobbins,RB,LAC,26,13,11,191.8,14.75,17,4,155.0,10.0,115.9,11.59,7.0,True
P1328,2024,81,D.K. Metcalf,WR,SEA,27,15,12,191.2,12.75,17,2,74.0,15.0,187.2,12.48,2.0,True
P1281,2024,82,Mark Andrews,TE,BAL,29,17,13,188.8,11.11,17,0,126.0,17.0,131.0,7.71,0.0,True
P1612,2024,83,Xavier Worthy,WR,KAN,21,17,13,187.2,11.01,17,0,163.0,14.0,109.9,7.85,3.0,True
P1568,2024,84,Zach Charbonnet,RB,SEA,23,17,6,186.9,10.99,17,0,82.0,16.0,181.4,11.34,1.0,True
P0955,2024,85,Keenan Allen,WR,CHI,32,15,15,184.4,12.29,17,2,81.0,17.0,182.7,10.75,0.0,True
P1555,2024,86,Josh Downs,WR,IND,23,14,8,183.5,13.11,17,3,120.0,16.0,136.4,8.52,1.0,True
P1561,2024,87,Wan'Dale Robinson,WR,NYG,23,17,7,182.7,10.75,17,0,50.0,16.0,217.9,13.62,1.0,True
P1565,2024,88,Khalil Shakir,WR,BUF,24,15,9,182.5,12.17,17,2,98.0,16.0,166.4,10.4,1.0,True
P1613,2024,89,Tyrone Tracy Jr.,RB,NYG,25,17,12,182.3,10.72,17,0,103.0,15.0,160.8,10.72,2.0,True
P1402,2024,90,Tua Tagovailoa,QB,MIA,26,11,11,181.6,16.51,17,6,104.0,14.0,160.7,11.48,3.0,True
P1487,2024,91,Kenneth Walker III,RB,SEA,24,11,11,181.2,16.47,17,6,70.0,17.0,191.9,11.29,0.0,True
P0981,2024,92,Zach Ertz,TE,WAS,34,17,17,177.4,10.44,17,0,135.0,13.0,126.4,9.72,4.0,True
P1614,2024,93,Drake Maye,QB,NWE,22,13,12,177.1,13.62,17,4,8.0,17.0,352.0,20.71,0.0,True
P1047,2024,94,Kirk Cousins,QB,ATL,36,14,14,176.3,12.59,17,3,167.0,10.0,103.5,10.35,7.0,True
P1458,2024,95,Rhamondre Stevenson,RB,NWE,26,15,14,175.9,11.73,17,2,86.0,14.0,178.8,12.77,3.0,True
P1198,2024,96,Cooper Kupp,WR,LAR,31,12,11,175.0,14.58,17,5,154.0,16.0,116.3,7.27,1.0,True
P1574,2024,97,Quentin Johnston,WR,LAC,23,15,11,174.7,11.65,17,2,94.0,14.0,171.2,12.23,3.0,True
P1465,2024,98,Rashod Bateman,WR,BAL,25,17,14,174.6,10.27,17,0,,,,,,False
P1544,2024,99,Sam LaPorta,TE,DET,23,16,16,174.6,10.91,17,1,165.0,9.0,106.9,11.88,8.0,True
P0891,2024,100,Russell Wilson,QB,PIT,36,11,11,172.8,15.71,17,6,,,,,,False
P1447,2024,101,Pat Freiermuth,TE,PIT,26,17,11,168.3,9.9,17,0,159.0,17.0,113.6,6.68,0.0,True
P1409,2024,102,Michael Pittman Jr.,WR,IND,27,16,14,165.8,10.36,17,1,62.0,17.0,202.4,11.91,0.0,True
P1490,2024,103,George Pickens,WR,PIT,23,14,12,164.4,11.74,17,3,21.0,17.0,291.9,17.17,0.0,True
P1587,2024,104,Anthony Richardson,QB,IND,22,11,11,163.4,14.85,17,6,,,,,,False
P1582,2024,105,Tucker Kraft,TE,GNB,24,17,17,163.3,9.61,17,0,151.0,8.0,117.2,14.65,9.0,True
P1505,2024,106,Alec Pierce,WR,IND,24,16,13,161.4,10.09,17,1,80.0,15.0,183.3,12.22,2.0,True
P1504,2024,107,Brian Robinson Jr.,RB,WAS,25,14,13,159.8,11.41,17,3,245.0,17.0,62.5,3.68,0.0,True
P1435,2024,108,Javonte Williams,RB,DEN,24,17,11,157.9,9.29,17,0,32.0,16.0,242.8,15.18,1.0,True
P1192,2024,109,Kareem Hunt,RB,KAN,29,13,8,155.4,11.95,17,4,113.0,17.0,145.4,8.55,0.0,True
P1327,2024,110,Deebo Samuel,WR,SFO,28,15,15,153.6,10.24,17,2,72.0,16.0,188.2,11.76,1.0,True
P1600,2024,111,Jalen Tolbert,WR,DAL,25,17,15,152.0,8.94,17,0,,,,,,False
P1015,2024,112,Derek Carr,QB,NOR,33,10,10,150.9,15.09,17,7,,,,,,False
P1431,2024,113,Jaylen Waddle,WR,MIA,26,15,15,149.6,9.97,17,2,68.0,16.0,194.1,12.13,1.0,True
P1223,2024,114,David Njoku,TE,CLE,28,11,11,148.5,13.5,17,6,199.0,12.0,86.3,7.19,5.0,True
P1567,2024,115,DeMario Douglas,WR,NWE,24,17,7,147.7,8.69,17,0,178.0,17.0,95.8,5.64,0.0,True
P0968,2024,116,DeAndre Hopkins,WR,2TM,32,16,8,147.0,9.19,17,1,234.0,17.0,67.0,3.94,0.0,True
P1155,2024,117,Hunter Henry,TE,NWE,30,16,16,145.4,9.09,17,1,85.0,17.0,178.8,10.52,0.0,True
P1436,2024,118,Trevor Lawrence,QB,JAX,25,10,10,145.2,14.52,17,7,10.0,17.0,338.2,19.89,0.0,True
P1615,2024,119,Rome Odunze,WR,CHI,22,17,12,144.9,8.52,17,0,112.0,12.0,146.1,12.18,5.0,True
P1337,2024,120,Mike Gesicki,TE,CIN,29,17,3,141.5,8.32,17,0,226.0,13.0,70.7,5.44,4.0,True
P1514,2024,121,Cade Otton,TE,TAM,25,14,14,140.6,10.04,17,3,145.0,16.0,122.2,7.64,1.0,True
P1484,2024,122,Ray-Ray McCloud,WR,ATL,28,17,13,140.5,8.26,17,0,,,,,,False
P1554,2024,123,Tank Dell,WR,HOU,25,14,10,140.0,10.0,17,3,,,,,,False
P1141,2024,124,Adam Thielen,WR,CAR,34,10,10,139.5,13.95,17,7,,,,,,False
P1225,2024,125,Chris Godwin,WR,TAM,28,7,7,137.8,19.69,17,10,206.0,9.0,83.0,9.22,8.0,True
P1365,2024,126,Alexander Mattison,RB,LVR,26,14,7,137.4,9.81,17,3,,,,,,False
P1463,2024,127,Nick Westbrook-Ikhine,WR,TEN,27,17,9,135.7,7.98,17,0,,,,,,False
P1616,2024,128,Jalen McMillan,WR,TAM,23,13,12,135.4,10.42,17,4,,,,,,False
P1324,2024,129,Daniel Jones,QB,NYG,27,10,10,135.3,13.53,17,7,41.0,13.0,226.4,17.42,4.0,True
P1548,2024,130,Jerome Ford,RB,CLE,25,14,6,134.0,9.57,17,3,,,,,,False
P1214,2024,131,Austin Ekeler,RB,WAS,29,12,6,132.3,11.02,17,5,,,,,,False
P1508,2024,132,Romeo Doubs,WR,GNB,24,13,12,132.1,10.16,17,4,99.0,16.0,165.4,10.34,1.0,True
P1439,2024,133,Kyle Pitts,TE,ATL,24,17,15,131.2,7.72,17,0,56.0,17.0,210.8,12.4,0.0,True
P1076,2024,134,Jameis Winston,QB,CLE,30,12,7,131.1,10.92,17,5,,,,,,False
P1486,2024,135,Travis Etienne,RB,JAX,25,15,15,130.2,8.68,17,2,29.0,17.0,253.9,14.94,0.0,True
P1590,2024,136,Marvin Mims,WR,DEN,22,17,2,129.5,7.62,17,0,181.0,15.0,93.0,6.2,2.0,True
P1588,2024,137,Tre Tucker,WR,LVR,23,17,14,129.3,7.61,17,0,101.0,17.0,161.7,9.51,0.0,True
P1617,2024,138,Tank Bigsby,RB,JAX,23,16,1,129.0,8.06,17,1,,,,,,False
P1566,2024,139,Justice Hill,RB,BAL,27,15,0,127.1,8.47,17,2,237.0,10.0,65.2,6.52,7.0,True
P1344,2024,140,Allen Lazard,WR,NYJ,29,12,10,126.0,10.5,17,5,,,,,,False
P1098,2024,141,Ameer Abdullah,RB,LVR,31,16,3,125.2,7.82,17,1,,,,,,False
P1618,2024,142,Xavier Legette,WR,CAR,23,16,13,125.1,7.82,17,1,190.0,15.0,89.3,5.95,2.0,True
P1564,2024,143,Michael Wilson,WR,ARI,24,16,13,124.5,7.78,17,1,45.0,17.0,220.6,12.98,0.0,True
P1513,2024,144,Jaylen Warren,RB,PIT,26,15,0,124.1,8.27,17,2,51.0,16.0,217.1,13.57,1.0,True
P1515,2024,145,Isaiah Likely,TE,BAL,24,16,9,123.7,7.73,17,1,246.0,14.0,61.7,4.41,3.0,True
P1301,2024,146,Demarcus Robinson,WR,LAR,30,17,17,123.5,7.26,17,0,,,,,,False
P1499,2024,147,Juwan Johnson,TE,NOR,28,17,5,122.8,7.22,17,0,84.0,17.0,179.9,10.58,0.0,True
P1080,2024,148,Amari Cooper,WR,2TM,30,14,10,122.7,8.76,17,3,,,,,,False
P1619,2024,149,Kayshon Boutte,WR,NWE,22,15,13,121.9,8.13,17,2,141.0,14.0,124.1,8.86,3.0,True
P1088,2024,150,Stefon Diggs,WR,HOU,31,8,8,121.9,15.24,17,9,57.0,17.0,210.3,12.37,0.0,True
P1449,2024,151,Tyler Conklin,TE,NYJ,29,16,15,121.9,7.62,17,1,,,,,,False
P1084,2024,152,Tyler Lockett,WR,SEA,32,17,14,121.0,7.12,17,0,221.0,17.0,73.1,4.3,0.0,True
P1450,2024,153,Elijah Moore,WR,CLE,24,17,13,120.9,7.11,17,0,,,,,,False
P1456,2024,154,Cole Kmet,TE,CHI,25,17,16,120.4,7.08,17,0,210.0,16.0,78.7,4.92,1.0,True
P1620,2024,155,Andrei Iosivas,WR,CIN,25,17,8,119.9,7.05,17,0,189.0,17.0,89.9,5.29,0.0,True
P1571,2024,156,Will Levis,QB,TEN,25,12,12,119.9,9.99,17,5,,,,,,False
P1454,2024,157,Justin Fields,QB,PIT,25,10,6,119.1,11.91,17,7,115.0,9.0,142.7,15.86,8.0,True
P1621,2024,158,Calvin Austin III,WR,PIT,25,17,8,118.8,6.99,17,0,200.0,14.0,86.2,6.16,3.0,True
P1399,2024,159,Dalton Schultz,TE,HOU,28,17,13,118.2,6.95,17,0,87.0,17.0,177.7,10.45,0.0,True
P1134,2024,160,Dak Prescott,QB,DAL,31,8,8,116.5,14.56,17,9,15.0,17.0,313.8,18.46,0.0,True
P1622,2024,161,Ray Davis,RB,BUF,25,17,0,116.1,6.83,17,0,239.0,17.0,64.1,3.77,0.0,True
P1623,2024,162,Jordan Mason,RB,SFO,25,12,6,115.0,9.58,17,5,130.0,16.0,128.9,8.06,1.0,True
P1511,2024,163,Chig Okonkwo,TE,TEN,25,17,11,113.6,6.68,17,0,142.0,17.0,124.0,7.29,0.0,True
P1557,2024,164,Tyjae Spears,RB,TEN,23,12,1,113.6,9.47,17,5,162.0,13.0,111.7,8.59,4.0,True
P1525,2024,165,Noah Gray,TE,KAN,25,17,10,113.3,6.66,17,0,,,,,,False
P1468,2024,166,Olamide Zaccheaus,WR,WAS,27,17,6,112.4,6.61,17,0,204.0,16.0,84.8,5.3,1.0,True
P1624,2024,167,Keon Coleman,WR,BUF,21,13,12,111.5,8.58,17,4,169.0,13.0,102.4,7.88,4.0,True
P1563,2024,168,Dontayvion Wicks,WR,GNB,23,17,5,110.5,6.5,17,0,214.0,14.0,75.8,5.41,3.0,True
P1363,2024,169,Will Dissly,TE,LAC,28,15,8,110.1,7.34,17,2,,,,,,False
P1331,2024,170,Darius Slayton,WR,NYG,27,16,13,110.0,6.88,17,1,176.0,14.0,98.8,7.06,3.0,True
P1625,2024,171,Cooper Rush,QB,DAL,31,12,8,109.6,9.13,17,5,,,,,,False
P1186,2024,172,Austin Hooper,TE,NWE,30,17,8,108.6,6.39,17,0,,,,,,False
P1467,2024,173,Josh Palmer,WR,LAC,25,15,7,107.4,7.16,17,2,,,,,,False
P1626,2024,174,Devaughn Vele,WR,DEN,27,13,7,106.5,8.19,17,4,236.0,13.0,66.3,5.1,4.0,True
P1493,2024,175,Tyler Allgeier,RB,ATL,24,17,0,106.2,6.25,17,0,143.0,17.0,123.0,7.24,0.0,True
P1492,2024,176,Christian Watson,WR,GNB,25,15,15,105.3,7.02,17,2,124.0,10.0,132.4,13.24,7.0,True
P1553,2024,177,Jake Ferguson,TE,DAL,25,14,14,104.4,7.46,17,3,73.0,17.0,188.1,11.06,0.0,True
P1599,2024,178,KaVontae Turpin,WR,DAL,28,17,2,104.2,6.13,17,0,205.0,15.0,84.5,5.63,2.0,True
P1341,2024,179,Noah Fant,TE,SEA,27,14,9,104.0,7.43,17,3,216.0,15.0,74.8,4.99,2.0,True
P1291,2024,180,Dallas Goedert,TE,PHI,29,10,10,103.6,10.36,17,7,78.0,15.0,185.1,12.34,2.0,True
P1385,2024,181,Antonio Gibson,RB,NWE,26,17,3,103.4,6.08,17,0,,,,,,False
P1366,2024,182,Foster Moreau,TE,NOR,27,17,17,103.3,6.08,17,0,,,,,,False
P1627,2024,183,Jalen Nailor,WR,MIN,25,17,7,103.0,6.06,17,0,171.0,17.0,100.7,5.92,0.0,True
P1345,2024,184,Taysom Hill,TE,NOR,34,8,8,102.3,12.79,17,9,,,,,,False
P1558,2024,185,Dalton Kincaid,TE,BUF,25,13,9,100.8,7.75,17,4,137.0,12.0,126.1,10.51,5.0,True
P0681,2024,186,Joe Flacco,QB,IND,39,8,6,99.0,12.38,17,9,110.0,13.0,146.7,11.28,4.0,True
P1531,2024,187,Tutu Atwell,WR,LAR,25,17,5,98.9,5.82,17,0,,,,,,False
P1494,2024,188,Mack Hollins,WR,BUF,31,17,13,98.8,5.81,17,0,160.0,15.0,113.4,7.56,2.0,True
P1569,2024,189,Jaleel McLaughlin,RB,DEN,24,16,5,97.2,6.08,17,1,,,,,,False
P1628,2024,190,Parker Washington,WR,JAX,22,17,7,97.0,5.71,17,0,79.0,16.0,184.7,11.54,1.0,True
P1335,2024,191,Devin Singletary,RB,NYG,27,15,5,96.6,6.44,17,2,164.0,17.0,108.8,6.4,0.0,True
P1319,2024,192,Gardner Minshew II,QB,LVR,28,10,9,96.3,9.63,17,7,,,,,,False
P1433,2024,193,Mac Jones,QB,JAX,26,10,7,96.1,9.61,17,7,127.0,11.0,130.0,11.82,6.0,True
P1629,2024,194,Emanuel Wilson,RB,GNB,25,17,0,96.0,5.65,17,0,179.0,17.0,94.5,5.56,0.0,True
P1343,2024,195,Mason Rudolph,QB,TEN,29,8,5,95.8,11.98,17,9,,,,,,False
P1630,2024,196,Isaac Guerendo,RB,SFO,24,16,3,94.2,5.89,17,1,,,,,,False
P1562,2024,197,Aidan O'Connell,QB,LVR,26,9,7,93.5,10.39,17,8,,,,,,False
P1631,2024,198,Ricky Pearsall,WR,SFO,24,11,4,93.5,8.5,17,6,194.0,9.0,88.6,9.84,8.0,True
P1407,2024,199,Cam Akers,RB,2TM,25,17,2,93.2,5.48,17,0,,,,,,False
P1632,2024,200,Jalen Coker,WR,CAR,23,11,4,92.6,8.42,17,6,188.0,11.0,90.4,8.22,6.0,True
P1395,2024,201,Tim Patrick,WR,DET,31,16,9,92.4,5.78,17,1,,,,,,False
P1374,2024,202,Ty Johnson,RB,BUF,27,17,1,91.7,5.39,17,0,172.0,17.0,100.3,5.9,0.0,True
P1633,2024,203,Brenton Strange,TE,JAX,24,17,10,91.1,5.36,17,0,149.0,12.0,118.0,9.83,5.0,True
P1352,2024,204,Jordan Akins,TE,CLE,32,17,6,91.0,5.35,17,0,,,,,,False
P1503,2024,205,Greg Dortch,WR,ARI,26,17,4,90.3,5.31,17,0,215.0,12.0,75.1,6.26,5.0,True
P1200,2024,206,Evan Engram,TE,JAX,30,9,9,89.5,9.94,17,8,168.0,16.0,102.8,6.42,1.0,True
P1334,2024,207,Diontae Johnson,WR,3TM,28,12,8,89.1,7.42,17,5,,,,,,False
P1354,2024,208,T.J. Hockenson,TE,MIN,27,10,9,86.5,8.65,17,7,161.0,15.0,112.8,7.52,2.0,True
P1502,2024,209,Noah Brown,WR,WAS,28,11,9,86.3,7.85,17,6,,,,,,False
P1634,2024,210,Braelon Allen,RB,NYJ,20,17,2,85.2,5.01,17,0,,,,,,False
P1285,2024,211,David Moore,WR,CAR,29,17,5,85.1,5.01,17,0,,,,,,False
P1280,2024,212,Marquez Valdes-Scantling,WR,2TM,30,14,8,84.5,6.04,17,3,,,,,,False
P1408,2024,213,Zack Moss,RB,CIN,27,8,6,81.9,10.24,17,9,,,,,,False
P1213,2024,214,Samaje Perine,RB,KAN,29,17,0,81.4,4.79,17,0,211.0,15.0,77.9,5.19,2.0,True
P1635,2024,215,Cedric Tillman,WR,CLE,24,11,6,80.4,7.31,17,6,247.0,13.0,60.0,4.62,4.0,True
P1144,2024,216,Sterling Shepard,WR,TAM,31,14,5,80.3,5.74,17,3,208.0,13.0,82.0,6.31,4.0,True
P1368,2024,217,Drew Lock,QB,NYG,28,8,5,80.1,10.01,17,9,,,,,,False
P1509,2024,218,Rashid Shaheed,WR,NOR,26,6,5,79.8,13.3,17,11,106.0,18.0,156.6,8.7,-1.0,True
P1636,2024,219,AJ Barner,TE,SEA,22,17,6,78.5,4.62,17,0,109.0,17.0,147.3,8.66,0.0,True
P1159,2024,220,Tyler Boyd,WR,TEN,30,16,8,78.3,4.89,17,1,,,,,,False
P1570,2024,221,Roschon Johnson,RB,CHI,23,14,0,77.4,5.53,17,3,,,,,,False
P1322,2024,222,Miles Sanders,RB,CAR,27,11,2,77.3,7.03,17,6,,,,,,False
P1488,2024,223,Chris Olave,WR,NOR,24,8,8,76.7,9.59,17,9,27.0,16.0,268.0,16.75,1.0,True
P1202,2024,224,Deshaun Watson,QB,CLE,29,7,7,76.7,10.96,17,10,,,,,,False
P1637,2024,225,Ja'Tavion Sanders,TE,CAR,21,16,8,73.2,4.58,17,1,,,,,,False
P1273,2024,226,Christian Kirk,WR,JAX,28,8,7,70.9,8.86,17,9,,,,,,False
P1333,2024,227,Raheem Mostert,RB,MIA,32,13,1,70.9,5.45,17,4,,,,,,False
P1026,2024,228,Brandin Cooks,WR,DAL,31,10,9,69.6,6.96,17,7,,,,,,False
P1638,2024,229,Sean Tucker,RB,TAM,23,17,0,68.7,4.04,17,0,187.0,17.0,91.4,5.38,0.0,True
P1639,2024,230,Theo Johnson,TE,NYG,23,12,11,68.1,5.68,17,5,133.0,15.0,127.8,8.52,2.0,True
P1640,2024,231,Dyami Brown,WR,WAS,25,16,3,67.4,4.21,17,1,,,,,,False
P1641,2024,232,Spencer Rattler,QB,NOR,24,7,6,67.3,9.61,17,10,174.0,9.0,99.1,11.01,8.0,True
P1642,2024,233,Troy Franklin,WR,DEN,21,16,6,67.1,4.19,17,1,89.0,17.0,177.1,10.42,0.0,True
P1643,2024,234,Josh Oliver,TE,MIN,27,15,12,65.8,4.39,17,2,,,,,,False
P1526,2024,235,Colby Parkinson,TE,LAR,25,17,9,65.4,3.85,17,0,128.0,15.0,129.8,8.65,2.0,True
P1277,2024,236,Kendrick Bourne,WR,NWE,29,12,9,65.1,5.42,17,5,184.0,16.0,92.1,5.76,1.0,True
P1547,2024,237,Rashee Rice,WR,KAN,24,4,4,64.9,16.23,17,13,108.0,8.0,150.1,18.76,9.0,True
P1644,2024,238,Lil'Jordan Humphrey,WR,DEN,26,17,7,64.3,3.78,17,0,,,,,,False
P1292,2024,239,Gus Edwards,RB,LAC,29,11,6,64.1,5.83,17,6,,,,,,False
P1479,2024,240,Jeremy McNichols,RB,WAS,29,17,1,63.8,3.75,17,0,222.0,17.0,72.7,4.28,0.0,True
P1269,2024,241,Curtis Samuel,WR,BUF,28,14,2,63.7,4.55,17,3,,,,,,False
P1440,2024,242,Van Jefferson,WR,PIT,28,17,12,63.6,3.74,17,0,230.0,16.0,70.0,4.38,1.0,True
P1261,2024,243,Nick Chubb,RB,CLE,29,8,8,63.3,7.91,17,9,195.0,15.0,88.3,5.89,2.0,True
P1577,2024,244,Justin Watson,WR,KAN,28,17,7,62.9,3.7,17,0,,,,,,False
P1455,2024,245,Kenneth Gainwell,RB,PHI,25,17,1,62.6,3.68,17,0,44.0,17.0,221.3,13.02,0.0,True
P1388,2024,246,Brandon Aiyuk,WR,SFO,26,7,7,62.4,8.91,17,10,,,,,,False
P1481,2024,247,Tyler Johnson,WR,LAR,26,15,2,61.1,4.07,17,2,,,,,,False
P1645,2024,248,Josh Whyle,TE,TEN,25,17,4,60.8,3.58,17,0,,,,,,False
P1473,2024,249,Tyler Huntley,QB,MIA,26,5,5,60.7,12.14,17,12,,,,,,False
P1646,2024,250,Grant Calcaterra,TE,PHI,26,17,13,59.8,3.52,17,0,,,,,,False
